[
    {
        "question_chinese": "所有人在二楼客厅的桌子上一起吃披萨之前，Jake下楼去取装有披萨的袋子。这个袋子放在什么位置？",
        "choice_a_chinese": "一楼客厅的桌子上",
        "choice_b_chinese": "一楼客厅和卧室的门前白色的便携式小桌上",
        "choice_c_chinese": "院子遮阳伞下面的木制桌子上",
        "choice_d_chinese": "一楼厨房的水池旁边",
        "answer": "B",
        "reason_chinese": "11:57:36前后，Jake在一楼客厅和卧室的门前白色的便携式小桌上提起了袋子",
        "question": "Before everyone ate pizza together at the table in the second-floor living room, Jake went downstairs to get the pizza bag. Where was this bag placed?",
        "choice_a": "On the table in the first-floor living room.",
        "choice_b": "On a white portable small table in front of the door between the first-floor living room and bedroom.",
        "choice_c": "On the wooden table under the courtyard sunshade umbrella.",
        "choice_d": "Next to the sink in the first-floor kitchen.",
        "reason": "Around 11:57:36, Jake picked up the bag from the white portable small table in front of the door between the first-floor living room and bedroom."
    },
    {
        "question_chinese": "Jake在和其他人享用完披萨大餐后吃剩的披萨盒子给了Jake，Jake把这两个盒子放在哪里了？",
        "choice_a_chinese": "公园湖边的椅子上",
        "choice_b_chinese": "二楼厨房的冰箱里",
        "choice_c_chinese": "二楼厨房的微波炉里",
        "choice_d_chinese": "一楼客厅的桌子上",
        "answer": "C",
        "reason_chinese": "12:18:18~12:18:34，Jake把这两个盒子放在二楼厨房的微波炉里",
        "question": "After Jake and others finished the pizza meal, the leftover pizza boxes were given to Jake. Where did Jake put these two boxes?",
        "choice_a": "On a chair by the park lake.",
        "choice_b": "In the refrigerator of the second-floor kitchen.",
        "choice_c": "In the microwave oven of the second-floor kitchen.",
        "choice_d": "On the table in the first-floor living room.",
        "reason": "From 12:18:18 to 12:18:34, Jake put these two boxes into the microwave oven in the second-floor kitchen."
    },
    {
        "question_chinese": "在公园散步时，Jake在路边看到一个牌子，这个牌子上面写着对于公园的介绍。可以从这个牌子上得到什么信息？",
        "choice_a_chinese": "公园的名字叫做大运河公园，上面告知这条公路禁止停车。",
        "choice_b_chinese": "公园名字叫做天坛公园，上面展示了公园的历史渊源",
        "choice_c_chinese": "公园的名字是亮马河公园，上面展示了公园所有植物的照片",
        "choice_d_chinese": "公园名字叫做西海子公园，上面展示了公园的平面图",
        "answer": "D",
        "reason_chinese": "15:16:17~15:18:43可以看到牌子的内容。",
        "question": "While walking in the park, Jake saw a sign by the roadside that introduced the park. What information can be obtained from this sign?",
        "choice_a": "The park is named Grand Canal Park, and the sign informs that parking is prohibited on this road.",
        "choice_b": "The park is named Temple of Heaven Park, and the sign displays the park's historical origin.",
        "choice_c": "The park is named Liangma River Park, and the sign shows photos of all plants in the park.",
        "choice_d": "The park is named Xihaizi Park, and the sign displays the park's floor plan.",
        "reason": "The content of the sign can be seen from 15:16:17 to 15:18:43."
    },
    {
        "question_chinese": "电玩城里Jake和穿着绿色长外套戴着蓝色棒球帽的女生一起玩了一次抓娃娃机。抓娃娃机里面的娃娃主要是什么颜色的？",
        "choice_a_chinese": "墨绿色",
        "choice_b_chinese": "天蓝色",
        "choice_c_chinese": "灰白色",
        "choice_d_chinese": "黑色和白色",
        "answer": "B",
        "reason_chinese": "16:00:12~16:00:41可以看到抓娃娃机里只有天蓝色的娃娃",
        "question": "In the arcade, Jake played a claw machine with a girl wearing a green long coat and a blue baseball cap. What was the main color of the dolls in the claw machine?",
        "choice_a": "Dark green.",
        "choice_b": "Sky blue.",
        "choice_c": "Grayish white.",
        "choice_d": "Black and white.",
        "reason": "From 16:00:12 to 16:00:41, only sky-blue dolls can be seen in the claw machine."
    },
    {
        "question_chinese": "去盒马鲜生采购物资之前Jake一行人不在盒马鲜生所在的楼层，他们是通过什么方式到达盒马鲜生所在的楼层的？",
        "choice_a_chinese": "自动扶梯，下楼",
        "choice_b_chinese": "自动扶梯，上楼",
        "choice_c_chinese": "楼梯，下楼",
        "choice_d_chinese": "乘客电梯，上楼",
        "answer": "A",
        "reason_chinese": "16:37:56~16:38:43，Jake一行人乘坐自动扶梯下楼",
        "question": "Before purchasing supplies at Hema Fresh, Jake and his group were not on the floor where Hema Fresh is located. How did they reach the floor of Hema Fresh?",
        "choice_a": "Escalator, going downstairs.",
        "choice_b": "Escalator, going upstairs.",
        "choice_c": "Stairs, going downstairs.",
        "choice_d": "Passenger elevator, going upstairs.",
        "reason": "From 16:37:56 to 16:38:43, Jake and his group took the escalator downstairs."
    },
    {
        "question_chinese": "Jake在帮淡绿色外套，浅蓝色牛仔裤的女生将蛋糕液倒在纸杯中制作纸杯小蛋糕前，穿着白色上衣的女生对砧板进行了清洗。这位女生使用什么东西清洗的砧板？",
        "choice_a_chinese": "绿色刷子",
        "choice_b_chinese": "钢丝球",
        "choice_c_chinese": "黄色海绵",
        "choice_d_chinese": "深紫色抹布",
        "answer": "D",
        "reason_chinese": "21:04:59~21:05:30可以看到这位女生清洗深紫色抹布，并用它清洗砧板",
        "question": "Before Jake helped the girl in a light green coat and light blue jeans pour cake batter into paper cups to make cupcakes, the girl in a white top cleaned the cutting board. What did this girl use to clean the cutting board?",
        "choice_a": "A green brush.",
        "choice_b": "A steel wool pad.",
        "choice_c": "A yellow sponge.",
        "choice_d": "A dark purple cloth.",
        "reason": "From 21:04:59 to 21:05:30, it can be seen that the girl cleaned a dark purple cloth and used it to clean the cutting board."
    }
]