[
    {
        "question_chinese": "Jake在离家取快递的时候，吃着一个油条。这个油条是从哪里拿到的？",
        "choice_a_chinese": "一楼客厅桌子上的铁质方形托盘上",
        "choice_b_chinese": "一楼客厅桌子上一个白色和红色包装的包装袋上",
        "choice_c_chinese": "一楼客厅凳子上的白色盘子里",
        "choice_d_chinese": "一楼厨房的铁锅里",
        "answer": "B",
        "reason_chinese": "在10:45:29，Jake从一楼客厅桌子上一个白色和红色包装的包装袋上（选项B）拿到该油条。",
        "question": "While going out to pick up a快递, Jake was eating a fried dough stick. Where did he get this fried dough stick from?",
        "choice_a": "From a iron square tray on the table in the first-floor living room.",
        "choice_b": "From a white and red packaged bag on the table in the first-floor living room.",
        "choice_c": "From a white plate on the stool in the first-floor living room.",
        "choice_d": "From the iron pan in the first-floor kitchen.",
        "reason": "At 10:45:29, Jake obtained the fried dough stick from a white and red packaged bag on the table in the first-floor living room (choice B)."
    },
    {
        "question_chinese": "在极兔速递的快递站取快递的时候，Jake等人取了很多快递包裹。从快递站的管理员手里拿到的最后一个快递包裹是什么样的？",
        "choice_a_chinese": "粉色方形塑料包裹",
        "choice_b_chinese": "瓦楞纸长方体箱子",
        "choice_c_chinese": "黄色塑料长方形包裹",
        "choice_d_chinese": "蓝色带有彩虹图案和白色老鼠图案的塑料包裹",
        "answer": "A",
        "reason_chinese": "在11:18:02左右，Jake等人从极兔速递快递站管理员手里拿到的最后一个快递包裹是粉色方形塑料包裹（选项A）。",
        "question": "When picking up packages at the Jitu Express station, Jake and others collected many express packages. What was the last package they received from the station administrator like?",
        "choice_a": "A pink square plastic package.",
        "choice_b": "A corrugated cardboard rectangular box.",
        "choice_c": "A yellow plastic rectangular package.",
        "choice_d": "A blue plastic package with rainbow patterns and a white mouse design.",
        "reason": "At around 11:18:02, the last express package Jake and others received from the Jitu Express station administrator was a pink square plastic package (choice A)."
    },
    {
        "question_chinese": "Jake在取完快递回家后在院子里站了一会儿，然后他进入屋里。他从一楼卧室出来的时候，有个人给了他一瓶益生菌饮料，饮料瓶子是肉色的。这个人是谁？",
        "choice_a_chinese": "绿色外套蓝色牛仔裤的女生",
        "choice_b_chinese": "穿着白色T恤，浅蓝色牛仔长裤的女生",
        "choice_c_chinese": "蓝灰色外套和浅棕色长裤的男生",
        "choice_d_chinese": "蓝灰色外套和浅棕色长裤的男生",
        "answer": "B",
        "reason_chinese": "在11:45:43-11:45:56期间，当Jake从一楼卧室出来时，穿着白色T恤、浅蓝色牛仔长裤的女生（选项B）给了他一瓶肉色瓶子的益生菌饮料。",
        "question": "After picking up the package and returning home, Jake stood in the yard for a while before entering the house. When he came out of the first-floor bedroom, someone gave him a probiotic drink in a flesh-colored bottle. Who was this person?",
        "choice_a": "A girl in a green jacket and blue jeans.",
        "choice_b": "A girl in a white T-shirt and light blue jeans.",
        "choice_c": "A boy in a blue-gray jacket and light brown pants.",
        "choice_d": "A boy in a blue-gray jacket and light brown pants.",
        "reason": "During 11:45:43-11:45:56, when Jake came out of the first-floor bedroom, the girl in a white T-shirt and light blue jeans (choice B) gave him a probiotic drink in a flesh-colored bottle."
    },
    {
        "question_chinese": "在Jake帮助穿着白色T恤，浅蓝色牛仔长裤的女生在卧室铺床之前，有个人在Jake面前玩一个扇子。这个人是？",
        "choice_a_chinese": "穿着白色带有黑色、蓝色、绿色图案的T恤和浅灰色长裤的男生",
        "choice_b_chinese": "白色短袖衬衫白色短裤的男生",
        "choice_c_chinese": "穿着白色T恤，浅蓝色牛仔长裤的女生",
        "choice_d_chinese": "白色T恤，浅蓝色牛仔长裤的女生",
        "answer": "A",
        "reason_chinese": "在12:12:11-12:12:55期间，在Jake帮助女生铺床前，穿着白色带有黑色、蓝色、绿色图案的T恤和浅灰色长裤的男生（选项A）在Jake面前玩扇子。",
        "question": "Before Jake helped the girl in a white T-shirt and light blue jeans make the bed in the bedroom, someone played with a fan in front of Jake. Who was this person?",
        "choice_a": "A boy in a white T-shirt with black, blue, and green patterns and light gray pants.",
        "choice_b": "A boy in a white short-sleeved shirt and white shorts.",
        "choice_c": "A girl in a white T-shirt and light blue jeans.",
        "choice_d": "A girl in a white T-shirt and light blue jeans.",
        "reason": "During 12:12:11-12:12:55, before Jake helped the girl make the bed, the boy in a white T-shirt with black, blue, and green patterns and light gray pants (choice A) played with a fan in front of Jake."
    },
    {
        "question_chinese": "在二楼客厅举办拍卖会的时候，Jake几次到客厅的角落里调整三脚架下的电脑。Jake拿了一个坐垫放在地上，坐在坐垫上调试电脑。这个坐垫长什么样，在什么位置取到的？",
        "choice_a_chinese": "棕色方形；在白色T恤浅灰色裤子的男生旁边，更靠近门的棕色纸箱上取到的。",
        "choice_b_chinese": "5朵花瓣的花的模样，花瓣是橙色的，花心是白色的；在沙发上取到的。",
        "choice_c_chinese": "棕色方形；在沙发上取到的。",
        "choice_d_chinese": "5朵花瓣的花的模样，花瓣是橙色的，花心是白色的；在白色T恤浅灰色裤子的男生旁边，更靠近门的棕色纸箱上取到的。",
        "answer": "D",
        "reason_chinese": "在17:06:00左右，Jake在二楼客厅举办拍卖会时，从白色T恤浅灰色裤子的男生旁边、更靠近门的棕色纸箱上取到了5朵花瓣（花瓣橙色、花心白色）模样的坐垫（选项D）。",
        "question": "During the auction in the second-floor living room, Jake adjusted the computer under the tripod several times in the corner. He took a cushion, placed it on the ground, and sat on it to debug the computer. What did the cushion look like and where did he get it from?",
        "choice_a": "Brown square; obtained from a brown cardboard box near the door, next to the boy in a white T-shirt and light gray pants.",
        "choice_b": "Shaped like a 5-petal flower with orange petals and a white center; obtained from the sofa.",
        "choice_c": "Brown square; obtained from the sofa.",
        "choice_d": "Shaped like a 5-petal flower with orange petals and a white center; obtained from a brown cardboard box near the door, next to the boy in a white T-shirt and light gray pants.",
        "reason": "At around 17:06:00, during the auction in the second-floor living room, Jake obtained a cushion shaped like a 5-petal flower (orange petals, white center) from a brown cardboard box near the door, next to the boy in a white T-shirt and light gray pants (choice D)."
    },
    {
        "question_chinese": "在大家一楼客厅开会的时候，有个人把场记板放在一楼客厅桌子的一角。这个人是谁？",
        "choice_a_chinese": "绿色外套蓝色牛仔裤的女生",
        "choice_b_chinese": "黑色裙子内搭，蓝色牛仔外套的女生",
        "choice_c_chinese": "黑色外套，白色短裤的男生",
        "choice_d_chinese": "带有绿色图案的白色T恤和灰绿色长裤的男生",
        "answer": "B",
        "reason_chinese": "在21:26:26-21:57:22期间，当大家在一楼客厅开会时，穿着黑色裙子内搭、蓝色牛仔外套的女生（选项B）把场记板放在桌子的一角。",
        "question": "During the meeting in the first-floor living room, someone placed a clapperboard on the corner of the table. Who was this person?",
        "choice_a": "A girl in a green jacket and blue jeans.",
        "choice_b": "A girl wearing a black dress underneath a blue denim jacket.",
        "choice_c": "A boy in a black jacket and white shorts.",
        "choice_d": "A boy in a white T-shirt with green patterns and gray-green pants.",
        "reason": "During 21:26:26-21:57:22, during the meeting in the first-floor living room, the girl wearing a black dress underneath a blue denim jacket (choice B) placed the clapperboard on the corner of the table."
    }
]