[
    {
        "question_chinese": "Jake切完芒果并洗手，刚上楼到客厅准备吃饭的时候，食物已经在桌子上摆好了。但是一个电脑还在桌子上，一个人将这个电脑移开。请问这个人是谁？",
        "choice_a_chinese": "蓝灰色外套、红色内搭，蓝色牛仔裤的男生",
        "choice_b_chinese": "灰色长袖上衣，浅蓝色牛仔裤的女生",
        "choice_c_chinese": "蓝灰色外套的男生",
        "choice_d_chinese": "红色裙子的女生",
        "answer": "B",
        "reason_chinese": "在12:06:22左右，穿着灰色长袖上衣、浅蓝色牛仔裤的女生（选项B）将桌子上的电脑移开。",
        "question": "After cutting mangoes and washing his hands, Jake went upstairs to the living room to eat, and the food was already on the table. However, a computer was still on the table, and someone moved it. Who was this person?",
        "choice_a": "A boy in a blue-gray jacket, red inner shirt, and blue jeans.",
        "choice_b": "A girl in a gray long-sleeved top and light blue jeans.",
        "choice_c": "A boy in a blue-gray jacket.",
        "choice_d": "A girl in a red skirt.",
        "reason": "At around 12:06:22, the girl in a gray long-sleeved top and light blue jeans (choice B) moved the computer from the table."
    },
    {
        "question_chinese": "橙灰色T恤男生需要纸，Jake从沙发上拿外卖配套的一次性餐具包，从中间掏出纸递给他。包装扔到哪里了？",
        "choice_a_chinese": "院子角落的垃圾桶",
        "choice_b_chinese": "二楼客厅垃圾桶",
        "choice_c_chinese": "一楼客厅垃圾桶",
        "choice_d_chinese": "二楼客厅的沙发上",
        "answer": "C",
        "reason_chinese": "在12:06:55~12:07:30期间，Jake将一次性餐具包的包装扔进了一楼客厅垃圾桶（选项C）。",
        "question": "When the boy in an orange-gray T-shirt needed paper, Jake took a disposable cutlery pack from the sofa, took out the paper, and handed it to him. Where did Jake throw the packaging?",
        "choice_a": "The trash can in the corner of the yard.",
        "choice_b": "The trash can in the second-floor living room.",
        "choice_c": "The trash can in the first-floor living room.",
        "choice_d": "On the sofa in the second-floor living room.",
        "reason": "From 12:06:55 to 12:07:30, Jake threw the packaging of the disposable cutlery pack into the first-floor living room trash can (choice C)."
    },
    {
        "question_chinese": "刚推购物车的时候，路过酒水区域之后，都有谁将手头的东西放在购物车里？",
        "choice_a_chinese": "Jake自己；白色内搭，深红色裙子的女生；灰色长袖上衣，浅蓝色牛仔裤的女生",
        "choice_b_chinese": "白色内搭，深红色裙子的女生；灰色长袖上衣，浅蓝色牛仔裤的女生",
        "choice_c_chinese": "Jake自己；白色内搭，深红色裙子的女生；蓝色长款冲锋衣，蓝灰色长裤的男生",
        "choice_d_chinese": "灰色长袖上衣，浅蓝色牛仔裤的女生；蓝灰色外套、红色内搭，蓝色牛仔裤的男生",
        "answer": "A",
        "reason_chinese": "在15:54:49~15:54:55期间，Jake自己、穿着白色内搭和深红色裙子的女生以及穿着灰色长袖上衣和浅蓝色牛仔裤的女生（选项A）将手头的东西放进购物车。",
        "question": "Shortly after pushing the shopping cart and passing the酒水 area, who put their items into the shopping cart?",
        "choice_a": "Jake himself; the girl in a white inner shirt and deep red skirt; the girl in a gray long-sleeved top and light blue jeans.",
        "choice_b": "The girl in a white inner shirt and deep red skirt; the girl in a gray long-sleeved top and light blue jeans.",
        "choice_c": "Jake himself; the girl in a white inner shirt and deep red skirt; the boy in a blue long冲锋衣 and blue-gray long pants.",
        "choice_d": "The girl in a gray long-sleeved top and light blue jeans; the boy in a blue-gray jacket, red inner shirt, and blue jeans.",
        "reason": "From 15:54:49 to 15:54:55, Jake himself, the girl in a white inner shirt and deep red skirt, and the girl in a gray long-sleeved top and light blue jeans (choice A) put their items into the shopping cart."
    },
    {
        "question_chinese": "Jake在商场购物的时候有一段时间在吃桶装方便面。他最后把方便面桶扔在那里了？",
        "choice_a_chinese": "很高很大的柱状绿色垃圾桶，里面套着银色袋子",
        "choice_b_chinese": "长方形、套着黑色袋子、里面装着很多垃圾的黄色垃圾桶",
        "choice_c_chinese": "收银柜台上",
        "choice_d_chinese": "一楼客厅的垃圾桶里",
        "answer": "B",
        "reason_chinese": "在16:15:58~16:16:07期间，Jake将方便面桶扔进了长方形、套着黑色袋子且装满垃圾的黄色垃圾桶（选项B）。",
        "question": "While shopping in the mall, Jake ate a bucket of instant noodles for a while. Where did he finally throw the empty bucket?",
        "choice_a": "A tall green cylindrical trash can with a silver bag inside.",
        "choice_b": "A yellow rectangular trash can with a black bag inside, already filled with much garbage.",
        "choice_c": "On the checkout counter.",
        "choice_d": "In the trash can in the first-floor living room.",
        "reason": "From 16:15:58 to 16:16:07, Jake threw the instant noodle bucket into the yellow rectangular trash can with a black bag and lots of garbage inside (choice B)."
    },
    {
        "question_chinese": "Jake等人傍晚出门的时候，穿过小巷到马路的时候，向一个坐在车里的人问了路。这个人的穿着怎么样？",
        "choice_a_chinese": "蓝色长款外套，黑色运动长裤",
        "choice_b_chinese": "黄色冲锋衣，黄色长裤，戴着黄色头盔",
        "choice_c_chinese": "蓝色长款冲锋衣，蓝灰色长裤，白色运动鞋带黑色纹路",
        "choice_d_chinese": "黑色外套搭配白色内搭，下身穿着蓝色长裤",
        "answer": "C",
        "reason_chinese": "Jake等人傍晚穿过小巷到马路时，向穿着蓝色长款冲锋衣、蓝灰色长裤且白色运动鞋带有黑色纹路的人（选项C）问路",
        "question": "When Jake and others went out in the evening and crossed the alley to the road, they asked for directions from someone sitting in a car. What was this person wearing?",
        "choice_a": "A blue long jacket and black sportswear pants.",
        "choice_b": "A yellow hard shell jacket, yellow pants, and a yellow helmet.",
        "choice_c": "A blue long hard shell jacket, blue-gray long pants, and white sports shoes with black patterns.",
        "choice_d": "A black jacket with a white inner shirt and blue long pants.",
        "reason": "When Jake and others crossed the alley to the road in the evening, they asked directions from the person wearing a blue long hard shell jacket, blue-gray long pants, and white sports shoes with black patterns (choice C), with no detailed time recorded."
    },
    {
        "question_chinese": "Jake在与大家一起围在一楼客厅周围吃麦当劳之前收拾桌子的时候，Jake将桌子上两瓶饮料放在了某个位置。Jake将桌子上两瓶饮料放在哪里了？",
        "choice_a_chinese": "厨房水池旁边的台面上",
        "choice_b_chinese": "冰箱上层从上面往下数第二个抽屉里",
        "choice_c_chinese": "客厅角落的置物架上",
        "choice_d_chinese": "冰箱下层最下面的抽屉里",
        "answer": "D",
        "reason_chinese": "在20:00:26左右，Jake将桌子上的两瓶饮料放进了冰箱下层最下面的抽屉里（选项D）。",
        "question": "Before gathering around the first-floor living room to eat McDonald's, Jake tidied the table and placed two bottles of drinks somewhere. Where did Jake put the two bottles of drinks?",
        "choice_a": "On the counter next to the kitchen sink.",
        "choice_b": "In the second drawer from the top of the upper refrigerator compartment.",
        "choice_c": "On the shelf in the corner of the living room.",
        "choice_d": "In the bottom drawer of the lower refrigerator compartment.",
        "reason": "At around 20:00:26, Jake put the two bottles of drinks into the bottom drawer of the lower refrigerator compartment (choice D)."
    }
]