[
    {
        "question_chinese": "在院子里吃饭的时候，Jake进屋去拿了一次性杯子。他是从什么位置拿的一次性杯子？",
        "choice_a_chinese": "二楼客厅的桌子上",
        "choice_b_chinese": "一楼客厅的桌子上的橙红色袋子上面",
        "choice_c_chinese": "一楼厨房的台面上的碗上面",
        "choice_d_chinese": "冰箱上面的袋子里",
        "answer": "B",
        "reason_chinese": "在12:04:53左右，Jake从一楼客厅的桌子上的橙红色袋子上面（选项B）拿取了一次性杯子。",
        "question": "When eating in the yard, Jake went inside to get disposable cups. Where did he get the disposable cups from?",
        "choice_a": "From the table in the second-floor living room.",
        "choice_b": "From an orange-red bag on the table in the first-floor living room.",
        "choice_c": "From above the bowl on the counter in the first-floor kitchen.",
        "choice_d": "From the bag on top of the refrigerator.",
        "reason": "At around 12:04:53, Jake obtained the disposable cups from an orange-red bag on the table in the first-floor living room (choice B)."
    },
    {
        "question_chinese": "Jake在清理房屋的时候，第一次将纸箱带到二楼客厅之后，取了一个黑色半透明塑料垃圾袋来装垃圾。这个垃圾袋从哪里取的？",
        "choice_a_chinese": "一楼客厅的杂物架最上面一层",
        "choice_b_chinese": "二楼客厅桌子右侧门前的地上",
        "choice_c_chinese": "二楼客厅桌子上",
        "choice_d_chinese": "二楼厨房角落的置物架上",
        "answer": "B",
        "reason_chinese": "在13:50:14左右，Jake在第一次将纸箱带到二楼客厅后，从二楼客厅桌子右侧门前的地上（选项B）取了黑色半透明塑料垃圾袋。",
        "question": "While cleaning the house, after Jake first brought a cardboard box to the second-floor living room, he took a black semi-transparent plastic garbage bag to collect trash. Where did he get this garbage bag from?",
        "choice_a": "From the top shelf of the storage rack in the first-floor living room.",
        "choice_b": "From the ground in front of the door on the right side of the table in the second-floor living room.",
        "choice_c": "From the table in the second-floor living room.",
        "choice_d": "From the shelf in the corner of the second-floor kitchen.",
        "reason": "At around 13:50:14, after first bringing the cardboard box to the second-floor living room, Jake took the black semi-transparent plastic garbage bag from the ground in front of the door on the right side of the table (choice B)."
    },
    {
        "question_chinese": "Jake使用手机完成对二楼空间的扫描后，他到院子里与同伴喝果汁，为此他回到屋里取玻璃杯用来喝果汁。他总共拿了几次，每次拿了几个杯子？",
        "choice_a_chinese": "两次，第一次1个，第二次3个",
        "choice_b_chinese": "两次，第一次2个，第二次2个",
        "choice_c_chinese": "一次，4个",
        "choice_d_chinese": "三次，第一次1个，第二次2个，第三次3个",
        "answer": "A",
        "reason_chinese": "在15:04:58-15:06:31期间，Jake为喝果汁回屋取玻璃杯，总共拿了两次，第一次拿1个，第二次拿3个（选项A）。",
        "question": "After scanning the second-floor space with his phone, Jake went to the yard to drink juice with his companions and returned inside to get glass cups. How many times did he take cups, and how many cups did he take each time?",
        "choice_a": "Twice, 1 cup the first time and 3 cups the second time.",
        "choice_b": "Twice, 2 cups each time.",
        "choice_c": "Once, 4 cups.",
        "choice_d": "Three times, 1 cup the first time, 2 cups the second time, and 3 cups the third time.",
        "reason": "During 15:04:58-15:06:31, Jake went back inside to get glass cups for drinking juice, taking cups twice: 1 cup the first time and 3 cups the second time (choice A)."
    },
    {
        "question_chinese": "Jake吃完之前剩下的一半西瓜之后，有一些同伴提着行李箱离开。下列关于离开的同伴说法正确的是？",
        "choice_a_chinese": "共有一个人离开，一位男生，男生穿着蓝灰色外套，背着黑色的书包。",
        "choice_b_chinese": "共有两人离开，一男一女，男生穿着蓝灰色外套，背着黑色的书包；女生穿着蓝色牛仔裤，背着吉他，拉着淡黄色行李箱。",
        "choice_c_chinese": "共有两个人离开，一男一女，女生穿着深绿色外套和黑色长裤，男生穿着白色衬衫和黑色长裤，他们没有带其他东西",
        "choice_d_chinese": "共有两个人离开，一男一女，男生穿着蓝灰色外套，背着吉他，拉着淡黄色行李箱；女生穿着蓝色牛仔裤，背着黑色的书包",
        "answer": "D",
        "reason_chinese": "在18:04:48-18:05:05期间，Jake吃完剩下的一半西瓜后，共有两位同伴离开，其中男生穿蓝灰色外套、背吉他、拉淡黄色行李箱，女生穿蓝色牛仔裤、背黑色书包（选项D）。",
        "question": "After Jake finished half of the remaining watermelon, some companions left with suitcases. Which statement about the departing companions is correct?",
        "choice_a": "One person left, a boy wearing a blue-gray jacket and carrying a black schoolbag.",
        "choice_b": "Two people left, one boy and one girl. The boy wore a blue-gray jacket and carried a black schoolbag; the girl wore blue jeans, carried a guitar, and pulled a light yellow suitcase.",
        "choice_c": "Two people left, one boy and one girl. The girl wore a dark green jacket and black pants, and the boy wore a white shirt and black pants; they didn't bring other items.",
        "choice_d": "Two people left, one boy and one girl. The boy wore a blue-gray jacket, carried a guitar, and pulled a light yellow suitcase; the girl wore blue jeans and carried a black schoolbag.",
        "reason": "During 18:04:48-18:05:05, after Jake finished half of the remaining watermelon, two companions left: the boy wore a blue-gray jacket, carried a guitar, and pulled a light yellow suitcase, while the girl wore blue jeans and carried a black schoolbag (choice D)."
    },
    {
        "question_chinese": "Jake傍晚去取外卖的时候，对外卖员描述正确的是？",
        "choice_a_chinese": "戴着蓝色头盔，穿着黑色外套和黑色长裤，骑着黑色电动车，后座位安装一个蓝色的箱子",
        "choice_b_chinese": "戴着蓝色头盔，穿着黑色外套和黑色长裤，骑着黑色电动车，前面脚踏板位置安装一个银白色的箱子",
        "choice_c_chinese": "戴着蓝色头盔，穿着蓝色外套和蓝色长裤",
        "choice_d_chinese": "戴着黄色头盔，穿着黄色外套和黑色长裤，骑着红色电动车",
        "answer": "A",
        "reason_chinese": "在18:51:17，Jake傍晚取外卖时，外卖员戴着蓝色头盔，穿黑色外套和长裤，骑黑色电动车，后座位安装蓝色箱子（选项A）。",
        "question": "When Jake picked up the delivery in the evening, which description of the delivery person is correct?",
        "choice_a": "Wore a blue helmet, black jacket and pants, rode a black electric scooter with a blue box on the rear seat.",
        "choice_b": "Wore a blue helmet, black jacket and pants, rode a black electric scooter with a silver-white box on the front footrest.",
        "choice_c": "Wore a blue helmet, blue jacket and pants.",
        "choice_d": "Wore a yellow helmet, yellow jacket and black pants, rode a red electric scooter.",
        "reason": "At 18:51:17, when Jake picked up the delivery in the evening, the delivery person wore a blue helmet, black jacket and pants, rode a black electric scooter, and had a blue box on the rear seat (choice A)."
    },
    {
        "question_chinese": "Jake尝试将拆除摄像头留下的胶带去除的时候，从某个地方拿了一个吹风机用来加热胶带。他的吹风机从哪里拿到的？",
        "choice_a_chinese": "卧室电脑桌上",
        "choice_b_chinese": "卧室床上",
        "choice_c_chinese": "客厅的桌子上",
        "choice_d_chinese": "卫生间马桶正上方的架子上",
        "answer": "D",
        "reason_chinese": "在19:39:04左右，Jake尝试去除摄像头胶带时，从卫生间马桶正上方的架子上（选项D）拿到了吹风机。",
        "question": "When Jake tried to remove the tape left by the dismantled camera, he took a hair dryer to heat the tape. Where did he get the hair dryer from?",
        "choice_a": "From the computer desk in the bedroom.",
        "choice_b": "From the bed in the bedroom.",
        "choice_c": "From the table in the living room.",
        "choice_d": "From the shelf directly above the toilet in the bathroom.",
        "reason": "At around 19:39:04, when Jake tried to remove the camera tape, he obtained the hair dryer from the shelf directly above the toilet in the bathroom (choice D)."
    }
]