[
    {
        "question_chinese": "Jake在一楼客厅与其他人合作完成白板的组装之后没多久，有个人过来将白板擦干净了。是谁把白板擦干净的？",
        "choice_a_chinese": "穿着蓝绿色长裙的女生",
        "choice_b_chinese": "Jake他自己",
        "choice_c_chinese": "橙色T恤浅色长裤的男生",
        "choice_d_chinese": "淡绿色上衣戴着蓝色棒球帽的女生",
        "answer": "B",
        "reason_chinese": "13:34:26~13:35:35，Jake将白板擦干净",
        "question": "Who cleaned the whiteboard shortly after Jake and others collaborated to assemble it in the living room on the first floor?",
        "choice_a": "A girl in a blue-green long dress.",
        "choice_b": "Jake himself.",
        "choice_c": "A boy in an orange T-shirt and light-colored long pants.",
        "choice_d": "A girl in a light green top and a blue baseball cap.",
        "reason": "From 13:34:26 to 13:35:35, Jake cleaned the whiteboard."
    },
    {
        "question_chinese": "Jake等人的午餐是由Jake从外卖员手中取到的肯德基快餐。Jake取到外卖时，外卖员穿着什么样的衣服？",
        "choice_a_chinese": "蓝色牛仔外套，蓝绿色长裙，白色运动鞋",
        "choice_b_chinese": "淡绿色长袖衬衫，黑色长裤，黑色皮鞋",
        "choice_c_chinese": "绿色长袖外套，黑色长裤，白色运动鞋",
        "choice_d_chinese": "橙灰色T恤，卡其色宽松长裤，灰色运动鞋",
        "answer": "C",
        "reason_chinese": "14:09:41前后3秒左右Jake从外卖员手中取餐可以观察到外卖员穿着绿色长袖外套，黑色长裤，白色运动鞋",
        "question": "Jake picked up KFC fast food from the delivery person for lunch. What was the delivery person wearing when Jake received the food?",
        "choice_a": "A blue denim jacket, a blue-green long dress, and white sports shoes.",
        "choice_b": "A light green long-sleeved shirt, black long pants, and black leather shoes.",
        "choice_c": "A green long-sleeved jacket, black long pants, and white sports shoes.",
        "choice_d": "An orange-gray T-shirt, khaki loose long pants, and gray sports shoes.",
        "reason": "Around 3 seconds before and after 14:09:41, when Jake picked up the food from the delivery person, the delivery person was wearing a green long-sleeved jacket, black long pants, and white sports shoes."
    },
    {
        "question_chinese": "Jake在盒马鲜生门口推购物车的时候，某个人往Jake的购物车里放了一个东西，是谁放了什么东西？",
        "choice_a_chinese": "淡黄色衬衫深色宽松长裤的女生放了一瓶农夫山泉矿泉水",
        "choice_b_chinese": "淡黄色衬衫深色宽松长裤的女生放了一盒草莓",
        "choice_c_chinese": "白色长袖衬衫浅灰色裙子的女生放了一个菠萝",
        "choice_d_chinese": "蓝灰色牛仔外套的男生放了一个帽子",
        "answer": "A",
        "reason_chinese": "17:19:18前后3秒左右，淡黄色衬衫深色宽松长裤的女生往Jake推的购物车里放了一瓶农夫山泉矿泉水",
        "question": "When Jake was pushing a shopping cart at the entrance of Hema Fresh, someone put an item into his cart. Who put what item into the cart?",
        "choice_a": "A girl in a light yellow shirt and dark loose long pants put a bottle of Nongfu Spring mineral water.",
        "choice_b": "A girl in a light yellow shirt and dark loose long pants put a box of strawberries.",
        "choice_c": "A girl in a white long-sleeved shirt and a light gray skirt put a pineapple.",
        "choice_d": "A boy in a blue-gray denim jacket put a hat.",
        "reason": "Around 3 seconds before and after 17:19:18, a girl in a light yellow shirt and dark loose long pants put a bottle of Nongfu Spring mineral water into the shopping cart pushed by Jake."
    },
    {
        "question_chinese": "Jake晚上在一楼客厅的桌子上发现两个黑色带提手的大袋子，Jake将这两个袋子依次提走放在其他地方。Jake将这两个袋子放到了什么地方？",
        "choice_a_chinese": "第一个袋子放到一楼厨房的冰箱里，第二个袋子放到二楼厨房的冰箱里",
        "choice_b_chinese": "两个袋子都放在一楼厨房的微波炉里。",
        "choice_c_chinese": "第一个袋子放到一楼厨房的微波炉里，第二个袋子放到二楼厨房的微波炉里。",
        "choice_d_chinese": "两个袋子都放在一楼厨房的电饭煲里。",
        "answer": "C",
        "reason_chinese": "20:31:00~20:32:27，Jake依次将这两个包裹放到一楼厨房的微波炉里和二楼厨房的微波炉里。",
        "question": "In the evening, Jake found two large black bags with handles on the table in the first-floor living room and carried them away to other places one by one. Where did Jake put these two bags?",
        "choice_a": "The first bag was put into the refrigerator in the first-floor kitchen, and the second bag was put into the refrigerator in the second-floor kitchen.",
        "choice_b": "Both bags were put into the microwave oven in the first-floor kitchen.",
        "choice_c": "The first bag was put into the microwave oven in the first-floor kitchen, and the second bag was put into the microwave oven in the second-floor kitchen.",
        "choice_d": "Both bags were put into the rice cooker in the first-floor kitchen.",
        "reason": "From 20:31:00 to 20:32:27, Jake successively put these two bags into the microwave oven in the first-floor kitchen and the microwave oven in the second-floor kitchen."
    },
    {
        "question_chinese": "Jake在晚上收拾院子的桌子上中午吃剩的包装等东西时，发现了两瓶饮料。Jake最后将这两瓶饮料放在什么位置？",
        "choice_a_chinese": "递给了白色长袖衬衫浅灰色裙子的女生",
        "choice_b_chinese": "一楼客厅的冰箱里",
        "choice_c_chinese": "室外窗户边上的平台上",
        "choice_d_chinese": "一楼客厅的桌子上",
        "answer": "D",
        "reason_chinese": "19:19:10~19:20:20，Jake先将饮料放在窗外平台上，与其他人交流后拿到一楼客厅的桌子上。",
        "question": "When Jake was cleaning up the leftover packaging from lunch on the yard table in the evening, he found two bottles of drinks. Where did Jake finally put these two bottles of drinks?",
        "choice_a": "Handed them to a girl in a white long-sleeved shirt and a light gray skirt.",
        "choice_b": "In the refrigerator in the first-floor living room.",
        "choice_c": "On the platform by the outdoor window.",
        "choice_d": "On the table in the first-floor living room.",
        "reason": "From 19:19:10 to 19:20:20, Jake first put the drinks on the platform by the window and then took them to the table in the first-floor living room after communicating with others."
    },
    {
        "question_chinese": "Jake在清理从冰箱拌出来的剩菜的时候，自己一个人往袋子里面倒剩菜遇到了困难。是谁帮助Jake将盘子里的食物倒在袋子里？",
        "choice_a_chinese": "白色衬衫，灰色长裙的女生",
        "choice_b_chinese": "淡黄色衬衫，深色宽松长裤的女生",
        "choice_c_chinese": "黑色长袖上衣，浅蓝色长裤的女生",
        "choice_d_chinese": "淡绿色上衣，戴着蓝色棒球帽的女生",
        "answer": "A",
        "reason_chinese": "19:20:50前后3秒左右，白色衬衫，灰色长裙的女生帮助Jake将剩菜倒在了袋子里。",
        "question": "When Jake was cleaning up the leftover food from the refrigerator, he had trouble pouring the leftovers into the bag alone. Who helped Jake pour the food from the plate into the bag?",
        "choice_a": "A girl in a white shirt and a gray long skirt.",
        "choice_b": "A girl in a light yellow shirt and dark loose long pants.",
        "choice_c": "A girl in a black long-sleeved top and light blue long pants.",
        "choice_d": "A girl in a light green top and a blue baseball cap.",
        "reason": "Around 3 seconds before and after 19:20:50, a girl in a white shirt and a gray long skirt helped Jake pour the leftovers into the bag."
    }
]