[
    {
        "question_chinese": "Jake在Day2贴标签和分发的带有透明盒子的存储卡，是通过什么样的形式取到的？",
        "choice_a_chinese": "Jake从家附近的快递站取到的。",
        "choice_b_chinese": "黑色T恤浅棕色长裤的男生来到家里的时候，给Jake带过来的。",
        "choice_c_chinese": "Jake在家门口从上门的快递员手里取到的",
        "choice_d_chinese": "Jake在一楼卧室的床上拿到的",
        "answer": "C",
        "reason_chinese": "Day2 Jake 在11:15:13~11:15:59家门口拆开快递员送到家门口的包裹验货的时候，发现是存储卡。",
        "question": "How did Jake obtain the memory cards with transparent boxes that he labeled and distributed on Day 2?",
        "choice_a": "Jake picked them up from a nearby courier station.",
        "choice_b": "A boy in a black T-shirt and light brown long pants brought them to Jake when he came home.",
        "choice_c": "Jake received them from a doorstep courier at his home entrance.",
        "choice_d": "Jake found them on the bed in the first-floor bedroom.",
        "reason": "On Day 2, from 11:15:13 to 11:15:59, Jake opened a package delivered to his doorstep by a courier to check the goods and found the memory cards inside."
    },
    {
        "question_chinese": "Jake在Day2的一楼客厅和其他人一起吃饭的时候冲了一杯咖啡，他冲泡的咖啡使用什么样的包装袋包装的？",
        "choice_a_chinese": "黄色细长方形包装袋，上面有红色的纹理图案",
        "choice_b_chinese": "绿色细长方形包装袋，上面有黄色的英文字母",
        "choice_c_chinese": "绿色细长方形包装袋，上面有红色的英文字母",
        "choice_d_chinese": "白色和橘红色塑料的包装袋，有些地方是透明的",
        "answer": "B",
        "reason_chinese": "Day2 Jake 第一次吃饭的时候11:28:39~11:29:22出现咖啡袋。",
        "question": "When Jake made a cup of coffee while eating with others in the first-floor living room on Day 2, what kind of packaging bag was the coffee in?",
        "choice_a": "A yellow thin rectangular bag with red texture patterns.",
        "choice_b": "A green thin rectangular bag with yellow English letters.",
        "choice_c": "A green thin rectangular bag with red English letters.",
        "choice_d": "A white and orange plastic bag with some transparent parts.",
        "reason": "On Day 2, the coffee bag appeared from 11:28:39 to 11:29:22 during Jake's first meal."
    },
    {
        "question_chinese": "Jake在二楼客厅第一次吃饭是最后一个吃完的。在他吃完饭之后，他顺手将黄色方形盒子的饮料拿在手上。随后Jake将这瓶饮料放在那里了？",
        "choice_a_chinese": "放在一楼放有很多电脑的卧室的电脑桌上",
        "choice_b_chinese": "放在一楼客厅的桌子上",
        "choice_c_chinese": "扔在了二楼厨房的垃圾桶里",
        "choice_d_chinese": "放在院子的木头桌子上",
        "answer": "A",
        "reason_chinese": "Day2 Jake 13:54:45~13:54:55 将饮料放在卧室电脑桌上",
        "question": "Jake was the last to finish eating during the first meal in the second-floor living room on Day 2. After finishing, he picked up a drink in a yellow square box. Where did Jake put this drink next?",
        "choice_a": "On the computer desk in the first-floor bedroom with many computers.",
        "choice_b": "On the table in the first-floor living room.",
        "choice_c": "Thrown into the trash can in the second-floor kitchen.",
        "choice_d": "On the wooden table in the yard.",
        "reason": "On Day 2, from 13:54:45 to 13:54:55, Jake put the drink on the computer desk in the bedroom."
    },
    {
        "question_chinese": "其他人在二楼客厅练习舞蹈时候，Jake在他们练习的地方安装了一个全景相机。在下楼取全景相机之前，Jake在二楼与某个人进行了短暂的交流。这个人穿着？",
        "choice_a_chinese": "白色T恤和深蓝色紧身牛仔裤",
        "choice_b_chinese": "灰色T恤和蓝色短裤",
        "choice_c_chinese": "橙灰色T恤和黑色长裤",
        "choice_d_chinese": "淡黄色长袖衬衫和蓝色宽松款型的长裤",
        "answer": "D",
        "reason_chinese": "Day2 Jake 在15:55:51~15:56:34短暂和穿着淡黄色长袖衬衫和蓝色宽松款型的长裤的女生交流",
        "question": "When others were practicing dance in the second-floor living room, Jake installed a panoramic camera there. Before going downstairs to get the panoramic camera, Jake had a brief conversation with someone on the second floor. What was this person wearing?",
        "choice_a": "A white T-shirt and dark blue skinny jeans.",
        "choice_b": "A gray T-shirt and blue shorts.",
        "choice_c": "An orange-gray T-shirt and black long pants.",
        "choice_d": "A light yellow long-sleeved shirt and blue loose long pants.",
        "reason": "On Day 2, from 15:55:51 to 15:56:34, Jake briefly communicated with a girl wearing a light yellow long-sleeved shirt and blue loose long pants."
    },
    {
        "question_chinese": "大家在二楼客厅准备吃火锅之前拆开了很多食材，Jake也在帮忙。Jake第二次拆开肉类包装的时候，将包装扔在哪里了？",
        "choice_a_chinese": "二楼厨房一侧地上的垃圾桶里",
        "choice_b_chinese": "放在餐桌上",
        "choice_c_chinese": "二楼厨房一侧地上的白色塑料袋里",
        "choice_d_chinese": "一楼厨房角落的垃圾桶里",
        "answer": "C",
        "reason_chinese": "Day2 Jake 在18:32:07前后三秒左右将包装袋扔到了二楼厨房一侧地上的白色塑料袋里",
        "question": "Before preparing to eat hotpot in the second-floor living room, everyone unpacked a lot of ingredients, and Jake helped. When Jake unpacked the meat packaging for the second time, where did he throw the packaging?",
        "choice_a": "Into the trash can on the floor by the second-floor kitchen.",
        "choice_b": "On the dining table.",
        "choice_c": "Into a white plastic bag on the floor by the second-floor kitchen.",
        "choice_d": "Into the trash can in the corner of the first-floor kitchen.",
        "reason": "On Day 2, around 3 seconds before and after 18:32:07, Jake threw the packaging into a white plastic bag on the floor by the second-floor kitchen."
    },
    {
        "question_chinese": "Jake在清洗火锅用过的餐具的时候，厨房的水池又一次堵住了。这次不是Jake去疏通了水池的管道，是谁去疏通了堵住的水池？",
        "choice_a_chinese": "穿着白色T恤的女生",
        "choice_b_chinese": "穿着淡黄色长袖衬衫的女生",
        "choice_c_chinese": "穿着蓝色T恤的男生",
        "choice_d_chinese": "穿着橙灰色T恤的男生",
        "answer": "D",
        "reason_chinese": "Day2 Jake 在21:13:02~21:13:30穿着橙灰色T恤的男生去疏通管道，然后Jake就下楼洗手去了。",
        "question": "When Jake was washing the hotpot dishes, the kitchen sink got clogged again. This time, it wasn't Jake who unclogged the sink. Who did it?",
        "choice_a": "A girl in a white T-shirt.",
        "choice_b": "A girl in a light yellow long-sleeved shirt.",
        "choice_c": "A boy in a blue T-shirt.",
        "choice_d": "A boy in an orange-gray T-shirt.",
        "reason": "On Day 2, from 21:13:02 to 21:13:30, a boy in an orange-gray T-shirt unclogged the pipe, and then Jake went downstairs to wash his hands."
    }
]