[
    {
        "question_chinese": "Jake在收拾院子和院子里的桌子的时候，将烧烤架上的碗拿到了桌子上。Jake从烧烤架总共拿了几个碗？",
        "choice_a_chinese": "Jake没从烧烤架拿碗",
        "choice_b_chinese": "一个",
        "choice_c_chinese": "两个",
        "choice_d_chinese": "四个",
        "answer": "B",
        "reason_chinese": "11:45:43~11:46:00期间Jake从烧烤架把一个碗端到桌子上",
        "question": "When Jake was tidying up the yard and the table in the yard, he took bowls from the grill to the table. How many bowls did Jake take from the grill in total?",
        "choice_a": "Jake didn't take any bowls from the grill.",
        "choice_b": "One.",
        "choice_c": "Two.",
        "choice_d": "Four.",
        "reason": "During 11:45:43~11:46:00, Jake carried one bowl from the grill to the table."
    },
    {
        "question_chinese": "Jake在院子里组装木制抽屉的时候使用了黄色把手的螺丝刀和一个黑色的盒子。这些工具是从哪里拿到的？",
        "choice_a_chinese": "一楼客厅白板右边的架子上拿到螺丝刀，在一楼卧室电脑桌上拿到黑色盒子",
        "choice_b_chinese": "一楼卧室的床上拿到黑色盒子，一楼卧室的电脑桌上拿到螺丝刀",
        "choice_c_chinese": "二楼客厅的桌子上拿到螺丝刀和黑色盒子",
        "choice_d_chinese": "一楼厨房水池旁边拿到黑色盒子，一楼客厅白板左边的架子上拿到螺丝刀",
        "answer": "A",
        "reason_chinese": "12:25:00~12:25:15，Jake在一楼客厅白板右边的架子上拿到螺丝刀，在一楼卧室电脑桌上拿到黑色盒子",
        "question": "When Jake was assembling a wooden drawer in the yard, he used a screwdriver with a yellow handle and a black box. Where did he get these tools from?",
        "choice_a": "Got the screwdriver from the shelf to the right of the whiteboard in the first-floor living room, and the black box from the computer desk in the first-floor bedroom.",
        "choice_b": "Got the black box from the bed in the first-floor bedroom, and the screwdriver from the computer desk in the first-floor bedroom.",
        "choice_c": "Got both the screwdriver and the black box from the table in the second-floor living room.",
        "choice_d": "Got the black box next to the sink in the first-floor kitchen, and the screwdriver from the shelf to the left of the whiteboard in the first-floor living room.",
        "reason": "From 12:25:00 to 12:25:15, Jake obtained the screwdriver from the shelf to the right of the whiteboard in the first-floor living room and the black box from the computer desk in the first-floor bedroom."
    },
    {
        "question_chinese": "Jake在二楼厨房做完咖啡后，下楼去取了一趟外卖。外卖员穿着什么衣服？",
        "choice_a_chinese": "白色T恤和深蓝色紧身牛仔裤",
        "choice_b_chinese": "绿色运动外套，黑色裤子和白色运动鞋",
        "choice_c_chinese": "蓝色头盔和蓝色外套，黑色长裤",
        "choice_d_chinese": "亮黄色头盔和外套，黑色长裤",
        "answer": "D",
        "reason_chinese": "12:47:55~12:48:10，Jake从外卖员手中接过外卖，可以看到外卖员戴着亮黄色头盔，穿着外套和黑色长裤",
        "question": "After making coffee in the second-floor kitchen, Jake went downstairs to pick up a delivery. What was the delivery person wearing?",
        "choice_a": "A white T-shirt and dark blue skinny jeans.",
        "choice_b": "A green sports jacket, black pants, and white sports shoes.",
        "choice_c": "A blue helmet and blue jacket, black long pants.",
        "choice_d": "A bright yellow helmet and jacket, black long pants.",
        "reason": "From 12:47:55 to 12:48:10, when Jake received the delivery from the delivery person, the delivery person was wearing a bright yellow helmet, a jacket, and black long pants."
    },
    {
        "question_chinese": "Jake和大家在一起吃饺子的时候围着桌子走动，他发现了一个面饼。为了将面饼掰成小块，Jake将面饼掰了几次？",
        "choice_a_chinese": "4",
        "choice_b_chinese": "5",
        "choice_c_chinese": "6",
        "choice_d_chinese": "7",
        "answer": "C",
        "reason_chinese": "Jake在13:27:47~13:28:14，第一次掰成三份但是没有完全分离，用了两次完全分离，然后将分出来的三块每一块对半分，共6次。",
        "question": "While walking around the table during the dumpling meal, Jake found a piece of dough. How many times did Jake break the dough into small pieces?",
        "choice_a": "4",
        "choice_b": "5",
        "choice_c": "6",
        "choice_d": "7",
        "reason": "From 13:27:47 to 13:28:14, Jake first broke the dough into three parts but they weren't completely separated, using two attempts to fully separate them. Then he broke each of the three parts in half, totaling 6 times."
    },
    {
        "question_chinese": "Jake在上楼收拾二楼餐厅的时候右手拿着食物。后来为了腾出手来收拾东西，Jake将食物放置在某个位置。Jake将食物放在了什么地方？",
        "choice_a_chinese": "院子角落里的垃圾桶",
        "choice_b_chinese": "二楼客厅餐桌的纸巾上",
        "choice_c_chinese": "二楼厨房的垃圾桶",
        "choice_d_chinese": "一楼客厅的桌子上",
        "answer": "B",
        "reason_chinese": "15:35:12~15:32:35，Jake在即将开始清理桌子的时候，把食物放在桌子的纸巾上。",
        "question": "When Jake went upstairs to tidy up the second-floor dining area, he was holding food in his right hand. Later, to free his hand for tidying, Jake placed the food somewhere. Where did Jake put the food?",
        "choice_a": "In the trash can in the corner of the yard.",
        "choice_b": "On the tissue on the dining table in the second-floor living room.",
        "choice_c": "In the trash can in the second-floor kitchen.",
        "choice_d": "On the table in the first-floor living room.",
        "reason": "From 15:32:35 to 15:35:12, when Jake was about to start cleaning the table, he put the food on the tissue on the table."
    },
    {
        "question_chinese": "Jake在将二楼客厅桌子上吃剩的食物扔掉的时候，顺便收拾了一下院子的垃圾。院子里桌子旁边的小的圆柱形垃圾桶使用着什么颜色的垃圾袋？",
        "choice_a_chinese": "黑灰色半透明塑料垃圾袋",
        "choice_b_chinese": "纯黑色不透明塑料垃圾袋",
        "choice_c_chinese": "蓝色半透明塑料垃圾袋",
        "choice_d_chinese": "白色不透明塑料垃圾袋",
        "answer": "A",
        "reason_chinese": "15:44:15前后在Jake扔垃圾的时候，可以看出来垃圾袋是塑料材质的，颜色是黑灰色半透明的。",
        "question": "When Jake threw away the leftover food from the table in the second-floor living room, he also cleaned up the yard waste. What color was the garbage bag in the small cylindrical trash can next to the yard table?",
        "choice_a": "Dark gray semi-transparent plastic garbage bag.",
        "choice_b": "Pure black opaque plastic garbage bag.",
        "choice_c": "Blue semi-transparent plastic garbage bag.",
        "choice_d": "White opaque plastic garbage bag.",
        "reason": "Around 15:44:15, when Jake threw away the garbage, it could be seen that the garbage bag was made of plastic, with a dark gray semi-transparent color."
    }
]