[
    {
        "question_chinese": "Alice在和穿着淡黄色短袖衬衫的女生合作制作煎饼的时候，使用鸡蛋液倒在面粉里。Alice是怎么得到的鸡蛋液？",
        "choice_a_chinese": "从一楼客厅的桌子上取到",
        "choice_b_chinese": "将鸡蛋打在玻璃容器里搅拌",
        "choice_c_chinese": "从淡黄色衬衫女生手里接过来",
        "choice_d_chinese": "在冰箱里拿出装着鸡蛋液的罐头",
        "answer": "D",
        "reason_chinese": "在10:44:32，Alice从冰箱里拿出装着鸡蛋液的罐头获取鸡蛋液（选项D）。",
        "question": "When Alice was making pancakes with the girl in a light yellow short-sleeved shirt, she poured egg liquid into the flour. How did Alice obtain the egg liquid?",
        "choice_a": "Retrieved it from the table in the first-floor living room.",
        "choice_b": "Beat eggs into a glass container and stirred them.",
        "choice_c": "Received it from the girl in the light yellow shirt.",
        "choice_d": "Took a can of egg liquid from the refrigerator.",
        "reason": "At 10:44:32, Alice obtained the egg liquid by taking a can of egg liquid from the refrigerator (choice D)."
    },
    {
        "question_chinese": "Alice在制作纸花之前，搬了一个凳子坐在一楼客厅的桌子旁边。她从哪里搬到的什么凳子？",
        "choice_a_chinese": "在庭院桌子旁边搬到的小马形状的凳子",
        "choice_b_chinese": "在桌子旁边穿着淡黄色衬衫女生后面搬到的小马形状的凳子",
        "choice_c_chinese": "在一楼卧室找到的凳子",
        "choice_d_chinese": "在二楼桌子旁边搬的椅子",
        "answer": "B",
        "reason_chinese": "在16:36:00，Alice在一楼客厅桌子旁边、穿着淡黄色衬衫女生的后面搬到了小马形状的凳子（选项B）。",
        "question": "Before making paper flowers, Alice moved a stool to sit beside the table in the first-floor living room. Where did she move the stool from, and what kind of stool was it?",
        "choice_a": "A pony-shaped stool beside the courtyard table.",
        "choice_b": "A pony-shaped stool behind the girl in the light yellow shirt beside the table.",
        "choice_c": "A stool found in the first-floor bedroom.",
        "choice_d": "A chair beside the second-floor table.",
        "reason": "At 16:36:00, Alice moved a pony-shaped stool from behind the girl in the light yellow shirt beside the table in the first-floor living room (choice B)."
    },
    {
        "question_chinese": "Alice制作纸花的时候，使用眼影盘对纸花上色。当她制作完毕后，她把两个眼影盘放在哪里了？",
        "choice_a_chinese": "卧室的行李箱里",
        "choice_b_chinese": "卧室的床上",
        "choice_c_chinese": "卧室窗台上",
        "choice_d_chinese": "卧室的小桌子上",
        "answer": "A",
        "reason_chinese": "在17:16:44，Alice制作完纸花后将两个眼影盘放在了卧室的行李箱里（选项A）。",
        "question": "When making paper flowers, Alice used eyeshadow palettes to color them. Where did she put the two eyeshadow palettes after finishing?",
        "choice_a": "In the suitcase in the bedroom.",
        "choice_b": "On the bed in the bedroom.",
        "choice_c": "On the bedroom windowsill.",
        "choice_d": "On the small table in the bedroom.",
        "reason": "At 17:16:44, after making the paper flowers, Alice placed the two eyeshadow palettes in the suitcase in the bedroom (choice A)."
    },
    {
        "question_chinese": "Alice在清洗蔬菜的时候，从袋子里拿出了一把金针菇。为了处理它，Alice拿出了一把菜刀。Alice从哪里拿到的菜刀？",
        "choice_a_chinese": "穿着粉色T恤的女生给她的",
        "choice_b_chinese": "客厅桌子上",
        "choice_c_chinese": "厨房水池里",
        "choice_d_chinese": "厨房水池左侧柜子的最下层",
        "answer": "D",
        "reason_chinese": "在18:09:42，Alice从厨房水池左侧柜子的最下层拿到了菜刀来处理金针菇（选项D）。",
        "question": "When washing vegetables, Alice took out a bunch of enoki mushrooms from a bag. To process them, she took a kitchen knife. Where did Alice get the kitchen knife from?",
        "choice_a": "Given by the girl in a pink T-shirt.",
        "choice_b": "From the living room table.",
        "choice_c": "From the kitchen sink.",
        "choice_d": "From the bottom layer of the cabinet on the left side of the kitchen sink.",
        "reason": "At 18:09:42, Alice obtained the kitchen knife from the bottom layer of the cabinet on the left side of the kitchen sink to process the enoki mushrooms (choice D)."
    },
    {
        "question_chinese": "Alice在餐后清理客厅的桌子的时候，将两瓶没喝完的可乐倒掉。她把可乐倒在哪里了？",
        "choice_a_chinese": "二楼厨房的垃圾桶里",
        "choice_b_chinese": "二楼洗手间的水池里",
        "choice_c_chinese": "二楼厨房的水池里",
        "choice_d_chinese": "二楼客厅桌子上的一次性杯子里",
        "answer": "C",
        "reason_chinese": "在21:05:03，Alice餐后清理桌子时将两瓶没喝完的可乐倒在了二楼厨房的水池里（选项C）。",
        "question": "When cleaning the living room table after the meal, Alice poured out two unfinished bottles of cola. Where did she pour the cola?",
        "choice_a": "Into the trash can in the second-floor kitchen.",
        "choice_b": "Into the sink in the second-floor restroom.",
        "choice_c": "Into the sink in the second-floor kitchen.",
        "choice_d": "Into the disposable cups on the second-floor living room table.",
        "reason": "At 21:05:03, Alice poured the two unfinished bottles of cola into the sink in the second-floor kitchen while cleaning the table after the meal (choice C)."
    },
    {
        "question_chinese": "Alice晚上在院子里坐着休息的时候，她打开手电筒观赏自己手指上的戒指。戒指戴在她的哪根手指上？",
        "choice_a_chinese": "左手小指",
        "choice_b_chinese": "右手中指",
        "choice_c_chinese": "右手无名指",
        "choice_d_chinese": "左手食指",
        "answer": "B",
        "reason_chinese": "在22:10:28-22:11:59期间，Alice在院子里休息时用手电筒观赏戒指，戒指戴在她的右手中指上（选项B）。",
        "question": "When Alice was sitting and resting in the yard at night, she turned on a flashlight to admire the ring on her finger. Which finger was the ring on?",
        "choice_a": "Left little finger.",
        "choice_b": "Right middle finger.",
        "choice_c": "Right ring finger.",
        "choice_d": "Left index finger.",
        "reason": "During 22:10:28-22:11:59, while resting in the yard, Alice used a flashlight to admire the ring, which was on her right middle finger (choice B)."
    }
]