[
    {
        "question_chinese": "Alice在处理摔碎的杯子的时候，向垃圾袋贴了一个标签。她使用的标签纸和笔是从哪里拿到的？",
        "choice_a_chinese": "一楼客厅的桌子角落",
        "choice_b_chinese": "冰箱上面的杂物堆里",
        "choice_c_chinese": "一楼客厅桌子靠窗户方向角落黑色置物架的倒数第二层",
        "choice_d_chinese": "一楼客厅桌子靠窗户方向角落黑色置物架的最上面一层",
        "answer": "C",
        "reason_chinese": "在11:34:02左右，Alice从一楼客厅桌子靠窗户方向角落黑色置物架的倒数第二层（选项C）取标签纸和笔，将标签纸写上字并贴在垃圾袋上。",
        "question": "When Alice was handling the broken cup, she put a label on the garbage bag. Where did she get the label paper and pen from?",
        "choice_a": "From the corner of the table in the first-floor living room.",
        "choice_b": "From the clutter on top of the refrigerator.",
        "choice_c": "From the second-to-last layer of the black shelf in the corner of the first-floor living room table near the window.",
        "choice_d": "From the top layer of the black shelf in the corner of the first-floor living room table near the window.",
        "reason": "At around 11:34:02, Alice obtained the label paper and pen from the second-to-last layer of the black shelf in the corner of the first-floor living room table near the window (choice C), wrote on the label, and pasted it on the garbage bag."
    },
    {
        "question_chinese": "Alice在计划收拾打碎的杯子的时候，有人将扫把和簸箕递给Alice。这个人是谁？",
        "choice_a_chinese": "Alice自己取的，没有人递给她",
        "choice_b_chinese": "穿着灰色T恤，棕灰色短裤的男生",
        "choice_c_chinese": "黑色裙子蓝色牛仔外套的女生",
        "choice_d_chinese": "粉色上衣和深色长裤的女生",
        "answer": "B",
        "reason_chinese": "在11:29:28左右，穿着灰色T恤、棕灰色短裤的男生（选项B）将扫把和簸箕递给Alice，Alice从他手中接过。",
        "question": "When Alice was planning to clean up the broken cup, someone handed her a broom and dustpan. Who was this person?",
        "choice_a": "Alice took them herself; no one handed them to her.",
        "choice_b": "A boy in a gray T-shirt and brown-gray shorts.",
        "choice_c": "A girl in a black dress and blue denim jacket.",
        "choice_d": "A girl in a pink top and dark long pants.",
        "reason": "At around 11:29:28, the boy in a gray T-shirt and brown-gray shorts (choice B) handed Alice the broom and dustpan, which she received from him."
    },
    {
        "question_chinese": "Alice在处理摔碎的玻璃之前，到室外将晾干的衣服收到屋里。她把晾干的衣服放在了哪里？",
        "choice_a_chinese": "卧室的行李箱里",
        "choice_b_chinese": "卧室的床上",
        "choice_c_chinese": "卧室的衣柜里",
        "choice_d_chinese": "卧室的凳子上",
        "answer": "A",
        "reason_chinese": "在11:22:14左右，Alice将室外晾干的衣服折叠好后放在卧室的行李箱里（选项A）。",
        "question": "Before handling the broken glass, Alice went outside to bring in the dried clothes. Where did she put the dried clothes?",
        "choice_a": "In the suitcase in the bedroom.",
        "choice_b": "On the bed in the bedroom.",
        "choice_c": "In the wardrobe in the bedroom.",
        "choice_d": "On the stool in the bedroom.",
        "reason": "At around 11:22:14, Alice folded the dried clothes from outside and placed them in the suitcase in the bedroom (choice A)."
    },
    {
        "question_chinese": "Alice坐在院子的桌子旁边休息的时候，有几个人将木制的抽屉等物品拿到院子的桌子上。是哪些人将抽屉拿到桌子上的？",
        "choice_a_chinese": "淡黄色短袖衬衫和黑色长裤的女生、粉色上衣和深色长裤的女生、黑色裙子蓝色牛仔外套的女生",
        "choice_b_chinese": "黑色裙子蓝色牛仔外套的女生、灰色T恤灰绿色短裤的男生、粉色上衣和深色长裤的女生",
        "choice_c_chinese": "橙灰色T恤和浅棕色短裤的男生、灰色T恤灰绿色短裤的男生、粉色上衣和深色长裤的女生",
        "choice_d_chinese": "穿着白色衬衫戴着棒球帽的女生、黑色裙子蓝色牛仔外套的女生、橙灰色T恤和浅棕色短裤的男生",
        "answer": "B",
        "reason_chinese": "在12:21:13-12:22:08期间，先是穿着黑色裙子蓝色牛仔外套的女生和灰色T恤灰绿色短裤的男生（选项B中的部分人物）将抽屉放在桌子上，随后粉色上衣和深色长裤的女生（选项B中的另一人物）也拿了几个抽屉放在桌子上。",
        "question": "When Alice was resting beside the yard table, several people brought wooden drawers and other items to the table. Who brought the drawers to the table?",
        "choice_a": "The girl in a light yellow short-sleeved shirt and black pants, the girl in a pink top and dark pants, the girl in a black dress and blue denim jacket.",
        "choice_b": "The girl in a black dress and blue denim jacket, the boy in a gray T-shirt and gray-green shorts, the girl in a pink top and dark pants.",
        "choice_c": "The boy in an orange-gray T-shirt and light brown shorts, the boy in a gray T-shirt and gray-green shorts, the girl in a pink top and dark pants.",
        "choice_d": "The girl in a white shirt and baseball cap, the girl in a black dress and blue denim jacket, the boy in an orange-gray T-shirt and light brown shorts.",
        "reason": "During 12:21:13-12:22:08, first the girl in a black dress and blue denim jacket and the boy in a gray T-shirt and gray-green shorts (part of choice B) placed the drawers on the table, followed by the girl in a pink top and dark pants (another part of choice B) who also brought several drawers to the table."
    },
    {
        "question_chinese": "Alice在吃饺子之前收拾了一下二楼客厅的桌子。在收集了桌子上的纸质一次性杯子之后，她将它们放置在了哪里？",
        "choice_a_chinese": "院子角落里的大垃圾桶里",
        "choice_b_chinese": "二楼厨房的水池旁边的台面上",
        "choice_c_chinese": "一楼客厅中间的黑色垃圾桶里",
        "choice_d_chinese": "二楼厨房和客厅交界处墙边的白色垃圾桶里",
        "answer": "D",
        "reason_chinese": "在13:05:56左右，Alice将收集好的纸质一次性杯子摞在一起，扔到了二楼厨房和客厅交界处墙边的白色垃圾桶里（选项D）。",
        "question": "Before eating dumplings, Alice tidied the table in the second-floor living room. After collecting the paper disposable cups on the table, where did she put them?",
        "choice_a": "In the large trash can in the corner of the yard.",
        "choice_b": "On the counter beside the sink in the second-floor kitchen.",
        "choice_c": "In the black trash can in the middle of the first-floor living room.",
        "choice_d": "In the white trash can by the wall at the junction of the second-floor kitchen and living room.",
        "reason": "At around 13:05:56, Alice stacked the collected paper disposable cups and threw them into the white trash can by the wall at the junction of the second-floor kitchen and living room (choice D)."
    },
    {
        "question_chinese": "Alice晚上出门回家之后，来到二楼客厅继续听音乐。她刚到的时候，客厅中间的空地上有一个黄色花心白色花瓣的花朵模样的坐垫。后来有个人把这个坐垫拿走了。这个人是谁？",
        "choice_a_chinese": "Alice自己",
        "choice_b_chinese": "穿着黑色外套的男生",
        "choice_c_chinese": "穿着橙灰色T恤和浅棕色短裤的男生",
        "choice_d_chinese": "穿着黑色裙子和蓝色牛仔外套的女生",
        "answer": "A",
        "reason_chinese": "在21:50:24左右，Alice将客厅中间空地上的花朵模样坐垫（黄色花心白色花瓣）拿到自己脚下，并坐在上面，即Alice自己拿走了坐垫（选项A）。",
        "question": "After returning home in the evening, Alice went to the second-floor living room to continue listening to music. When she arrived, there was a flower-shaped cushion with a yellow center and white petals in the middle of the living room. Later, someone took this cushion. Who was it?",
        "choice_a": "Alice herself.",
        "choice_b": "A boy in a black jacket.",
        "choice_c": "A boy in an orange-gray T-shirt and light brown shorts.",
        "choice_d": "A girl in a black dress and blue denim jacket.",
        "reason": "At around 21:50:24, Alice moved the flower-shaped cushion (yellow center, white petals) from the middle of the living room to her feet and sat on it, meaning Alice herself took the cushion (choice A)."
    }
]