[
    {
        "question_chinese": "Alice将处理完成的花朵插在装满水的桶里保存。Alice是在哪里使用什么给桶接水的？",
        "choice_a_chinese": "院子角落的水管",
        "choice_b_chinese": "在厕所里使用花洒接水",
        "choice_c_chinese": "在厨房使用水池接水",
        "choice_d_chinese": "在洗手间使用洗手台接水",
        "answer": "B",
        "reason_chinese": "在12:10:10-12:11:17期间，Alice在厕所里使用花洒给桶接水（选项B）。",
        "question": "Where and how did Alice fill the bucket with water to store the processed flowers?",
        "choice_a": "From a water pipe in the corner of the yard.",
        "choice_b": "Using a showerhead in the toilet.",
        "choice_c": "Using the kitchen sink.",
        "choice_d": "Using the bathroom sink.",
        "reason": "During 12:10:10-12:11:17, Alice filled the bucket with water using a showerhead in the toilet (choice B)."
    },
    {
        "question_chinese": "Alice在处理完花朵之后，将花朵的包装纸从桌子上移到了某个位置。她将包装纸放在了哪里？",
        "choice_a_chinese": "院子的木桌上",
        "choice_b_chinese": "玄关的纸箱里",
        "choice_c_chinese": "一楼卧室门口的纸箱里",
        "choice_d_chinese": "院子角落的垃圾桶里",
        "answer": "C",
        "reason_chinese": "在12:15:50左右，Alice将花朵的包装纸从桌子上移到了一楼卧室门口的纸箱里（选项C）。",
        "question": "After processing the flowers, Alice moved the flower wrapping paper from the table to another place. Where did she put the wrapping paper?",
        "choice_a": "On the wooden table in the yard.",
        "choice_b": "In a cardboard box at the entrance.",
        "choice_c": "In a cardboard box at the door of the first-floor bedroom.",
        "choice_d": "In the trash can in the corner of the yard.",
        "reason": "At around 12:15:50, Alice moved the flower wrapping paper from the table to a cardboard box at the door of the first-floor bedroom (choice C)."
    },
    {
        "question_chinese": "Alice和其他人拼了很久才完成圆形木制拼图的拼装。这个拼图是从哪里拿到的？",
        "choice_a_chinese": "一楼客厅桌子上的蓝色长方形盒子里",
        "choice_b_chinese": "从黑色长袖上衣的女生手里接过来的",
        "choice_c_chinese": "玄关的纸箱里",
        "choice_d_chinese": "一楼卧室门口的纸箱里",
        "answer": "A",
        "reason_chinese": "在12:26:08左右，Alice从一楼客厅桌子上的蓝色长方形盒子里拿到了圆形木制拼图（选项A）。",
        "question": "Alice and others spent a long time assembling a circular wooden puzzle. Where did they get this puzzle from?",
        "choice_a": "From a blue rectangular box on the table in the first-floor living room.",
        "choice_b": "Received it from a girl in a black long-sleeved top.",
        "choice_c": "From a cardboard box at the entrance.",
        "choice_d": "From a cardboard box at the door of the first-floor bedroom.",
        "reason": "At around 12:26:08, Alice obtained the circular wooden puzzle from a blue rectangular box on the table in the first-floor living room (choice A)."
    },
    {
        "question_chinese": "Alice中午在院子里准备吃饭的时候，使用了一个黄色的抹布擦干净自己的椅子。她从哪里拿到的抹布？",
        "choice_a_chinese": "穿着蓝色T恤和黑色长裤的男生拿给她的",
        "choice_b_chinese": "从院子的木桌上拿的",
        "choice_c_chinese": "从一楼厨房水池旁边拿到的",
        "choice_d_chinese": "穿着青绿色裙子的女生递给她的",
        "answer": "D",
        "reason_chinese": "在11:17:46，穿着青绿色裙子的女生将黄色抹布递给Alice，她用这块抹布擦干净了自己的椅子（选项D）。",
        "question": "When preparing to eat in the yard at noon, Alice used a yellow cloth to clean her chair. Where did she get the cloth from?",
        "choice_a": "Given by a boy in a blue T-shirt and black pants.",
        "choice_b": "Taken from the wooden table in the yard.",
        "choice_c": "Taken from beside the first-floor kitchen sink.",
        "choice_d": "Handed to her by a girl in a teal green skirt.",
        "reason": "At 11:17:46, the girl in a teal green skirt handed Alice a yellow cloth, which she used to clean her chair (choice D)."
    },
    {
        "question_chinese": "Alice在准备晚餐的时候，从某个地方取了一个用纸和塑料包装起来的松花蛋。她是从哪里取的松花蛋？",
        "choice_a_chinese": "厨房窗户右边的置物架上",
        "choice_b_chinese": "微波炉下面的柜子里",
        "choice_c_chinese": "冰箱里",
        "choice_d_chinese": "一楼客厅桌子上",
        "answer": "B",
        "reason_chinese": "在19:42:22-19:42:31期间，Alice从微波炉下面的柜子里取出了用纸和塑料包装的松花蛋（选项B）。",
        "question": "When preparing dinner, Alice took a preserved egg wrapped in paper and plastic from a certain place. Where did she take the preserved egg from?",
        "choice_a": "From the shelf to the right of the kitchen window.",
        "choice_b": "From the cabinet under the microwave oven.",
        "choice_c": "From the refrigerator.",
        "choice_d": "From the table in the first-floor living room.",
        "reason": "During 19:42:22-19:42:31, Alice took the preserved egg wrapped in paper and plastic from the cabinet under the microwave oven (choice B)."
    },
    {
        "question_chinese": "Alice在完成制作蛋糕之后，大家一起吃了制作好的蛋糕。Alice一共吃了几个蛋糕？",
        "choice_a_chinese": "1个",
        "choice_b_chinese": "2个",
        "choice_c_chinese": "3个",
        "choice_d_chinese": "4个",
        "answer": "B",
        "reason_chinese": "在21:44:21和21:46:21，Alice分两次各吃了1个蛋糕，总共吃了2个（选项B）。",
        "question": "After finishing making the cake, Alice and others ate the cake. How many cakes did Alice eat in total?",
        "choice_a": "1",
        "choice_b": "2",
        "choice_c": "3",
        "choice_d": "4",
        "reason": "At 21:44:21 and 21:46:21, Alice ate 1 cake each time, totaling 2 cakes (choice B)."
    }
]