[
    {
        "question_chinese": "Alice来到二楼客厅做剪纸工作的时候，从某个地方取来了剪子。她从哪里取来的剪子？",
        "choice_a_chinese": "放卡纸的地板上",
        "choice_b_chinese": "二楼沙发上",
        "choice_c_chinese": "一楼客厅桌子上",
        "choice_d_chinese": "卧室窗户边",
        "answer": "A",
        "reason_chinese": "在11:11:24，Alice在二楼客厅做剪纸工作时，从放卡纸的地板上（选项A）取来了剪子。",
        "question": "When Alice went to the second-floor living room to do paper-cutting, she took scissors from a certain place. Where did she get the scissors from?",
        "choice_a": "From the floor where the cardstock was placed.",
        "choice_b": "From the second-floor sofa.",
        "choice_c": "From the table in the first-floor living room.",
        "choice_d": "By the bedroom window.",
        "reason": "At 11:11:24, while doing paper-cutting in the second-floor living room, Alice obtained the scissors from the floor where the cardstock was placed (choice A)."
    },
    {
        "question_chinese": "Alice用来装饰卧室的白色半透明窗帘是从什么样的快递包裹中取出来的？",
        "choice_a_chinese": "黑色塑料快递包裹",
        "choice_b_chinese": "灰白色塑料快递包裹，里面是黑色的",
        "choice_c_chinese": "粉红色塑料快递包裹",
        "choice_d_chinese": "棕色瓦楞纸箱子",
        "answer": "B",
        "reason_chinese": "在11:44:44，Alice从灰白色塑料快递包裹（选项B）中取出用来装饰卧室的白色半透明窗帘，包裹里面是黑色的。",
        "question": "From what type of express package did Alice take the white semi-transparent curtains used to decorate her bedroom?",
        "choice_a": "A black plastic express package.",
        "choice_b": "A grayish-white plastic express package with black contents inside.",
        "choice_c": "A pink plastic express package.",
        "choice_d": "A brown corrugated cardboard box.",
        "reason": "At 11:44:44, Alice took the white semi-transparent curtains for decorating her bedroom from a grayish-white plastic express package (choice B), which had black contents inside."
    },
    {
        "question_chinese": "Alice在装饰完卧室后，坐在二楼客厅沙发上休息。这时她用双面胶粘贴剪纸图案。她的双面胶哪里来的？",
        "choice_a_chinese": "穿着白色T恤和卡其色长裤的男生给的",
        "choice_b_chinese": "在沙发上找到的",
        "choice_c_chinese": "在卧室窗台拿到的",
        "choice_d_chinese": "穿着黑色内搭、蓝色牛仔外套和卡其色长裤的女生给的",
        "answer": "D",
        "reason_chinese": "在10:25:49，Alice装饰完卧室后在二楼客厅沙发上休息，她的双面胶是由穿着黑色内搭、蓝色牛仔外套和卡其色长裤的女生（选项D）给的。",
        "question": "After decorating her bedroom, Alice rested on the sofa in the second-floor living room and used double-sided tape to paste paper-cut patterns. Where did she get the double-sided tape from?",
        "choice_a": "Given by a boy in a white T-shirt and khaki pants.",
        "choice_b": "Found on the sofa.",
        "choice_c": "Taken from the bedroom windowsill.",
        "choice_d": "Given by a girl in a black inner shirt, blue denim jacket, and khaki pants.",
        "reason": "At 10:25:49, after decorating her bedroom, Alice rested on the second-floor living room sofa, and the double-sided tape was given to her by the girl in a black inner shirt, blue denim jacket, and khaki pants (choice D)."
    },
    {
        "question_chinese": "Alice用手揉制麻薯面团的时候，从一个盒子里取出了一些一次性手套。这个包装盒是什么样的？",
        "choice_a_chinese": "蓝色、绿色、红色图案的正方体形状的纸盒",
        "choice_b_chinese": "绿色的正方体盒子",
        "choice_c_chinese": "黑色的扁扁的长方体盒子",
        "choice_d_chinese": "橘黄色的塑料盒子",
        "answer": "A",
        "reason_chinese": "在14:57:08，Alice揉制麻薯面团时，从一个带有蓝色、绿色、红色图案的正方体形状纸盒（选项A）中取出一次性手套。",
        "question": "When Alice was kneading mochi dough by hand, she took some disposable gloves from a box. What did the packaging box look like?",
        "choice_a": "A cubic paper box with blue, green, and red patterns.",
        "choice_b": "A green cubic box.",
        "choice_c": "A black flat rectangular box.",
        "choice_d": "An orange plastic box.",
        "reason": "At 14:57:08, while kneading mochi dough, Alice took disposable gloves from a cubic paper box with blue, green, and red patterns (choice A)."
    },
    {
        "question_chinese": "Alice在帮助装饰蛋挞之前，用白纸垫在棕色的托盘上面。是谁给了她白纸？",
        "choice_a_chinese": "她自己拿的",
        "choice_b_chinese": "黑色衣服的女生",
        "choice_c_chinese": "白色T恤的男生",
        "choice_d_chinese": "棕色皮衣的女生",
        "answer": "B",
        "reason_chinese": "在15:37:07，Alice在帮助装饰蛋挞前，黑色衣服的女生（选项B）给了她白纸，用于垫在棕色托盘上。",
        "question": "Before helping decorate egg tarts, Alice placed white paper on a brown tray. Who gave her the white paper?",
        "choice_a": "She took it herself.",
        "choice_b": "A girl in black clothes.",
        "choice_c": "A boy in a white T-shirt.",
        "choice_d": "A girl in a brown leather jacket.",
        "reason": "At 15:37:07, before helping decorate egg tarts, Alice was given white paper by the girl in black clothes (choice B) to place on the brown tray."
    },
    {
        "question_chinese": "Alice在拍卖会上介绍的纸盒制作的小狗，是从哪里拿到的？",
        "choice_a_chinese": "二楼厨房台面上",
        "choice_b_chinese": "一楼客厅的桌子上",
        "choice_c_chinese": "屋里和院子的门右侧，院子的木制走廊上",
        "choice_d_chinese": "院子的木桌上",
        "answer": "C",
        "reason_chinese": "在16:37:10，Alice在拍卖会上介绍的纸盒制作的小狗，是从屋里和院子的门右侧、院子的木制走廊上（选项C）拿到的。",
        "question": "Where did Alice get the paper-box-made puppy that she introduced at the auction?",
        "choice_a": "From the counter in the second-floor kitchen.",
        "choice_b": "From the table in the first-floor living room.",
        "choice_c": "From the wooden corridor in the yard, on the right side of the door between the house and the yard.",
        "choice_d": "From the wooden table in the yard.",
        "reason": "At 16:37:10, the paper-box-made puppy that Alice introduced at the auction was obtained from the wooden corridor in the yard, on the right side of the door between the house and the yard (choice C)."
    }
]