[
    {
        "question_chinese": "Alice在装饰卧室的时候，将绿色的桌布铺在了自己卧室的桌子上。她从哪里打开了桌布的快递包装？",
        "choice_a_chinese": "一楼厨房",
        "choice_b_chinese": "院子桌子边上",
        "choice_c_chinese": "一楼客厅",
        "choice_d_chinese": "卧室",
        "answer": "D",
        "reason_chinese": "在18:27:30，Alice在卧室打开了桌布的快递包装，并将绿色桌布铺在自己卧室的桌子上（选项D）。",
        "question": "When decorating her bedroom, Alice spread a green tablecloth on the table in her bedroom. Where did she open the快递 packaging of the tablecloth?",
        "choice_a": "First-floor kitchen.",
        "choice_b": "Beside the yard table.",
        "choice_c": "First-floor living room.",
        "choice_d": "Bedroom.",
        "reason": "At 18:27:30, Alice opened the express packaging of the tablecloth in the bedroom (choice D) and spread the green tablecloth on the table in her bedroom."
    },
    {
        "question_chinese": "Alice从冰箱里取了一盒酸奶在一楼客厅桌子旁边坐下吃。最后她吃完之后把酸奶盒子放在哪里了？",
        "choice_a_chinese": "二楼厨房的垃圾桶里",
        "choice_b_chinese": "院子角落的垃圾桶里",
        "choice_c_chinese": "一楼客厅的桌子上",
        "choice_d_chinese": "一楼客厅的冰箱里",
        "answer": "B",
        "reason_chinese": "在11:24:57，Alice吃完从冰箱取出的酸奶后，将酸奶盒子放在了院子角落的垃圾桶里（选项B）。",
        "question": "Alice took a box of yogurt from the refrigerator and sat down to eat beside the table in the first-floor living room. Where did she put the yogurt box after eating?",
        "choice_a": "In the trash can of the second-floor kitchen.",
        "choice_b": "In the trash can in the corner of the yard.",
        "choice_c": "On the table in the first-floor living room.",
        "choice_d": "In the refrigerator in the first-floor living room.",
        "reason": "At 11:24:57, after eating the yogurt taken from the refrigerator, Alice put the yogurt box in the trash can in the corner of the yard (choice B)."
    },
    {
        "question_chinese": "Alice在收拾一楼客厅的桌子的时候，把铁质方形托盘里面的锡箔纸扔掉了。她把这个方形铁托盘放在了哪里？",
        "choice_a_chinese": "厨房窗户右边的置物架最上层",
        "choice_b_chinese": "客厅桌子旁边的置物架从上往下第二层",
        "choice_c_chinese": "一楼厨房水池里",
        "choice_d_chinese": "一楼客厅的桌子上",
        "answer": "A",
        "reason_chinese": "在15:56:02，Alice收拾一楼客厅桌子时，扔掉锡箔纸后将铁质方形托盘放在了厨房窗户右边的置物架最上层（选项A）。",
        "question": "When tidying the table in the first-floor living room, Alice threw away the aluminum foil in the iron square tray. Where did she put the iron square tray?",
        "choice_a": "On the top layer of the shelf to the right of the kitchen window.",
        "choice_b": "On the second layer from the top of the shelf beside the living room table.",
        "choice_c": "In the sink of the first-floor kitchen.",
        "choice_d": "On the table in the first-floor living room.",
        "reason": "At 15:56:02, after throwing away the aluminum foil while tidying the first-floor living room table, Alice placed the iron square tray on the top layer of the shelf to the right of the kitchen window (choice A)."
    },
    {
        "question_chinese": "当伙伴们携带采购的物资回家并将物资摆放在一楼客厅桌子上的时候，Alice将电脑从桌子上拿走了。Alice将电脑放在哪里了？",
        "choice_a_chinese": "客厅的椅子上",
        "choice_b_chinese": "卧室的便携式小桌子上",
        "choice_c_chinese": "卧室的床上",
        "choice_d_chinese": "卧室的行李箱里",
        "answer": "D",
        "reason_chinese": "在16:54:48，当伙伴们把采购物资摆放在一楼客厅桌子上时，Alice将电脑从桌子上拿走并放在了卧室的行李箱里（选项D）。",
        "question": "When her partners brought back purchased supplies and placed them on the table in the first-floor living room, Alice took the computer from the table. Where did Alice put the computer?",
        "choice_a": "On the chair in the living room.",
        "choice_b": "On the portable small table in the bedroom.",
        "choice_c": "On the bed in the bedroom.",
        "choice_d": "In the suitcase in the bedroom.",
        "reason": "At 16:54:48, when her partners placed the purchased supplies on the first-floor living room table, Alice took the computer from the table and put it in the suitcase in the bedroom (choice D)."
    },
    {
        "question_chinese": "Alice缠绕在台灯架上面的假花假藤曼是从什么样子的快递包裹中取出来的？",
        "choice_a_chinese": "蓝色快递包裹，上面有红色和白色的图案",
        "choice_b_chinese": "白色塑料快递包裹",
        "choice_c_chinese": "灰色方形塑料快递包裹",
        "choice_d_chinese": "棕色立方体瓦楞纸箱子",
        "answer": "C",
        "reason_chinese": "在18:21:27，Alice从灰色方形塑料快递包裹（选项C）中取出假花假藤蔓，并将其缠绕在台灯架上。",
        "question": "From what type of express package did Alice take the artificial flowers and vines that she wrapped around the lamp stand?",
        "choice_a": "A blue express package with red and white patterns.",
        "choice_b": "A white plastic express package.",
        "choice_c": "A gray square plastic express package.",
        "choice_d": "A brown cubic corrugated cardboard box.",
        "reason": "At 18:21:27, Alice took the artificial flowers and vines from a gray square plastic express package (choice C) and wrapped them around the lamp stand."
    },
    {
        "question_chinese": "在灰色上衣的女生用奶油装饰蛋挞的时候，Alice帮忙从厨房拿了一个白色的塑料刮板。Alice将这个刮板给了谁？",
        "choice_a_chinese": "黄色T恤的男生",
        "choice_b_chinese": "白色T恤的女生",
        "choice_c_chinese": "蓝色T恤的男生",
        "choice_d_chinese": "紫色T恤的男生",
        "answer": "C",
        "reason_chinese": "在22:24:53，当灰色上衣的女生用奶油装饰蛋挞时，Alice从厨房拿了白色塑料刮板并给了穿着蓝色T恤的男生（选项C）。",
        "question": "When the girl in a gray top was decorating egg tarts with cream, Alice helped take a white plastic scraper from the kitchen. Who did Alice give the scraper to?",
        "choice_a": "A boy in a yellow T-shirt.",
        "choice_b": "A girl in a white T-shirt.",
        "choice_c": "A boy in a blue T-shirt.",
        "choice_d": "A boy in a purple T-shirt.",
        "reason": "At 22:24:53, while the girl in a gray top was decorating egg tarts with cream, Alice took a white plastic scraper from the kitchen and gave it to the boy in a blue T-shirt (choice C)."
    }
]