[
    {
        "question_chinese": "Alice在收拾一楼客厅桌子之前使用玻璃杯冲了一杯咖啡。她冲泡的什么样子包装袋的咖啡?",
        "choice_a_chinese": "绿色方形硬纸板包装",
        "choice_b_chinese": "红色长条包状态",
        "choice_c_chinese": "绿色长条形的包装袋，上面有黄色的字",
        "choice_d_chinese": "蓝色长方形的包装袋",
        "answer": "D",
        "reason_chinese": "在12:36:18的时候，Alice撕开蓝色长方形的包装袋（选项D）的咖啡，倒在杯子里冲泡。",
        "question": "Before tidying the table in the first-floor living room, Alice made a cup of coffee using a glass. What kind of packaging bag was the coffee in?",
        "choice_a": "Green square hard cardboard packaging.",
        "choice_b": "Red long strip packaging.",
        "choice_c": "A green long strip packaging bag with yellow text.",
        "choice_d": "A blue rectangular packaging bag.",
        "reason": "At 12:36:18, Alice tore open a blue rectangular packaging bag (choice D) of coffee and poured it into the glass to make the drink."
    },
    {
        "question_chinese": "Alice在收拾一楼桌子的时候，从桌子上拿了一个黄色五角星形状的布娃娃。她将这个娃娃放在了什么位置？",
        "choice_a_chinese": "冰箱上面",
        "choice_b_chinese": "卧室的床上，用被子盖住",
        "choice_c_chinese": "卧室的行李箱里",
        "choice_d_chinese": "客厅角落的置物架上",
        "answer": "B",
        "reason_chinese": "在12:39:40-12:40:46期间，Alice将黄色五角星形状的布娃娃放在卧室的床上，并用被子盖住（选项B）。",
        "question": "When tidying the first-floor table, Alice took a yellow star-shaped doll from the table. Where did she put this doll?",
        "choice_a": "On top of the refrigerator.",
        "choice_b": "On the bedroom bed, covered with a quilt.",
        "choice_c": "In the bedroom suitcase.",
        "choice_d": "On the shelf in the corner of the living room.",
        "reason": "During 12:39:40-12:40:46, Alice placed the yellow star-shaped doll on the bedroom bed and covered it with a quilt (choice B)."
    },
    {
        "question_chinese": "Alice在收拾一楼客厅的时候给一楼厨房和客厅交界处的黑色垃圾桶更换垃圾袋。她将装满垃圾的袋子扔在哪里了？",
        "choice_a_chinese": "一楼客厅桌子旁边的纸箱里",
        "choice_b_chinese": "院子角落的大垃圾箱里",
        "choice_c_chinese": "扔到客厅角落的地板上",
        "choice_d_chinese": "递给了穿着棕色皮夹克和蓝色长裤的女生",
        "answer": "A",
        "reason_chinese": "在12:41:50左右，Alice将装满垃圾的袋子扔到一楼客厅桌子旁边的纸箱里（选项A）。",
        "question": "When tidying the first-floor living room, Alice replaced the garbage bag in the black trash can at the junction of the first-floor kitchen and living room. Where did she throw the full garbage bag?",
        "choice_a": "In the cardboard box beside the first-floor living room table.",
        "choice_b": "In the large trash bin in the corner of the yard.",
        "choice_c": "On the floor in the corner of the living room.",
        "choice_d": "Handed to the girl in a brown leather jacket and blue pants.",
        "reason": "At around 12:41:50, Alice threw the full garbage bag into the cardboard box beside the first-floor living room table (choice A)."
    },
    {
        "question_chinese": "Alice在收拾一楼客厅的时候，为了倒掉桌子上的方形铁盘中的粉末，Alice找了一个人帮忙拿着铁盘摇晃，而Alice用手撑开塑料袋。这个人是？",
        "choice_a_chinese": "穿着橙灰色T恤和浅棕色短裤的男生",
        "choice_b_chinese": "穿着黑色T恤和蓝色长裤的女生",
        "choice_c_chinese": "穿着黑色内搭，棕色皮夹克和蓝色长裤的女生",
        "choice_d_chinese": "穿着黄色T恤和灰色短裤的男生",
        "answer": "C",
        "reason_chinese": "在13:01:34左右，穿着黑色内搭、棕色皮夹克和蓝色长裤的女生（选项C）接过来铁盘，将里面的粉末倒在塑料袋里，帮助Alice完成倾倒。",
        "question": "When tidying the first-floor living room, Alice asked someone to help shake the square iron tray on the table to pour out the powder while she held open a plastic bag. Who was this person?",
        "choice_a": "A boy in an orange-gray T-shirt and light brown shorts.",
        "choice_b": "A girl in a black T-shirt and blue pants.",
        "choice_c": "A girl in a black inner shirt, brown leather jacket, and blue pants.",
        "choice_d": "A boy in a yellow T-shirt and gray shorts.",
        "reason": "At around 13:01:34, the girl in a black inner shirt, brown leather jacket, and blue pants (choice C) took the iron tray and poured the powder into the plastic bag, assisting Alice."
    },
    {
        "question_chinese": "Alice在院子桌子旁边坐着休息的时候，有个人给穿着棕色皮夹克和蓝色长裤的女生倒了一杯果汁。这个人是谁？",
        "choice_a_chinese": "穿着黑色内搭和蓝色牛仔外套的女生",
        "choice_b_chinese": "穿着黄色T恤和灰色短裤的男生",
        "choice_c_chinese": "Alice自己",
        "choice_d_chinese": "穿着橙灰色T恤和浅棕色短裤的男生",
        "answer": "B",
        "reason_chinese": "在15:06:56左右，穿着黄色T恤和灰色短裤的男生（选项B）给穿着棕色皮夹克和蓝色长裤的女生倒了一杯果汁。",
        "question": "When Alice was resting beside the yard table, someone poured a glass of juice for the girl in a brown leather jacket and blue pants. Who was this person?",
        "choice_a": "A girl in a black inner shirt and blue denim jacket.",
        "choice_b": "A boy in a yellow T-shirt and gray shorts.",
        "choice_c": "Alice herself.",
        "choice_d": "A boy in an orange-gray T-shirt and light brown shorts.",
        "reason": "At around 15:06:56, the boy in a yellow T-shirt and gray shorts (choice B) poured a glass of juice for the girl in a brown leather jacket and blue pants."
    },
    {
        "question_chinese": "Alice在院子里休息的时候，穿着黄色T恤和灰色短裤的男生拿着两个杯子放到桌子上倒果汁。穿着棕色皮夹克和蓝色长裤的女生、穿着黄色T恤和灰色短裤的男生和Alice进行了碰杯。Alice手中拿着什么样的杯子？",
        "choice_a_chinese": "纸质一次性杯子",
        "choice_b_chinese": "Alice自己喝水用的杯子，配有盖子和吸管",
        "choice_c_chinese": "圆柱形没有盖子的玻璃杯子",
        "choice_d_chinese": "Alice只是将手围成一个圈，实际上Alice没有拿着任何杯子",
        "answer": "D",
        "reason_chinese": "在15:07:16左右，可以看到Alice将手围成一个圈假装拿着杯子和他们干杯，实际上Alice没有拿着任何杯子（选项D）。",
        "question": "While resting in the yard, the boy in a yellow T-shirt and gray shorts placed two cups on the table and poured juice. The girl in a brown leather jacket and blue pants, the boy, and Alice clinked cups. What kind of cup was Alice holding?",
        "choice_a": "A paper disposable cup.",
        "choice_b": "Alice's own drinking cup with a lid and straw.",
        "choice_c": "A cylindrical glass without a lid.",
        "choice_d": "Alice just made a circle with her hand; she wasn't actually holding any cup.",
        "reason": "At around 15:07:16, Alice pretended to clink cups by making a circle with her hand and didn't actually hold any cup (choice D)."
    }
]