[
    {
        "question_chinese": "Alice到二楼客厅看到一排排一次性水杯摆放在桌子上，她将座椅上一个塑料袋扔掉。她扔到哪里了？",
        "choice_a_chinese": "二楼客厅桌子上",
        "choice_b_chinese": "院子角落的垃圾桶里",
        "choice_c_chinese": "二楼厨房垃圾桶里",
        "choice_d_chinese": "二楼厨房燃气灶旁边的地上",
        "answer": "D",
        "reason_chinese": "在11:40:53，Alice将座椅上的塑料袋扔到了二楼厨房燃气灶旁边的地上（选项D）。",
        "question": "When Alice went to the second-floor living room and saw a row of disposable cups on the table, she threw a plastic bag from the chair away. Where did she throw it?",
        "choice_a": "On the table in the second-floor living room.",
        "choice_b": "In the trash can in the corner of the yard.",
        "choice_c": "In the trash can in the second-floor kitchen.",
        "choice_d": "On the ground beside the gas stove in the second-floor kitchen.",
        "reason": "At 11:40:53, Alice threw the plastic bag from the chair onto the ground beside the gas stove in the second-floor kitchen (choice D)."
    },
    {
        "question_chinese": "Alice坐在二楼客厅桌子上的时候，右边的穿着绿色外套白色内搭的女生给Alice一些卡片。后来Alice把卡片放在哪里了？",
        "choice_a_chinese": "二楼客厅沙发上",
        "choice_b_chinese": "一楼客厅白板旁边的置物架上",
        "choice_c_chinese": "一楼卧室窗户边的位置",
        "choice_d_chinese": "二楼客厅的桌子上",
        "answer": "C",
        "reason_chinese": "在12:37:55，Alice将右边穿绿色外套白色内搭女生给的卡片放在了一楼卧室窗户边的位置（选项C）。",
        "question": "When Alice was sitting at the table in the second-floor living room, the girl in a green jacket and white inner shirt on her right gave her some cards. Where did Alice put the cards later?",
        "choice_a": "On the sofa in the second-floor living room.",
        "choice_b": "On the shelf beside the whiteboard in the first-floor living room.",
        "choice_c": "By the window in the first-floor bedroom.",
        "choice_d": "On the table in the second-floor living room.",
        "reason": "At 12:37:55, Alice placed the cards given by the girl in a green jacket and white inner shirt by the window in the first-floor bedroom (choice C)."
    },
    {
        "question_chinese": "在散步的时候，Alice和其他人围在路边一个大的展板周围。这个展板展示了什么？",
        "choice_a_chinese": "这条路不允许停车",
        "choice_b_chinese": "公园的名字和平面图",
        "choice_c_chinese": "行人需要遵守交通规则",
        "choice_d_chinese": "公园里有哪些动物",
        "answer": "B",
        "reason_chinese": "在15:16:25~15:19:00期间，Alice和其他人围看的路边展板展示了公园的名字和平面图（选项B）。",
        "question": "While walking, Alice and others gathered around a large roadside display board. What did this board show?",
        "choice_a": "No parking allowed on this road.",
        "choice_b": "The park's name and floor plan.",
        "choice_c": "Pedestrians should obey traffic rules.",
        "choice_d": "What animals are in the park.",
        "reason": "From 15:16:25 to 15:19:00, the roadside display board that Alice and others gathered around showed the park's name and floor plan (choice B)."
    },
    {
        "question_chinese": "在制作烧烤的过程中，穿着白色T恤的男生将一个烧烤网给了Alice让她清洗。Alice在哪里清洗的这个烧烤网？",
        "choice_a_chinese": "卫生间的洗手池右边地面上",
        "choice_b_chinese": "一楼厨房的水池",
        "choice_c_chinese": "二楼厨房的水池",
        "choice_d_chinese": "卫生间洗手池里",
        "answer": "A",
        "reason_chinese": "在20:34:43，Alice在卫生间的洗手池右边地面上清洗了穿着白色T恤男生给她的烧烤网（选项A）。",
        "question": "During the barbecue preparation, the boy in a white T-shirt gave Alice a barbecue net to clean. Where did Alice clean this barbecue net?",
        "choice_a": "On the ground to the right of the bathroom sink.",
        "choice_b": "In the sink of the first-floor kitchen.",
        "choice_c": "In the sink of the second-floor kitchen.",
        "choice_d": "In the bathroom sink.",
        "reason": "At 20:34:43, Alice cleaned the barbecue net given by the boy in a white T-shirt on the ground to the right of the bathroom sink (choice A)."
    },
    {
        "question_chinese": "Alice在盒马鲜生采购物资的时候，向一位蹲在角落的工作人员问路。这个工作人员穿着什么衣服？",
        "choice_a_chinese": "红色马甲和灰色长裤",
        "choice_b_chinese": "绿色外套和黑色短裤",
        "choice_c_chinese": "蓝色卫衣和黑色运动裤",
        "choice_d_chinese": "粉色T恤灰绿色短裤",
        "answer": "C",
        "reason_chinese": "在16:43:31，Alice在盒马鲜生向蹲在角落、穿着蓝色卫衣和黑色运动裤的工作人员问路（选项C）。",
        "question": "When shopping for supplies at Hema Fresh, Alice asked for directions from a staff member crouching in the corner. What was this staff member wearing?",
        "choice_a": "A red vest and gray long pants.",
        "choice_b": "A green jacket and black shorts.",
        "choice_c": "A blue sweatshirt and black sweatpants.",
        "choice_d": "A pink T-shirt and gray-green shorts.",
        "reason": "At 16:43:31, Alice asked for directions from the staff member crouching in the corner at Hema Fresh, who was wearing a blue sweatshirt and black sweatpants (choice C)."
    },
    {
        "question_chinese": "Alice为了点燃烧烤炉，用煤气灶将纸片引燃拿到屋外。这个纸片是什么样子的？",
        "choice_a_chinese": "白色的A4纸",
        "choice_b_chinese": "棕色的瓦楞纸",
        "choice_c_chinese": "绿色的卡纸",
        "choice_d_chinese": "白色的包装盒纸",
        "answer": "B",
        "reason_chinese": "在20:47:30，Alice为点燃烧烤炉，用煤气灶引燃了棕色的瓦楞纸并拿到屋外（选项B）。",
        "question": "To light the barbecue grill, Alice ignited paper with a gas stove and took it outside. What was the paper like?",
        "choice_a": "White A4 paper.",
        "choice_b": "Brown corrugated paper.",
        "choice_c": "Green cardstock.",
        "choice_d": "White packaging paper.",
        "reason": "At 20:47:30, Alice ignited brown corrugated paper with a gas stove and took it outside to light the barbecue grill (choice B)."
    }
]