[
  {
    "question_chinese": "矿泉水品牌盲测活动中一共评测了多少种品牌？",
    "choice_a_chinese": "4种",
    "choice_b_chinese": "6种",
    "choice_c_chinese": "8种",
    "choice_d_chinese": "10种",
    "answer": "B",
    "reason_chinese": "DAY3 11:44:11~11:58:35从桌子上的水瓶数量和每个参与者面前的水杯数量可以推测测评的品牌一共有6种。",
    "question": "How many brands of mineral water were evaluated in the blind taste test?",
    "choice_a": "4 types",
    "choice_b": "6 types",
    "choice_c": "8 types",
    "choice_d": "10 types",
    "reason": "DAY3 11:44:11~11:58:35 Based on the number of water bottles on the table and the water glasses in front of each participant, it can be inferred that there are a total of 6 brands being evaluated."
  },
  {
    "question_chinese": "DAY3 20:03:38 TASHA收拾厨房的过程中水池旁有一个砧板，上面放着菜刀，TASHA将它们收纳到哪儿了？",
    "choice_a_chinese": "灶台下方橱柜",
    "choice_b_chinese": "餐桌",
    "choice_c_chinese": "灶台上",
    "choice_d_chinese": "操作台右侧的置物架",
    "answer": "D",
    "reason_chinese": "DAY3 20:04:35~20:04:49 TASHA将砧板放置到厨房操作台右侧的置物架上。",
    "question": "DAY3 20:03:38 While TASHA was cleaning the kitchen, there was a chopping board by the sink with a kitchen knife on it. Where did TASHA store them?",
    "choice_a": "Cabinet under the stove",
    "choice_b": "dining table",
    "choice_c": "On the stove",
    "choice_d": "The storage rack on the right side of the operating table",
    "reason": "DAY3 20:04:35~20:04:49 TASHA places the cutting board on the storage shelf to the right of the kitchen counter."
  },
  {
    "question_chinese": "TASHA在商场购物后喝的饮料的包装瓶是什么颜色的？",
    "choice_a_chinese": "黄色",
    "choice_b_chinese": "绿色",
    "choice_c_chinese": "白色",
    "choice_d_chinese": "粉色",
    "answer": "A",
    "reason_chinese": "DAY3 16:37:08~16:37:25 TASHA在身着粉色短袖的男生收银台结账的过程中拿起了一瓶黄色包装瓶的饮料饮用。",
    "question": "What was the color of the packaging bottle of the drink TASHA had after shopping at the mall?",
    "choice_a": "yellow",
    "choice_b": "green",
    "choice_c": "white",
    "choice_d": "pink",
    "reason": "DAY3 16:37:08~16:37:25 TASHA picked up a yellow-packaged bottled drink and drank it while checking out at the cashier counter attended by a male wearing a pink short-sleeved shirt."
  },
  {
    "question_chinese": "在甜品制作过程中，以下谁没有参与挤奶油进行装饰的工作？",
    "choice_a_chinese": "身着白色上衣牛仔裤的女生",
    "choice_b_chinese": "身着粉色短袖灰色短裤的男生",
    "choice_c_chinese": "TASHA",
    "choice_d_chinese": "身着白色上衣灰色裙子的女生",
    "answer": "D",
    "reason_chinese": "DAY3 22:34:26~22:43:35 身着白色上衣牛仔裤的女生、身着粉色短袖灰色短裤的男生和TASHA一起对甜品进行了挤奶油装饰步骤。",
    "question": "In the dessert-making process, who among the following did not participate in piping cream for decoration?",
    "choice_a": "a girl wearing a white top and jeans",
    "choice_b": "a boy wearing a pink short-sleeved shirt and gray shorts",
    "choice_c": "TASHA",
    "choice_d": "a girl in a white top and gray skirt",
    "reason": "DAY3 22:34:26~22:43:35 The girl in a white top and jeans, the boy in a pink T-shirt and gray shorts, and TASHA all worked together to decorate the dessert with cream piping."
  },
  {
    "question_chinese": "DAY3 22:33:35~22:34:28 TASHA为什么要切草莓？",
    "choice_a_chinese": "和室内制作甜品的朋友一起吃",
    "choice_b_chinese": "和庭院中休闲娱乐的朋友一起吃",
    "choice_c_chinese": "装饰甜品",
    "choice_d_chinese": "榨草莓汁",
    "answer": "C",
    "reason_chinese": "从后续发展可以看出TASHA切草莓是为了装饰甜品。",
    "question": "DAY3 22:33:35~22:34:28 Why is TASHA cutting strawberries?",
    "choice_a": "Enjoying dessert-making with indoor friends",
    "choice_b": "Eating with friends relaxing and having fun in the courtyard",
    "choice_c": "Decorated desserts",
    "choice_d": "Extracting strawberry juice",
    "reason": "From subsequent developments it can be seen that TASHA cut the strawberries to decorate the dessert."
  },
  {
    "question_chinese": "制作甜品的原料中蛋清和蛋白是如何分离的？",
    "choice_a_chinese": "使用手指分离的",
    "choice_b_chinese": "使用滤网分离的",
    "choice_c_chinese": "使用筷子分离的",
    "choice_d_chinese": "使用漏斗分离的",
    "answer": "A",
    "reason_chinese": "DAY3 20:09:15~20:10:35 TASHA使用手指将蛋白从指缝中滤过以分离蛋清和蛋白。",
    "question": "How are egg whites and yolks separated in the ingredients for making desserts?",
    "choice_a": "Separate with fingers",
    "choice_b": "Separated using a filter screen",
    "choice_c": "Separating with chopsticks",
    "choice_d": "Separated using a funnel",
    "reason": "DAY3 20:09:15~20:10:35 TASHA uses her fingers to strain the egg whites through the gaps between them, separating the egg whites from the yolks."
  }
]