[
  {
    "question_chinese": "TASHA对组装完成的电子设备是如何处置的？",
    "choice_a_chinese": "连接到笔记本电脑上测试",
    "choice_b_chinese": "装回原包装盒",
    "choice_c_chinese": "给身着蓝色上衣的男生进行检查",
    "choice_d_chinese": "使用手机对设备进行测试",
    "answer": "B",
    "reason_chinese": "TASHA在DAY1 11:21:18~11:21:50将组装完成的电子设备装入原包装盒递给了身着蓝色上衣的男生。",
    "question": "What does TASHA do with the assembled electronic devices?",
    "choice_a": "Connect to the laptop for testing",
    "choice_b": "Place it back into the original packaging box",
    "choice_c": "Check the male student wearing the blue top.",
    "choice_d": "Test the device using a mobile phone",
    "reason": "TASHA placed the fully assembled electronic device into its original packaging box and handed it to the male student wearing a blue shirt from DAY1 11:21:18 to 11:21:50."
  },
  {
    "question_chinese": "TASHA对快递购买的鲜花进行了什么处理？",
    "choice_a_chinese": "使用花瓶进行插花",
    "choice_b_chinese": "使用笔记本进行压花",
    "choice_c_chinese": "使用包装纸包装成花束",
    "choice_d_chinese": "TASHA未直接对鲜花进行处理",
    "answer": "D",
    "reason_chinese": "视频中未观察到TASHA直接对快递购买的鲜花进行了处理。",
    "question": "What did TASHA do with the flowers ordered for delivery?",
    "choice_a": "Arranging flowers using a vase",
    "choice_b": "Using a notebook for embossing",
    "choice_c": "Wrap it into a bouquet using wrapping paper",
    "choice_d": "TASHA did not directly handle the flowers.",
    "reason": "The video did not show TASHA directly handling the flowers purchased via express delivery."
  },
  {
    "question_chinese": "在厨房里有哪些人使用白板进行了记录？",
    "choice_a_chinese": "身着浅橙色短袖的男生和身着白色短袖的女生",
    "choice_b_chinese": "身着蓝色短袖的男生和身着浅橙色短袖的男生",
    "choice_c_chinese": "身着白色上衣的女生和身着蓝色裙子的女生",
    "choice_d_chinese": "身着白色短袖的女生和身着蓝色短袖的男生",
    "answer": "A",
    "reason_chinese": "身着浅橙色短袖的男生和身着白色短袖的女生分别在DAY1 11:25:19和DAY1 13:53:56在白板上进行记录。",
    "question": "Who in the kitchen has recorded on the whiteboard?",
    "choice_a": "The boy in the light orange short-sleeved shirt and the girl in the white short-sleeved shirt",
    "choice_b": "The boy in the blue short-sleeve shirt and the boy in the light orange short-sleeve shirt",
    "choice_c": "The girl in the white top and the girl in the blue skirt",
    "choice_d": "The girl wearing a white short-sleeved shirt and the boy wearing a blue short-sleeved shirt",
    "reason": "The boy in the light orange short-sleeved shirt and the girl in the white short-sleeved shirt were recording on the whiteboard at DAY1 11:25:19 and DAY1 13:53:56, respectively."
  },
  {
    "question_chinese": "TASHA等人在什么地方采购了清单上的食材？",
    "choice_a_chinese": "普通菜市场",
    "choice_b_chinese": "山姆会员商店",
    "choice_c_chinese": "盒马鲜生",
    "choice_d_chinese": "普通超市蔬菜区",
    "answer": "C",
    "reason_chinese": "从DAY1 17:18:57~17:19:51可以看到众人进入的商场是盒马鲜生。",
    "question": "Where did TASHA and the others purchase the ingredients on the list?",
    "choice_a": "ordinary food market",
    "choice_b": "Sam's Club",
    "choice_c": "Hema Fresh",
    "choice_d": "Regular supermarket vegetable section",
    "reason": "From DAY1 17:18:57~17:19:51, it can be seen that the mall everyone entered is Hema Fresh."
  },
  {
    "question_chinese": "TASHA和同伴在购物过程中对比的两盒草莓有什么区别？",
    "choice_a_chinese": "两盒草莓没有明显区别",
    "choice_b_chinese": "一盒比另一盒更贵",
    "choice_c_chinese": "一盒比另一个量更多",
    "choice_d_chinese": "两盒草莓品牌不同",
    "answer": "C",
    "reason_chinese": "DAY1 17:22:37可以看出两盒草莓中一盒比另一盒量更多。仅从视频内容不能看出二者价格或者品牌有区别",
    "question": "What is the difference between the two boxes of strawberries that TASHA and her companions compared during their shopping?",
    "choice_a": "There is no obvious difference between the two boxes of strawberries.",
    "choice_b": "One box is more expensive than the other.",
    "choice_c": "One box has a larger quantity than the other.",
    "choice_d": "Two boxes of strawberries with different brands",
    "reason": "DAY1 17:22:37 It's evident that one box of strawberries contains more than the other. The video content alone doesn't indicate any difference in price or brand between the two."
  },
  {
    "question_chinese": "TASHA等人购物完成后采用什么交通方式返回的住所？",
    "choice_a_chinese": "乘坐网约车/出租车",
    "choice_b_chinese": "乘坐公交车",
    "choice_c_chinese": "乘坐地铁",
    "choice_d_chinese": "走路",
    "answer": "A",
    "reason_chinese": "DAY1 18:41:16~18:42:38众人出商场后坐上了网约车/出租车。",
    "question": "What mode of transportation did TASHA and others use to return to their residence after shopping?",
    "choice_a": "Taking a ride-hailing/taxi",
    "choice_b": "Take the bus",
    "choice_c": "Taking the subway",
    "choice_d": "walking",
    "reason": "DAY1 18:41:16~18:42:38 Everyone got into a ride-hailing car/taxi after leaving the mall."
  }
]