[
  {
    "question_chinese": "DAY6 10:38:01 TASHA从餐桌上拿起了剪刀，TASHA拿剪刀做了什么？",
    "choice_a_chinese": "拆快递",
    "choice_b_chinese": "剪衣服上的线头",
    "choice_c_chinese": "剪纸",
    "choice_d_chinese": "什么也没做",
    "answer": "D",
    "reason_chinese": "DAY6 10:38:01 TASHA从餐桌上拿起剪刀后什么也没做，在10:38:14将剪刀重新放回了餐桌上。",
    "question": "DAY6 10:38:01 TASHA picked up the scissors from the dining table. What did TASHA do with the scissors?",
    "choice_a": "Opening packages",
    "choice_b": "Trim loose threads on clothes",
    "choice_c": "paper-cutting",
    "choice_d": "Did nothing",
    "reason": "DAY6 10:38:01 TASHA picked up the scissors from the table but did nothing with them, then put them back on the table at 10:38:14."
  },
  {
    "question_chinese": "DAY6上午谁没有出门取快递？",
    "choice_a_chinese": "TASHA",
    "choice_b_chinese": "身着白色上衣白色短裤的男生",
    "choice_c_chinese": "身着绿色短袖灰色短裤的男生",
    "choice_d_chinese": "身着白色上衣白色碎花裙的女生",
    "answer": "D",
    "reason_chinese": "DAY6 10:47:40~11:43:10 TASHA和身着白色上衣白色短裤的男生以及身着绿色短袖灰色短裤的男生一起出门取回了快递。",
    "question": "Who didn't go out to pick up the package in the morning of DAY6?",
    "choice_a": "TASHA",
    "choice_b": "a boy wearing a white top and white shorts",
    "choice_c": "a boy wearing a green short-sleeved shirt and gray shorts",
    "choice_d": "a girl wearing a white blouse and a white floral skirt",
    "reason": "DAY6 10:47:40~11:43:10 TASHA went out with a boy in a white top and white shorts, as well as a boy in a green short-sleeved shirt and gray shorts, to retrieve the package."
  },
  {
    "question_chinese": "DAY6 12:14:30 TASHA为什么将床上的玩偶丢到地毯上？",
    "choice_a_chinese": "为了将玩偶扔掉",
    "choice_b_chinese": "为了铺床单",
    "choice_c_chinese": "为了发泄情绪",
    "choice_d_chinese": "为了归纳整理房间",
    "answer": "B",
    "reason_chinese": "DAY6 12:14:30~12:17:16 TASHA在身着绿色短袖灰色短裤的男生的帮助下铺了床单，期间将床上的玩偶丢到地毯上为了铺床方便。",
    "question": "DAY6 12:14:30 TASHA why did you throw the stuffed toy from the bed onto the carpet?",
    "choice_a": "To throw the doll away",
    "choice_b": "To put on the bed sheet",
    "choice_c": "To vent emotions",
    "choice_d": "To tidy up the room",
    "reason": "DAY6 12:14:30~12:17:16 TASHA spread the bedsheet with the help of a boy wearing a green short-sleeved shirt and gray shorts, tossing the stuffed toys on the bed onto the carpet for easier bedding arrangement."
  },
  {
    "question_chinese": "DAY6下午TASHA喝了什么饮料？",
    "choice_a_chinese": "可乐",
    "choice_b_chinese": "雪碧",
    "choice_c_chinese": "旺仔牛奶",
    "choice_d_chinese": "椰子水",
    "answer": "C",
    "reason_chinese": "DAY6 16:31:29~16:34:24从冰箱中拿了一听旺仔牛奶饮用。",
    "question": "DAY6 what drink did TASHA have in the afternoon?",
    "choice_a": "Cola",
    "choice_b": "Sprite",
    "choice_c": "Wahaha Milk",
    "choice_d": "coconut water",
    "reason": "DAY6 16:31:29~16:34:24 Took a can of Wangzai Milk from the fridge and drank it."
  },
  {
    "question_chinese": "DAY6晚上TASHA一个人坐在户外庭院玩手机，有人试图将TASHA叫回室内参加集体活动，期间他们使用了什么方式进行协商。",
    "choice_a_chinese": "猜拳",
    "choice_b_chinese": "抛硬币",
    "choice_c_chinese": "抓阄",
    "choice_d_chinese": "仅通过口头交流协商",
    "answer": "A",
    "reason_chinese": "DAY6 19:43:08~19:46:18 TASHA和身着绿色短袖灰色短裤的男生通过猜拳的方式进行协商。",
    "question": "On the evening of DAY6, TASHA was sitting alone in the outdoor courtyard playing on her phone. Someone attempted to call TASHA back indoors to join the group activities, during which they negotiated using certain methods.",
    "choice_a": "Rock-paper-scissors",
    "choice_b": "Flip a coin",
    "choice_c": "drawing lots",
    "choice_d": "negotiate solely through verbal communication",
    "reason": "DAY6 19:43:08~19:46:18 TASHA and the boy wearing a green short-sleeved shirt and gray shorts negotiated through a game of rock-paper-scissors."
  },
  {
    "question_chinese": "DAY6晚上的音乐聚会中谁没有参与演唱？",
    "choice_a_chinese": "身着白色上衣白色碎花裙的女生",
    "choice_b_chinese": "身着蓝色短袖蓝色牛仔裤的男生",
    "choice_c_chinese": "身着淡蓝色外套白色衬里的男生",
    "choice_d_chinese": "TASHA",
    "answer": "D",
    "reason_chinese": "晚上的音乐聚会中TASHA没有参与演奏或演唱。",
    "question": "Who did not participate in the singing during the music gathering on DAY6 evening?",
    "choice_a": "a girl wearing a white top and a white floral skirt",
    "choice_b": "a boy wearing a blue short-sleeved shirt and blue jeans",
    "choice_c": "The boy wearing a light blue coat with white lining",
    "choice_d": "TASHA",
    "reason": "At the evening music gathering, TASHA did not participate in performing or singing."
  }
]