[
  {
    "question_chinese": "DAY5中午TASHA喝的黑色饮料是谁制作的？",
    "choice_a_chinese": "身着紫色短袖灰色短裤的男生",
    "choice_b_chinese": "身着浅橙色短袖浅蓝色牛仔裤的男生",
    "choice_c_chinese": "身着白色短袖白色短袖的男生",
    "choice_d_chinese": "TASHA",
    "answer": "B",
    "reason_chinese": "DAY5 11:44:00~11:44:27身着浅橙色短袖浅蓝色牛仔裤的男生在吧台区制作好饮料后盛到桌上的水杯并叫TASHA饮用。",
    "question": "Who made the black drink TASHA had at noon on DAY5?",
    "choice_a": "A boy in a purple short-sleeved shirt and gray shorts",
    "choice_b": "a boy wearing a light orange short-sleeved shirt and light blue jeans",
    "choice_c": "The boy wearing a white short-sleeved shirt",
    "choice_d": "TASHA",
    "reason": "DAY5 11:44:00~11:44:27 A male wearing a light orange short-sleeve shirt and light blue jeans prepared a drink at the bar counter, poured it into a water cup on the table, and asked TASHA to drink it."
  },
  {
    "question_chinese": "DAY5中午TASHA为什么要拿着饮料下楼？",
    "choice_a_chinese": "为了添加冰块",
    "choice_b_chinese": "为了和大家聊天",
    "choice_c_chinese": "为了将喝剩下的饮料倒掉",
    "choice_d_chinese": "为了让其他人尝一下自己的饮料",
    "answer": "A",
    "reason_chinese": "DAY5 11:45:43~11:46:48 TASHA从冰箱中取出冰块加入饮料中。",
    "question": "Why did TASHA go downstairs with a drink at noon on DAY5?",
    "choice_a": "To add ice",
    "choice_b": "To chat with everyone",
    "choice_c": "To pour out the leftover drink",
    "choice_d": "To let others try their own drinks",
    "reason": "DAY5 11:45:43~11:46:48 TASHA took ice cubes from the fridge and added them to the drink."
  },
  {
    "question_chinese": "TASHA在商场购物过程中在促销摊位领取了一碗面条，吃完后盛面条的一次性碗筷如何处理的？",
    "choice_a_chinese": "TASHA将碗筷丢到了垃圾桶",
    "choice_b_chinese": "TASHA将碗筷给了身着紫色短袖灰色短裤的男生",
    "choice_c_chinese": "TASHA将碗筷给了身着粉色短袖浅蓝色牛仔裤的男生",
    "choice_d_chinese": "TASHA将碗筷给了身着红色裙子的女生",
    "answer": "B",
    "reason_chinese": "DAY5 16:31:50 TASHA将碗筷给了身着紫色短袖灰色短裤的男生",
    "question": "During TASHA's shopping trip at the mall, she picked up a bowl of noodles from a promotional booth. After eating, how were the disposable bowl and chopsticks used for the noodles handled?",
    "choice_a": "TASHA threw the bowls and chopsticks into the trash can.",
    "choice_b": "TASHA handed the bowl and chopsticks to the boy wearing a purple short-sleeved shirt and gray shorts.",
    "choice_c": "TASHA handed the bowls and chopsticks to the boy wearing a pink short-sleeved shirt and light blue jeans.",
    "choice_d": "TASHA handed the bowls and chopsticks to the girl in the red dress.",
    "reason": "DAY5 16:31:50 TASHA handed the bowls and chopsticks to the boy wearing a purple short-sleeved shirt and gray shorts."
  },
  {
    "question_chinese": "DAY5 TASHA使用蛋糕测温计测量了自己手心的温度，TASHA手心多少度？",
    "choice_a_chinese": "33.5摄氏度",
    "choice_b_chinese": "22.4摄氏度",
    "choice_c_chinese": "37.3摄氏度",
    "choice_d_chinese": "36.2摄氏度",
    "answer": "A",
    "reason_chinese": "DAY5 22:22:07~22:22:53 TASHA使用蛋糕测温计测量了自己手心的温度，温度计温度逐渐上升并最终稳定在33.5摄氏度。",
    "question": "DAY5 TASHA used a cake thermometer to measure the temperature of her palm. How many degrees was TASHA's palm?",
    "choice_a": "33.5 degrees Celsius",
    "choice_b": "22.4°C",
    "choice_c": "37.3°C",
    "choice_d": "36.2°C",
    "reason": "DAY5 22:22:07~22:22:53 TASHA used a cake thermometer to measure the temperature of her palm. The thermometer's reading gradually rose and eventually stabilized at 33.5 degrees Celsius."
  },
  {
    "question_chinese": "DAY5 19:28:17 TASHA拿起温度计给甜品原料测温，TASHA使用完温度计后将温度计放在了哪？",
    "choice_a_chinese": "餐桌上",
    "choice_b_chinese": "水槽旁操作台上",
    "choice_c_chinese": "灶台上",
    "choice_d_chinese": "操作台右侧的置物架上",
    "answer": "C",
    "reason_chinese": "DAY5 19:28:17~19:30:23 TASHA使用完温度计后将温度计放置在了灶台上。",
    "question": "DAY5 19:28:17 TASHA picked up the thermometer to measure the temperature of the dessert ingredients. Where did TASHA place the thermometer after using it?",
    "choice_a": "At the dining table",
    "choice_b": "countertop by the sink",
    "choice_c": "On the stove",
    "choice_d": "On the shelf to the right of the workbench",
    "reason": "DAY5 19:28:17~19:30:23 TASHA placed the thermometer on the stove after using it."
  },
  {
    "question_chinese": "DAY5 18:11:12 TASHA等人为了制作甜品开始分离蛋清蛋白，分离出来的蛋清最后交给了谁？",
    "choice_a_chinese": "TASHA",
    "choice_b_chinese": "身着蓝色短袖蓝色牛仔裤的男生",
    "choice_c_chinese": "身着白色短袖白色短裤的男生",
    "choice_d_chinese": "身着牛仔外套酒红色裙子的女生",
    "answer": "D",
    "reason_chinese": "DAY5 18:11:12~18:13:37 TASHA等人分离蛋清蛋白结束后TASHA将分离出来的蛋清递给了身着牛仔外套酒红色裙子的女生处理。",
    "question": "DAY5 18:11:12 Who did TASHA and the others hand the separated egg whites to after preparing them for making desserts?",
    "choice_a": "TASHA",
    "choice_b": "a boy wearing a blue short-sleeved shirt and blue jeans",
    "choice_c": "A boy wearing a white short-sleeved shirt and white shorts",
    "choice_d": "The girl wearing a denim jacket and a wine-red skirt",
    "reason": "DAY5 18:11:12~18:13:37 After separating the egg white proteins, TASHA handed the isolated egg whites to the girl in a denim jacket and burgundy skirt for further processing."
  }
]