[
  {
    "question_chinese": "TASHA在DAY2多次使用功能平板电脑，以下哪一项是TASHA没有使用平板电脑进行的活动？",
    "choice_a_chinese": "绘图",
    "choice_b_chinese": "看网课",
    "choice_c_chinese": "浏览短视频",
    "choice_d_chinese": "观看游戏视频/直播",
    "answer": "B",
    "reason_chinese": "TASHA在DAY2 16:31:31~16:46:34使用平板进行绘画，在17:30:47~17:50:55使用平板浏览小红书及短视频，在18:16:56使用平板浏览游戏视频/直播。",
    "question": "TASHA used the functional tablet multiple times on DAY2. Which of the following activities did TASHA NOT perform with the tablet?",
    "choice_a": "Drawing",
    "choice_b": "Watch online courses",
    "choice_c": "Browse short videos",
    "choice_d": "Watching gaming videos/live streams",
    "reason": "TASHA used the tablet for drawing from DAY2 16:31:31 to 16:46:34, browsed Xiaohongshu and short videos from 17:30:47 to 17:50:55, and watched gaming videos/livestreams at 18:16:56."
  },
  {
    "question_chinese": "火锅晚餐后留下了很多使用过的碗和厨具，最后是谁清洗了这些脏碗和厨具中的大部分？",
    "choice_a_chinese": "身着黑色短袖的男生",
    "choice_b_chinese": "身着酒红色短袖的男生",
    "choice_c_chinese": "身着白色短袖的女生",
    "choice_d_chinese": "TASHA自己",
    "answer": "B",
    "reason_chinese": "DAY2 20:58:57~21:13:21可以看到身着酒红色短袖的男生清洗了这些脏碗和厨具中的大部分。",
    "question": "After the hotpot dinner, many used bowls and kitchen utensils were left. Who ended up washing most of these dirty dishes and cookware?",
    "choice_a": "a boy in a black short-sleeved shirt",
    "choice_b": "The boy in the wine-red short-sleeved shirt",
    "choice_c": "the girl wearing a white short-sleeved shirt",
    "choice_d": "TASHA herself",
    "reason": "DAY2 20:58:57~21:13:21 A boy in a burgundy short-sleeved shirt can be seen cleaning most of these dirty dishes and kitchenware."
  },
  {
    "question_chinese": "DAY2 21:43:36时TASHA喝的黑色饮料是否给其他人喝过？",
    "choice_a_chinese": "身着黑色短袖的女生",
    "choice_b_chinese": "身着浅橙色短袖的男生",
    "choice_c_chinese": "身着蓝色短袖的男生",
    "choice_d_chinese": "没有其他人喝过",
    "answer": "A",
    "reason_chinese": "DAY2 21:45:11~21:45:48观察到身着黑色短袖的女生坐到了TASHA身边并尝了她的饮料。",
    "question": "Did TASHA offer the black drink she had at DAY2 21:43:36 to anyone else?",
    "choice_a": "The girl wearing a black short-sleeved shirt",
    "choice_b": "The boy wearing a light orange short-sleeved shirt",
    "choice_c": "The boy wearing a blue short-sleeved shirt",
    "choice_d": "No one else has drunk it.",
    "reason": "DAY2 21:45:11~21:45:48 Observed a girl in a black short-sleeved shirt sitting next to TASHA and tasting her drink."
  },
  {
    "question_chinese": "DAY2在住所有几个人穿了黑色短袖？",
    "choice_a_chinese": "1个",
    "choice_b_chinese": "2个",
    "choice_c_chinese": "3个",
    "choice_d_chinese": "4个",
    "answer": "C",
    "reason_chinese": "DAY2 21:10:42出现了两个身着黑色短袖的男生，21:45:11出现了身着黑色短袖的女生。",
    "question": "DAY2 How many people at the residence wore black short sleeves?",
    "choice_a": "1",
    "choice_b": "2",
    "choice_c": "3",
    "choice_d": "Here are the 4 translations for your reference:\n\n1.  \nLUCIA  \nDAY1 11:23:56  \nLet's grab a coffee when you're free.  \n\n2.  \nTASHA  \nDAY3 09:15:32  \nThe meeting agenda has been updated, please review it.  \n\n3.  \nLUCIA & TASHA  \nDAY5 14:40:18  \nTeam lunch at the new Italian place tomorrow?  \n\n4.  \nTASHA  \nDAY7 16:55:47  \nReminder: Project deadline moved to DAY10.",
    "reason": "DAY2 21:10:42 Two boys in black short sleeves appeared, followed by a girl in a black short sleeve at 21:45:11."
  },
  {
    "question_chinese": "TASHA用的鼠标是什么颜色的？",
    "choice_a_chinese": "黑色",
    "choice_b_chinese": "白色",
    "choice_c_chinese": "紫色",
    "choice_d_chinese": "粉色",
    "answer": "C",
    "reason_chinese": "DAY2 21:43:02可以看到TASHA的鼠标是紫色的。",
    "question": "What color is the mouse that TASHA uses?",
    "choice_a": "black",
    "choice_b": "white",
    "choice_c": "Purple",
    "choice_d": "pink",
    "reason": "DAY2 21:43:02 You can see TASHA's mouse is purple."
  },
  {
    "question_chinese": "TASHA使用笔记本电脑主要用途是什么？",
    "choice_a_chinese": "查看/编辑文档",
    "choice_b_chinese": "玩游戏",
    "choice_c_chinese": "浏览网页",
    "choice_d_chinese": "看视频",
    "answer": "A",
    "reason_chinese": "DAY2 21:47:10~22:11:40可以看到TASHA使用笔记本电脑的主要用途是浏览/编辑文档。",
    "question": "What is the main purpose of TASHA using a laptop?",
    "choice_a": "View/Edit Document",
    "choice_b": "Playing games",
    "choice_c": "Browse the web",
    "choice_d": "Watch videos",
    "reason": "DAY2 21:47:10~22:11:40 It can be observed that TASHA's primary use of the laptop is browsing/editing documents."
  }
]