[
  {
    "question_chinese": "TASHA中午吃了几块烤面包？",
    "choice_a_chinese": "1块",
    "choice_b_chinese": "2块",
    "choice_c_chinese": "3块",
    "choice_d_chinese": "4块",
    "answer": "A",
    "reason_chinese": "DAY4 11:30:08~11:33:49 TASHA吃了一块烤面包作为早餐，虽然11:26:23 TASHA从浅橙色上衣的男生手中接过的碟子中盛有3块面包，但后续TASHA只吃了一块。",
    "question": "How many pieces of toast did TASHA have for lunch?",
    "choice_a": "1 block",
    "choice_b": "2 pieces",
    "choice_c": "3 pieces",
    "choice_d": "4 blocks",
    "reason": "DAY4 11:30:08~11:33:49 TASHA ate a piece of toast for breakfast. Although at 11:26:23 TASHA received a plate containing 3 slices of bread from the guy in the light orange shirt, she only ate one piece afterward."
  },
  {
    "question_chinese": "以下谁没有参与置物架的安装？",
    "choice_a_chinese": "TASHA",
    "choice_b_chinese": "身着牛仔外套黑色长裙的女生",
    "choice_c_chinese": "身着蓝色短袖灰色短裤的男生",
    "choice_d_chinese": "身着白色睡衣的女生",
    "answer": "D",
    "reason_chinese": "DAY4 12:20:06~12:33:23 TASHA和身着牛仔外套黑色长裙的女生、身着蓝色短袖灰色短裤的男生一起在户外庭院组装置物架。",
    "question": "Who among the following did not participate in the installation of the shelf?",
    "choice_a": "TASHA",
    "choice_b": "the girl wearing a denim jacket and a black maxi skirt",
    "choice_c": "a boy wearing a blue short-sleeved shirt and gray shorts",
    "choice_d": "a girl wearing white pajamas",
    "reason": "DAY4 12:20:06~12:33:23 TASHA assembled a storage rack in the outdoor courtyard with a girl wearing a denim jacket and black long skirt, and a boy in a blue short-sleeve shirt and gray shorts."
  },
  {
    "question_chinese": "TASHA在中午吃饺子期间喝的是什么饮料？",
    "choice_a_chinese": "可乐",
    "choice_b_chinese": "椰子水",
    "choice_c_chinese": "王老吉",
    "choice_d_chinese": "AD钙奶 ",
    "answer": "B",
    "reason_chinese": "DAY4 13:22:34~13:22:59 TASHA从冰箱取出了椰子水，13:27:45 TASHA将椰子水倒入纸杯中饮用。",
    "question": "What beverage did TASHA drink while eating dumplings at noon?",
    "choice_a": "Cola",
    "choice_b": "coconut water",
    "choice_c": "Wang Lao Ji",
    "choice_d": "AD Calcium Milk",
    "reason": "DAY4 13:22:34~13:22:59 TASHA took the coconut water from the fridge, 13:27:45 TASHA poured the coconut water into a paper cup and drank it."
  },
  {
    "question_chinese": "TASHA房间的狮子玩偶在被TASHA拿入房间之前被放在哪儿？",
    "choice_a_chinese": "TASHA房间外的沙发上",
    "choice_b_chinese": "一楼餐桌上",
    "choice_c_chinese": "快递盒中",
    "choice_d_chinese": "身着白色睡衣的女生的房间",
    "answer": "A",
    "reason_chinese": "DAY4 16:12:49~16:13:02 TASHA从房间外的沙发上将狮子玩偶拿到了自己的房间内。",
    "question": "Where was the lion plushie in TASHA's room placed before TASHA brought it into the room?",
    "choice_a": "On the sofa outside TASHA's room",
    "choice_b": "On the dining table on the first floor",
    "choice_c": "in the express delivery box",
    "choice_d": "The room of the girl in white pajamas",
    "reason": "DAY4 16:12:49~16:13:02 TASHA carried the lion plushie from the couch outside the room into her own room."
  },
  {
    "question_chinese": "DAY4 以下谁没有演奏过吉他？",
    "choice_a_chinese": "身着白色睡衣的女生",
    "choice_b_chinese": "身着浅橙色短袖灰色裤子的男生",
    "choice_c_chinese": "身着黑色外套白色衬里的男生",
    "choice_d_chinese": "TASHA",
    "answer": "D",
    "reason_chinese": "DAY4 21:39:00~22:18:57 身着白色睡衣的女生、身着浅橙色短袖灰色裤子的男生和身着黑色外套白色衬里的男生先后使用吉他进行了演奏",
    "question": "DAY4 Which of the following has never played the guitar?",
    "choice_a": "a girl in white pajamas",
    "choice_b": "The boy wearing a light orange short-sleeved shirt and gray pants",
    "choice_c": "A boy wearing a black coat with a white lining",
    "choice_d": "TASHA",
    "reason": "DAY4 21:39:00~22:18:57 A girl in white pajamas, a boy in a light orange short-sleeved shirt and gray pants, and a boy in a black jacket with white lining each took turns playing the guitar."
  },
  {
    "question_chinese": "DAY4傍晚TASHA等人吃的烤红薯是谁制作的？",
    "choice_a_chinese": "身着白色睡衣的女生",
    "choice_b_chinese": "身着浅橙色短袖灰色裤子的男生",
    "choice_c_chinese": "身着黑色外套白色衬里的男生",
    "choice_d_chinese": "TASHA",
    "answer": "D",
    "reason_chinese": "DAY4 17:12:55~17:15:23 TASHA观察烤箱中的红薯并调制糖水刷到红薯上。",
    "question": "Who made the roasted sweet potatoes that TASHA and others ate on the evening of DAY4?",
    "choice_a": "a girl in white pajamas",
    "choice_b": "The boy in a light orange short-sleeved shirt and gray pants",
    "choice_c": "The boy wearing a black jacket with a white lining",
    "choice_d": "TASHA",
    "reason": "DAY4 17:12:55~17:15:23 TASHA observes the sweet potatoes in the oven and mixes a sugar glaze to brush over them."
  }
]