[
  {
    "question_chinese": "中午吃饭的过程中谁坐在了TASHA的左边？",
    "choice_a_chinese": "身着白色睡衣的女生",
    "choice_b_chinese": "身着黄色短袖灰色短裤的男生",
    "choice_c_chinese": "身着白色短袖的女生",
    "choice_d_chinese": "身着白色上衣灰色裙子的女生",
    "answer": "B",
    "reason_chinese": "DAY7 12:27:00等时刻可以看到坐在TASHA左边吃饭的是身着黄色短袖灰色短裤的男生。",
    "question": "Who sat to TASHA's left during lunch?",
    "choice_a": "a girl in white pajamas",
    "choice_b": "a boy wearing a yellow short-sleeved shirt and gray shorts",
    "choice_c": "The girl in a white short-sleeved shirt",
    "choice_d": "a girl wearing a white top and a gray skirt",
    "reason": "At DAY7 12:27:00, you can see a boy wearing a yellow short-sleeved shirt and gray shorts sitting to TASHA's left while eating."
  },
  {
    "question_chinese": "TASHA中午在镜子前别在头上的发卡是从哪里拿的？",
    "choice_a_chinese": "一楼厨房操作台",
    "choice_b_chinese": "一楼餐桌",
    "choice_c_chinese": "二楼房间窗台",
    "choice_d_chinese": "二楼客厅桌子上",
    "answer": "D",
    "reason_chinese": "DAY7 13:21:46~13:23:03 TASHA从二楼客厅桌子上拿起发卡到镜子前别在了头发上。",
    "question": "Where did TASHA get the hair clip she pinned in front of the mirror at noon?",
    "choice_a": "First-floor kitchen countertop",
    "choice_b": "First-floor dining table",
    "choice_c": "Window ledge of the second-floor room",
    "choice_d": "On the table in the living room on the second floor",
    "reason": "DAY7 13:21:46~13:23:03 TASHA picked up the hairclip from the living room table on the second floor and pinned it in her hair in front of the mirror."
  },
  {
    "question_chinese": "DAY7 13:50:25开始，TASHA和大家一起对二楼客厅进行整理，期间观察到客厅中一张椅子上有一件牛仔外套，这件外套是谁的？",
    "choice_a_chinese": "TASHA",
    "choice_b_chinese": "身着黄色短袖灰色短裤的男生",
    "choice_c_chinese": "身着黑色裙子的女生",
    "choice_d_chinese": "身着牛仔外套牛仔裤的女生",
    "answer": "C",
    "reason_chinese": "DAY7 14:05:20~14:05:33 身着黑色裙子的女生从椅子上拿起了牛仔外套披上。",
    "question": "DAY7 13:50:25 TASHA and the group started organizing the living room on the second floor. During the process, a denim jacket was observed on one of the chairs. Whose jacket is this?",
    "choice_a": "TASHA",
    "choice_b": "a boy wearing a yellow short-sleeved shirt and gray shorts",
    "choice_c": "The girl wearing a black dress",
    "choice_d": "A girl wearing a denim jacket and jeans",
    "reason": "DAY7 14:05:20~14:05:33 The girl in the black dress picked up the denim jacket from the chair and put it on."
  },
  {
    "question_chinese": "TASHA门口挂着的玩偶装饰最后如何处理的？",
    "choice_a_chinese": "将装饰留在了门上",
    "choice_b_chinese": "取下丢到了垃圾桶中",
    "choice_c_chinese": "取下送给了团队其他成员",
    "choice_d_chinese": "取下收纳到了自己的行李中",
    "answer": "D",
    "reason_chinese": "DAY7 18:26:11~18:26:52 TASHA将卧室门口的玩偶装饰取下收纳到了自己的行李中",
    "question": "What happened to the doll decoration hanging at TASHA's door in the end?",
    "choice_a": "Left the decorations on the door",
    "choice_b": "took it off and threw it in the trash can",
    "choice_c": "Took it off and gave it to other team members",
    "choice_d": "Packed it into her own luggage.",
    "reason": "DAY7 18:26:11~18:26:52 TASHA removed the doll decoration by the bedroom door and stored it in her luggage."
  },
  {
    "question_chinese": "TASHA房间墙上的彩旗装饰是谁取下的？",
    "choice_a_chinese": "TASHA",
    "choice_b_chinese": "身着黄色短袖灰色短裤的男生",
    "choice_c_chinese": "身着白色上衣的女生",
    "choice_d_chinese": "身着牛仔外套的女生",
    "answer": "B",
    "reason_chinese": "DAY7 18:31:41~18:32:59 身着黄色短袖灰色短裤的男生从TASHA卧室的墙壁上取下了彩旗装饰。",
    "question": "Who took down the decorative bunting on the wall in TASHA's room?",
    "choice_a": "TASHA",
    "choice_b": "The boy wearing a yellow short-sleeved shirt and gray shorts",
    "choice_c": "The girl wearing a white top",
    "choice_d": "The girl in the denim jacket",
    "reason": "DAY7 18:31:41~18:32:59 A boy in a yellow short-sleeved shirt and gray shorts took down the bunting decorations from the wall of TASHA's bedroom."
  },
  {
    "question_chinese": "DAY7 18:29:50~18:30:30 TASHA为什么从冰箱取出放到庭院门口？",
    "choice_a_chinese": "喂流浪猫",
    "choice_b_chinese": "鸡肉卷已经过期变质",
    "choice_c_chinese": "观察鸡肉卷的腐烂过程",
    "choice_d_chinese": "将鸡肉卷送给流浪汉",
    "answer": "A",
    "reason_chinese": "DAY7 18:28:35~18:29:50 TASHA发现了庭院中的流浪猫并与其互动，然后取出鸡肉卷给猫吃。",
    "question": "DAY7 18:29:50~18:30:30 Why did TASHA take it out from the fridge and place it at the entrance of the courtyard?",
    "choice_a": "Feeding stray cats",
    "choice_b": "The chicken wrap has expired and gone bad.",
    "choice_c": "Observing the rotting process of chicken wraps",
    "choice_d": "Give the chicken wrap to the homeless man",
    "reason": "DAY7 18:28:35~18:29:50 TASHA discovered a stray cat in the courtyard and interacted with it, then took out a chicken wrap to feed the cat."
  }
]