[
  {
    "question_chinese": "DAY2 11:02:32 LUCIA 端着的锅里装的是什么？",
    "choice_a_chinese": "米粥",
    "choice_b_chinese": "豆浆",
    "choice_c_chinese": "牛奶",
    "choice_d_chinese": "火锅汤底",
    "answer": "C",
    "reason_chinese": "DAY2 11:01:24~11:02:21 LUCIA从冰箱中取出牛奶倒到了锅里。",
    "question": "DAY2 11:02:32 LUCIA What's in the pot you're carrying?",
    "choice_a": "rice porridge",
    "choice_b": "soy milk",
    "choice_c": "milk",
    "choice_d": "hot pot soup base",
    "reason": "DAY2 11:01:24~11:02:21 LUCIA took the milk out of the fridge and poured it into the pot."
  },
  {
    "question_chinese": "以下谁没有参与舞蹈排练？",
    "choice_a_chinese": "LUCIA",
    "choice_b_chinese": "身着蓝色上衣百褶裙的女生",
    "choice_c_chinese": "身着蓝色短袖牛仔裤的男生",
    "choice_d_chinese": "身着紫色短袖灰色短裤的男生",
    "answer": "D",
    "reason_chinese": "DAY2 15:44:15~16:08:18 LUCIA和身着蓝色上衣百褶裙的女生以及身着蓝色短袖牛仔裤的男生等人参与了舞蹈排练。",
    "question": "Who among the following did not participate in the dance rehearsal?",
    "choice_a": "LUCIA",
    "choice_b": "A girl wearing a blue top and a pleated skirt",
    "choice_c": "a boy wearing a blue short-sleeved T-shirt and jeans",
    "choice_d": "A boy wearing a purple short-sleeved shirt and gray shorts",
    "reason": "DAY2 15:44:15~16:08:18 LUCIA and a girl wearing a blue blouse with a pleated skirt, along with a boy in a blue short-sleeved shirt and jeans, participated in the dance rehearsal."
  },
  {
    "question_chinese": "DAY2 17:26:18~17:34:38 LUCAI在身着紫色短袖灰色短裤的男生的指导下对电脑进行操作的过程中，桌子上有一盒饮料，请问桌子上的饮料是什么？",
    "choice_a_chinese": "王老吉",
    "choice_b_chinese": "维他柠檬茶",
    "choice_c_chinese": "维他奶",
    "choice_d_chinese": "优酸乳",
    "answer": "B",
    "reason_chinese": "DAY2 17:26:18~17:34:38 LUCAI在身着紫色短袖灰色短裤的男生的指导下对电脑进行操作的过程中多次注意到桌上的维他柠檬茶饮料。",
    "question": "DAY2 17:26:18~17:34:38 During LUCAI's computer operation under the guidance of a boy wearing a purple short-sleeved shirt and gray shorts, there was a box of drink on the table. What was the drink on the table?",
    "choice_a": "Wang Lao Ji",
    "choice_b": "Vita Lemon Tea",
    "choice_c": "Vitasoy",
    "choice_d": "Yogurt Drink",
    "reason": "DAY2 17:26:18~17:34:38 While following instructions from the boy in a purple short-sleeved shirt and gray shorts to operate the computer, LUCAI repeatedly noticed the Vit Lemon Tea drink on the table."
  },
  {
    "question_chinese": "DAY2 18:27:02 LUCIA 在碗中倒入饮料后接下来将碗拿到了哪儿？",
    "choice_a_chinese": "卧室窗台上",
    "choice_b_chinese": "微波炉上",
    "choice_c_chinese": "椅子上",
    "choice_d_chinese": "一楼餐桌上",
    "answer": "B",
    "reason_chinese": "DAY2 18:27:02~18:27:42 LUCIA在碗中倒入饮料后将碗拿到了微波炉上。",
    "question": "DAY2 18:27:02 LUCIA Where was the bowl taken after pouring the drink into it?",
    "choice_a": "On the bedroom windowsill",
    "choice_b": "On the microwave",
    "choice_c": "on the chair",
    "choice_d": "On the first-floor dining table",
    "reason": "DAY2 18:27:02~18:27:42 LUCIA poured the drink into the bowl and then placed it on the microwave."
  },
  {
    "question_chinese": "火锅晚餐结束后LUCIA是如何清洁有油污的锅的？",
    "choice_a_chinese": "使用抹布进行擦拭",
    "choice_b_chinese": "使用热水清洗",
    "choice_c_chinese": "使用洗洁精清洗",
    "choice_d_chinese": "使用湿巾纸进行擦拭",
    "answer": "D",
    "reason_chinese": "DAY2 21:28:24~21:32:13 火锅晚餐结束后LUCIA使用湿巾纸对有油污的锅进行清洁。",
    "question": "How did LUCIA clean the greasy pot after the hot pot dinner?",
    "choice_a": "Wipe with a cloth",
    "choice_b": "Wash with hot water",
    "choice_c": "Clean with dishwashing liquid",
    "choice_d": "Wipe with wet wipes",
    "reason": "DAY2 21:28:24~21:32:13 After the hotpot dinner, LUCIA used a wet wipe to clean the greasy pot."
  },
  {
    "question_chinese": "晚上大家吃的青提/葡萄是谁清洗的？",
    "choice_a_chinese": "身着蓝色短袖牛仔裤的男生",
    "choice_b_chinese": "身着浅橙色短袖灰色短裤的男生",
    "choice_c_chinese": "身着蓝色短袖百褶裙的女生",
    "choice_d_chinese": "身着紫色短袖灰色短裤的男生",
    "answer": "C",
    "reason_chinese": "DAY2 22:42:11 身着蓝色短袖百褶裙的女生将清洗好的青提/葡萄拿到餐桌和大家一起吃。",
    "question": "Who washed the green grapes/grapes that everyone ate in the evening?",
    "choice_a": "A young man in a blue short-sleeved shirt and jeans",
    "choice_b": "A boy wearing a light orange short-sleeved shirt and gray shorts",
    "choice_c": "The girl wearing a blue short-sleeved pleated skirt",
    "choice_d": "A boy wearing a purple short-sleeved shirt and gray shorts",
    "reason": "DAY2 22:42:11 The girl in a blue short-sleeved pleated skirt brings washed green grapes to the dining table for everyone to share."
  }
]