[
  {
    "question_chinese": "DAY6 LUCIA中午剪的墙纸最后用在了哪儿？",
    "choice_a_chinese": "卧室",
    "choice_b_chinese": "二楼客厅",
    "choice_c_chinese": "玄关",
    "choice_d_chinese": "一楼大厅",
    "answer": "A",
    "reason_chinese": "DAY6 11:55:57~12:33:26 LUCIA使用双面胶将剪好的贴纸粘贴到了卧室的墙壁上。",
    "question": "DAY6 Where was the wallpaper LUCIA cut at noon finally used?",
    "choice_a": "Bedroom",
    "choice_b": "second floor living room",
    "choice_c": "entrance hall",
    "choice_d": "First floor lobby",
    "reason": "DAY6 11:55:57~12:33:26 LUCIA used double-sided tape to stick the cut-out stickers onto the bedroom wall."
  },
  {
    "question_chinese": "LUCIA在制作房间装饰材料的过程中谁在演奏电子琴？",
    "choice_a_chinese": "身着白色上衣白色短裤的男生",
    "choice_b_chinese": "身着绿色短袖灰色短裤的男生",
    "choice_c_chinese": "身着白色短袖牛仔裤的女生",
    "choice_d_chinese": "身着白色上衣灰色裤子的女生",
    "answer": "A",
    "reason_chinese": "DAY6 12:47:59~12:49:13 LUCIA在沙发上制作装饰材料的过程中身着白色上衣白色短裤的男生在演奏电子琴。",
    "question": "Who was playing the electronic keyboard while LUCIA was making the room decorations?",
    "choice_a": "the boy wearing a white top and white shorts",
    "choice_b": "a boy wearing a green short-sleeved shirt and gray shorts",
    "choice_c": "The girl wearing a white short-sleeve shirt and jeans",
    "choice_d": "The girl wearing a white top and gray pants",
    "reason": "DAY6 12:47:59~12:49:13 LUCIA, wearing a white top and white shorts, prepares decorative materials on the sofa while a boy plays the electronic keyboard."
  },
  {
    "question_chinese": "谁协助LUCIA完成了卧室的装饰工作？",
    "choice_a_chinese": "身着绿色短袖牛仔裤的男生",
    "choice_b_chinese": "身着白色短袖黑色裤子的女生",
    "choice_c_chinese": "身着黑色短袖牛仔裤的女生",
    "choice_d_chinese": "身着白色短袖白色短裤的男生",
    "answer": "A",
    "reason_chinese": "DAY6 13:11:28~13:15:30 LUCIA找身着绿色短袖牛仔裤的男生协助对卧室进行了装饰。",
    "question": "Who assisted LUCIA in completing the bedroom decoration?",
    "choice_a": "a boy in a green short-sleeved shirt and jeans",
    "choice_b": "The girl wearing a white short-sleeved shirt and black pants",
    "choice_c": "The girl wearing a black short-sleeved shirt and jeans",
    "choice_d": "A boy wearing a white short-sleeved shirt and white shorts",
    "reason": "DAY6 13:11:28~13:15:30 LUCIA enlisted the help of a guy in a green short-sleeved shirt and jeans to decorate the bedroom."
  },
  {
    "question_chinese": "DAY6 15:25:49 LUCIA 拿上灯带水母的原材料到户外庭院进行加工，加工完成后LUCIA将灯带水母成品放在了哪？",
    "choice_a_chinese": "户外庭院的桌子上",
    "choice_b_chinese": "厨房操作台",
    "choice_c_chinese": "餐桌上",
    "choice_d_chinese": "卧室",
    "answer": "A",
    "reason_chinese": "DAY6 15:38:59 LUCIA将制作好的灯带水母放在了户外庭院的桌子上。",
    "question": "DAY6 15:25:49 LUCIA took the materials for the jellyfish light strip to the outdoor courtyard for processing. After completion, where did LUCIA place the finished jellyfish light strip?",
    "choice_a": "On the table in the outdoor courtyard",
    "choice_b": "Kitchen countertop",
    "choice_c": "at the dining table",
    "choice_d": "bedroom",
    "reason": "DAY6 15:38:59 LUCIA placed the finished jellyfish lamp on the table in the outdoor courtyard."
  },
  {
    "question_chinese": "DAY6下午身着白色短袖灰色裤子的男生在主持活动期间地上有个倒下的矿泉水瓶，是谁将它立起来的？",
    "choice_a_chinese": "身着白色短袖灰色裤子的男生",
    "choice_b_chinese": "LUCIA",
    "choice_c_chinese": "身着白色短袖牛仔裤的女生",
    "choice_d_chinese": "身着黑色外套白色短裤的男生",
    "answer": "D",
    "reason_chinese": "DAY6 16:54:46 身着黑色外套白色短裤的男生将倒地的水瓶立起来放在一边了。",
    "question": "On DAY6 afternoon, a boy wearing a white short-sleeved shirt and gray pants was hosting an event when a fallen mineral water bottle was on the ground. Who picked it up and stood it upright?",
    "choice_a": "a boy wearing a white short-sleeved shirt and gray pants",
    "choice_b": "LUCIA",
    "choice_c": "The girl wearing a white short-sleeve shirt and jeans",
    "choice_d": "a boy wearing a black jacket and white shorts",
    "reason": "DAY6 16:54:46 The boy in a black jacket and white shorts picked up the fallen water bottle and placed it upright nearby."
  },
  {
    "question_chinese": "DAY6下午LUCIA在住所二楼参加活动期间吃的蛋糕是谁给的？",
    "choice_a_chinese": "身着军绿色短袖蓝色牛仔裤 的男生",
    "choice_b_chinese": "身着白色上衣白色碎花裙的女生",
    "choice_c_chinese": "身着灰色上衣黑色裤子的女生",
    "choice_d_chinese": "身着紫色短袖灰色短裤的男生",
    "answer": "A",
    "reason_chinese": "DAY6 16:26:49 LUCIA 从身着军绿色短袖蓝色牛仔裤 的男生递过来的架子上拿了一个蛋糕。",
    "question": "On DAY6 afternoon, who gave LUCIA the cake she ate during the event on the second floor of the residence?",
    "choice_a": "A boy wearing an army-green short-sleeved shirt and blue jeans",
    "choice_b": "A girl wearing a white top and a white floral skirt",
    "choice_c": "The girl wearing a gray top and black pants",
    "choice_d": "The boy wearing a purple short-sleeved shirt and gray shorts",
    "reason": "DAY6 16:26:49 LUCIA took a cake from the shelf handed to her by a boy wearing an army-green short sleeve shirt and blue jeans."
  }
]