[
  {
    "question_chinese": "DAY7下午LUCIA一共吃了多少块西瓜？",
    "choice_a_chinese": "1块",
    "choice_b_chinese": "2块",
    "choice_c_chinese": "3块",
    "choice_d_chinese": "4块",
    "answer": "C",
    "reason_chinese": "DAY7 17:38:26~17:57:48 LUCIA一共吃了三块西瓜。",
    "question": "How many pieces of watermelon did LUCIA eat on DAY7 afternoon?",
    "choice_a": "1 piece",
    "choice_b": "2 pieces",
    "choice_c": "3 pieces",
    "choice_d": "4 pieces",
    "reason": "DAY7 17:38:26~17:57:48 LUCIA ate three pieces of watermelon in total."
  },
  {
    "question_chinese": "DAY7下午谁帮助了LUCIA拆除卧室装饰？",
    "choice_a_chinese": "身着黑色上衣牛仔裤的女生",
    "choice_b_chinese": "身着红色马甲白色上衣黑色裙子的女生",
    "choice_c_chinese": "身着黄色短袖灰色短裤的男生",
    "choice_d_chinese": "身着白色睡衣的女生",
    "answer": "B",
    "reason_chinese": "DAY7 18:37:20~18:43:28 身着红色马甲白色上衣黑色裙子的女生协助LUCIA对卧室内的装饰进行了拆除。",
    "question": "Who helped LUCIA take down the bedroom decorations on DAY7 afternoon?",
    "choice_a": "a girl wearing a black top and jeans",
    "choice_b": "a girl in a red vest, white top, and black skirt",
    "choice_c": "A boy in a yellow short-sleeved shirt and gray shorts",
    "choice_d": "a girl in white pajamas",
    "reason": "DAY7 18:37:20~18:43:28 A girl wearing a red vest, white top, and black skirt assisted LUCIA in removing the decorations in the bedroom."
  },
  {
    "question_chinese": "以下谁没有参与对二楼客厅区域摄像头的拆除？",
    "choice_a_chinese": "LUCIA",
    "choice_b_chinese": "身着黄色短袖灰色短裤的男生",
    "choice_c_chinese": "身着红色马甲白色上衣黑色裙子的女生",
    "choice_d_chinese": "身着浅蓝色外套黑色衬里黑色裤子的男生",
    "answer": "D",
    "reason_chinese": "DAY7 18:43:28~18:47:58 LUCIA和身着黄色短袖灰色短裤的男生以及身着红色马甲白色上衣黑色裙子的女生等人一起对二楼客厅区域的摄像头进行了拆除。",
    "question": "Who among the following did not participate in the removal of the surveillance camera in the second-floor living room area?",
    "choice_a": "LUCIA",
    "choice_b": "a boy wearing a yellow short-sleeved shirt and gray shorts",
    "choice_c": "a girl wearing a red vest, white top, and black skirt",
    "choice_d": "a boy wearing a light blue coat with black lining and black pants",
    "reason": "DAY7 18:43:28~18:47:58 LUCIA, along with a male wearing a yellow short-sleeved shirt and gray shorts, a female in a red vest, white top, and black skirt, and others, dismantled the surveillance camera in the second-floor living room area."
  },
  {
    "question_chinese": "DAY7 LUCIA外出穿的鞋是什么颜色的？",
    "choice_a_chinese": "白色",
    "choice_b_chinese": "黄色",
    "choice_c_chinese": "黑色",
    "choice_d_chinese": "粉色",
    "answer": "A",
    "reason_chinese": "DAY7 18:49:04~18:50:53 LUCIA在沙发上换鞋，可以看到换的鞋子是白色的。",
    "question": "DAY7 What color are the shoes LUCIA wore when she went out?",
    "choice_a": "white",
    "choice_b": "yellow",
    "choice_c": "Black",
    "choice_d": "pink",
    "reason": "DAY7 18:49:04~18:50:53 LUCIA is changing shoes on the sofa, and the shoes she's changing into can be seen to be white."
  },
  {
    "question_chinese": "二楼客厅桌子旁边的椅子上有个黑蓝色相间的背包，这个背包最有可能是谁的？",
    "choice_a_chinese": "LUCIA",
    "choice_b_chinese": "身着黄色短袖灰色短裤的男生",
    "choice_c_chinese": "身着红色马甲白色上衣黑色裙子的女生",
    "choice_d_chinese": "身着浅蓝色外套黑色衬里黑色裤子的男生",
    "answer": "A",
    "reason_chinese": "DAY7 15:30:54~15:31:13 LUCIA翻找了二楼客厅桌子旁边的椅子上的黑蓝色相间的背包，因此这个背包最有可能是LUCIA的。",
    "question": "On the chair next to the table in the second-floor living room, there is a backpack in black and blue. Who is most likely to own this backpack?",
    "choice_a": "LUCIA",
    "choice_b": "The boy wearing a yellow short-sleeved shirt and gray shorts",
    "choice_c": "a girl wearing a red vest, white top, and black skirt",
    "choice_d": "a boy in a light blue coat with black lining and black pants",
    "reason": "DAY7 15:30:54~15:31:13 LUCIA searched through the black and blue backpack on the chair next to the table in the living room on the second floor, so this backpack most likely belongs to LUCIA."
  },
  {
    "question_chinese": "LUCIA拆卸塑料储物柜的过程中用到了以下哪个工具？",
    "choice_a_chinese": "锤子",
    "choice_b_chinese": "镊子",
    "choice_c_chinese": "剪刀",
    "choice_d_chinese": "扳手",
    "answer": "B",
    "reason_chinese": "DAY7 18:21:42~18:22:50 LUCIA拆卸塑料储物柜的过程中用到了镊子。",
    "question": "Which of the following tools did LUCIA use in the process of dismantling the plastic storage cabinet?",
    "choice_a": "Hammer",
    "choice_b": "Tweezers",
    "choice_c": "scissors",
    "choice_d": "wrench",
    "reason": "DAY7 18:21:42~18:22:50 LUCIA used tweezers to disassemble the plastic storage cabinet."
  }
]