[
  {
    "question_chinese": "DAY3 中午大家一共吃了多少个披萨？",
    "choice_a_chinese": "5个",
    "choice_b_chinese": "6个",
    "choice_c_chinese": "7个",
    "choice_d_chinese": "8个",
    "answer": "B",
    "reason_chinese": "DAY3 12:00:33等时刻可以看到桌子上一共有6个披萨。",
    "question": "DAY3 How many pizzas did everyone eat for lunch in total?",
    "choice_a": "5",
    "choice_b": "6",
    "choice_c": "7",
    "choice_d": "8",
    "reason": "On DAY3 at 12:00:33, you can see there are a total of 6 pizzas on the table."
  },
  {
    "question_chinese": "DAY3下午LUCIA和大家一起逛的公园叫什么名字？",
    "choice_a_chinese": "紫竹院公园",
    "choice_b_chinese": "陶然亭公园",
    "choice_c_chinese": "团结湖公园",
    "choice_d_chinese": "西海子公园",
    "answer": "D",
    "reason_chinese": "DAY3 15:18:16等时刻可以看到路牌上表明大家现在在西海子公园。",
    "question": "What is the name of the park that LUCIA visited with everyone in the afternoon of DAY3?",
    "choice_a": "Zizhuyuan Park",
    "choice_b": "Taoranting Park",
    "choice_c": "Tuanjiehu Park",
    "choice_d": "Xihaizi Park",
    "reason": "DAY3 15:18:16 At this moment, the road sign indicates everyone is currently at Xihaizi Park."
  },
  {
    "question_chinese": "DAY3下午LUCIA和大家一起在小卖部购买饮料时，LUCIA购买了什么饮料？",
    "choice_a_chinese": "可乐",
    "choice_b_chinese": "AD钙奶",
    "choice_c_chinese": "水溶C100",
    "choice_d_chinese": "尖叫",
    "answer": "C",
    "reason_chinese": "DAY3 15:39:57等时刻可以看到LUCIA在小卖部购买的饮料是水溶C100。",
    "question": "On the afternoon of DAY3, when LUCIA and everyone were buying drinks at the snack shop, what beverage did LUCIA purchase?",
    "choice_a": "Cola",
    "choice_b": "AD Calcium Milk",
    "choice_c": "C100 Water-soluble Vitamin Drink",
    "choice_d": "Scream",
    "reason": "At DAY3 15:39:57 and other times, it can be seen that LUCIA purchased the drink Water-soluble C100 at the convenience store."
  },
  {
    "question_chinese": "DAY3下午从商场逛完出来后，大家在路边上等网约车，等车的过程中LUCIA在干什么？",
    "choice_a_chinese": "听音乐",
    "choice_b_chinese": "浏览淘宝",
    "choice_c_chinese": "浏览小视频",
    "choice_d_chinese": "处理微信消息",
    "answer": "",
    "reason_chinese": "DAY3 17:27:59~17:31:47等车过程中，LUCIA主要在使用手机浏览淘宝，。",
    "question": "On DAY3 afternoon, after shopping at the mall, everyone was waiting for the ride-hailing car by the roadside. What was LUCIA doing during the wait?",
    "choice_a": "Listening to music",
    "choice_b": "Browse Taobao",
    "choice_c": "Browse short videos",
    "choice_d": "Handling WeChat messages",
    "reason": "DAY3 17:27:59~17:31:47 While waiting for the bus, LUCIA was mainly browsing Taobao on her phone."
  },
  {
    "question_chinese": "DAY3 21:06:35左右LUCIA开始清洗生菜叶，全部清洗完后LUCIA将清洗好的生菜叶放到了哪？",
    "choice_a_chinese": "户外庭院的桌子上",
    "choice_b_chinese": "厨房操作台",
    "choice_c_chinese": "餐桌上",
    "choice_d_chinese": "厨房操作台右侧的置物架上",
    "answer": "C",
    "reason_chinese": "DAY3 21:12:37 LUCIA将盛着生菜的碟子放到了餐桌上。",
    "question": "DAY3 21:06:35 LUCIA started washing the lettuce leaves. After finishing, where did LUCIA put the washed lettuce leaves?",
    "choice_a": "On the table in the outdoor courtyard",
    "choice_b": "Kitchen countertop",
    "choice_c": "At the dining table",
    "choice_d": "On the storage shelf to the right of the kitchen countertop",
    "reason": "DAY3 21:12:37 LUCIA placed the dish of lettuce on the dining table."
  },
  {
    "question_chinese": "DAY3 22:12:48 LUCIA为什么上二楼？",
    "choice_a_chinese": "拿餐碟",
    "choice_b_chinese": "拿饮料",
    "choice_c_chinese": "拿平板电脑",
    "choice_d_chinese": "拿充电器",
    "answer": "A",
    "reason_chinese": "DAY3 22:12:48~22:15:26 LUCIA从二楼吧台找到餐碟拿下楼并进行了清洗。",
    "question": "DAY3 22:12:48 LUCIA Why go to the second floor?",
    "choice_a": "Pick up the dishes",
    "choice_b": "Get the drinks",
    "choice_c": "Take the tablet",
    "choice_d": "Get the charger",
    "reason": "DAY3 22:12:48~22:15:26 LUCIA retrieved the dishes from the second-floor bar counter, brought them downstairs, and washed them."
  }
]