[
  {
    "question_chinese": "DAY4中午LUCIA吃的煎面包是谁煎的？",
    "choice_a_chinese": "身着白色睡衣的女生",
    "choice_b_chinese": "身着浅橙色短袖灰色短裤的男生",
    "choice_c_chinese": "LUCIA",
    "choice_d_chinese": "身着粉色上衣牛仔裤的女生",
    "answer": "B",
    "reason_chinese": "DAY4 11:26:23~11:31:37 过程中可以观察到身着浅橙色短袖灰色短裤的男生在煎面包。",
    "question": "DAY4 Who made the fried bread LUCIA ate at noon?",
    "choice_a": "The girl in white pajamas",
    "choice_b": "a boy wearing a light orange short-sleeved shirt and gray shorts",
    "choice_c": "LUCIA",
    "choice_d": "The girl in a pink top and jeans",
    "reason": "DAY4 11:26:23~11:31:37 During this period, a boy wearing a light orange short-sleeved shirt and gray shorts can be observed frying bread."
  },
  {
    "question_chinese": "LUCIA在将压花制作完成后出门前将作品放到了哪儿？",
    "choice_a_chinese": "餐桌底下",
    "choice_b_chinese": "餐桌上",
    "choice_c_chinese": "厨房操作台旁边的置物架上",
    "choice_d_chinese": "二楼客厅的桌子上",
    "answer": "B",
    "reason_chinese": "DAY4 16:11:53 LUCIA将制作好的压花作品放在了餐桌上。",
    "question": "Where did LUCIA place the embossed artwork before going out after finishing it?",
    "choice_a": "under the dining table",
    "choice_b": "At the dining table",
    "choice_c": "On the storage shelf next to the kitchen countertop",
    "choice_d": "On the table in the living room on the second floor",
    "reason": "DAY4 16:11:53 LUCIA placed the finished pressed flower artwork on the dining table."
  },
  {
    "question_chinese": "DAY4谁协助LUCIA组装了塑料置物柜？",
    "choice_a_chinese": "身着粉色上衣牛仔裤的女生",
    "choice_b_chinese": "身着白色睡衣的女生",
    "choice_c_chinese": "身着浅蓝色短袖灰色短裤的男生",
    "choice_d_chinese": "身着白色上衣灰色裤子的女生",
    "answer": "C",
    "reason_chinese": "DAY4 17:12:45~17:22:09 身着浅蓝色短袖灰色短裤的男生协助LUCIA组装了塑料置物柜。",
    "question": "DAY4 Who helped LUCIA assemble the plastic storage cabinet?",
    "choice_a": "A girl in a pink top and jeans",
    "choice_b": "A girl in white pajamas",
    "choice_c": "a boy wearing a light blue short-sleeved shirt and gray shorts",
    "choice_d": "A girl wearing a white top and gray pants",
    "reason": "DAY4 17:12:45~17:22:09 A boy in a light blue short-sleeved shirt and gray shorts helped LUCIA assemble the plastic storage cabinet."
  },
  {
    "question_chinese": "DAY4 17:45:17~17:45:39 LUCIA在玄关区域找纸盒是为了什么用途？",
    "choice_a_chinese": "制作纸盒狗狗",
    "choice_b_chinese": "装垃圾",
    "choice_c_chinese": "装充电宝",
    "choice_d_chinese": "装电子设备零部件",
    "answer": "A",
    "reason_chinese": "DAY4 17:45:39~18:11:04 LUCIA使用从玄关找到的纸盒制作了纸盒狗狗的头部。",
    "question": "DAY4 17:45:17~17:45:39 What does LUCIA need the cardboard box in the entryway for?",
    "choice_a": "Making a cardboard box dog",
    "choice_b": "Taking out the trash",
    "choice_c": "carrying a power bank",
    "choice_d": "Install electronic equipment components",
    "reason": "DAY4 17:45:39~18:11:04 LUCIA used cardboard boxes found at the entrance to create the head of a cardboard dog."
  },
  {
    "question_chinese": "DAY4除了LUCIA还有谁也制作了纸盒小狗？",
    "choice_a_chinese": "身着粉色上衣牛仔裤的女生",
    "choice_b_chinese": "身着白色睡衣的女生",
    "choice_c_chinese": "身着浅蓝色短袖灰色短裤的男生",
    "choice_d_chinese": "身着红色马甲白色长袖灰色裤子的女生",
    "answer": "",
    "reason_chinese": "DAY4 17:44:31~18:43:15 身着红色马甲白色长袖灰色裤子的女生坐在LUCIA右侧和LUCIA一起制作纸盒小狗。",
    "question": "DAY4 Who else made a cardboard dog besides LUCIA?",
    "choice_a": "a girl wearing a pink top and jeans",
    "choice_b": "a girl wearing white pajamas",
    "choice_c": "The boy wearing a light blue short-sleeved shirt and gray shorts",
    "choice_d": "a girl wearing a red vest, white long sleeves, and gray pants",
    "reason": "DAY4 17:44:31~18:43:15 A girl in a red vest, white long sleeves, and gray pants sits to the right of LUCIA and crafts a paper box dog together with her."
  },
  {
    "question_chinese": "LUCIA在对塑料储物柜进行安装前原材料放在了哪儿？",
    "choice_a_chinese": "餐桌底下",
    "choice_b_chinese": "餐桌上",
    "choice_c_chinese": "LUCIA的卧室",
    "choice_d_chinese": "厨房操作台右侧的置物架上",
    "answer": "A",
    "reason_chinese": "DAY4 16:21:17 LUCIA查看了餐桌底下的储物柜原材料。",
    "question": "Where did LUCIA place the raw materials before installing the plastic storage cabinet?",
    "choice_a": "under the dining table",
    "choice_b": "At the dining table",
    "choice_c": "LUCIA's bedroom",
    "choice_d": "On the storage shelf to the right of the kitchen counter",
    "reason": "DAY4 16:21:17 LUCIA checked the raw materials in the storage compartment under the dining table."
  }
]