[
  {
    "question_chinese": "谁没有亲自操作参与电子设备组装？",
    "choice_a_chinese": "身着黑色外套的女生",
    "choice_b_chinese": "身着白色上衣的女生",
    "choice_c_chinese": "身着蓝色短袖的男生",
    "choice_d_chinese": "身着浅橙色上衣的男生",
    "answer": "C",
    "reason_chinese": "身着蓝色短袖的男生在集体进行电子设备组装的过程中没有亲自动手进行组装。",
    "question": "Who did not personally participate in the assembly of electronic devices?",
    "choice_a": "The girl in the black coat",
    "choice_b": "The girl in a white top",
    "choice_c": "A boy wearing a blue short-sleeved shirt",
    "choice_d": "The boy wearing a light orange top",
    "reason": "The boy in the blue short-sleeved shirt did not personally participate in the electronic device assembly during the group activity."
  },
  {
    "question_chinese": "中午大家吃的外卖是用谁的手机点的？",
    "choice_a_chinese": "身着蓝色短袖灰色短裤的男生",
    "choice_b_chinese": "身着白色短袖蓝色牛仔裤的女生",
    "choice_c_chinese": "身着浅橙色短袖灰色短裤的男生",
    "choice_d_chinese": "LUCIA",
    "answer": "A",
    "reason_chinese": "DAY1 13:45:30~13:49:02 身着蓝色短袖灰色短裤的男生先后将自己的手机递给LUCIA等人进行外卖点单。",
    "question": "Whose phone was used to order the takeout for lunch?",
    "choice_a": "boy wearing a blue short-sleeved shirt and gray shorts",
    "choice_b": "a girl wearing a white short-sleeved shirt and blue jeans",
    "choice_c": "the boy wearing a light orange short-sleeved shirt and gray shorts",
    "choice_d": "LUCIA",
    "reason": "DAY1 13:45:30~13:49:02 The boy wearing a blue short-sleeved shirt and gray shorts handed his phone to LUCIA and others in turn to order takeout."
  },
  {
    "question_chinese": "LUCIA在超市购物过程中从标明调味料的货架上拿了几包什么东西？",
    "choice_a_chinese": "火锅蘸料",
    "choice_b_chinese": "鸡精",
    "choice_c_chinese": "食盐",
    "choice_d_chinese": "榨菜",
    "answer": "A",
    "reason_chinese": "DAY1 17:56:05~17:56:52 LUCIA从超市货架上取了几包海底捞火锅蘸料。",
    "question": "LUCIA picked up a few packets of something from the shelf labeled \"seasoning\" while shopping at the supermarket.",
    "choice_a": "Hot pot dipping sauce",
    "choice_b": "chicken bouillon",
    "choice_c": "salt",
    "choice_d": "Pickled mustard tuber",
    "reason": "DAY1 17:56:05~17:56:52 LUCIA picked up a few packages of Haidilao hotpot dipping sauce from the supermarket shelf."
  },
  {
    "question_chinese": "住所大门使用的是什么解锁方式？",
    "choice_a_chinese": "U形锁",
    "choice_b_chinese": "指纹解锁",
    "choice_c_chinese": "密码锁",
    "choice_d_chinese": "人脸解锁",
    "answer": "C",
    "reason_chinese": "DAY1 19:08:35~19:08:50 在住所门口LUCIA在密码锁上输入密码打开了住所大门。",
    "question": "What is the unlocking method used for the residence gate?",
    "choice_a": "U-shaped lock",
    "choice_b": "Fingerprint unlock",
    "choice_c": "Password lock",
    "choice_d": "Facial unlock",
    "reason": "DAY1 19:08:35~19:08:50 LUCIA enters the password on the keypad at the residence entrance and unlocks the front door."
  },
  {
    "question_chinese": "甜品制作过程中使用的裱花袋是从哪里找到的？",
    "choice_a_chinese": "厨房操作台右边的置物架",
    "choice_b_chinese": "一楼餐桌上",
    "choice_c_chinese": "二楼大厅桌子上",
    "choice_d_chinese": "二楼沙发上",
    "answer": "A",
    "reason_chinese": "DAY1 21:34:30~21:34:37 LUCIA在厨房操作台右边的置物架上找到了裱花袋并拿到了餐桌上。",
    "question": "Where was the piping bag used in the dessert-making process found?",
    "choice_a": "The storage shelf on the right side of the kitchen countertop",
    "choice_b": "On the dining table on the first floor",
    "choice_c": "On the table in the second-floor hall",
    "choice_d": "On the sofa on the second floor",
    "reason": "DAY1 21:34:30~21:34:37 LUCIA found the piping bag on the shelf to the right of the kitchen counter and placed it on the dining table."
  },
  {
    "question_chinese": "DAY1晚上LUCIA一共吃了几个自制的蛋糕？",
    "choice_a_chinese": "1个",
    "choice_b_chinese": "2个",
    "choice_c_chinese": "3个",
    "choice_d_chinese": "4个",
    "answer": "B",
    "reason_chinese": "DAY1 21:45:49~21:52:15 LUCIA一共吃了两个自制蛋糕。",
    "question": "How many homemade cakes did LUCIA eat on the evening of DAY1?",
    "choice_a": "1",
    "choice_b": "2",
    "choice_c": "3",
    "choice_d": "4",
    "reason": "DAY1 21:45:49~21:52:15 LUCIA ate two homemade cakes in total."
  }
]