[
  {
    "question_chinese": "DAY5中午吃饭的过程中，下面哪一项没有出现在大家吃饭的桌上？",
    "choice_a_chinese": "可乐",
    "choice_b_chinese": "AD钙奶",
    "choice_c_chinese": "白酒",
    "choice_d_chinese": "红酒",
    "answer": "D",
    "reason_chinese": "DAY5 12:10:50等时刻可以看到中午吃饭的过程中桌上有可乐、AD钙奶和白酒等酒水饮料，但是没有出现红酒。",
    "question": "During lunch on DAY5, which of the following items was not present on the dining table?",
    "choice_a": "Cola",
    "choice_b": "AD calcium milk",
    "choice_c": "Chinese liquor (baijiu)",
    "choice_d": "red wine",
    "reason": "On DAY5 at 12:10:50, during the lunchtime, beverages like cola, AD Calcium Milk, and baijiu can be seen on the table, but there is no sign of red wine."
  },
  {
    "question_chinese": "DAY5 15:01:58~15:02:18 LUCIA为什么要找到并清洗勺子？",
    "choice_a_chinese": "为了用勺子吃饭",
    "choice_b_chinese": "为了用勺子搅拌甜品原料",
    "choice_c_chinese": "为了用勺子吃冰激凌",
    "choice_d_chinese": "为了将脏厨具清洗收纳",
    "answer": "C",
    "reason_chinese": "DAY5 15:02:18~15:19:07 使用找到的勺子吃了冰激凌。",
    "question": "DAY5 15:01:58~15:02:18 LUCIA Why does she need to find and clean the spoon?",
    "choice_a": "To eat with a spoon",
    "choice_b": "To stir the dessert ingredients with a spoon",
    "choice_c": "To eat ice cream with a spoon",
    "choice_d": "To clean and store dirty kitchenware",
    "reason": "DAY5 15:02:18~15:19:07 Ate ice cream with the found spoon."
  },
  {
    "question_chinese": "DAY5 LUCIA观察到有人抽烟，请问抽烟的人是谁？",
    "choice_a_chinese": "身着蓝色短袖灰色短裤的男生",
    "choice_b_chinese": "身着白色短袖白色短裤的男生",
    "choice_c_chinese": "身着粉色短袖牛仔外套牛仔裤的男生",
    "choice_d_chinese": "身着蓝色短袖黑色牛仔裤的男生",
    "answer": "B",
    "reason_chinese": "DAY5 18:42:37~18:49:20 身着白色短袖白色短裤的男生在户外庭院抽烟。",
    "question": "DAY5 LUCIA observed someone smoking, may I ask who the person smoking is?",
    "choice_a": "a boy wearing a blue short-sleeved shirt and gray shorts",
    "choice_b": "A young man in a white short-sleeved shirt and white shorts",
    "choice_c": "a boy wearing a pink short-sleeved denim jacket and jeans",
    "choice_d": "a boy wearing a blue short-sleeved shirt and black jeans",
    "reason": "DAY5 18:42:37~18:49:20 A boy in a white short-sleeved shirt and white shorts is smoking in the outdoor courtyard."
  },
  {
    "question_chinese": "LUCIA在制作甜品过程中使用杯子接了一杯水饮用，这杯水是在哪里接的？",
    "choice_a_chinese": "厨房操作台水槽",
    "choice_b_chinese": "冰箱内的矿泉水",
    "choice_c_chinese": "热水壶内的凉开水",
    "choice_d_chinese": "厨房操作台右侧地面上的桶装水",
    "answer": "D",
    "reason_chinese": "DAY5 18:24:27~18:24:55 LUCIA从厨房操作台右侧地面上的桶装水中接了一杯水饮用。",
    "question": "LUCIA used a cup to get a glass of water while making desserts. Where did she get this water from?",
    "choice_a": "Kitchen counter sink",
    "choice_b": "Mineral water inside the refrigerator",
    "choice_c": "Cool boiled water in the electric kettle",
    "choice_d": "The bottled water on the floor to the right of the kitchen counter",
    "reason": "DAY5 18:24:27~18:24:55 LUCIA fetched a cup of water from the barrel on the floor to the right of the kitchen counter and drank it."
  },
  {
    "question_chinese": "DAY5 20:12:15~20:15:17 LUCIA擦拭的置物架是用来摆放什么的？",
    "choice_a_chinese": "菜碟",
    "choice_b_chinese": "水果",
    "choice_c_chinese": "甜品",
    "choice_d_chinese": "玩偶",
    "answer": "C",
    "reason_chinese": "DAY5 20:33:59~20:34:57 身着蓝色短袖牛仔裤的男生等人将甜品放置在了LUCIA擦拭干净的置物架上。",
    "question": "DAY5 20:12:15~20:15:17 What is the shelf that LUCIA is wiping used to display?",
    "choice_a": "dish",
    "choice_b": "fruit",
    "choice_c": "dessert",
    "choice_d": "doll",
    "reason": "DAY5 20:33:59~20:34:57 A boy in a blue short-sleeved shirt and jeans placed the desserts on the shelf cleaned by LUCIA with others waiting."
  },
  {
    "question_chinese": "LUCIA没有将纸片藏在以下哪个位置？",
    "choice_a_chinese": "花盆中",
    "choice_b_chinese": "镜子后面",
    "choice_c_chinese": "烤箱下面",
    "choice_d_chinese": "书架上",
    "answer": "B",
    "reason_chinese": "DAY5 20:58:34~20:58:50 LUCIA将一个纸片放在了书架上，20:59:04~20:59:28 LUCIA将一个纸片放在了花盆中，21:03:39~21:03:44 LUCIA将一个纸片放在了烤箱下面。",
    "question": "In which of the following locations did LUCIA not hide the piece of paper?",
    "choice_a": "In the flower pot",
    "choice_b": "behind the mirror",
    "choice_c": "Under the oven",
    "choice_d": "on the bookshelf",
    "reason": "DAY5 20:58:34~20:58:50 LUCIA placed a piece of paper on the bookshelf, 20:59:04~20:59:28 LUCIA placed a piece of paper in the flowerpot, 21:03:39~21:03:44 LUCIA placed a piece of paper under the oven."
  }
]