[
    {
        "question_chinese": "Day3 水品牌盲猜游戏中右边第二瓶是什么品牌的水？",
        "choice_a_chinese": "娃哈哈",
        "choice_b_chinese": "百岁山",
        "choice_c_chinese": "农夫山泉",
        "choice_d_chinese": "元气森林气泡水",
        "answer": "D",
        "reason_chinese": "在 Day3 11:41:11 前后三秒可看见桌上右边第二瓶瓶身上有个很大的“气”，是元气森林气泡水。",
        "question": "What brand of water was the second bottle on the right in the blind guessing game of water brands on Day 3?",
        "choice_a": "Wahaha",
        "choice_b": "C'estbon",
        "choice_c": "Nongfu Spring",
        "choice_d": "元气 Forest Sparkling Water",
        "reason": "Around 11:41:11 on Day 3, within three seconds, it could be seen that there was a big character 'Qi' on the bottle of the second bottle on the right on the table, which was the sparkling water of Yuanqi Forest."
    },
    {
        "question_chinese": "KATRINA 在 Day3 中午吃的披萨是什么品牌的？",
        "choice_a_chinese": "达美乐披萨",
        "choice_b_chinese": "必胜客披萨",
        "choice_c_chinese": "肯德基披萨",
        "choice_d_chinese": "尊宝披萨",
        "answer": "A",
        "reason_chinese": "在 Day3 12:01:44 - 12:02:02 可看出桌上披萨包装盒侧面写着“达美乐披萨”字样。",
        "question": "What brand of pizza did KATRINA have for lunch on Day 3?",
        "choice_a": "Domino's Pizza",
        "choice_b": "Pizza Hut",
        "choice_c": "KFC Pizza",
        "choice_d": "King Pizza",
        "reason": "From 12:01:44 to 12:02:02 on Day 3, it could be seen that the words 'Domino's Pizza' were written on the side of the pizza packaging box on the table."
    },
    {
        "question_chinese": "KATRINA 在 Day3 抓到第一个娃娃后，谁最先向她竖起了大拇指？",
        "choice_a_chinese": "穿着粉色 T 恤的男生",
        "choice_b_chinese": "穿着蓝紫橙多色外套、白色 T 恤的男生",
        "choice_c_chinese": "穿着深绿色外套、蓝色 T 恤的男生",
        "choice_d_chinese": "穿着白色外套的女生",
        "answer": "C",
        "reason_chinese": "在 Day3 15:57:00 KATRINA 把抓到的娃娃从娃娃机拿出来后，穿着深绿色外套、蓝色 T 恤的男生向她竖起了大拇指。",
        "question": "After KATRINA caught her first doll on Day 3, who was the first to give her a thumbs - up?",
        "choice_a": "The boy in the pink T - shirt.",
        "choice_b": "The boy in the multi - colored (blue, purple, orange) coat and white T - shirt.",
        "choice_c": "The boy in the dark green coat and blue T - shirt.",
        "choice_d": "The girl in the white coat.",
        "reason": "At 15:57:00 on Day 3, after KATRINA took out the caught doll from the claw machine, the boy in the dark green coat and blue T - shirt gave her a thumbs - up."
    },
    {
        "question_chinese": "Day3 KATRINA 在盒马生鲜里买了什么颜色的八喜冰淇淋？",
        "choice_a_chinese": "紫色",
        "choice_b_chinese": "绿色",
        "choice_c_chinese": "棕色",
        "choice_d_chinese": "粉色",
        "answer": "B",
        "reason_chinese": "KATRINA Day3 在 16:52:14~16:52:18 在超市冰箱里拿了一桶绿色的八喜冰淇淋。",
        "question": "What color of Baxters ice - cream did KATRINA buy at Hema Fresh on Day 3?",
        "choice_a": "Purple",
        "choice_b": "Green",
        "choice_c": "Brown",
        "choice_d": "Pink",
        "reason": "On Day 3, from 16:52:14 to 16:52:18, KATRINA took a bucket of green Baxters ice - cream from the supermarket refrigerator."
    },
    {
        "question_chinese": "Day3 购物回来收拾物资时，KATRINA 把粉色的瓶装酒最终放在了哪里？",
        "choice_a_chinese": "竖着放在冰箱门框下层",
        "choice_b_chinese": "横着放在冰箱门框上层",
        "choice_c_chinese": "横着放在冰箱最下一格框里",
        "choice_d_chinese": "放在了桌上",
        "answer": "C",
        "reason_chinese": "KATRINA Day3 在 18:11:26 把粉色的瓶装酒竖着放在二楼冰箱门框下层，但是在 18:12:45~18:13:41，粉色瓶装酒被 KATRINA 横着放在冰箱最下一格框里。",
        "question": "Where did KATRINA finally put the pink bottled wine when tidying up the supplies after shopping on Day 3?",
        "choice_a": "Vertically placed in the lower layer of the refrigerator door frame.",
        "choice_b": "Horizontally placed in the upper layer of the refrigerator door frame.",
        "choice_c": "Horizontally placed in the bottom compartment of the refrigerator.",
        "choice_d": "Placed on the table.",
        "reason": "On Day 3, at 18:11:26, KATRINA placed the pink bottled wine vertically in the lower layer of the second - floor refrigerator door frame. However, from 18:12:45 to 18:13:41, KATRINA placed the pink bottled wine horizontally in the bottom compartment of the refrigerator."
    },
    {
        "question_chinese": "KATRINA Day3 帮谁戴了白色橡胶手套？",
        "choice_a_chinese": "穿着粉色 T 恤的男生",
        "choice_b_chinese": "穿着绿色外套的女生",
        "choice_c_chinese": "穿着深绿色外套、蓝色 T 恤的男生",
        "choice_d_chinese": "穿着白色 T 恤男生",
        "answer": "D",
        "reason_chinese": "KATRINA Day3 在 19:39:26~19:39:43 时帮已经戴了一只手套的白色 T 恤男生戴另一只手套。",
        "question": "Whom did KATRINA help put on white rubber gloves on Day 3?",
        "choice_a": "The boy in the pink T - shirt.",
        "choice_b": "The girl in the green coat.",
        "choice_c": "The boy in the dark green coat and blue T - shirt.",
        "choice_d": "The boy in the white T - shirt.",
        "reason": "On Day 3, from 19:39:26 to 19:39:43, KATRINA helped the boy in the white T - shirt, who had already worn one glove, to put on the other glove."
    }
]