[
    {
        "question_chinese": "Day6 KATRINA制作压花相框的胶水最后是怎么打开可以使用的？",
        "choice_a_chinese": "白色衣服男生拧开的",
        "choice_b_chinese": "白色衣服男生用刀切开的",
        "choice_c_chinese": "绿色衣服男生拧开的",
        "choice_d_chinese": "绿色衣服男生用刀切开的",
        "answer": "B",
        "reason_chinese": "Day6 在 10:31:35~10:32:35 KATRINA 请求绿色衣服男生和白色衣服男生帮忙，白色衣服男生用刀切开了胶水。",
        "question": "On Day 6, how was the glue for KATRINA to make the pressed - flower photo frame finally opened for use?",
        "choice_a": "Unscrewed by the boy in white clothes.",
        "choice_b": "Cut open by the boy in white clothes with a knife.",
        "choice_c": "Unscrewed by the boy in green clothes.",
        "choice_d": "Cut open by the boy in green clothes with a knife.",
        "reason": "On Day 6, from 10:31:35 to 10:32:35, KATRINA asked the boy in green clothes and the boy in white clothes for help, and the boy in white clothes cut open the glue with a knife."
    },
    {
        "question_chinese": "Day6 KATRINA吃午饭时，右手边摆了什么饮料？",
        "choice_a_chinese": "罐装RIO饮料",
        "choice_b_chinese": "罐装可乐",
        "choice_c_chinese": "用杯子装的咖啡",
        "choice_d_chinese": "用杯子装的牛奶",
        "answer": "A",
        "reason_chinese": "Day6 在13:30:17左右可看见KATRINA右手边摆了一罐罐装RIO饮料。",
        "question": "What drink was placed on the right - hand side of KATRINA when she had lunch on Day 6?",
        "choice_a": "Canned RIO drink.",
        "choice_b": "Canned cola.",
        "choice_c": "Coffee in a cup.",
        "choice_d": "Milk in a cup.",
        "reason": "Around 13:30:17 on Day 6, it could be seen that there was a canned RIO drink on the right - hand side of KATRINA."
    },
    {
        "question_chinese": "Day6 KATRINA把第一张贴纸藏在了哪里？ ",
        "choice_a_chinese": "二楼厨房微波炉上",
        "choice_b_chinese": "二楼厨房花瓶底下",
        "choice_c_chinese": "二楼冰箱上",
        "choice_d_chinese": "二楼客厅电子琴后面",
        "answer": "C",
        "reason_chinese": "Day6 KATRINA 在 15:02:43将第一张贴纸放在了二楼冰箱上，并用一个盒子盖住。",
        "question": "Where did KATRINA hide the first sticker on Day 6?",
        "choice_a": "On the microwave oven in the second - floor kitchen.",
        "choice_b": "Under the vase in the second - floor kitchen.",
        "choice_c": "On the second - floor refrigerator.",
        "choice_d": "Behind the electronic piano in the second - floor living room.",
        "reason": "On Day 6, at 15:02:43, KATRINA placed the first sticker on the second - floor refrigerator and covered it with a box."
    },
    {
        "question_chinese": "Day6 KATRINA 吃的奶酪棒外包装是什么颜色的？",
        "choice_a_chinese": "黄色",
        "choice_b_chinese": "粉色",
        "choice_c_chinese": "紫色",
        "choice_d_chinese": "蓝色",
        "answer": "A",
        "reason_chinese": "Day6 在 15:13:00 KATRINA从冰箱里拿出了黄色包装的奶酪棒。",
        "question": "What color was the outer packaging of the cheese stick that KATRINA ate on Day 6?",
        "choice_a": "Yellow",
        "choice_b": "Pink",
        "choice_c": "Purple",
        "choice_d": "Blue",
        "reason": "On Day 6, at 15:13:00, KATRINA took out a cheese stick with yellow packaging from the refrigerator."
    },
    {
        "question_chinese": "Day6 晚上黑色外套男生向KATRINA展示了谁的照片？",
        "choice_a_chinese": "穿白色衣服的KATRINA",
        "choice_b_chinese": "穿牛仔外套的女生",
        "choice_c_chinese": "穿蓝色长袖的男生",
        "choice_d_chinese": "穿紫色T恤的男生",
        "answer": "A",
        "reason_chinese": "Day6 在19:27:56~19:28:47黑色外套男生给KATRINA拍了照，然后展示给KATRINA看。",
        "question": "Whose photo did the boy in the black coat show to KATRINA on the evening of Day 6?",
        "choice_a": "KATRINA in white clothes.",
        "choice_b": "The girl in the denim jacket.",
        "choice_c": "The boy in the blue long - sleeved shirt.",
        "choice_d": "The boy in the purple T - shirt.",
        "reason": "On Day 6, from 19:27:56 to 19:28:47, the boy in the black coat took a photo of KATRINA and then showed it to KATRINA."
    },
    {
        "question_chinese": "Day6 晚上派对收尾时，KATRINA给室外靠坐在墙边的两个人拍了照，是哪两个人？",
        "choice_a_chinese": "绿色外套女生和绿色T恤男生",
        "choice_b_chinese": "白色T恤女生和黑色外套男生",
        "choice_c_chinese": "蓝色外套男生和黑色外套男生",
        "choice_d_chinese": "蓝色外套男生和灰白色外套女生",
        "answer": "D",
        "reason_chinese": "Day6 在 22:55:24可从KATRINA拍的照片看出靠坐在墙边是蓝色外套男生和灰白色外套女生。",
        "question": "On the evening of Day 6, when the party was winding up, KATRINA took a photo of two people sitting against the wall outdoors. Who were they?",
        "choice_a": "The girl in the green coat and the boy in the green T - shirt.",
        "choice_b": "The girl in the white T - shirt and the boy in the black coat.",
        "choice_c": "The boy in the blue coat and the boy in the black coat.",
        "choice_d": "The boy in the blue coat and the girl in the off - white coat.",
        "reason": "On Day 6, at 22:55:24, it could be seen from the photo taken by KATRINA that the boy in the blue coat and the girl in the off - white coat were sitting against the wall."
    }
]