[
    {
        "question_chinese": "Day7 KATRINA在中午集体用餐时从厨房取出几个盘子？",
        "choice_a_chinese": "6个",
        "choice_b_chinese": "4个",
        "choice_c_chinese": "3个",
        "choice_d_chinese": "2个",
        "answer": "B",
        "reason_chinese": "Day7 在 12:04:30~12:04:39 可看出一共有4个盘子。",
        "question": "How many plates did KATRINA take out from the kitchen during the collective lunch on Day 7?",
        "choice_a": "6 plates",
        "choice_b": "4 plates",
        "choice_c": "3 plates",
        "choice_d": "2 plates",
        "reason": "On Day 7, from 12:04:30 to 12:04:39, it can be seen that there were a total of 4 plates."
    },
    {
        "question_chinese": "Day7 KATRINA把二楼卧室门口架子上的餐具拿起来走几步之后，淡黄色衣服女生在又在上面放了什么东西？",
        "choice_a_chinese": "一个透明方形盖子",
        "choice_b_chinese": "一个碗",
        "choice_c_chinese": "一双筷子",
        "choice_d_chinese": "一个盘子",
        "answer": "A",
        "reason_chinese": "Day7 在13:54:21~13:54:29左右可看见KATRINA拿着餐具走了几步后，淡黄色衣服女生又拿过来一个透明方形盖子。",
        "question": "On Day 7, after KATRINA picked up the tableware on the shelf at the door of the second - floor bedroom and walked a few steps, what did the girl in light yellow clothes put on it?",
        "choice_a": "A transparent square lid",
        "choice_b": "A bowl",
        "choice_c": "A pair of chopsticks",
        "choice_d": "A plate",
        "reason": "On Day 7, around 13:54:21 - 13:54:29, it can be seen that after KATRINA walked a few steps with the tableware, the girl in light yellow clothes brought a transparent square lid and put it on."
    },
    {
        "question_chinese": "Day7 KATRINA收拾行李箱发现盖不上时没有做哪个动作？ ",
        "choice_a_chinese": "用手按压行李箱",
        "choice_b_chinese": "把行李箱的衣服往里面塞",
        "choice_c_chinese": "坐在行李箱上压紧",
        "choice_d_chinese": "多次尝试扣紧卡扣",
        "answer": "C",
        "reason_chinese": "Day7 KATRINA 在 13:59:50~14:02:33多次用手按压行李箱、把行李箱的衣服往里面塞、多次尝试扣紧卡扣，最终把行李箱关好。",
        "question": "On Day 7, which action did KATRINA not take when she found she couldn't close the suitcase?",
        "choice_a": "Press the suitcase with hands",
        "choice_b": "Stuff the clothes in the suitcase inside",
        "choice_c": "Sit on the suitcase to compress it",
        "choice_d": "Try to fasten the buckle multiple times",
        "reason": "On Day 7, from 13:59:50 to 14:02:33, KATRINA pressed the suitcase with hands, stuffed the clothes inside, and tried to fasten the buckle multiple times, and finally closed the suitcase."
    },
    {
        "question_chinese": "Day7 KATRINA 吃的西瓜是谁切的？",
        "choice_a_chinese": "蓝色外套男生",
        "choice_b_chinese": "灰白色外套女生",
        "choice_c_chinese": "米白色衣服女生",
        "choice_d_chinese": "黄色T恤男生",
        "answer": "B",
        "reason_chinese": "Day7 在 17:31:05~17:31:08 KATRINA拿了灰白色衬衫女生刚切好的西瓜吃。",
        "question": "Who cut the watermelon that KATRINA ate on Day 7?",
        "choice_a": "The boy in the blue coat",
        "choice_b": "The girl in the off - white coat",
        "choice_c": "The girl in the off - white clothes",
        "choice_d": "The boy in the yellow T - shirt",
        "reason": "On Day 7, from 17:31:05 to 17:31:08, KATRINA took the watermelon just cut by the girl in the off - white shirt and ate it."
    },
    {
        "question_chinese": "Day7 蓝色外套男生走的时候拿的什么颜色的行李箱？",
        "choice_a_chinese": "蓝色",
        "choice_b_chinese": "棕色",
        "choice_c_chinese": "黑色",
        "choice_d_chinese": "米黄色",
        "answer": "D",
        "reason_chinese": "Day7 在18:04:28~18:04:58蓝色外套男生推着米黄色行李箱离开。",
        "question": "What color of suitcase did the boy in the blue coat take when he left on Day 7?",
        "choice_a": "Blue",
        "choice_b": "Brown",
        "choice_c": "Black",
        "choice_d": "Beige",
        "reason": "On Day 7, from 18:04:28 to 18:04:58, the boy in the blue coat pushed a beige suitcase and left."
    },
    {
        "question_chinese": "Day7 最后是谁取了个外卖放到桌上？",
        "choice_a_chinese": "白色衬衫女生",
        "choice_b_chinese": "KATRINA",
        "choice_c_chinese": "黑色外套女生",
        "choice_d_chinese": "黄色T恤男生",
        "answer": "D",
        "reason_chinese": "Day7 在 18:16:46~18:16:56黄色T恤男生拿了个外卖进来并放到桌子上。",
        "question": "Who picked up a take - out and put it on the table on the end of Day 7?",
        "choice_a": "The girl in the white shirt",
        "choice_b": "KATRINA",
        "choice_c": "The girl in the black coat",
        "choice_d": "The boy in the yellow T - shirt",
        "reason": "On Day 7, from 18:16:46 to 18:16:56, the boy in the yellow T - shirt picked up a take - out and put it on the table."
    }
]