[
    {
        "question_chinese": "KATRINA Day4 第一次开冰箱从冰箱里拿了什么？",
        "choice_a_chinese": "粉色瓶装饮料",
        "choice_b_chinese": "粉色袋装、里面是蓝色包装的零食",
        "choice_c_chinese": "包装为蓝红两色的番茄酱",
        "choice_d_chinese": "葡萄",
        "answer": "C",
        "reason_chinese": "KATRINA Day4 在 11:04:26~11:04:33 从冰箱里拿了包装为蓝红两色的番茄酱。",
        "question": "What did KATRINA take from the refrigerator when she first opened it on Day 4?",
        "choice_a": "Pink bottled drink",
        "choice_b": "Pink bag with blue - packaged snacks inside",
        "choice_c": "Ketchup with blue and red packaging",
        "choice_d": "Grapes",
        "reason": "On Day 4, from 11:04:26 to 11:04:33, KATRINA took ketchup with blue and red packaging from the refrigerator."
    },
    {
        "question_chinese": "KATRINA 在 Day4 第一次洗完杯子后，把杯子放在了哪里？",
        "choice_a_chinese": "一楼厨房水池旁边",
        "choice_b_chinese": "一楼桌上",
        "choice_c_chinese": "二楼厨房水池旁边",
        "choice_d_chinese": "卧室小桌上",
        "answer": "A",
        "reason_chinese": "KATRINA Day4 在 11:06:40 将杯子洗完后放在了一楼厨房水池旁边。",
        "question": "Where did KATRINA put the cup after washing it for the first time on Day 4?",
        "choice_a": "Next to the kitchen sink on the first floor",
        "choice_b": "On the table on the first floor",
        "choice_c": "Next to the kitchen sink on the second floor",
        "choice_d": "On the small table in the bedroom",
        "reason": "On Day 4, at 11:06:40, KATRINA put the washed cup next to the kitchen sink on the first floor."
    },
    {
        "question_chinese": "KATRINA 在 Day4 制作压花时，使用了什么颜色的充电宝充电？",
        "choice_a_chinese": "黑色",
        "choice_b_chinese": "粉色",
        "choice_c_chinese": "蓝色",
        "choice_d_chinese": "白色",
        "answer": "D",
        "reason_chinese": "KATRINA Day4 在 12:08:01 前后可看见 KATRINA 一直拿着一个白色的正在工作的充电宝。",
        "question": "What color of power bank did KATRINA use for charging when making pressed flowers on Day 4?",
        "choice_a": "Black",
        "choice_b": "Pink",
        "choice_c": "Blue",
        "choice_d": "White",
        "reason": "Around 12:08:01 on Day 4, it could be seen that KATRINA was always holding a working white power bank."
    },
    {
        "question_chinese": "KATRINA 在 Day4 中午吃饭前，喝了什么？",
        "choice_a_chinese": "从冰箱拿的蓝色包装盒牛奶",
        "choice_b_chinese": "早上冲的咖啡",
        "choice_c_chinese": "从卧室拿的保温杯里的水",
        "choice_d_chinese": "桌子上的可乐",
        "answer": "C",
        "reason_chinese": "KATRINA Day4 在 13:15:25~13:16:00 喝了从卧室拿的保温杯里的水。",
        "question": "What did KATRINA drink before lunch on Day 4?",
        "choice_a": "Milk in a blue packaging box taken from the refrigerator",
        "choice_b": "Coffee brewed in the morning",
        "choice_c": "Water in a thermos taken from the bedroom",
        "choice_d": "Cola on the table",
        "reason": "On Day 4, from 13:15:25 to 13:16:00, KATRINA drank the water in a thermos taken from the bedroom."
    },
    {
        "question_chinese": "Day4 KATRINA 橙衣男生在二楼客厅弹吉他的时候，旁边凳子上放着两个什么东西？",
        "choice_a_chinese": "两个黑色外卖盒",
        "choice_b_chinese": "两瓶饮料",
        "choice_c_chinese": "两个充电宝",
        "choice_d_chinese": "两个吹风机",
        "answer": "A",
        "reason_chinese": "Day4 在 20:53:12 前后可看见旁边凳子上放着两个黑色外卖盒。",
        "question": "What two things were placed on the stool next to the boy in orange clothes when he was playing the guitar in the second - floor living room on Day 4?",
        "choice_a": "Two black takeout boxes",
        "choice_b": "Two bottles of drinks",
        "choice_c": "Two power banks",
        "choice_d": "Two hair dryers",
        "reason": "Around 20:53:12 on Day 4, it could be seen that there were two black takeout boxes on the stool next to the boy."
    },
    {
        "question_chinese": "Day4 KATRINA 橙衣男生在二楼客厅弹吉他的时候，灰色 T 恤男生拿了几份甜点进来？",
        "choice_a_chinese": "1 份",
        "choice_b_chinese": "2 份",
        "choice_c_chinese": "4 份",
        "choice_d_chinese": "6 份",
        "answer": "B",
        "reason_chinese": "Day4 在 21:37:15 可看见灰色 T 恤男生拿了两份甜点进来，并放在地上。",
        "question": "How many desserts did the boy in the gray T - shirt bring in when the boy in orange clothes was playing the guitar in the second - floor living room on Day 4?",
        "choice_a": "1 dessert",
        "choice_b": "2 desserts",
        "choice_c": "4 desserts",
        "choice_d": "6 desserts",
        "reason": "At 21:37:15 on Day 4, it could be seen that the boy in the gray T - shirt brought in two desserts and placed them on the ground."
    }
]