[
    {
        "question_chinese": "Day5 KATRINA 将用塑料袋装好的压花本放在了庭院的地上，这些压花本是从哪里拿到地上的？",
        "choice_a_chinese": "一楼玄关处",
        "choice_b_chinese": "红色连衣裙女生的手里",
        "choice_c_chinese": "庭院的桌子上",
        "choice_d_chinese": "一楼客厅桌子上",
        "answer": "C",
        "reason_chinese": "Day5 KATRINA 在 11:50:39~11:51:04 将庭院桌子上用塑料袋装好的压花本放在了庭院的地上。",
        "question": "On Day 5, KATRINA placed the pressed - flower books packed in plastic bags on the ground of the courtyard. Where did she take these pressed - flower books from to the ground?",
        "choice_a": "At the entrance on the first floor.",
        "choice_b": "From the hands of the girl in the red dress.",
        "choice_c": "From the table in the courtyard.",
        "choice_d": "From the table in the living room on the first floor.",
        "reason": "On Day 5, from 11:50:39 to 11:51:04, KATRINA placed the pressed - flower books packed in plastic bags on the ground of the courtyard, which were originally on the table in the courtyard."
    },
    {
        "question_chinese": "Day5 中午KATRINA 和两个同伴拆完外卖后，在等待其他团队成员来吃饭的过程中，谁坐在了KATRINA对面的地上？",
        "choice_a_chinese": "穿红色连衣裙的女生",
        "choice_b_chinese": "穿米白色外套的女生",
        "choice_c_chinese": "穿橙色T恤的男生",
        "choice_d_chinese": "穿紫色T恤的男生",
        "answer": "B",
        "reason_chinese": "Day5 在12:03:04~12:03:52 可看见穿米白色外套的女生坐在了地上。",
        "question": "On Day 5, after KATRINA and two companions unpacked the takeout at noon, who sat on the ground opposite KATRINA while waiting for other team members to have a meal?",
        "choice_a": "The girl in the red dress.",
        "choice_b": "The girl in the off - white coat.",
        "choice_c": "The boy in the orange T - shirt.",
        "choice_d": "The boy in the purple T - shirt.",
        "reason": "On Day 5, from 12:03:04 to 12:03:52, it could be seen that the girl in the off - white coat sat on the ground."
    },
    {
        "question_chinese": "Day5 KATRINA 物资采购清单协作制定的过程中，吃了一桶绿色的冰淇淋，后面这个冰淇淋被KATRINA放在了哪里？ ",
        "choice_a_chinese": "庭院的桌子上",
        "choice_b_chinese": "一楼靠近厨房的垃圾桶里",
        "choice_c_chinese": "一楼冰箱冷冻室",
        "choice_d_chinese": "一楼客厅桌子上",
        "answer": "C",
        "reason_chinese": "Day5 KATRINA 在 15:18:19 前后将冰淇淋放在了一楼冰箱冷冻室。",
        "question": "On Day 5, during the collaborative process of formulating the material procurement list, KATRINA ate a bucket of green ice - cream. Where did KATRINA put this ice - cream later?",
        "choice_a": "On the table in the courtyard.",
        "choice_b": "In the trash can near the kitchen on the first floor.",
        "choice_c": "In the freezer of the refrigerator on the first floor.",
        "choice_d": "On the table in the living room on the first floor.",
        "reason": "On Day 5, around 15:18:19, KATRINA put the ice - cream in the freezer of the refrigerator on the first floor."
    },
    {
        "question_chinese": "Day5 KATRINA 到超市后，放到购物车的第一个商品是什么？",
        "choice_a_chinese": "一只小狗玩偶",
        "choice_b_chinese": "一罐粉色的饮料",
        "choice_c_chinese": "一瓶紫色的元气森林气泡水",
        "choice_d_chinese": "一组红色的罐装可乐",
        "answer": "D",
        "reason_chinese": "Day5 在 15:57:00~15:57:18 KATRINA 拿了一组红色的罐装可乐放到购物车中。",
        "question": "On Day 5, after KATRINA arrived at the supermarket, what was the first item she put into the shopping cart?",
        "choice_a": "A puppy doll.",
        "choice_b": "A can of pink drink.",
        "choice_c": "A bottle of purple Yuanqi Forest sparkling water.",
        "choice_d": "A set of red canned cola.",
        "reason": "On Day 5, from 15:57:00 to 15:57:18, KATRINA put a set of red canned cola into the shopping cart."
    },
    {
        "question_chinese": "Day5 到彩票店后，谁第一个买了彩票？",
        "choice_a_chinese": "穿蓝色外套的男生",
        "choice_b_chinese": "穿牛仔外套的女生",
        "choice_c_chinese": "穿蓝色长袖的男生",
        "choice_d_chinese": "穿紫色T恤的男生",
        "answer": "A",
        "reason_chinese": "Day5 在19:14:04~19:15:13 可看见穿蓝色外套的男生第一个买了彩票。",
        "question": "On Day 5, after arriving at the lottery shop, who was the first to buy a lottery ticket?",
        "choice_a": "The boy in the blue coat.",
        "choice_b": "The girl in the denim jacket.",
        "choice_c": "The boy in the blue long - sleeved shirt.",
        "choice_d": "The boy in the purple T - shirt.",
        "reason": "On Day 5, from 19:14:04 to 19:15:13, it could be seen that the boy in the blue coat was the first to buy a lottery ticket."
    },
    {
        "question_chinese": "Day5 KATRINA 在二楼制作风铃时，喝的罐装饮料从哪来的？",
        "choice_a_chinese": "从地上拿起来的",
        "choice_b_chinese": "从旁边桌子上拿的",
        "choice_c_chinese": "KATRINA 自己去厨房拿的",
        "choice_d_chinese": "KATRINA 让蓝色外套男生去厨房拿的",
        "answer": "D",
        "reason_chinese": "Day5 在 22:44:25~22:44:38 可看见KATRINA 让蓝色外套男生去厨房拿了一罐饮料，KATRINA 喝了后放在地上。",
        "question": "On Day 5, when KATRINA was making a wind chime on the second floor, where did the canned drink she drank come from?",
        "choice_a": "Picked up from the ground.",
        "choice_b": "Taken from the table beside.",
        "choice_c": "Taken by KATRINA herself from the kitchen.",
        "choice_d": "Taken by the boy in the blue coat from the kitchen as requested by KATRINA.",
        "reason": "On Day 5, from 22:44:25 to 22:44:38, it could be seen that KATRINA asked the boy in the blue coat to take a can of drink from the kitchen, and KATRINA drank it and then put it on the ground."
    }
]