[
    {
        "question_chinese": "KATRINA 在 Day1 组装硬盘时，用螺丝刀拧了多少颗螺丝上去？",
        "choice_a_chinese": "4颗",
        "choice_b_chinese": "6颗",
        "choice_c_chinese": "8颗",
        "choice_d_chinese": "KATRINA没有拧螺丝",
        "answer": "C",
        "reason_chinese": "Day1 KATRINA 在 11:17:07~11:22:33 倒出配件袋里的螺丝，使用螺丝刀给硬盘两个侧面拧上各4颗螺丝，一共8颗。",
        "question":"When KATRINA assembled the hard drive on Day 1, how many screws did she tighten with a screwdriver?",
        "choice_a": "4 screws",
        "choice_b": "6 screws",
        "choice_c": "8 screws",
        "choice_d": "KATRINA didn't tighten any screws",
        "reason":"On Day 1, from 11:17:07 to 11:22:33, KATRINA poured out the screws from the accessory bag and used a screwdriver to tighten 4 screws on each of the two sides of the hard drive, making a total of 8 screws."
    },
    {
    "question_chinese": "KATRINA 在 Day1 参加白板会议时，拆开了一个有塑封膜的蓝色卡片盒子，她是用什么把塑封膜撕开的？",
    "choice_a_chinese": "KATRINA 用桌上的剪刀剪开了塑封膜",
    "choice_b_chinese": "KATRINA 请求蓝色连衣裙女生用手撕开了塑封膜",
    "choice_c_chinese": "KATRINA 用手撕开了塑封膜",
    "choice_d_chinese": "KATRINA 用桌上的笔刺开了塑封膜",
    "answer": "D",
    "reason_chinese": "Day1 KATRINA 在 11:45:27~11:45:27 用桌上的笔刺开了蓝色卡片盒子的塑封膜。",
    "question": "When KATRINA attended the whiteboard meeting on Day 1, she opened a blue card box with a plastic film. What did she use to tear open the plastic film?",
    "choice_a": "KATRINA used the scissors on the table to cut open the plastic film.",
    "choice_b": "KATRINA asked the girl in the blue dress to tear open the plastic film with her hands.",
    "choice_c": "KATRINA tore open the plastic film with her hands.",
    "choice_d": "KATRINA used the pen on the table to pierce open the plastic film.",
    "reason": "On Day 1, from 11:45:27 to 11:45:27, KATRINA used the pen on the table to pierce open the plastic film of the blue card box."
    },
    {
    "question_chinese": "KATRINA 在 Day1 到盒马鲜生后，拿起的第一个饮料是什么？",
    "choice_a_chinese": "一瓶浅绿色玻璃瓶的酒",
    "choice_b_chinese": "一组黄色的盒装柠檬茶",
    "choice_c_chinese": "一组红色的罐装可乐",
    "choice_d_chinese": "一瓶黄色的 NFC 饮料",
    "answer": "B",
    "reason_chinese": "Day1 KATRINA 在 17:24:32~17:24:40 第一次拿起了饮料，是一组黄色的盒装柠檬茶。",
    "question": "When KATRINA went to Hema Fresh on Day 1, what was the first drink she picked up?",
    "choice_a": "A bottle of light green glass bottle of wine.",
    "choice_b": "A set of yellow boxed lemon tea.",
    "choice_c": "A set of red canned cola.",
    "choice_d": "A bottle of yellow NFC drink.",
    "reason": "On Day 1, from 17:24:32 to 17:24:40, KATRINA picked up the drink for the first time, which was a set of yellow boxed lemon tea."
    },
    {
    "question_chinese": "KATRINA 在 Day1 和团队购物完后到家中，KATRINA 试着拆开一个塑料袋，是谁帮忙拆开的？",
    "choice_a_chinese": "蓝色 T 恤的男生",
    "choice_b_chinese": "蓝色牛仔外套的女生",
    "choice_c_chinese": "淡黄色衬衣的女生",
    "choice_d_chinese": "蓝色牛仔外套的女生和淡黄色衬衣的女生",
    "answer": "A",
    "reason_chinese": "Day1 KATRINA 在 19:10:25~19:11:12 打算拆开一袋物资未果，蓝色 T 恤男生过来帮忙拆开了。",
    "question": "After KATRINA went shopping with the team on Day 1 and got home, KATRINA tried to open a plastic bag. Who helped to open it?",
    "choice_a": "The boy in the blue T-shirt.",
    "choice_b": "The girl in the blue denim jacket.",
    "choice_c": "The girl in the light yellow shirt.",
    "choice_d": "The girl in the blue denim jacket and the girl in the light yellow shirt.",
    "reason": "On Day 1, from 19:10:25 to 19:11:12, KATRINA tried to open a bag of supplies but failed, and the boy in the blue T-shirt came over and helped to open it."
    },
    {
    "question_chinese": "KATRINA 在 Day1 将刚从超市买回来的饮料第一次拿到二楼冰箱时，上层冰箱里原本有什么？",
    "choice_a_chinese": "只有三瓶罐装饮料",
    "choice_b_chinese": "什么也没有",
    "choice_c_chinese": "冰箱放得很满，有很多饮料和中午吃剩的红色包装盒食物（肯德基）",
    "choice_d_chinese": "三瓶罐装饮料和一盒黄色的食物",
    "answer": "D",
    "reason_chinese": "Day1 KATRINA 在 19:14:42~19:15:07 第一次拿着饮料打开二楼冰箱时，冰箱第二格放了三罐饮料，第三格放了一盒黄色食物。",
    "question": "When KATRINA first took the drink she just bought from the supermarket to the refrigerator on the second floor on Day 1, what was originally in the upper part of the refrigerator?",
    "choice_a": "Only three canned drinks.",
    "choice_b": "Nothing.",
    "choice_c": "The refrigerator was full, with a lot of drinks and the food in a red packaging box (KFC) left over from lunch.",
    "choice_d": "Three canned drinks and a box of yellow food.",
    "reason": "On Day 1, from 19:14:42 to 19:15:07, when KATRINA first opened the refrigerator on the second floor with the drink, there were three cans of drinks in the second compartment and a box of yellow food in the third compartment of the refrigerator."
    },
    {
    "question_chinese": "KATRINA 在 Day1 给烘焙蛋糕挤奶油时，第二次挤奶油是从谁手中接过了裱花袋？",
    "choice_a_chinese": "蓝色 T 恤的男生",
    "choice_b_chinese": "白色衬衫女生",
    "choice_c_chinese": "淡黄色衬衣的女生",
    "choice_d_chinese": "黑色 T 恤女生",
    "answer": "D",
    "reason_chinese": "Day1 KATRINA 在 21:43:38~21:43:51 第二次挤奶油是从黑色 T 恤女生手中接过了裱花袋。",
    "question": "When KATRINA squeezed cream onto the baked cake on Day 1, from whom did she take the piping bag for the second time when squeezing the cream?",
    "choice_a": "The boy in the blue T-shirt.",
    "choice_b": "The girl in the white shirt.",
    "choice_c": "The girl in the light yellow shirt.",
    "choice_d": "The girl in the black T-shirt.",
    "reason": "On Day 1, from 21:43:38 to 21:43:51, when KATRINA squeezed the cream for the second time, she took the piping bag from the girl in the black T-shirt."
}
]