[
    {
        "question_chinese": "KATRINA 在 Day2 第一次开冰箱从冰箱里拿出了什么？",
        "choice_a_chinese": "红色的盒子",
        "choice_b_chinese": "白色的酸奶碗",
        "choice_c_chinese": "什么也没有拿",
        "choice_d_chinese": "蓝色的盒装牛奶",
        "answer": "C",
        "reason_chinese": "Day2 KATRINA 在 10:44:37~10:44:42 第一次打开冰箱，拿了一下蓝色的盒装牛奶又放回，并关上冰箱，所以什么也没拿出。",
        "question": "What did KATRINA take out from the refrigerator when she first opened it on Day 2?",
        "choice_a": "A red box.",
        "choice_b": "A white yogurt bowl.",
        "choice_c": "Nothing.",
        "choice_d": "A blue box of milk.",
        "reason": "On Day 2, from 10:44:37 to 10:44:42, KATRINA first opened the refrigerator, picked up a blue box of milk and then put it back, and closed the refrigerator, so she didn't take out anything."
    },
    {
        "question_chinese": "KATRINA 在 Day2 吃午饭时坐在了谁的左边？",
        "choice_a_chinese": "黑色T恤女生",
        "choice_b_chinese": "白色衬衫女生",
        "choice_c_chinese": "深红色T恤男生",
        "choice_d_chinese": "白色T恤男生",
        "answer": "A",
        "reason_chinese": "Day2 KATRINA 在 13:37:08~13:37:34 从卧室走出来后，走到黑色T恤女生左边的位置坐下。",
        "question": "Whose left side did KATRINA sit on during lunch on Day 2?",
        "choice_a": "The girl in the black T-shirt.",
        "choice_b": "The girl in the white shirt.",
        "choice_c": "The boy in the dark red T-shirt.",
        "choice_d": "The boy in the white T-shirt.",
        "reason": "On Day 2, from 13:37:08 to 13:37:34, after KATRINA walked out of the bedroom, she walked to the position on the left side of the girl in the black T-shirt and sat down."
    },
    {
        "question_chinese": "KATRINA 在 Day2 和白衣男生外出逗的小狗身上有什么装饰品？",
        "choice_a_chinese": "小狗身上没有装饰品",
        "choice_b_chinese": "小狗穿了白色的衣服",
        "choice_c_chinese": "小狗戴了红色的项圈",
        "choice_d_chinese": "小狗穿了橘色和蓝绿色的背带",
        "answer": "D",
        "reason_chinese": "Day2 KATRINA 在 17:30:53~17:31:08 看见小狗在地上打滚，穿了橘色和蓝绿色的背带。",
        "question": "What decorations did the puppy have when KATRINA went out with the boy in the white shirt to play with it on Day 2?",
        "choice_a": "The puppy had no decorations.",
        "choice_b": "The puppy was wearing white clothes.",
        "choice_c": "The puppy was wearing a red collar.",
        "choice_d": "The puppy was wearing orange and blue-green suspenders.",
        "reason": "On Day 2, from 17:30:53 to 17:31:08, KATRINA saw the puppy rolling on the ground, wearing orange and blue-green suspenders."
    },
    {
        "question_chinese": "大家在二楼客厅准备吃火锅之前拆开了很多食材，KATRINA把她拆开的火锅底料包装袋放在哪里了？",
        "choice_a_chinese": "放在餐桌上",
        "choice_b_chinese": "二楼厨房一侧地上的白色塑料袋里",
        "choice_c_chinese": "二楼厨房一侧地上的垃圾桶里",
        "choice_d_chinese": "一楼厨房角落的垃圾桶里",
        "answer": "C",
        "reason_chinese": "Day2 KATRINA 在 18:12:13~18:12:35 把火锅底料放入锅里后，将包装袋放入二楼厨房一侧地上的垃圾桶里。",
        "question": "Before everyone prepared to have hot pot in the second-floor living room, many ingredients were unpacked. Where did KATRINA put the packaging bag of the hot pot base she unpacked?",
        "choice_a": "On the dining table.",
        "choice_b": "In the white plastic bag on the ground beside the second-floor kitchen.",
        "choice_c": "In the trash can on the ground beside the second-floor kitchen.",
        "choice_d": "In the trash can in the corner of the first-floor kitchen.",
        "reason": "On Day 2, from 18:12:13 to 18:12:35, after KATRINA put the hot pot base into the pot, she put the packaging bag into the trash can on the ground beside the second-floor kitchen."
    },
    {
        "question_chinese": "KATRINA 在 Day2 白板上画完小熊后，最开始写了什么字？",
        "choice_a_chinese": "在小熊的右上方写了“YOHO!!”",
        "choice_b_chinese": "在小熊的右侧写了很小的“lyx”",
        "choice_c_chinese": "在小熊的右侧写了很小的“2024、4、17”",
        "choice_d_chinese": "在小熊的右上方写了“HAPPY!!”",
        "answer": "A",
        "reason_chinese": "Day2 KATRINA 在 21:00:37~21:00:51 在小熊的右上方写了“YOHO!!”，然后在小熊的右侧写了“lyx”和“2024、4、17”。",
        "question": "What words did KATRINA write first after drawing a bear on the whiteboard on Day 2?",
        "choice_a": "She wrote \"YOHO!!\" in the upper right of the bear.",
        "choice_b": "She wrote very small \"lyx\" on the right side of the bear.",
        "choice_c": "She wrote very small \"2024, 4, 17\" on the right side of the bear.",
        "choice_d": "She wrote \"HAPPY!!\" in the upper right of the bear.",
        "reason": "On Day 2, from 21:00:37 to 21:00:51, KATRINA wrote \"YOHO!!\" in the upper right of the bear, and then wrote \"lyx\" and \"2024, 4, 17\" on the right side of the bear."
    },
    {
        "question_chinese": "KATRINA 在 Day2 收拾吃完火锅后的桌子时，擦桌子的湿巾包装是什么样的？",
        "choice_a_chinese": "放在桌上淡黄色正方形包装袋",
        "choice_b_chinese": "放在厨房橙色长方形包装袋，盖子为黄色",
        "choice_c_chinese": "放在厨房绿色长方形包装袋，盖子为红色",
        "choice_d_chinese": "放在桌上蓝色长方形包装袋，盖子为白色",
        "answer": "B",
        "reason_chinese": "Day2 KATRINA 在 21:08:26~21:08:29 从放在厨房橙色长方形包装、盖子为黄色的湿巾中拿出湿巾擦桌子。",
        "question": "What was the packaging of the wet wipes that KATRINA used to clean the table after having hot pot on Day 2?",
        "choice_a": "A light yellow square packaging bag on the table.",
        "choice_b": "An orange rectangular packaging bag with a yellow lid in the kitchen.",
        "choice_c": "A green rectangular packaging bag with a red lid in the kitchen.",
        "choice_d": "A blue rectangular packaging bag with a white lid on the table.",
        "reason": "On Day 2, from 21:08:26 to 21:08:29, KATRINA took out a wet wipe from the orange rectangular packaging with a yellow lid in the kitchen to clean the table."
    }
]