[
    {
        "question_chinese": "SHURE 在 Day2 第一次制作咖啡时，放在二楼厨房咖啡旁边的抽纸包装是什么颜色？",
        "choice_a_chinese": "红色",
        "choice_b_chinese": "蓝色",
        "choice_c_chinese": "绿色",
        "choice_d_chinese": "黄色",
        "answer": "D",
        "reason_chinese": "Day2 SHURE 在 15:26:51~15:34:45 在二楼厨房制作咖啡，旁边的抽纸包装是黄色。",
        "question": "When SHURE made coffee for the first time on Day 2, what was the color of the tissue paper package placed next to the coffee in the second - floor kitchen?",
        "choice_a": "Red",
        "choice_b": "Blue",
        "choice_c": "Green",
        "choice_d": "Yellow",
        "reason": "On Day 2, from 15:26:51 to 15:34:45, SHURE made coffee in the second - floor kitchen, and the tissue paper package next to the coffee was yellow."
    },
    {
        "question_chinese": "SHURE 在 Day2 跳完舞回一楼后，将客厅插着花的花瓶拿了一瓶放到哪里了？",
        "choice_a_chinese": "卧室窗户",
        "choice_b_chinese": "一楼厨房",
        "choice_c_chinese": "二楼厨房",
        "choice_d_chinese": "一楼客厅桌子",
        "answer": "D",
        "reason_chinese": "Day2 SHURE 在 16:10:04~16:12:12 将插着花的花瓶放在了卧室窗户那。",
        "question": "After SHURE returned to the first floor after dancing on Day 2, where did he put one of the vases with flowers from the living room?",
        "choice_a": "The bedroom window",
        "choice_b": "The first - floor kitchen",
        "choice_c": "The second - floor kitchen",
        "choice_d": "The first - floor living - room table",
        "reason": "On Day 2, from 16:10:04 to 16:12:12, SHURE put the vase with flowers by the bedroom window."
    },
    {
        "question_chinese": "SHURE 在 Day2 下午一楼厨房清洗餐具使用的是什么工具？",
        "choice_a_chinese": "钢丝球",
        "choice_b_chinese": "紫色抹布",
        "choice_c_chinese": "蓝色抹布",
        "choice_d_chinese": "白色抹布",
        "answer": "B",
        "reason_chinese": "Day2 SHURE 在 16:28:09~16:39:41 下午一楼厨房清洗餐具使用的是紫色抹布。",
        "question": "What tool did SHURE use to wash the dishes in the first - floor kitchen on the afternoon of Day 2?",
        "choice_a": "Steel wool",
        "choice_b": "Purple rag",
        "choice_c": "Blue rag",
        "choice_d": "White rag",
        "reason": "On Day 2, from 16:28:09 to 16:39:41, SHURE used a purple rag to wash the dishes in the first - floor kitchen in the afternoon."
    },
    {
        "question_chinese": "SHURE 在 Day2 去其他庭院逗狗时，放在庭院门口用来挡门的物品是？",
        "choice_a_chinese": "蓝色凳子",
        "choice_b_chinese": "红色书包",
        "choice_c_chinese": "白色椅子",
        "choice_d_chinese": "黄色桌子",
        "answer": "A",
        "reason_chinese": "Day2 SHURE 在 17:25:25~17:26:56 逗狗所在庭院的门口放了一张蓝色凳子用来挡门。",
        "question": "When SHURE went to another courtyard to play with the dog on Day 2, what item was placed at the courtyard door to block it?",
        "choice_a": "Blue stool",
        "choice_b": "Red schoolbag",
        "choice_c": "White chair",
        "choice_d": "Yellow table",
        "reason": "On Day 2, from 17:25:25 to 17:26:56, a blue stool was placed at the door of the courtyard where SHURE played with the dog to block the door."
    },
    {
        "question_chinese": "SHURE 在 Day2 准备晚餐的火锅时，黄色短袖女生递给 SHURE 一个点心后手上的盒子里还剩几个点心？",
        "choice_a_chinese": "1 个",
        "choice_b_chinese": "5 个",
        "choice_c_chinese": "6 个",
        "choice_d_chinese": "3 个",
        "answer": "C",
        "reason_chinese": "Day2 SHURE 在 18:02:10~18:03:29 从黄色短袖女生手中拿了一个点心，盒子里还剩 6 个点心。",
        "question": "When SHURE was preparing the hot pot for dinner on Day 2, how many snacks were left in the box in the hands of the girl in the yellow short - sleeved shirt after she gave one snack to SHURE?",
        "choice_a": "1 snack",
        "choice_b": "5 snacks",
        "choice_c": "6 snacks",
        "choice_d": "3 snacks",
        "reason": "On Day 2, from 18:02:10 to 18:03:29, SHURE took one snack from the girl in the yellow short - sleeved shirt, and there were 6 snacks left in the box."
    },
    {
        "question_chinese": "SHURE 在 Day2 准备晚餐时往火锅添加火锅底料首先添加的是什么颜色的火锅底料？",
        "choice_a_chinese": "绿色",
        "choice_b_chinese": "黄色",
        "choice_c_chinese": "红色",
        "choice_d_chinese": "白色",
        "answer": "C",
        "reason_chinese": "Day2 SHURE 在 18:10:10~18:12:31 第一次加入的火锅底料是红色的。",
        "question": "When SHURE was preparing dinner on Day 2, what color of hot - pot base did he first add to the hot pot?",
        "choice_a": "Green",
        "choice_b": "Yellow",
        "choice_c": "Red",
        "choice_d": "White",
        "reason": "On Day 2, from 18:10:10 to 18:12:31, the first hot - pot base SHURE added was red."
    }
]