[
    {
        "question_chinese": "SHURE 在 Day7 看到庭院里面晾的裙子是用什么衣架？",
        "choice_a_chinese": "没用衣架",
        "choice_b_chinese": "塑料衣架",
        "choice_c_chinese": "木衣架",
        "choice_d_chinese": "金属衣架",
        "answer": "C",
        "reason_chinese": "Day7 SHURE 在 11:08:00~11:15:58 看到庭院里用木衣架晾了一件裙子。",
        "question": "What kind of hanger was used to hang the skirt in the courtyard that SHURE saw on Day 7?",
        "choice_a": "No hanger was used",
        "choice_b": "Plastic hanger",
        "choice_c": "Wooden hanger",
        "choice_d": "Metal hanger",
        "reason": "On Day 7, from 11:08:00 to 11:15:58, SHURE saw a skirt hanging on a wooden hanger in the courtyard."
    },
    {
        "question_chinese": "SHURE 在 Day7 吃午饭时第二次夹菜夹的是什么菜？",
        "choice_a_chinese": "土豆丝",
        "choice_b_chinese": "番茄鸡蛋",
        "choice_c_chinese": "白菜",
        "choice_d_chinese": "红烧肉",
        "answer": "A",
        "reason_chinese": "Day7 SHURE 在 12:03:39~12:05:50 第二次夹菜夹的是土豆丝。",
        "question": "What dish did SHURE pick up for the second time when having lunch on Day 7?",
        "choice_a": "Shredded potatoes",
        "choice_b": "Tomato and egg",
        "choice_c": "Chinese cabbage",
        "choice_d": "Braised pork belly",
        "reason": "On Day 7, from 12:03:39 to 12:05:50, SHURE picked up shredded potatoes for the second time when having lunch."
    },
    {
        "question_chinese": "SHURE 在 Day7 吃午饭时拿的第一个陶瓷盘子递给了谁？",
        "choice_a_chinese": "黑色短袖女",
        "choice_b_chinese": "黑色短袖男",
        "choice_c_chinese": "白色短袖男",
        "choice_d_chinese": "白色短袖女",
        "answer": "D",
        "reason_chinese": "Day7 SHURE 在 12:04:00~12:05:10 吃午饭时拿起第一个陶瓷盘子递给了白色短袖女。",
        "question": "Who did SHURE give the first ceramic plate to when having lunch on Day 7?",
        "choice_a": "The girl in black short - sleeved shirt",
        "choice_b": "The boy in black short - sleeved shirt",
        "choice_c": "The boy in white short - sleeved shirt",
        "choice_d": "The girl in white short - sleeved shirt",
        "reason": "On Day 7, from 12:04:00 to 12:05:10, SHURE picked up the first ceramic plate and gave it to the girl in white short - sleeved shirt when having lunch."
    },
    {
        "question_chinese": "SHURE 在 Day7 进入的第一家彩票店里面有几个什么人？",
        "choice_a_chinese": "一个人都没有",
        "choice_b_chinese": "一个老板",
        "choice_c_chinese": "一个老板一个顾客",
        "choice_d_chinese": "一个老板两个顾客",
        "answer": "B",
        "reason_chinese": "Day7 SHURE 在 13:21:10~13:22:30 进入的彩票店里面只有一名男老板。",
        "question": "How many and what kind of people were there in the first lottery store that SHURE entered on Day 7?",
        "choice_a": "There was no one",
        "choice_b": "There was a boss",
        "choice_c": "There was a boss and a customer",
        "choice_d": "There was a boss and two customers",
        "reason": "On Day 7, from 13:21:10 to 13:22:30, there was only a male boss in the lottery store that SHURE entered."
    },
    {
        "question_chinese": "SHURE 在 Day7 购买西瓜时，女友挑选的那个西瓜下面摆放的是什么？",
        "choice_a_chinese": "梨",
        "choice_b_chinese": "苹果",
        "choice_c_chinese": "香蕉",
        "choice_d_chinese": "西瓜",
        "answer": "A",
        "reason_chinese": "Day7 SHURE 在 13:39:04~13:40:37 购买西瓜时，女友挑选的那个西瓜下面摆放的是梨。",
        "question": "What was placed under the watermelon that SHURE's girlfriend selected when buying watermelons on Day 7?",
        "choice_a": "Pears",
        "choice_b": "Apples",
        "choice_c": "Bananas",
        "choice_d": "Watermelons",
        "reason": "On Day 7, from 13:39:04 to 13:40:37, when buying watermelons, there were pears placed under the watermelon that SHURE's girlfriend selected."
    },
    {
        "question_chinese": "SHURE 在 Day7 是如何处理剩下的一半西瓜的？",
        "choice_a_chinese": "SHURE把它放进冰箱",
        "choice_b_chinese": "女友把它放进冰箱",
        "choice_c_chinese": "SHURE把它放进行李箱",
        "choice_d_chinese": "女友把它放到卧室",
        "answer": "A",
        "reason_chinese": "Day7 SHURE 在 17:33:47~17:34:59 女友将剩下的一半西瓜放进冰箱。",
        "question": "How did SHURE deal with the remaining half of the watermelon on Day 7?",
        "choice_a": "SHURE put it in the refrigerator",
        "choice_b": "SHURE's girlfriend put it in the refrigerator",
        "choice_c": "SHURE put it in the suitcase",
        "choice_d": "SHURE's girlfriend put it in the bedroom",
        "reason": "On Day 7, from 17:33:47 to 17:34:59, SHURE's girlfriend put the remaining half of the watermelon in the refrigerator."
    }
]