[
    {
        "question_chinese": "SHURE 在 Day1 参加白板会议时，在白板上写的人员有三类，第一个是拟邀请嘉宾，第二个是邀请邻居，第三个是什么？",
        "choice_a_chinese": "老师",
        "choice_b_chinese": "剧组人员",
        "choice_c_chinese": "同学",
        "choice_d_chinese": "同事",
        "answer": "B",
        "reason_chinese": "Day1 SHURE 在 11:26:57~11:33:15 在白板书写了三类人员，第一个是拟邀请嘉宾，第二个是邀请邻居，第三个是剧组人员。",
        "question": "When SHURE attended the whiteboard meeting on Day 1, there were three categories of people written on the whiteboard. The first was the invited guests, the second was the invited neighbors. What was the third category?",
        "choice_a": "Teachers",
        "choice_b": "Crew members",
        "choice_c": "Classmates",
        "choice_d": "Colleagues",
        "reason": "On Day 1, from 11:26:57 to 11:33:15, SHURE wrote three categories of people on the whiteboard. The first was the invited guests, the second was the invited neighbors, and the third was the crew members."
    },
    {
        "question_chinese": "SHURE 在 Day1 组装白板之前，是谁拿剪刀拆开了装有白板支架的快递盒？",
        "choice_a_chinese": "黑色上衣女",
        "choice_b_chinese": "蓝色短袖男",
        "choice_c_chinese": "SHURE",
        "choice_d_chinese": "白色短袖女",
        "answer": "C",
        "reason_chinese": "Day1 SHURE 在 12:50:27~12:54:46 拿剪刀拆开了装有白板支架的快递盒。",
        "question": "Before SHURE assembled the whiteboard on Day 1, who used scissors to open the express box containing the whiteboard stand?",
        "choice_a": "The woman in black top",
        "choice_b": "The boy in blue short - sleeved shirt",
        "choice_c": "SHURE",
        "choice_d": "The girl in white short - sleeved shirt",
        "reason": "On Day 1, from 12:50:27 to 12:54:46, SHURE used scissors to open the express box containing the whiteboard stand."
    },
    {
        "question_chinese": "SHURE 在 Day1 在乘车前往超市的途中，车上坐在 SHURE 旁边的是谁？",
        "choice_a_chinese": "黑色上衣女",
        "choice_b_chinese": "蓝色短袖男",
        "choice_c_chinese": "蓝色裙子女",
        "choice_d_chinese": "白色短袖女",
        "answer": "B",
        "reason_chinese": "Day1 SHURE 在 17:11:15~17:13:04 前往超市的车上时，蓝色短袖男坐在旁边。",
        "question": "On Day 1, during the car ride to the supermarket, who sat next to SHURE in the car?",
        "choice_a": "The woman in black top",
        "choice_b": "The boy in blue short - sleeved shirt",
        "choice_c": "The woman in blue dress",
        "choice_d": "The girl in white short - sleeved shirt",
        "reason": "On Day 1, from 17:11:15 to 17:13:04, during the car ride to the supermarket, the boy in blue short - sleeved shirt sat next to SHURE."
    },
    {
        "question_chinese": "SHURE 在 Day1 和团队购物完后乘坐地铁，步行到达的地铁站名字是？",
        "choice_a_chinese": "九棵树",
        "choice_b_chinese": "果园",
        "choice_c_chinese": "草地",
        "choice_d_chinese": "森林",
        "answer": "A",
        "reason_chinese": "Day1 SHURE 在 18:37:23~18:45:22 步行至九棵树地铁站。",
        "question": "On Day 1, after SHURE finished shopping with the team and took the subway, what was the name of the subway station they walked to?",
        "choice_a": "Jiukeshu Station",
        "choice_b": "Guoyuan Station",
        "choice_c": "Caodi Station",
        "choice_d": "Senlin Station",
        "reason": "On Day 1, from 18:37:23 to 18:45:22, SHURE walked to Jiukeshu Subway Station."
    },
    {
        "question_chinese": "SHURE 在 Day1 去教室找女友时他们所在座位是教室第几排？",
        "choice_a_chinese": "第一排",
        "choice_b_chinese": "第二排",
        "choice_c_chinese": "第三排",
        "choice_d_chinese": "第四排",
        "answer": "D",
        "reason_chinese": "Day1 SHURE 在 20:05:35~20:07:10 进入教室在第四排找到女友并入座。",
        "question": "On Day 1, when SHURE went to the classroom to find his girlfriend, which row of the classroom was their seat in?",
        "choice_a": "The first row",
        "choice_b": "The second row",
        "choice_c": "The third row",
        "choice_d": "The fourth row",
        "reason": "On Day 1, from 20:05:35 to 20:07:10, SHURE entered the classroom, found his girlfriend in the fourth row and took a seat."
    },
    {
        "question_chinese": "SHURE 在 Day1 晚上和女友去吃晚餐，点餐后等餐时放在桌上的等餐牌上面的数字是多少？",
        "choice_a_chinese": "3",
        "choice_b_chinese": "4",
        "choice_c_chinese": "43",
        "choice_d_chinese": "34",
        "answer": "C",
        "reason_chinese": "Day1 SHURE 在 21:13:22~21:20:12 吃晚餐等餐时桌上的等餐牌数字是 43。",
        "question": "On the evening of Day 1, when SHURE went to have dinner with his girlfriend, what was the number on the waiting sign placed on the table while waiting for the food after ordering?",
        "choice_a": "3",
        "choice_b": "4",
        "choice_c": "43",
        "choice_d": "34",
        "reason": "On Day 1, from 21:13:22 to 21:20:12, the number on the waiting sign on the table while waiting for the food after ordering dinner was 43."
    }
]