[
    {
        "question_chinese": "SHURE 在 Day3 第一次喝咖啡时用的什么器具？",
        "choice_a_chinese": "玻璃杯",
        "choice_b_chinese": "纸杯",
        "choice_c_chinese": "保温杯",
        "choice_d_chinese": "陶瓷杯",
        "answer": "A",
        "reason_chinese": "Day3 SHURE 在 11:18:51~11:32:45 喝咖啡时使用玻璃杯。",
        "question": "What utensil did SHURE use when he drank coffee for the first time on Day 3?",
        "choice_a": "Glass",
        "choice_b": "Paper cup",
        "choice_c": "Thermos cup",
        "choice_d": "Ceramic cup",
        "reason": "On Day 3, from 11:18:51 to 11:32:45, SHURE used a glass to drink coffee."
    },
    {
        "question_chinese": "SHURE 在 Day3 玩盲品饮品时，桌上摆放的饮品中挨着大瓶怡宝的饮品是？",
        "choice_a_chinese": "元气森林气泡水",
        "choice_b_chinese": "农夫山泉",
        "choice_c_chinese": "娃哈哈纯净水",
        "choice_d_chinese": "百岁山",
        "answer": "A",
        "reason_chinese": "Day3 SHURE 在 11:41:30~11:54:48 玩盲品饮品时，元气森林气泡水摆放在大瓶怡宝旁边。",
        "question": "When SHURE was playing the blind - tasting drink game on Day 3, which drink was placed next to the large bottle of Yibao among the drinks on the table?",
        "choice_a": "Genki Forest Sparkling Water",
        "choice_b": "Nongfu Spring",
        "choice_c": "Wahaha Purified Water",
        "choice_d": "C'estbon",
        "reason": "On Day 3, from 11:41:30 to 11:54:48, when SHURE was playing the blind - tasting drink game, Genki Forest Sparkling Water was placed next to the large bottle of Yibao."
    },
    {
        "question_chinese": "SHURE 在 Day3 中午吃披萨时桌上一共有几份披萨？",
        "choice_a_chinese": "7",
        "choice_b_chinese": "6",
        "choice_c_chinese": "5",
        "choice_d_chinese": "4",
        "answer": "B",
        "reason_chinese": "Day3 SHURE 在 12:00:23~12:10:40 午餐时桌上摆放了 6 份披萨。",
        "question": "How many pizzas were there on the table when SHURE had pizza for lunch on Day 3?",
        "choice_a": "7",
        "choice_b": "6",
        "choice_c": "5",
        "choice_d": "4",
        "reason": "On Day 3, from 12:00:23 to 12:10:40, there were 6 pizzas on the table during lunch."
    },
    {
        "question_chinese": "SHURE 在 Day3 从公园出来在便利店购物时，老板最后称重的水果是？",
        "choice_a_chinese": "香蕉",
        "choice_b_chinese": "橘子",
        "choice_c_chinese": "苹果",
        "choice_d_chinese": "圣女果",
        "answer": "A",
        "reason_chinese": "Day3 SHURE 在 15:38:10~15:40:07 便利店购物时，老板最后对香蕉进行称重。",
        "question": "When SHURE went shopping in a convenience store after coming out of the park on Day 3, which fruit did the boss weigh last?",
        "choice_a": "Bananas",
        "choice_b": "Oranges",
        "choice_c": "Apples",
        "choice_d": "Cherry tomatoes",
        "reason": "On Day 3, from 15:38:10 to 15:40:07, when SHURE was shopping in the convenience store, the boss weighed the bananas last."
    },
    {
        "question_chinese": "SHURE 在 Day3 电玩城玩游戏时，玩过抓娃娃机后的下一项游戏是？",
        "choice_a_chinese": "架子鼓",
        "choice_b_chinese": "赛车",
        "choice_c_chinese": "投篮",
        "choice_d_chinese": "抓娃娃",
        "answer": "C",
        "reason_chinese": "Day3 SHURE 在 15:52:24~16:01:39 玩了抓娃娃之后开始玩架子鼓游戏。",
        "question": "When SHURE was playing games in the video game city on Day 3, what was the next game after playing the claw machine?",
        "choice_a": "Drum kit",
        "choice_b": "Racing game",
        "choice_c": "Basketball shooting",
        "choice_d": "Claw machine",
        "reason": "On Day 3, from 15:52:24 to 16:01:39, after playing the claw machine, SHURE started playing the drum - kit game."
    },
    {
        "question_chinese": "SHURE 在 Day3 在大型超市采购完毕坐车返回途中，坐在 SHURE 旁边的是？",
        "choice_a_chinese": "白色长袖女",
        "choice_b_chinese": "白色短袖女",
        "choice_c_chinese": "粉色短袖男",
        "choice_d_chinese": "黑色短袖男",
        "answer": "C",
        "reason_chinese": "Day3 SHURE 在 17:31:47~18:04:42 大型超市采购完返回时，粉色短袖男坐在 SHURE 旁边。",
        "question": "On Day 3, during the car ride back after shopping in the large supermarket, who sat next to SHURE?",
        "choice_a": "The woman in white long - sleeved shirt",
        "choice_b": "The girl in white short - sleeved shirt",
        "choice_c": "The boy in pink short - sleeved shirt",
        "choice_d": "The boy in black short - sleeved shirt",
        "reason": "On Day 3, from 17:31:47 to 18:04:42, during the car ride back after shopping in the large supermarket, the boy in pink short - sleeved shirt sat next to SHURE."
    }
]