[
    {
        "question_chinese": "SHURE 在 Day4 做早餐时第一次自己拿鸡蛋一次性拿了多少个？",
        "choice_a_chinese": "1 个",
        "choice_b_chinese": "3 个",
        "choice_c_chinese": "5 个",
        "choice_d_chinese": "7 个",
        "answer": "C",
        "reason_chinese": "Day4 SHURE 在 11:51:20~11:52:37 第一次拿鸡蛋自己拿了 5 个鸡蛋去做早餐。",
        "question": "When SHURE was making breakfast on Day 4, how many eggs did he take at one time for the first time by himself?",
        "choice_a": "1 egg",
        "choice_b": "3 eggs",
        "choice_c": "5 eggs",
        "choice_d": "7 eggs",
        "reason": "On Day 4, from 11:51:20 to 11:52:37, SHURE took 5 eggs by himself for the first time to make breakfast."
    },
    {
        "question_chinese": "SHURE 在 Day4 第一次制作咖啡所用的咖啡豆是什么包装？",
        "choice_a_chinese": "白色袋装",
        "choice_b_chinese": "白色盒装",
        "choice_c_chinese": "红色袋装",
        "choice_d_chinese": "红色盒装",
        "answer": "A",
        "reason_chinese": "Day4 SHURE 在 12:36:48~13:39:33 第一次制作咖啡时从白色袋装倒出咖啡豆。",
        "question": "What was the packaging of the coffee beans SHURE used for the first time when making coffee on Day 4?",
        "choice_a": "White bag",
        "choice_b": "White box",
        "choice_c": "Red bag",
        "choice_d": "Red box",
        "reason": "On Day 4, from 12:36:48 to 13:39:33, SHURE poured out the coffee beans from a white bag for the first time when making coffee."
    },
    {
        "question_chinese": "SHURE 在 Day4 中午吃饭时坐在谁的对面？",
        "choice_a_chinese": "白色短袖女",
        "choice_b_chinese": "粉色长袖女",
        "choice_c_chinese": "黑色长袖女",
        "choice_d_chinese": "白色短袖男",
        "answer": "A",
        "reason_chinese": "Day4 SHURE 在 13:23:22~12:10:40 午餐时坐在白色短袖女的对面。",
        "question": "Who was sitting opposite SHURE during lunch on Day 4?",
        "choice_a": "The girl in white short - sleeved shirt",
        "choice_b": "The girl in pink long - sleeved shirt",
        "choice_c": "The girl in black long - sleeved shirt",
        "choice_d": "The boy in white short - sleeved shirt",
        "reason": "On Day 4, from 13:23:22 to 12:10:40, SHURE was sitting opposite the girl in white short - sleeved shirt during lunch."
    },
    {
        "question_chinese": "SHURE 在 Day4 在庭院演奏吉他时，夹在吉他上的变调夹是什么颜色？",
        "choice_a_chinese": "黄色",
        "choice_b_chinese": "红色",
        "choice_c_chinese": "蓝色",
        "choice_d_chinese": "白色",
        "answer": "D",
        "reason_chinese": "Day4 SHURE 在 17:38:10~17:50:16 在庭院演奏吉他时，夹在吉他上的变调夹是白色。",
        "question": "What was the color of the capo clipped on the guitar when SHURE was playing the guitar in the courtyard on Day 4?",
        "choice_a": "Yellow",
        "choice_b": "Red",
        "choice_c": "Blue",
        "choice_d": "White",
        "reason": "On Day 4, from 17:38:10 to 17:50:16, when SHURE was playing the guitar in the courtyard, the capo clipped on the guitar was white."
    },
    {
        "question_chinese": "SHURE 在 Day4 吃晚饭时，和谁使用同一张椅子放面？",
        "choice_a_chinese": "蓝色短袖男",
        "choice_b_chinese": "黑色长袖男",
        "choice_c_chinese": "白色短袖女",
        "choice_d_chinese": "白色长袖女",
        "answer": "A",
        "reason_chinese": "Day4 SHURE 在 18:49:24~18:52:05 和蓝色短袖男使用同一张椅子放面吃晚饭。",
        "question": "With whom did SHURE share the same chair to put the noodles on during dinner on Day 4?",
        "choice_a": "The boy in blue short - sleeved shirt",
        "choice_b": "The boy in black long - sleeved shirt",
        "choice_c": "The girl in white short - sleeved shirt",
        "choice_d": "The girl in white long - sleeved shirt",
        "reason": "On Day 4, from 18:49:24 to 18:52:05, SHURE and the boy in blue short - sleeved shirt shared the same chair to put the noodles on during dinner."
    },
    {
        "question_chinese": "SHURE 在 Day4 将吉他给黑色长袖男弹奏时，放在黑色长袖男背后的椅子上的饮料是什么样的？",
        "choice_a_chinese": "黄色罐装",
        "choice_b_chinese": "白色瓶装",
        "choice_c_chinese": "红色罐装",
        "choice_d_chinese": "红色瓶装",
        "answer": "C",
        "reason_chinese": "Day4 SHURE 在 21:57:08~22:02:24 将吉他给黑色长袖男弹奏时，黑色长袖男背后的椅子上的放了一瓶红色罐装饮料。",
        "question": "What was the drink placed on the chair behind the boy in black long - sleeved shirt when SHURE gave the guitar to him to play on Day 4?",
        "choice_a": "Yellow canned",
        "choice_b": "White bottled",
        "choice_c": "Red canned",
        "choice_d": "Red bottled",
        "reason": "On Day 4, from 21:57:08 to 22:02:24, when SHURE gave the guitar to the boy in black long - sleeved shirt to play, there was a red canned drink on the chair behind him."
    }
]