[
    {
        "question_chinese": "SHURE 在 Day6 看到晾在庭院里面的衣裤分别几件？",
        "choice_a_chinese": "一条裤子一件衣服",
        "choice_b_chinese": "两条裤子两件衣服",
        "choice_c_chinese": "两条裤子一件衣服",
        "choice_d_chinese": "一条裤子两件衣服",
        "answer": "D",
        "reason_chinese": "Day6 SHURE 在 11:36:23~11:38:03 看到庭院里晾了一条裤子两件衣服。",
        "question": "How many pieces of clothes and trousers did SHURE see hanging in the courtyard on Day 6?",
        "choice_a": "One pair of trousers and one piece of clothing",
        "choice_b": "Two pairs of trousers and two pieces of clothing",
        "choice_c": "Two pairs of trousers and one piece of clothing",
        "choice_d": "One pair of trousers and two pieces of clothing",
        "reason": "On Day 6, from 11:36:23 to 11:38:03, SHURE saw one pair of trousers and two pieces of clothing hanging in the courtyard."
    },
    {
        "question_chinese": "SHURE 在 Day6 成员将电子琴运到庭院后，谁把运琴的拖车放好的？",
        "choice_a_chinese": "蓝色短袖男",
        "choice_b_chinese": "白色短袖男",
        "choice_c_chinese": "绿色短袖男",
        "choice_d_chinese": "黑色外套男",
        "answer": "A",
        "reason_chinese": "Day6 SHURE 在 12:00:05~12:02:03 蓝色短袖男去把拖车放到庭院。",
        "question": "After the members transported the electronic piano to the courtyard on Day 6, who put away the trailer for transporting the piano?",
        "choice_a": "The boy in blue short - sleeved shirt",
        "choice_b": "The boy in white short - sleeved shirt",
        "choice_c": "The boy in green short - sleeved shirt",
        "choice_d": "The boy in black coat",
        "reason": "On Day 6, from 12:00:05 to 12:02:03, the boy in blue short - sleeved shirt put the trailer in the courtyard."
    },
    {
        "question_chinese": "SHURE 在 Day6 清理桌面时将桌上的花瓶拿到哪了？",
        "choice_a_chinese": "卧室",
        "choice_b_chinese": "二楼厨房",
        "choice_c_chinese": "一楼客厅",
        "choice_d_chinese": "庭院",
        "answer": "B",
        "reason_chinese": "Day6 SHURE 在 12:05:10~12:11:43 清理桌面时将桌上的花瓶拿到了二楼厨房。",
        "question": "Where did SHURE take the vase on the table when cleaning the table on Day 6?",
        "choice_a": "The bedroom",
        "choice_b": "The second - floor kitchen",
        "choice_c": "The first - floor living room",
        "choice_d": "The courtyard",
        "reason": "On Day 6, from 12:05:10 to 12:11:43, SHURE took the vase on the table to the second - floor kitchen when cleaning the table."
    },
    {
        "question_chinese": "SHURE 在 Day6 调试电子琴和音响是连接的话筒是怎么获得的？",
        "choice_a_chinese": "卧室拿的",
        "choice_b_chinese": "绿色短袖男给的",
        "choice_c_chinese": "二楼厨房的沙发凳上拿的",
        "choice_d_chinese": "二楼客厅桌上拿的",
        "answer": "A",
        "reason_chinese": "Day6 SHURE 在 12:12:05~15:14:35 从二楼厨房的沙发上拿到话筒然后连接音响。",
        "question": "How did SHURE get the microphone for connecting the electronic piano and the sound system when debugging them on Day 6?",
        "choice_a": "Got it from the bedroom",
        "choice_b": "It was given by the boy in green short - sleeved shirt",
        "choice_c": "Got it from the sofa stool in the second - floor kitchen",
        "choice_d": "Got it from the table in the second - floor living room",
        "reason": "On Day 6, from 12:12:05 to 15:14:35, SHURE got the microphone from the sofa in the second - floor kitchen and then connected it to the sound system."
    },
    {
        "question_chinese": "SHURE 在 Day6 主持活动问答时，序号为5的题目是？",
        "choice_a_chinese": "今年的地球日活动是什么",
        "choice_b_chinese": "地球日是谁发起的",
        "choice_c_chinese": "地球日时间是什么时候",
        "choice_d_chinese": "今年的地球日主题是什么",
        "answer": "D",
        "reason_chinese": "Day6 SHURE 在 16:21:13~16:22:48 主持活动问答时，投影播放的序号为5的题目是“今年的地球日主题是什么”。",
        "question": "What was the question numbered 5 when SHURE hosted the activity Q&A on Day 6?",
        "choice_a": "What is this year's Earth Day activity?",
        "choice_b": "Who initiated Earth Day?",
        "choice_c": "When is Earth Day?",
        "choice_d": "What is this year's Earth Day theme?",
        "reason": "On Day 6, from 16:21:13 to 16:22:48, when SHURE hosted the activity Q&A, the question numbered 5 shown on the projection was 'What is this year's Earth Day theme?'."
    },
    {
        "question_chinese": "SHURE 在 Day6 是如何与白色短袖男添加微信的？",
        "choice_a_chinese": "SHURE扫白色短袖男二维码",
        "choice_b_chinese": "白色短袖男扫SHURE二维码",
        "choice_c_chinese": "SHURE通过手机号搜索添加",
        "choice_d_chinese": "白色短袖男通过手机号搜索添加",
        "answer": "A",
        "reason_chinese": "Day6 SHURE 在 21:21:27~21:22:58 使用手机扫白色短袖男二维码添加微信。",
        "question": "How did SHURE add WeChat with the boy in white short - sleeved shirt on Day 6?",
        "choice_a": "SHURE scanned the QR code of the boy in white short - sleeved shirt",
        "choice_b": "The boy in white short - sleeved shirt scanned SHURE's QR code",
        "choice_c": "SHURE added by searching the phone number",
        "choice_d": "The boy in white short - sleeved shirt added by searching the phone number",
        "reason": "On Day 6, from 21:21:27 to 21:22:58, SHURE used the mobile phone to scan the QR code of the boy in white short - sleeved shirt to add WeChat."
    }
]