[
    {
        "question_chinese": "SHURE 在 Day5 制作咖啡时第一杯咖啡用的杯子是从哪拿的？",
        "choice_a_chinese": "微波炉上面",
        "choice_b_chinese": "冰箱里面",
        "choice_c_chinese": "客厅桌上",
        "choice_d_chinese": "厨房桌上",
        "answer": "A",
        "reason_chinese": "Day5 SHURE 在 11:43:10~11:44:52 从微波炉上拿了一个杯子清洗后倒入第一杯咖啡。",
        "question": "Where did SHURE get the cup for the first cup of coffee when making coffee on Day 5?",
        "choice_a": "On the microwave oven",
        "choice_b": "Inside the refrigerator",
        "choice_c": "On the living - room table",
        "choice_d": "On the kitchen table",
        "reason": "On Day 5, from 11:43:10 to 11:44:52, SHURE took a cup from the microwave oven, washed it and poured the first cup of coffee into it."
    },
    {
        "question_chinese": "SHURE 在 Day5 制作咖啡时蓝色裙子女拿出来在二楼厨房清洗的是什么水果？",
        "choice_a_chinese": "葡萄",
        "choice_b_chinese": "西瓜",
        "choice_c_chinese": "香蕉",
        "choice_d_chinese": "苹果",
        "answer": "A",
        "reason_chinese": "Day5 SHURE 在 11:44:05~11:52:16 制作咖啡时蓝色裙子女拿出葡萄在二楼厨房清洗。",
        "question": "What fruit did the girl in the blue dress take out to wash in the second - floor kitchen when SHURE was making coffee on Day 5?",
        "choice_a": "Grapes",
        "choice_b": "Watermelon",
        "choice_c": "Bananas",
        "choice_d": "Apples",
        "reason": "On Day 5, from 11:44:05 to 11:52:16, when SHURE was making coffee, the girl in the blue dress took out grapes to wash in the second - floor kitchen."
    },
    {
        "question_chinese": "SHURE 在 Day5 中午吃饭时谁递给他一盒蒜？",
        "choice_a_chinese": "白色长袖女",
        "choice_b_chinese": "粉色长袖女",
        "choice_c_chinese": "黑色长袖女",
        "choice_d_chinese": "白色短袖男",
        "answer": "A",
        "reason_chinese": "Day5 SHURE 在 12:10:20~12:11:45 午餐时白色长袖递给 SHURE 一盒蒜并加入午餐中。",
        "question": "Who gave SHURE a box of garlic during lunch on Day 5?",
        "choice_a": "The girl in white long - sleeved shirt",
        "choice_b": "The girl in pink long - sleeved shirt",
        "choice_c": "The girl in black long - sleeved shirt",
        "choice_d": "The boy in white short - sleeved shirt",
        "reason": "On Day 5, from 12:10:20 to 12:11:45, during lunch, the girl in white long - sleeved shirt gave SHURE a box of garlic and added it to the lunch."
    },
    {
        "question_chinese": "SHURE 在 Day5 超市采购时，购物车里放入的第二件商品是什么？",
        "choice_a_chinese": "酸奶",
        "choice_b_chinese": "肉",
        "choice_c_chinese": "啤酒",
        "choice_d_chinese": "可乐",
        "answer": "A",
        "reason_chinese": "Day5 SHURE 在 15:56:10~15:58:02 蓝色长袖女往购物车放进第二件商品酸奶。",
        "question": "What was the second item put into the shopping cart when SHURE was shopping in the supermarket on Day 5?",
        "choice_a": "Yogurt",
        "choice_b": "Meat",
        "choice_c": "Beer",
        "choice_d": "Cola",
        "reason": "On Day 5, from 15:56:10 to 15:58:02, the girl in blue long - sleeved shirt put the second item, yogurt, into the shopping cart."
    },
    {
        "question_chinese": "SHURE 在 Day5 超市采购结账时，收银员手上戴了什么？",
        "choice_a_chinese": "什么都没戴",
        "choice_b_chinese": "绿色手套",
        "choice_c_chinese": "黑色手表",
        "choice_d_chinese": "透明手套",
        "answer": "B",
        "reason_chinese": "Day5 SHURE 在 16:26:23~16:28:00 超市采购结账时，收银员手上戴了一双绿色手套。",
        "question": "What did the cashier wear on her hands when SHURE was checking out at the supermarket on Day 5?",
        "choice_a": "Nothing",
        "choice_b": "Green gloves",
        "choice_c": "Black watch",
        "choice_d": "Transparent gloves",
        "reason": "On Day 5, from 16:26:23 to 16:28:00, when SHURE was checking out at the supermarket, the cashier wore a pair of green gloves on her hands."
    },
    {
        "question_chinese": "SHURE 在 Day5 彩票店第一次刮开刮刮乐时使用的工具是从哪获得的？",
        "choice_a_chinese": "桌上放着的",
        "choice_b_chinese": "口袋掏出来的",
        "choice_c_chinese": "彩票店老板递的",
        "choice_d_chinese": "地上捡起来的",
        "answer": "A",
        "reason_chinese": "Day5 SHURE 在 19:14:16~19:18:54 在彩票店使用桌上放着的工具刮开第一张刮刮乐。",
        "question": "Where did SHURE get the tool to scratch the first scratch - off ticket at the lottery store on Day 5?",
        "choice_a": "It was on the table",
        "choice_b": "It was taken out of the pocket",
        "choice_c": "It was given by the lottery - store owner",
        "choice_d": "It was picked up from the ground",
        "reason": "On Day 5, from 19:14:16 to 19:18:54, SHURE used the tool on the table to scratch the first scratch - off ticket at the lottery store."
    }
]