[
    {
        "question_chinese": "Jake 需要梳理上午 12:00 至下午 18:50 的活动顺序，以下哪组事件排序正确？\n\na. 上床看电脑\n\nb. 在二楼客厅吃饭\n\nc. 院子会议\n\nd. 到商场采购物资\n\ne. 蛋挞原料准备\n\nf. 出门取快递",
        "events_description_chinese": {
            "上床看电脑": "Jake来到卧室，脱掉拖鞋站到床上。他先把窗帘拉开并固定在窗户两边，然后坐下打开笔记本电脑并放在腿上。Jake使用触摸板一直在操作笔记本电脑。经过一段时间后，Jake将电脑侧放观察，然后坐到床中间。他四处看了一下，然后下床来到客厅。",
            "在二楼客厅吃饭": "Jake先在一楼厨房水池洗手，然后上楼到二楼客厅。食物已经摆放在桌子上，Jake帮忙将凳子摆放在桌子旁边。Jake下楼叫穿着白色短袖和短裤的男生一起吃饭。人到齐之后，Jake和所有人坐在桌子旁边，大家一起愉快的吃饭。期间Jake和穿着灰色上衣和浅蓝色牛仔长裤的女生下楼取AD钙奶并分发给其他人。随着时间的流逝，大家吃饱之后几个女生继续坐在桌子旁边聊天和游戏，最后他们都离开了餐桌。",
            "院子会议": "所有人坐在院子的木桌上，外面阳光明媚，遮阳伞下一片阴凉，大家在一起讨论着什么。Jake和一个蓝色长袖黑色长裤的男生将白板抬到院子里并继续讨论。讨论的同时，穿着深色裙子的女生站在白板前主导会议。讨论过后，大家将电脑等东西收起来，并陆陆续续回到屋子里。还有一些人继续坐在外面继续聊天。期间Jake也几次回到屋子里。",
            "到商场采购物资": "Jake一行人进入商场，这里的工作人员穿着红色的马甲。Jake一行人出门推了一辆购物车然后进入商场。他们一边讨论一边推着购物车选购饮料等物资。期间他们还推着购物车通过自动扶梯上到二楼，二楼首先映入眼帘的是水果蔬菜的区域。随着他们继续前进，他们到达了粮食干货区域。他们后来也经过了肉类、调料等区域。最后他们推着购物车下楼，买一些饮料之后去收银台结账。",
            "蛋挞原料准备": "深蓝色T恤的男生取了一个铁质圆柱形容器，几个人轮流尝试使用蛋壳将蛋黄和蛋白分开，蛋清倒在铁质容器中。深蓝色T恤男生使用筷子不停搅拌倒在白色瓷碗中的蛋清。搅拌的容器多次更换，最后使用玻璃容器并将蛋黄加入进行搅拌。最后容器换成了最开始的铁质容器，使用搅拌器进行搅拌。再后来，Jake带上白色厚手套并将蛋挞纸盒拿在手上，后来又放下，将蛋挞盒子放在桌子上。",
            "出门取快递": "Jake和其他人出门穿过小巷，向别人问了路之后就顺着路往前走。Jake一边走一边看导航，一行人穿过一个牌坊，继续沿着一条河边的人行道走。到达马路边后继续往前走，穿过仿古建筑。天色逐渐变暗，他们进入一家店里进行活动。出来之后天已经完全黑了。他们继续沿着路边的人行道行进，最终到达快递站取件之后返回。天色一片漆黑只能看到零星的灯光。"
        },
        "choice_a_chinese": "a→b→d→e",
        "choice_b_chinese": "b→c→d→e",
        "choice_c_chinese": "c→f→a→b",
        "choice_d_chinese": "e→d→b→f",
        "answer": "B",
        "reason_chinese": "在二楼客厅吃饭 (12:05-12:38)→院子会议 (15:00-15:32)→到商场采购物资 (15:52-16:36)→蛋挞原料准备 (18:11-18:46)。其中 “上床看电脑”(11:03-11:11) 发生在目标时间段前，“出门取快递”(18:57-19:57) 大部分在目标时间段外，均为干扰项。",
        "question": "Jake needs to sort the activities from 12:00 AM to 6:50 PM. Which sequence is correct?\n\na. Go to bed to use the computer\n\nb. Eat in the second-floor living room\n\nc. Courtyard meeting\n\nd. Shop for supplies at the mall\n\ne. Egg Tart Ingredients Preparation\n\nf. Go out to pick up packages",
        "events_description": {
            "Go to bed to use the computer": "Jake enters the bedroom, takes off his slippers, and stands on the bed. He first opens the curtains and fixes them on both sides of the window, then sits down, opens his laptop, and places it on his lap. Jake operates the laptop using the touchpad. After some time, he places the computer sideways to observe, then moves to the center of the bed. He looks around and then gets out of bed to go to the living room.",
            "Eat in the second-floor living room": "Jake washes his hands at the first-floor kitchen sink, then goes upstairs to the second-floor living room where food is already on the table. He helps place stools beside the table and goes downstairs to invite the boy in a white short-sleeve shirt and shorts to eat. Once everyone is present, Jake and others sit around the table to eat happily. During the meal, Jake and the girl in a gray top and light blue jeans go downstairs to get AD calcium milk and distribute it to others. After eating, several girls stay to chat and play games at the table before leaving.",
            "Courtyard meeting": "Everyone sits at the wooden table in the courtyard, discussing matters under a shaded umbrella in sunny weather. Jake and a boy in a blue long-sleeve shirt and black pants carry a whiteboard to the courtyard to continue the discussion, with a girl in a dark skirt leading the meeting in front of the whiteboard. After the discussion, they pack up computers and return to the house, with some staying outside to chat. Jake goes back into the house several times during this period.",
            "Shop for supplies at the mall": "Jake and his group enter the mall where staff wear red vests, grab a shopping cart, and start shopping for drinks and other supplies. They take the escalator to the second floor to browse fruits/vegetables and grain/dry goods sections, passing through meat and seasoning areas. Finally, they go downstairs to buy drinks and check out at the cashier.",
            "Egg Tart Ingredients Preparation": "The boy in the dark blue T-shirt took an iron cylindrical container, and several people took turns trying to separate the yolks from the whites using egg shells, and pouring the whites into the iron container. The boy in the dark blue T-shirt used chopsticks to keep stirring the egg whites in the white ceramic bowl. The whisking container was changed several times, and finally a glass container was used and the yolks were added to the whisk. Finally, the container was changed to a steel container and a whisk was used to mix the egg. Later, Jake puts on thick white gloves and holds the tart carton in his hand, then puts it down and puts the carton on the table.",
            "Go out to pick up packages": "Jake and the others go out through the alley and ask someone for directions and then follow the road.Jake looks at the navigation as he walks and the group passes through a pagoda and continues along a sidewalk by a river. After reaching the road, the group continued on through antique buildings. It was getting dark and they entered a store for the event. It was completely dark when they came out. They continue to walk along the sidewalk and eventually arrive at the delivery station to pick up the package and return. It was pitch black with only a few lights visible."
        },
        "choice_a": "a→b→d→e",
        "choice_b": "b→c→d→e",
        "choice_c": "c→f→a→b",
        "choice_d": "e→d→b→f",
        "reason": "Eat in living room (12:05-12:38) → Courtyard meeting (15:00-15:32) → Mall shopping (15:52-16:36) →Egg Tart Ingredients Preparation (18:11-18:46). \"Go to bed on computer\" (11:03-11:11) happens before the target time, and \"Pick up packages\" (18:57-19:57) mostly falls outside, both being distractions."
    },
    {
        "question_chinese": "Jake 记录了当天的几项活动：[蛋挞原料准备 → 买彩票 → 分发和吃麦当劳 → 参与蛋挞装饰]，这些活动发生的正确时间段是？",
        "events_description_chinese": {
            "蛋挞原料准备": "深蓝色T恤的男生取了一个铁质圆柱形容器，几个人轮流尝试使用蛋壳将蛋黄和蛋白分开，蛋清倒在铁质容器中。深蓝色T恤男生使用筷子不停搅拌倒在白色瓷碗中的蛋清。搅拌的容器多次更换，最后使用玻璃容器并将蛋黄加入进行搅拌。最后容器换成了最开始的铁质容器，使用搅拌器进行搅拌。再后来，Jake带上白色厚手套并将蛋挞纸盒拿在手上，后来又放下，将蛋挞盒子放在桌子上。",
            "买彩票": "Jake一行人进入一家彩票店，大家围在柜台前选购彩票。穿着蓝灰色外套的男生买了一张红色刮刮乐坐在桌子上刮开，大家围在周围。期间穿着黑色外套的男生也买了一张红色刮刮乐，坐在桌子刮开。穿黑色长裙的女生也买了一张蓝色刮刮乐，穿着蓝灰色外套的男生又买了一张蓝色刮刮乐，并指导女生刮开卡片。其他人也陆续购买彩票，最后Jake也到柜台前面买了一张红色刮刮乐坐在桌子上刮开。他们进行兑奖后离开了彩票店。",
            "分发和吃麦当劳": "Jake到一楼客厅带有黑白格子板子旁边的袋子里拿出食物放在桌子上。他撕开薯条的包装，并将薯条全部倒在撕开的袋子里。其他人也在帮忙把食物拿到桌子上。Jake一边吃，一边收拾桌子上的杂物，最后腾出来空间放置剩余的食物。Jake一边吃着汉堡，一边在家里走动。大家围在桌子旁边一边吃饭一边聊天，Jake一边吃汉堡一边喝可乐。",
            "参与蛋挞装饰": "Jake正在吃薯条的时候，一个人把烤好的蛋挞端在桌子上。深蓝色T恤的男生将奶油用勺子盛到灰色上衣深蓝色裤子的女生手中的袋子里，然后这个女生将奶油挤到蛋挞上，深蓝色T恤的男生使用刮板将奶油处理平整。蓝色牛仔外套的女生将白纸铺在棕色托盘里，Jake用网筛将抹茶等调料洒在蛋挞上。大家将蛋挞移到铺好纸的托盘上。"
        },
        "choice_a_chinese": "18:10-20:35",
        "choice_b_chinese": "17:30-19:45",
        "choice_c_chinese": "18:50-20:05",
        "choice_d_chinese": "19:20-21:00",
        "answer": "A",
        "reason_chinese": "蛋挞原料准备 (18:11-18:46)→买彩票 (19:13-19:23)→分发和吃麦当劳 (20:01-20:22)→参与蛋挞装饰 (20:21-20:33)，完整覆盖 18:11 至 20:33。",
        "question": "Jake recorded these activities: [Egg Tart Ingredients Preparation → Buy lottery tickets → Distribute and eat McDonald's → Participate in tart decoration]. What is the correct time range?",
        "events_description": {
            "Egg Tart Ingredients Preparation": "The boy in the dark blue T-shirt took an iron cylindrical container, and several people took turns trying to separate the yolks from the whites using egg shells, and pouring the whites into the iron container. The boy in the dark blue T-shirt used chopsticks to keep stirring the egg whites in the white ceramic bowl. The whisking container was changed several times, and finally a glass container was used and the yolks were added to the whisk. Finally, the container was changed to a steel container and a whisk was used to mix the egg. Later, Jake puts on thick white gloves and holds the tart carton in his hand, then puts it down and puts the carton on the table.",
            "Buy lottery tickets": "Jake and his group enter a lottery store, gathering around the counter to choose tickets. The boy in a blue-gray jacket buys a red scratch-off ticket, sits down to scratch it, with others gathering around. The boy in a black jacket also buys a red scratch-off, and the girl in a black long skirt buys a blue one, with the blue-gray jacket boy buying another blue ticket to help her scratch it. Others buy tickets sequentially, with Jake finally buying a red scratch-off to scratch at the table before they claim prizes and leave.",
            "Distribute and eat McDonald's": "Jake goes to the first floor living room with the black and white checkerboard next to the bag and takes out the food and puts it on the table. He rips open the package of French fries and dumps them all in the ripped bag. The others help bring the food to the table.Jake eats and clears the table of clutter, eventually making room for the rest of the food.Jake walks around the house while eating his burger. Everyone gathers around the table to eat and talk while Jake eats his burger and drinks a coke.",
            "Participate in tart decoration": "Jake is eating fries when a man brings a baked tart to the table. The guy in the dark blue t-shirt spooned the cream into a bag in the hands of the girl with the gray top and dark blue pants, and then this girl squeezed the cream onto the tart, and the guy in the dark blue t-shirt used a spatula to smooth out the cream. The girl with the blue jean jacket lays white paper in a brown tray and Jake uses a mesh sieve to sprinkle matcha and other flavorings over the tart. Everyone moves the tart onto the paper-lined tray."
        },
        "choice_a": "18:10-20:35",
        "choice_b": "17:30-19:45",
        "choice_c": "18:50-20:05",
        "choice_d": "19:20-21:00",
        "reason": "Egg Tart Ingredients Preparation (18:11-18:46) → Lottery ticket purchase (19:13-19:23) → McDonald's distribution/eating (20:01-20:22) →Participate in tart decoration (20:21-20:33), fully covering 18:11 to 20:33."
    },
    {
        "question_chinese": "Jake 整理晚上的活动记录时，记不清以下事件的具体时间：\n[出门 → 分发和吃麦当劳 → 参与蛋挞装饰 → 到二楼开会]\n时间选项：\n\na. 19:00~20:00\n\nb. 22:30~23:00\n\nc. 18:10~18:45\n\nd. 20:00~20:25\n\ne. 15:00~15:35\n\nf. 20:20~20:35\n\ng. 17:30~18:10",
        "events_description_chinese": {
            "出门": "Jake和其他人出门穿过小巷，向别人问了路之后就顺着路往前走。Jake一边走一边看导航，一行人穿过一个牌坊，继续沿着一条河边的人行道走。到达马路边后继续往前走，穿过仿古建筑。天色逐渐变暗，他们进入一家店里进行活动。出来之后天已经完全黑了。他们继续沿着路边的人行道行进，最终到达快递站取件之后返回。天色一片漆黑只能看到零星的灯光。",
            "分发和吃麦当劳": "Jake到一楼客厅带有黑白格子板子旁边的袋子里拿出食物放在桌子上。他撕开薯条的包装，并将薯条全部倒在撕开的袋子里。其他人也在帮忙把食物拿到桌子上。Jake一边吃，一边收拾桌子上的杂物，最后腾出来空间放置剩余的食物。Jake一边吃着汉堡，一边在家里走动。大家围在桌子旁边一边吃饭一边聊天，Jake一边吃汉堡一边喝可乐。",
            "参与蛋挞装饰": "Jake正在吃薯条的时候，一个人把烤好的蛋挞端在桌子上。深蓝色T恤的男生将奶油用勺子盛到灰色上衣深蓝色裤子的女生手中的袋子里，然后这个女生将奶油挤到蛋挞上，深蓝色T恤的男生使用刮板将奶油处理平整。蓝色牛仔外套的女生将白纸铺在棕色托盘里，Jake用网筛将抹茶等调料洒在蛋挞上。大家将蛋挞移到铺好纸的托盘上。",
            "到二楼开会": "Jake到二楼客厅，投影屏正在亮着，大家在客厅坐着休息。Jake坐在投影屏前面的桌子上，看着投影屏和大家一起讨论。屏幕上文字快速出现，像是AI助手正在生成内容。期间蓝灰色外套、红色内搭，蓝色牛仔裤的男生在客厅中间走动。后来Jake从桌子旁边站起来，一边在客厅走动一边与他人讨论。穿着红色裙子的女生一直坐在客厅和厨房的交界处剪海报，Jake后来也帮助剪海报，最后坐在地上和他们聊天。"
        },
        "choice_a_chinese": "1→a / 2→d / 3→f / 4→b",
        "choice_b_chinese": "1→c / 2→g / 3→d / 4→e",
        "choice_c_chinese": "1→g / 2→a / 3→f / 4→b",
        "choice_d_chinese": "1→e / 2→c / 3→d / 4→a",
        "answer": "A",
        "reason_chinese": "出门 (18:57-19:57)→分发和吃麦当劳 (20:01-20:22)→参与蛋挞装饰 (20:21-20:33)→到二楼开会 (22:30-22:59)。",
        "question": "Jake can't recall the exact times of these evening activities:\n[Go out → Distribute and eat McDonald's → Participate in tart decoration → Meet on the second floor]\nTime options:\n\na. 19:00~20:00\n\nb. 22:30~23:00\n\nc. 18:10~18:45\n\nd. 20:00~20:25\n\ne. 15:00~15:35\n\nf. 20:20~20:35\n\ng. 17:30~18:10",
        "events_description": {
            "Go out": "Jake and the others go out through the alley and ask someone for directions and then follow the road.Jake looks at the navigation as he walks and the group passes through a pagoda and continues along a sidewalk by a river. After reaching the road, the group continued on through antique buildings. It was getting dark and they entered a store for the event. It was completely dark when they came out. They continue to walk along the sidewalk and eventually arrive at the delivery station to pick up the package and return. It was pitch black with only a few lights visible.",
            "Distribute and eat McDonald's": "Jake goes to the first floor living room with the black and white checkerboard next to the bag and takes out the food and puts it on the table. He rips open the package of French fries and dumps them all in the ripped bag. The others help bring the food to the table.Jake eats and clears the table of clutter, eventually making room for the rest of the food.Jake walks around the house while eating his burger. Everyone gathers around the table to eat and talk while Jake eats his burger and drinks a coke.",
            "Participate in tart decoration": "Jake is eating fries when a man brings a baked tart to the table. The guy in the dark blue t-shirt spooned the cream into a bag in the hands of the girl with the gray top and dark blue pants, and then this girl squeezed the cream onto the tart, and the guy in the dark blue t-shirt used a spatula to smooth out the cream. The girl with the blue jean jacket lays white paper in a brown tray and Jake uses a mesh sieve to sprinkle matcha and other flavorings over the tart. Everyone moves the tart onto the paper-lined tray.",
            "Meet on the second floor": "Jake goes to the second-floor living room where the projection screen is on, and everyone rests while sitting. He sits at the table in front of the screen to discuss with others as text rapidly appears, resembling an AI assistant generating content. The boy in a blue-gray jacket, red undershirt, and blue jeans walks around the living room. Jake stands up to walk and discuss, helping the girl in a red skirt cut posters at the living room-kitchen junction before sitting on the floor to chat."
        },
        "choice_a": "1→a / 2→d / 3→f / 4→b",
        "choice_b": "1→c / 2→g / 3→d / 4→e",
        "choice_c": "1→g / 2→a / 3→f / 4→b",
        "choice_d": "1→e / 2→c / 3→d / 4→a",
        "reason": "Go out (18:57-19:57) → McDonald's (20:01-20:22) →Participate in tart decoration (20:21-20:33) → Second-floor meeting (22:30-22:59)."
    },
    {
        "question_chinese": "Jake 记得自己在一天中最后进行的两件事是 “蛋挞原料准备” 和 “出门”，但忘记了这之前发生的前两件事是什么，你能根据记录帮他确定吗？",
        "events_description_chinese": {
            "蛋挞原料准备": "深蓝色T恤的男生取了一个铁质圆柱形容器，几个人轮流尝试使用蛋壳将蛋黄和蛋白分开，蛋清倒在铁质容器中。深蓝色T恤男生使用筷子不停搅拌倒在白色瓷碗中的蛋清。搅拌的容器多次更换，最后使用玻璃容器并将蛋黄加入进行搅拌。最后容器换成了最开始的铁质容器，使用搅拌器进行搅拌。再后来，Jake带上白色厚手套并将蛋挞纸盒拿在手上，后来又放下，将蛋挞盒子放在桌子上。",
            "出门": "Jake和其他人出门穿过小巷，向别人问了路之后就顺着路往前走。Jake一边走一边看导航，一行人穿过一个牌坊，继续沿着一条河边的人行道走。到达马路边后继续往前走，穿过仿古建筑。天色逐渐变暗，他们进入一家店里进行活动。出来之后天已经完全黑了。他们继续沿着路边的人行道行进，最终到达快递站取件之后返回。天色一片漆黑只能看到零星的灯光。",
            "到商场采购物资": "Jake一行人进入商场，这里的工作人员穿着红色的马甲。Jake一行人出门推了一辆购物车然后进入商场。他们一边讨论一边推着购物车选购饮料等物资。期间他们还推着购物车通过自动扶梯上到二楼，二楼首先映入眼帘的是水果蔬菜的区域。随着他们继续前进，他们到达了粮食干货区域。他们后来也经过了肉类、调料等区域。最后他们推着购物车下楼，买一些饮料之后去收银台结账。",
            "院子会议": "所有人坐在院子的木桌上，外面阳光明媚，遮阳伞下一片阴凉，大家在一起讨论着什么。Jake和一个蓝色长袖黑色长裤的男生将白板抬到院子里并继续讨论。讨论的同时，穿着深色裙子的女生站在白板前主导会议。讨论过后，大家将电脑等东西收起来，并陆陆续续回到屋子里。还有一些人继续坐在外面继续聊天。期间Jake也几次回到屋子里。",
            "上床看电脑": "Jake来到卧室，脱掉拖鞋站到床上。他先把窗帘拉开并固定在窗户两边，然后坐下打开笔记本电脑并放在腿上。Jake使用触摸板一直在操作笔记本电脑。经过一段时间后，Jake将电脑侧放观察，然后坐到床中间。他四处看了一下，然后下床来到客厅。",
            "分发和吃麦当劳": "Jake到一楼客厅带有黑白格子板子旁边的袋子里拿出食物放在桌子上。他撕开薯条的包装，并将薯条全部倒在撕开的袋子里。其他人也在帮忙把食物拿到桌子上。Jake一边吃，一边收拾桌子上的杂物，最后腾出来空间放置剩余的食物。Jake一边吃着汉堡，一边在家里走动。大家围在桌子旁边一边吃饭一边聊天，Jake一边吃汉堡一边喝可乐。",
            "参与蛋挞装饰": "Jake正在吃薯条的时候，一个人把烤好的蛋挞端在桌子上。深蓝色T恤的男生将奶油用勺子盛到灰色上衣深蓝色裤子的女生手中的袋子里，然后这个女生将奶油挤到蛋挞上，深蓝色T恤的男生使用刮板将奶油处理平整。蓝色牛仔外套的女生将白纸铺在棕色托盘里，Jake用网筛将抹茶等调料洒在蛋挞上。大家将蛋挞移到铺好纸的托盘上。"
        },
        "choice_a_chinese": "到商场采购物资 → 上床看电脑",
        "choice_b_chinese": "分发和吃麦当劳 → 院子会议",
        "choice_c_chinese": "上床看电脑 → 参与蛋挞装饰",
        "choice_d_chinese": "院子会议 → 到商场采购物资",
        "answer": "D",
        "reason_chinese": "院子会议 (15:00-15:32) → 到商场采购物资 (15:52-16:36) → 蛋挞原料准备 (18:11-18:46) → 出门 (18:57-19:57)。",
        "question": "Jake remembers the last two activities were \"Egg Tart Ingredients Preparation\" and \"Go out,\" but forgets the first two. Can you determine them from the records?",
        "events_description": {
            "Egg Tart Ingredients Preparation": "The boy in the dark blue T-shirt took an iron cylindrical container, and several people took turns trying to separate the yolks from the whites using egg shells, and pouring the whites into the iron container. The boy in the dark blue T-shirt used chopsticks to keep stirring the egg whites in the white ceramic bowl. The whisking container was changed several times, and finally a glass container was used and the yolks were added to the whisk. Finally, the container was changed to a steel container and a whisk was used to mix the egg. Later, Jake puts on thick white gloves and holds the tart carton in his hand, then puts it down and puts the carton on the table.",
            "Go out": "Jake and the others go out through the alley and ask someone for directions and then follow the road.Jake looks at the navigation as he walks and the group passes through a pagoda and continues along a sidewalk by a river. After reaching the road, the group continued on through antique buildings. It was getting dark and they entered a store for the event. It was completely dark when they came out. They continue to walk along the sidewalk and eventually arrive at the delivery station to pick up the package and return. It was pitch black with only a few lights visible.",
            "Shop for supplies at the mall": "Jake and his group enter the mall where staff wear red vests, grab a shopping cart, and start shopping for drinks and other supplies. They take the escalator to the second floor to browse fruits/vegetables and grain/dry goods sections, passing through meat and seasoning areas. Finally, they go downstairs to buy drinks and check out at the cashier.",
            "Courtyard meeting": "Everyone sits at the wooden table in the courtyard, discussing matters under a shaded umbrella in sunny weather. Jake and a boy in a blue long-sleeve shirt and black pants carry a whiteboard to the courtyard to continue the discussion, with a girl in a dark skirt leading the meeting in front of the whiteboard. After the discussion, they pack up computers and return to the house, with some staying outside to chat. Jake goes back into the house several times during this period.",
            "Go to bed to use the computer": "Jake enters the bedroom, takes off his slippers, and stands on the bed. He first opens the curtains and fixes them on both sides of the window, then sits down, opens his laptop, and places it on his lap. Jake operates the laptop using the touchpad. After some time, he places the computer sideways to observe, then moves to the center of the bed. He looks around and then gets out of bed to go to the living room.",
            "Distribute and eat McDonald's": "Jake goes to the first floor living room with the black and white checkerboard next to the bag and takes out the food and puts it on the table. He rips open the package of French fries and dumps them all in the ripped bag. The others help bring the food to the table.Jake eats and clears the table of clutter, eventually making room for the rest of the food.Jake walks around the house while eating his burger. Everyone gathers around the table to eat and talk while Jake eats his burger and drinks a coke.",
            "Participate in tart decoration": "Jake is eating fries when a man brings a baked tart to the table. The guy in the dark blue t-shirt spooned the cream into a bag in the hands of the girl with the gray top and dark blue pants, and then this girl squeezed the cream onto the tart, and the guy in the dark blue t-shirt used a spatula to smooth out the cream. The girl with the blue jean jacket lays white paper in a brown tray and Jake uses a mesh sieve to sprinkle matcha and other flavorings over the tart. Everyone moves the tart onto the paper-lined tray."
        },
        "choice_a": "Mall shopping → Go to bed on computer",
        "choice_b": "McDonald's distribution/eating → Courtyard meeting",
        "choice_c": "Go to bed on computer →Participate in tart decoration",
        "choice_d": "Courtyard meeting → Mall shopping",
        "reason": "Courtyard meeting (15:00-15:32) → Mall shopping (15:52-16:36) →Egg Tart Ingredients Preparation (18:11-18:46) → Go out (18:57-19:57)."
    },
    {
        "question_chinese": "Jake 在回忆活动时说：“我先出了门，接着准备了蛋挞原料，之后去商场采购了物资。” 但朋友指出他的顺序有误，正确的事件顺序及错误分析是？",
        "events_description_chinese": {
            "出门": "Jake和其他人出门穿过小巷，向别人问了路之后就顺着路往前走。Jake一边走一边看导航，一行人穿过一个牌坊，继续沿着一条河边的人行道走。到达马路边后继续往前走，穿过仿古建筑。天色逐渐变暗，他们进入一家店里进行活动。出来之后天已经完全黑了。他们继续沿着路边的人行道行进，最终到达快递站取件之后返回。天色一片漆黑只能看到零星的灯光。",
            "蛋挞原料准备": "深蓝色T恤的男生取了一个铁质圆柱形容器，几个人轮流尝试使用蛋壳将蛋黄和蛋白分开，蛋清倒在铁质容器中。深蓝色T恤男生使用筷子不停搅拌倒在白色瓷碗中的蛋清。搅拌的容器多次更换，最后使用玻璃容器并将蛋黄加入进行搅拌。最后容器换成了最开始的铁质容器，使用搅拌器进行搅拌。再后来，Jake带上白色厚手套并将蛋挞纸盒拿在手上，后来又放下，将蛋挞盒子放在桌子上。",
            "到商场采购物资": "Jake一行人进入商场，这里的工作人员穿着红色的马甲。Jake一行人出门推了一辆购物车然后进入商场。他们一边讨论一边推着购物车选购饮料等物资。期间他们还推着购物车通过自动扶梯上到二楼，二楼首先映入眼帘的是水果蔬菜的区域。随着他们继续前进，他们到达了粮食干货区域。他们后来也经过了肉类、调料等区域。最后他们推着购物车下楼，买一些饮料之后去收银台结账。",
            "到二楼开会": "Jake到二楼客厅，投影屏正在亮着，大家在客厅坐着休息。Jake坐在投影屏前面的桌子上，看着投影屏和大家一起讨论。屏幕上文字快速出现，像是AI助手正在生成内容。期间蓝灰色外套、红色内搭，蓝色牛仔裤的男生在客厅中间走动。后来Jake从桌子旁边站起来，一边在客厅走动一边与他人讨论。穿着红色裙子的女生一直坐在客厅和厨房的交界处剪海报，Jake后来也帮助剪海报，最后坐在地上和他们聊天。"
        },
        "choice_a_chinese": "正确：到商场采购物资 → 蛋挞原料准备\n错误原因：Jake 颠倒了 “到商场采购物资” 与 “蛋挞原料准备” 的顺序，并错误地增加了 “出门”。",
        "choice_b_chinese": "正确：到商场采购物资 → 出门\n错误原因：Jake 颠倒了 “到商场采购物资” 与 “出门” 的顺序，并错误地增加了 “准备了蛋挞原料”。",
        "choice_c_chinese": "正确：到商场采购物资 → 到二楼开会 → 出门\n错误原因：Jake  颠倒了“到商场采购物资”与“出门”的顺序，遗漏了“到二楼开会”，并错误地增加了“准备了蛋挞原料”。",
        "choice_d_chinese": "正确：到商场采购物资 → 蛋挞原料准备 → 出门\n错误原因：Jake 颠倒了 “到商场采购物资” 与 “出门” 的顺序",
        "answer": "D",
        "reason_chinese": "到商场采购物资 (15:52-16:36)→蛋挞原料准备 (18:11-18:46)→出门 (18:57-19:57)。",
        "question": "Jake recalled: \"I got out the door first and proceeded to prepare the Egg tart ingredients, followed by a trip to the mall for supplies.\" Friends correct him. What's the right order and error analysis?",
        "events_description": {
            "Go out": "Jake and the others go out through the alley and ask someone for directions and then follow the road.Jake looks at the navigation as he walks and the group passes through a pagoda and continues along a sidewalk by a river. After reaching the road, the group continued on through antique buildings. It was getting dark and they entered a store for the event. It was completely dark when they came out. They continue to walk along the sidewalk and eventually arrive at the delivery station to pick up the package and return. It was pitch black with only a few lights visible.",
            "Egg Tart Ingredients Preparation": "The boy in the dark blue T-shirt took an iron cylindrical container, and several people took turns trying to separate the yolks from the whites using egg shells, and pouring the whites into the iron container. The boy in the dark blue T-shirt used chopsticks to keep stirring the egg whites in the white ceramic bowl. The whisking container was changed several times, and finally a glass container was used and the yolks were added to the whisk. Finally, the container was changed to a steel container and a whisk was used to mix the egg. Later, Jake puts on thick white gloves and holds the tart carton in his hand, then puts it down and puts the carton on the table.",
            "Shop for supplies at the mall": "Jake and his group enter the mall where staff wear red vests, grab a shopping cart, and start shopping for drinks and other supplies. They take the escalator to the second floor to browse fruits/vegetables and grain/dry goods sections, passing through meat and seasoning areas. Finally, they go downstairs to buy drinks and check out at the cashier.",
            "Meet on the second floor": "Jake goes to the second-floor living room where the projection screen is on, and everyone rests while sitting. He sits at the table in front of the screen to discuss with others as text rapidly appears, resembling an AI assistant generating content. The boy in a blue-gray jacket, red undershirt, and blue jeans walks around the living room. Jake stands up to walk and discuss, helping the girl in a red skirt cut posters at the living room-kitchen junction before sitting on the floor to chat."
        },
        "choice_a": "Correct: Mall shopping →Egg Tart Ingredients Preparation\nError: Jake reversed \"Mall shopping\" and \"Egg Tart Ingredients Preparation,\" incorrectly added \"Go out\"",
        "choice_b": "Correct: Mall shopping → Go out\nError: Jake reversed \"Mall shopping\" and \"Go out,\" incorrectly added \"Egg Tart Ingredients Preparation\"",
        "choice_c": "Correct: Mall shopping → Second-floor meeting → Go out\nError: Jake reversed \"Mall shopping\" and \"Go out,\" omitted \"Second-floor meeting,\" and incorrectly added \"Egg Tart Ingredients Preparation\"",
        "choice_d": "Correct: Mall shopping →Egg Tart Ingredients Preparation → Go out\nError: Jake reversed \"Mall shopping\" and \"Go out\"",
        "reason": "Mall shopping (15:52-16:36) →Egg Tart Ingredients Preparation (18:11-18:46) → Go out (18:57-19:57)."
    },
    {
        "question_chinese": "Jake 在整理活动记录时发现两处缺失：[?] → 在二楼客厅吃饭 → 院子会议 → [?]。缺失的活动依次是？",
        "events_description_chinese": {
            "在二楼客厅吃饭": "Jake先在一楼厨房水池洗手，然后上楼到二楼客厅。食物已经摆放在桌子上，Jake帮忙将凳子摆放在桌子旁边。Jake下楼叫穿着白色短袖和短裤的男生一起吃饭。人到齐之后，Jake和所有人坐在桌子旁边，大家一起愉快的吃饭。期间Jake和穿着灰色上衣和浅蓝色牛仔长裤的女生下楼取AD钙奶并分发给其他人。随着时间的流逝，大家吃饱之后几个女生继续坐在桌子旁边聊天和游戏，最后他们都离开了餐桌。",
            "院子会议": "所有人坐在院子的木桌上，外面阳光明媚，遮阳伞下一片阴凉，大家在一起讨论着什么。Jake和一个蓝色长袖黑色长裤的男生将白板抬到院子里并继续讨论。讨论的同时，穿着深色裙子的女生站在白板前主导会议。讨论过后，大家将电脑等东西收起来，并陆陆续续回到屋子里。还有一些人继续坐在外面继续聊天。期间Jake也几次回到屋子里。",
            "到商场采购物资": "Jake一行人进入商场，这里的工作人员穿着红色的马甲。Jake一行人出门推了一辆购物车然后进入商场。他们一边讨论一边推着购物车选购饮料等物资。期间他们还推着购物车通过自动扶梯上到二楼，二楼首先映入眼帘的是水果蔬菜的区域。随着他们继续前进，他们到达了粮食干货区域。他们后来也经过了肉类、调料等区域。最后他们推着购物车下楼，买一些饮料之后去收银台结账。",
            "上床看电脑": "Jake来到卧室，脱掉拖鞋站到床上。他先把窗帘拉开并固定在窗户两边，然后坐下打开笔记本电脑并放在腿上。Jake使用触摸板一直在操作笔记本电脑。经过一段时间后，Jake将电脑侧放观察，然后坐到床中间。他四处看了一下，然后下床来到客厅。",
            "分发和吃麦当劳": "Jake到一楼客厅带有黑白格子板子旁边的袋子里拿出食物放在桌子上。他撕开薯条的包装，并将薯条全部倒在撕开的袋子里。其他人也在帮忙把食物拿到桌子上。Jake一边吃，一边收拾桌子上的杂物，最后腾出来空间放置剩余的食物。Jake一边吃着汉堡，一边在家里走动。大家围在桌子旁边一边吃饭一边聊天，Jake一边吃汉堡一边喝可乐。",
            "参与蛋挞装饰": "Jake正在吃薯条的时候，一个人把烤好的蛋挞端在桌子上。深蓝色T恤的男生将奶油用勺子盛到灰色上衣深蓝色裤子的女生手中的袋子里，然后这个女生将奶油挤到蛋挞上，深蓝色T恤的男生使用刮板将奶油处理平整。蓝色牛仔外套的女生将白纸铺在棕色托盘里，Jake用网筛将抹茶等调料洒在蛋挞上。大家将蛋挞移到铺好纸的托盘上。"
        },
        "choice_a_chinese": "到商场采购物资 / 上床看电脑",
        "choice_b_chinese": "分发和吃麦当劳 / 参与蛋挞装饰",
        "choice_c_chinese": "上床看电脑 / 到商场采购物资",
        "choice_d_chinese": "参与蛋挞装饰 / 分发和吃麦当劳",
        "answer": "C",
        "reason_chinese": "上床看电脑 (11:03-11:11) → 在二楼客厅吃饭 (12:05-12:38) → 院子会议 (15:00-15:32) → 到商场采购物资 (15:52-16:36)。",
        "question": "Jake finds two gaps in the activity record: [?] → Eat in second-floor living room → Courtyard meeting → [?]. What are the missing activities?",
        "events_description": {
            "Eat in the second-floor living room": "Jake washes his hands at the first-floor kitchen sink, then goes upstairs to the second-floor living room where food is already on the table. He helps place stools beside the table and goes downstairs to invite the boy in a white short-sleeve shirt and shorts to eat. Once everyone is present, Jake and others sit around the table to eat happily. During the meal, Jake and the girl in a gray top and light blue jeans go downstairs to get AD calcium milk and distribute it to others. After eating, several girls stay to chat and play games at the table before leaving.",
            "Courtyard meeting": "Everyone sits at the wooden table in the courtyard, discussing matters under a shaded umbrella in sunny weather. Jake and a boy in a blue long-sleeve shirt and black pants carry a whiteboard to the courtyard to continue the discussion, with a girl in a dark skirt leading the meeting in front of the whiteboard. After the discussion, they pack up computers and return to the house, with some staying outside to chat. Jake goes back into the house several times during this period.",
            "Shop for supplies at the mall": "Jake and his group enter the mall where staff wear red vests, grab a shopping cart, and start shopping for drinks and other supplies. They take the escalator to the second floor to browse fruits/vegetables and grain/dry goods sections, passing through meat and seasoning areas. Finally, they go downstairs to buy drinks and check out at the cashier.",
            "Go to bed to use the computer": "Jake enters the bedroom, takes off his slippers, and stands on the bed. He first opens the curtains and fixes them on both sides of the window, then sits down, opens his laptop, and places it on his lap. Jake operates the laptop using the touchpad. After some time, he places the computer sideways to observe, then moves to the center of the bed. He looks around and then gets out of bed to go to the living room.",
            "Distribute and eat McDonald's": "Jake goes to the first floor living room with the black and white checkerboard next to the bag and takes out the food and puts it on the table. He rips open the package of French fries and dumps them all in the ripped bag. The others help bring the food to the table.Jake eats and clears the table of clutter, eventually making room for the rest of the food.Jake walks around the house while eating his burger. Everyone gathers around the table to eat and talk while Jake eats his burger and drinks a coke.",
            "Participate in tart decoration": "Jake is eating fries when a man brings a baked tart to the table. The guy in the dark blue t-shirt spooned the cream into a bag in the hands of the girl with the gray top and dark blue pants, and then this girl squeezed the cream onto the tart, and the guy in the dark blue t-shirt used a spatula to smooth out the cream. The girl with the blue jean jacket lays white paper in a brown tray and Jake uses a mesh sieve to sprinkle matcha and other flavorings over the tart. Everyone moves the tart onto the paper-lined tray."
        },
        "choice_a": "Mall shopping / Go to bed on computer",
        "choice_b": "McDonald's distribution/eating /Participate in tart decoration",
        "choice_c": "Go to bed on computer / Mall shopping",
        "choice_d": "Participate in tart decoration / McDonald's distribution/eating",
        "reason": "Go to bed on computer (11:03-11:11) → Eat in living room (12:05-12:38) → Courtyard meeting (15:00-15:32) → Mall shopping (15:52-16:36)."
    }
]