[
    {
        "question_chinese": "Jake 整理上午 11:40 到 13:40 的活动记录时，发现部分事件顺序需要确认，正确的排序是哪一项？\n\na. 学习冲泡咖啡\n\nb. 帮助组装塑料抽屉\n\nc. 收拾院子木桌使用过的餐具\n\nd. 在二楼客厅吃饺子\n\ne. 组装木质抽屉\n\nf. 前往社区咖啡馆与小狗互动",
        "events_description_chinese": {
            "学习冲泡咖啡": "Jake上到二楼，在二楼厨房的窗户旁边穿着橙灰色T恤的男生正在做咖啡。他向Jake介绍做咖啡使用的工具和材料，Jake尝试了手磨咖啡豆，也尝试了用开水冲泡磨好的咖啡。与这位男生闲聊一会后，Jake拿着做好的咖啡下楼了",
            "帮助组装塑料抽屉": "Jake蹲在一楼客厅前面的地上，与穿着蓝色牛仔外套和浅棕灰色裤子的女生合作组装白色塑料抽屉。组装完成后Jake到院子里转了一圈，回来之后女生把抽屉最上面一层拆下来了。Jake继续和这位女生一起合作完成了安装。",
            "收拾院子木桌使用过的餐具": "Jake到院子里，和粉色长袖上衣、深色长裤的女生一起收拾院子里和桌子上的垃圾。Jake先扶起来了倒下的柔光灯，这位女生用手撑着塑料袋，Jake将桌子上吃剩的食物和用过的盘子等收拾起来。他们也收拾了烧烤架上的餐具和剩余的调料。最后Jake简单收拾了一下院子里的垃圾并扔到院子里的垃圾桶中。",
            "在二楼客厅吃饺子": "Jake到二楼客厅，大家已经将食物摆放在客厅桌子上，然后Jake下楼取柔光灯摆放在二楼客厅提供照明。Jake坐在了背对着窗户的方向。Jake往前面的碗里倒了一些醋，大家一起愉快的吃饺子。期间Jake下楼去取了一双筷子。后来Jake多次交替坐在面对着窗户的位置和背对窗户的位置。大家一起边吃边聊。",
            "组装木质抽屉": "Jake来到院子里，先收拾了一下院子里的垃圾，期间身着白色长袖衬衫的女生和内搭白色衣服外传蓝灰色牛仔外套的女生坐在桌子旁边。穿着粉色长袖T恤和深色长裤的女生拿着木制抽屉到院子里，Jake和蓝色外套女生帮助将抽屉放在桌子上并拆开包装。Jake进屋取螺丝刀等工具，女生们帮助Jake将金属把手安装在抽屉上，完成后他们在院子里继续讨论，最后Jake离开了院子。",
            "前往社区咖啡馆与小狗互动": "Jake一行人出门穿过小巷来到马路边上的社区咖啡馆，里面有很多小狗在铺满灰色石子儿的地面上。Jake一行人与小狗愉快地互动。Jake坐在椅子上，一边和小狗互动，一边与他人聊天。期间穿着蓝色牛仔外套内搭黑色衣服的女生被小狗咬了一口，但这并没有影响其他人与小狗继续互动。最后一行人离开了咖啡馆，步行回到了家里。"
        },
        "choice_a_chinese": "e→c→a→d",
        "choice_b_chinese": "f→b→d→e",
        "choice_c_chinese": "c→e→a→d",
        "choice_d_chinese": "a→d→e→c",
        "answer": "C",
        "reason_chinese": "收拾院子木桌使用过的餐具 (11:43-11:48)→组装木质抽屉 (12:16-12:36)→学习冲泡咖啡 (12:37-12:47)→在二楼客厅吃饺子 (13:13-13:40)。其中 “帮助组装塑料抽屉”(17:12-17:31)、“前往社区咖啡馆与小狗互动”(16:22-16:53) 属于干扰项，发生在目标时间段外。",
        "question": "When organizing activity records from 11:40 AM to 1:40 PM, Jake needs to confirm the correct order of events. Which option is correct?\n\na. Learn to brew coffee\n\nb. Assist in assembling plastic drawers\n\nc. Tidy up used tableware on the courtyard wooden table\n\nd. Eat dumplings in the second-floor living room\n\ne. Assemble wooden drawers\n\nf. Visit the community café to interact with puppies",
        "events_description": {
            "Learn to brew coffee": "Jake goes to the second floor where a boy in an orange-gray T-shirt is making coffee by the kitchen window. The boy introduces coffee tools and materials to Jake, who tries grinding coffee beans by hand and brewing the ground coffee with boiling water. After chatting, Jake takes the brewed coffee and goes downstairs.",
            "Assist in assembling plastic drawers": "Jake crouches on the ground in front of the first-floor living room, collaborating with a girl in a blue denim jacket and light brown-gray pants to assemble a white plastic drawer. After assembly, Jake walks around the courtyard, and upon returning, the girl disassembles the top layer, so they work together to finish installing it.",
            "Tidy up used tableware on the courtyard wooden table": "Jake goes to the courtyard and tidies up garbage on the table and in the courtyard with a girl in a pink long-sleeve top and dark pants. Jake first props up a fallen softlight, while the girl holds a plastic bag as he collects leftover food and used plates. They also clean utensils and remaining seasonings from the grill, with Jake finally throwing the garbage into the courtyard trash can.",
            "Eat dumplings in the second-floor living room": "Jake arrived at the second floor living room, everyone had already placed the food on the living room table, then Jake went downstairs to fetch a soft light and placed it in the second floor living room to provide illumination.Jake sat down with his back facing the window.Jake poured some vinegar into the bowl in front of him, and everyone ate the dumplings happily together. Jake went downstairs to fetch a pair of chopsticks. Later, Jake alternated between sitting facing the window and sitting with his back to the window. We all ate and chatted together.",
            "Assemble wooden drawers": "Jake goes to the courtyard and first cleans up garbage, with a girl in a white long-sleeve shirt and another in a blue-gray denim jacket over a white inner shirt sitting by the table. A girl in a pink long-sleeve T-shirt and dark pants brings a wooden drawer to the courtyard, and Jake and the blue-jacket girl help place it on the table and unpack it. Jake fetches tools like a screwdriver, and the girls help install metal handles. After completion, they discuss in the courtyard before Jake leaves.",
            "Visit the community café to interact with puppies": "Jake and others go out through an alley to a community café by the road, where many puppies are on a gray gravel ground. They happily interact with the puppies, with Jake sitting on a chair chatting while interacting. A girl in a blue denim jacket and black inner shirt is bitten by a puppy, but others continue interacting. Finally, they leave the café and walk home."
        },
        "choice_a": "e→c→a→d",
        "choice_b": "f→b→d→e",
        "choice_c": "c→e→a→d",
        "choice_d": "a→d→e→c",
        "reason": "Tidy up tableware (11:43-11:48) → Assemble wooden drawers (12:16-12:36) → Learn coffee brewing (12:37-12:47) → Eat dumplings (13:13-13:40). \"Assist in assembling plastic drawers\" (17:12-17:31) and \"Visit café with puppies\" (16:22-16:53) are distractions outside the target time."
    },
    {
        "question_chinese": "Jake 整理今天的活动记录时，发现以下事件的时间范围需要确认：[在二楼客厅吃饺子 → 二楼客厅场景布置 → 帮助组装塑料抽屉 → 聆听吉他演奏]，这些活动发生的正确时间段是？",
        "events_description_chinese": {
            "在二楼客厅吃饺子": "Jake到二楼客厅，大家已经将食物摆放在客厅桌子上，然后Jake下楼取柔光灯摆放在二楼客厅提供照明。Jake坐在了背对着窗户的方向。Jake往前面的碗里倒了一些醋，大家一起愉快的吃饺子。期间Jake下楼去取了一双筷子。后来Jake多次交替坐在面对着窗户的位置和背对窗户的位置。大家一起边吃边聊。",
            "二楼客厅场景布置": "Jake一边吃着食物，一边到二楼餐厅。Jake将吃剩的食物防止起来，开始和穿着前蓝色外套和浅蓝色长裤的男生一起收拾客厅桌子上吃剩的食物和餐具。为了保证照明，Jake还打开了屋子里的柔光灯。期间Jake下楼叫来一名穿着黑色外套的男生过来帮忙。Jake将垃圾装在外卖袋子里，下楼扔在了院子的垃圾桶中，并顺便清理了一下院子里的垃圾。短暂休息后，Jake和两名男生上楼将桌子搬到靠墙位置，并将移开客厅中间的椅子。",
            "帮助组装塑料抽屉": "Jake蹲在一楼客厅前面的地上，与穿着蓝色牛仔外套和浅棕灰色裤子的女生合作组装白色塑料抽屉。组装完成后Jake到院子里转了一圈，回来之后女生把抽屉最上面一层拆下来了。Jake继续和这位女生一起合作完成了安装。",
            "聆听吉他演奏": "Jake端着一楼客厅桌子上两个带有多个凹槽的盘子，和穿着粉色长袖T恤和深色长裤的女生到二楼客厅，川泽和白色衬衫和白色长裤的女生正在弹奏吉他。Jake坐在地上聆听，并于其他人愉快交谈。后来演奏吉他的人换成了橙灰色T恤短裤的男生，所有人都来到二楼客厅，一边聆听吉他演奏，一边吃Jake开始端到二楼的食物。最后演奏吉他的人换成了穿着黑色外套的男生。大家一起边吃边聊聆听吉他乐曲。"
        },
        "choice_a_chinese": "15:00-17:30",
        "choice_b_chinese": "12:00-16:00",
        "choice_c_chinese": "13:15-22:20",
        "choice_d_chinese": "17:50-23:00",
        "answer": "C",
        "reason_chinese": "在二楼客厅吃饺子 (13:13-13:40)→二楼客厅场景布置 (15:34-15:52)→帮助组装塑料抽屉 (17:12-17:31)→聆听吉他演奏 (21:37-22:22)，完整覆盖 13:13 至 22:22。",
        "question": "When organizing today's activity records, Jake needs to confirm the time range for: [Eat dumplings in second-floor living room → Second-floor living room scene setup → Assist in assembling plastic drawers → Listen to guitar performance]. What is the correct time range?",
        "events_description": {
            "Eat dumplings in the second-floor living room": "Jake arrived at the second floor living room, everyone had already placed the food on the living room table, then Jake went downstairs to fetch a soft light and placed it in the second floor living room to provide illumination.Jake sat down with his back facing the window.Jake poured some vinegar into the bowl in front of him, and everyone ate the dumplings happily together. Jake went downstairs to fetch a pair of chopsticks. Later, Jake alternated between sitting facing the window and sitting with his back to the window. We all ate and chatted together.",
            "Second-floor living room scene setup": "Jake goes to the second-floor dining area while eating, stores leftover food, and starts cleaning the living room table with a boy in a blue jacket and light blue pants. He turns on softlights for illumination, calls a boy in a black jacket for help downstairs, and throws garbage into the courtyard trash can, also cleaning the courtyard. After a short break, Jake and two boys move the table against the wall and remove chairs from the center.",
            "Assist in assembling plastic drawers": "Jake crouches on the ground in front of the first-floor living room, collaborating with a girl in a blue denim jacket and light brown-gray pants to assemble a white plastic drawer. After assembly, Jake walks around the courtyard, and upon returning, the girl disassembles the top layer, so they work together to finish installing it.",
            "Listen to guitar performance": "Jake carries two grooved plates from the first-floor living room table to the second-floor living room with a girl in a pink long-sleeve T-shirt and dark pants, where a girl in a white shirt and pants is playing the guitar. Jake sits on the floor listening and chatting. Later, a boy in an orange-gray T-shirt and shorts takes over playing, and everyone comes to the living room to eat the food Jake brought while listening. Finally, a boy in a black jacket plays, with everyone chatting and listening while eating."
        },
        "choice_a": "15:00-17:30",
        "choice_b": "12:00-16:00",
        "choice_c": "13:15-22:20",
        "choice_d": "17:50-23:00",
        "reason": "Eat dumplings (13:13-13:40) → Scene setup (15:34-15:52) → Assemble plastic drawers (17:12-17:31) → Listen to guitar (21:37-22:22), fully covering 13:13 to 22:22."
    },
    {
        "question_chinese": "Jake 回忆一天的活动时忘记了具体时间。已知事件按发生顺序为：\n[二楼客厅场景布置 → 前往社区咖啡馆与小狗互动 → 帮助组装塑料抽屉 → 麻薯准备工作]\n时间选项：\n\na. 17:10~17:30\n\nb. 16:20~16:55\n\nc. 13:15~13:40\n\nd. 15:35~15:50\n\ne. 21:00~21:30\n\nf. 18:00~18:25\n\ng. 20:55~21:30",
        "events_description_chinese": {
            "二楼客厅场景布置": "Jake一边吃着食物，一边到二楼餐厅。Jake将吃剩的食物防止起来，开始和穿着前蓝色外套和浅蓝色长裤的男生一起收拾客厅桌子上吃剩的食物和餐具。为了保证照明，Jake还打开了屋子里的柔光灯。期间Jake下楼叫来一名穿着黑色外套的男生过来帮忙。Jake将垃圾装在外卖袋子里，下楼扔在了院子的垃圾桶中，并顺便清理了一下院子里的垃圾。短暂休息后，Jake和两名男生上楼将桌子搬到靠墙位置，并将移开客厅中间的椅子。",
            "前往社区咖啡馆与小狗互动": "Jake一行人出门穿过小巷来到马路边上的社区咖啡馆，里面有很多小狗在铺满灰色石子儿的地面上。Jake一行人与小狗愉快地互动。Jake坐在椅子上，一边和小狗互动，一边与他人聊天。期间穿着蓝色牛仔外套内搭黑色衣服的女生被小狗咬了一口，但这并没有影响其他人与小狗继续互动。最后一行人离开了咖啡馆，步行回到了家里。",
            "帮助组装塑料抽屉": "Jake蹲在一楼客厅前面的地上，与穿着蓝色牛仔外套和浅棕灰色裤子的女生合作组装白色塑料抽屉。组装完成后Jake到院子里转了一圈，回来之后女生把抽屉最上面一层拆下来了。Jake继续和这位女生一起合作完成了安装。",
            "麻薯准备工作": "Jake来到一楼客厅桌子前带上手套，一边到处走动一边揉捏碗里的面团。尽管期间出现了手套的破损，Jake还是完成了面团揉捏的工作。完成面团揉捏后，Jake将面团撕成小块并团成球体放在一楼客厅的碗里。面团很黏，所以面团很难撕扯而且总是粘在Jake的手上。面团完全消耗之后手套已经破的不成样子了。"
        },
        "choice_a_chinese": "1→c / 2→b / 3→a / 4→e",
        "choice_b_chinese": "1→d / 2→b / 3→a / 4→g",
        "choice_c_chinese": "1→d / 2→f / 3→a / 4→e",
        "choice_d_chinese": "1→c / 2→b / 3→g / 4→a",
        "answer": "B",
        "reason_chinese": "二楼客厅场景布置 (15:34-15:52)→ 前往社区咖啡馆与小狗互动 (16:22-16:53)→ 帮助组装塑料抽屉 (17:12-17:31)→ 麻薯准备工作 (20:54-21:27)。",
        "question": "Jake forgets the exact times of daily activities. The known order is:\n[Second-floor living room scene setup → Visit community café for puppy interaction → Assist in assembling plastic drawers → Mochi preparation]\nTime options:\n\na. 17:10~17:30\n\nb. 16:20~16:55\n\nc. 13:15~13:40\n\nd. 15:35~15:50\n\ne. 21:00~21:30\n\nf. 18:00~18:25\n\ng. 20:55~21:30",
        "events_description": {
            "Second-floor living room scene setup": "Jake goes to the second-floor dining area while eating, stores leftover food, and starts cleaning the living room table with a boy in a blue jacket and light blue pants. He turns on softlights for illumination, calls a boy in a black jacket for help downstairs, and throws garbage into the courtyard trash can, also cleaning the courtyard. After a short break, Jake and two boys move the table against the wall and remove chairs from the center.",
            "Visit community café for puppy interaction": "Jake and others go out through an alley to a community café by the road, where many puppies are on a gray gravel ground. They happily interact with the puppies, with Jake sitting on a chair chatting while interacting. A girl in a blue denim jacket and black inner shirt is bitten by a puppy, but others continue interacting. Finally, they leave the café and walk home.",
            "Assist in assembling plastic drawers": "Jake crouches on the ground in front of the first-floor living room, collaborating with a girl in a blue denim jacket and light brown-gray pants to assemble a white plastic drawer. After assembly, Jake walks around the courtyard, and upon returning, the girl disassembles the top layer, so they work together to finish installing it.",
            "Mochi preparation": "Jake puts on gloves at the first-floor living room table, kneading dough in a bowl while walking around. Despite glove damage, he finishes kneading, tears the dough into small pieces, and rolls them into balls in a bowl. The sticky dough is hard to tear and keeps sticking to his hands, with gloves completely worn out after use."
        },
        "choice_a": "1→c / 2→b / 3→a / 4→e",
        "choice_b": "1→d / 2→b / 3→a / 4→g",
        "choice_c": "1→d / 2→f / 3→a / 4→e",
        "choice_d": "1→c / 2→b / 3→g / 4→a",
        "reason": "Scene setup (15:34-15:52) → Puppy interaction (16:22-16:53) → Assemble plastic drawers (17:12-17:31) → Mochi preparation (20:54-21:27)."
    },
    {
        "question_chinese": "Jake 记得自己在一天中先后进行了组装木质抽屉、学习冲泡咖啡、在二楼客厅吃饺子这三件事，但忘记了这之前发生的第一件事是什么，你能根据记录帮他确定吗？",
        "events_description_chinese": {
            "组装木质抽屉": "Jake来到院子里，先收拾了一下院子里的垃圾，期间身着白色长袖衬衫的女生和内搭白色衣服外传蓝灰色牛仔外套的女生坐在桌子旁边。穿着粉色长袖T恤和深色长裤的女生拿着木制抽屉到院子里，Jake和蓝色外套女生帮助将抽屉放在桌子上并拆开包装。Jake进屋取螺丝刀等工具，女生们帮助Jake将金属把手安装在抽屉上，完成后他们在院子里继续讨论，最后Jake离开了院子。",
            "学习冲泡咖啡": "Jake上到二楼，在二楼厨房的窗户旁边穿着橙灰色T恤的男生正在做咖啡。他向Jake介绍做咖啡使用的工具和材料，Jake尝试了手磨咖啡豆，也尝试了用开水冲泡磨好的咖啡。与这位男生闲聊一会后，Jake拿着做好的咖啡下楼了",
            "在二楼客厅吃饺子": "Jake到二楼客厅，大家已经将食物摆放在客厅桌子上，然后Jake下楼取柔光灯摆放在二楼客厅提供照明。Jake坐在了背对着窗户的方向。Jake往前面的碗里倒了一些醋，大家一起愉快的吃饺子。期间Jake下楼去取了一双筷子。后来Jake多次交替坐在面对着窗户的位置和背对窗户的位置。大家一起边吃边聊。",
            "收拾院子木桌使用过的餐具": "Jake到院子里，和粉色长袖上衣、深色长裤的女生一起收拾院子里和桌子上的垃圾。Jake先扶起来了倒下的柔光灯，这位女生用手撑着塑料袋，Jake将桌子上吃剩的食物和用过的盘子等收拾起来。他们也收拾了烧烤架上的餐具和剩余的调料。最后Jake简单收拾了一下院子里的垃圾并扔到院子里的垃圾桶中。"
        },
        "choice_a_chinese": "收拾院子木桌使用过的餐具",
        "choice_b_chinese": "在二楼客厅吃饺子",
        "choice_c_chinese": "学习冲泡咖啡",
        "choice_d_chinese": "组装木质抽屉",
        "answer": "A",
        "reason_chinese": "收拾院子木桌使用过的餐具 (11:43-11:48) → 组装木质抽屉 (12:16-12:36) → 学习冲泡咖啡 (12:37-12:47) → 在二楼客厅吃饺子 (13:13-13:40)。",
        "question": "Jake remembers doing wooden drawer assembly, learning coffee brewing, and eating dumplings in order but forgets the first event before these. Can you determine it from the records?",
        "events_description": {
            "Assemble wooden drawers": "Jake goes to the courtyard and first cleans up garbage, with a girl in a white long-sleeve shirt and another in a blue-gray denim jacket over a white inner shirt sitting by the table. A girl in a pink long-sleeve T-shirt and dark pants brings a wooden drawer to the courtyard, and Jake and the blue-jacket girl help place it on the table and unpack it. Jake fetches tools like a screwdriver, and the girls help install metal handles. After completion, they discuss in the courtyard before Jake leaves.",
            "Learn to brew coffee": "Jake goes to the second floor where a boy in an orange-gray T-shirt is making coffee by the kitchen window. The boy introduces coffee tools and materials to Jake, who tries grinding coffee beans by hand and brewing the ground coffee with boiling water. After chatting, Jake takes the brewed coffee and goes downstairs.",
            "Eat dumplings in the second-floor living room": "Jake arrived at the second floor living room, everyone had already placed the food on the living room table, then Jake went downstairs to fetch a soft light and placed it in the second floor living room to provide illumination.Jake sat down with his back facing the window.Jake poured some vinegar into the bowl in front of him, and everyone ate the dumplings happily together. Jake went downstairs to fetch a pair of chopsticks. Later, Jake alternated between sitting facing the window and sitting with his back to the window. We all ate and chatted together.",
            "Tidy up used tableware on the courtyard wooden table": "Jake goes to the courtyard and tidies up garbage on the table and in the courtyard with a girl in a pink long-sleeve top and dark pants. Jake first props up a fallen softlight, while the girl holds a plastic bag as he collects leftover food and used plates. They also clean utensils and remaining seasonings from the grill, with Jake finally throwing the garbage into the courtyard trash can."
        },
        "choice_a": "Tidy up used tableware on the courtyard wooden table",
        "choice_b": "Eat dumplings in the second-floor living room",
        "choice_c": "Learn to brew coffee",
        "choice_d": "Assemble wooden drawers",
        "reason": "Tidy up tableware (11:43-11:48) → Assemble wooden drawers (12:16-12:36) → Learn coffee brewing (12:37-12:47) → Eat dumplings (13:13-13:40)."
    },
    {
        "question_chinese": "Jake 在回忆活动时说：“我当天先帮忙组装了白色塑料抽屉，接着在二楼客厅和大家吃饺子，之后去了社区咖啡馆和小狗玩，最后进行了二楼客厅的场景布置。” 但朋友指出他的顺序有误，正确的事件顺序及错误分析是？",
        "events_description_chinese": {
            "帮助组装塑料抽屉": "Jake蹲在一楼客厅前面的地上，与穿着蓝色牛仔外套和浅棕灰色裤子的女生合作组装白色塑料抽屉。组装完成后Jake到院子里转了一圈，回来之后女生把抽屉最上面一层拆下来了。Jake继续和这位女生一起合作完成了安装。",
            "在二楼客厅吃饺子": "Jake到二楼客厅，大家已经将食物摆放在客厅桌子上，然后Jake下楼取柔光灯摆放在二楼客厅提供照明。Jake坐在了背对着窗户的方向。Jake往前面的碗里倒了一些醋，大家一起愉快的吃饺子。期间Jake下楼去取了一双筷子。后来Jake多次交替坐在面对着窗户的位置和背对窗户的位置。大家一起边吃边聊。",
            "前往社区咖啡馆与小狗互动": "Jake一行人出门穿过小巷来到马路边上的社区咖啡馆，里面有很多小狗在铺满灰色石子儿的地面上。Jake一行人与小狗愉快地互动。Jake坐在椅子上，一边和小狗互动，一边与他人聊天。期间穿着蓝色牛仔外套内搭黑色衣服的女生被小狗咬了一口，但这并没有影响其他人与小狗继续互动。最后一行人离开了咖啡馆，步行回到了家里。",
            "二楼客厅场景布置": "Jake一边吃着食物，一边到二楼餐厅。Jake将吃剩的食物防止起来，开始和穿着前蓝色外套和浅蓝色长裤的男生一起收拾客厅桌子上吃剩的食物和餐具。为了保证照明，Jake还打开了屋子里的柔光灯。期间Jake下楼叫来一名穿着黑色外套的男生过来帮忙。Jake将垃圾装在外卖袋子里，下楼扔在了院子的垃圾桶中，并顺便清理了一下院子里的垃圾。短暂休息后，Jake和两名男生上楼将桌子搬到靠墙位置，并将移开客厅中间的椅子。"
        },
        "choice_a_chinese": "正确：在二楼客厅吃饺子 → 帮助组装塑料抽屉 → 二楼客厅场景布置 → 前往社区咖啡馆与小狗互动\n错误原因：颠倒了 “在二楼客厅吃饺子” 与 “帮助组装塑料抽屉” 的顺序，还颠倒了 “二楼客厅场景布置” 与 “前往社区咖啡馆与小狗互动” 的顺序。",
        "choice_b_chinese": "正确：在二楼客厅吃饺子 → 帮助组装塑料抽屉\n错误原因：颠倒了 “在二楼客厅吃饺子” 与 “帮助组装塑料抽屉” 的顺序，并错误地增加了 “前往社区咖啡馆与小狗互动”“二楼客厅场景布置”。",
        "choice_c_chinese": "正确：在二楼客厅吃饺子 → 二楼客厅场景布置 → 前往社区咖啡馆与小狗互动 → 帮助组装塑料抽屉\n错误原因：Jake 颠倒了 “帮助组装塑料抽屉” 与 “在二楼客厅吃饺子” 的顺序，还颠倒了 “二楼客厅场景布置” 与 “前往社区咖啡馆与小狗互动”“帮助组装塑料抽屉” 的顺序。",
        "choice_d_chinese": "正确：帮助组装塑料抽屉 → 前往社区咖啡馆与小狗互动 → 二楼客厅场景布置\n错误原因：错误地增加了 “在二楼客厅和大家吃饺子”，并颠倒了 “帮助组装塑料抽屉” 与 “前往社区咖啡馆与小狗互动” 的顺序。",
        "answer": "C",
        "reason_chinese": "在二楼客厅吃饺子 (13:13-13:40) → 二楼客厅场景布置 (15:34-15:52) → 前往社区咖啡馆与小狗互动 (16:22-16:53) → 帮助组装塑料抽屉 (17:12-17:31)。",
        "question": "Jake recalled: \"I first helped assemble white plastic drawers, then ate dumplings in the second-floor living room, visited the café with puppies, and finally set up the living room scene.\" Friends point out an error. What's the correct order and analysis?",
        "events_description": {
            "Assist in assembling plastic drawers": "Jake crouches on the ground in front of the first-floor living room, collaborating with a girl in a blue denim jacket and light brown-gray pants to assemble a white plastic drawer. After assembly, Jake walks around the courtyard, and upon returning, the girl disassembles the top layer, so they work together to finish installing it.",
            "Eat dumplings in the second-floor living room": "Jake arrived at the second floor living room, everyone had already placed the food on the living room table, then Jake went downstairs to fetch a soft light and placed it in the second floor living room to provide illumination.Jake sat down with his back facing the window.Jake poured some vinegar into the bowl in front of him, and everyone ate the dumplings happily together. Jake went downstairs to fetch a pair of chopsticks. Later, Jake alternated between sitting facing the window and sitting with his back to the window. We all ate and chatted together.",
            "Visit community café for puppy interaction": "Jake and others go out through an alley to a community café by the road, where many puppies are on a gray gravel ground. They happily interact with the puppies, with Jake sitting on a chair chatting while interacting. A girl in a blue denim jacket and black inner shirt is bitten by a puppy, but others continue interacting. Finally, they leave the café and walk home.",
            "Second-floor living room scene setup": "Jake goes to the second-floor dining area while eating, stores leftover food, and starts cleaning the living room table with a boy in a blue jacket and light blue pants. He turns on softlights for illumination, calls a boy in a black jacket for help downstairs, and throws garbage into the courtyard trash can, also cleaning the courtyard. After a short break, Jake and two boys move the table against the wall and remove chairs from the center."
        },
        "choice_a": "Correct: Eat dumplings → Assist in assembling plastic drawers → Scene setup → Puppy interaction\nError: Reversed \"Eat dumplings\" with \"Assemble plastic drawers\" and \"Scene setup\" with \"Puppy interaction\"",
        "choice_b": "Correct: Eat dumplings → Assist in assembling plastic drawers\nError: Reversed order of \"Eat dumplings\" and \"Assemble plastic drawers,\" incorrectly added \"Puppy interaction\" and \"Scene setup\"",
        "choice_c": "Correct: Eat dumplings → Scene setup → Puppy interaction → Assist in assembling plastic drawers\nError: Jake reversed \"Assemble plastic drawers\" with \"Eat dumplings\" and \"Scene setup\" with both \"Puppy interaction\" and \"Assemble plastic drawers\"",
        "choice_d": "Correct: Assist in assembling plastic drawers → Puppy interaction → Scene setup\nError: Incorrectly added \"Eat dumplings\" and reversed order of \"Assemble plastic drawers\" and \"Puppy interaction\"",
        "reason": "Eat dumplings (13:13-13:40) → Scene setup (15:34-15:52) → Puppy interaction (16:22-16:53) → Assemble plastic drawers (17:12-17:31)."
    },
    {
        "question_chinese": "Jake 在整理活动时间线时发现有一处空缺：[学习冲泡咖啡] → (?) → [二楼客厅场景布置] → [前往社区咖啡馆与小狗互动]。空缺处应填入的活动是？",
        "events_description_chinese": {
            "学习冲泡咖啡": "Jake上到二楼，在二楼厨房的窗户旁边穿着橙灰色T恤的男生正在做咖啡。他向Jake介绍做咖啡使用的工具和材料，Jake尝试了手磨咖啡豆，也尝试了用开水冲泡磨好的咖啡。与这位男生闲聊一会后，Jake拿着做好的咖啡下楼了",
            "帮助组装塑料抽屉": "Jake蹲在一楼客厅前面的地上，与穿着蓝色牛仔外套和浅棕灰色裤子的女生合作组装白色塑料抽屉。组装完成后Jake到院子里转了一圈，回来之后女生把抽屉最上面一层拆下来了。Jake继续和这位女生一起合作完成了安装。",
            "麻薯准备工作": "Jake来到一楼客厅桌子前带上手套，一边到处走动一边揉捏碗里的面团。尽管期间出现了手套的破损，Jake还是完成了面团揉捏的工作。完成面团揉捏后，Jake将面团撕成小块并团成球体放在一楼客厅的碗里。面团很黏，所以面团很难撕扯而且总是粘在Jake的手上。面团完全消耗之后手套已经破的不成样子了。",
            "收拾院子木桌使用过的餐具": "Jake到院子里，和粉色长袖上衣、深色长裤的女生一起收拾院子里和桌子上的垃圾。Jake先扶起来了倒下的柔光灯，这位女生用手撑着塑料袋，Jake将桌子上吃剩的食物和用过的盘子等收拾起来。他们也收拾了烧烤架上的餐具和剩余的调料。最后Jake简单收拾了一下院子里的垃圾并扔到院子里的垃圾桶中。",
            "在二楼客厅吃饺子": "Jake到二楼客厅，大家已经将食物摆放在客厅桌子上，然后Jake下楼取柔光灯摆放在二楼客厅提供照明。Jake坐在了背对着窗户的方向。Jake往前面的碗里倒了一些醋，大家一起愉快的吃饺子。期间Jake下楼去取了一双筷子。后来Jake多次交替坐在面对着窗户的位置和背对窗户的位置。大家一起边吃边聊。",
            "二楼客厅场景布置": "Jake一边吃着食物，一边到二楼餐厅。Jake将吃剩的食物防止起来，开始和穿着前蓝色外套和浅蓝色长裤的男生一起收拾客厅桌子上吃剩的食物和餐具。为了保证照明，Jake还打开了屋子里的柔光灯。期间Jake下楼叫来一名穿着黑色外套的男生过来帮忙。Jake将垃圾装在外卖袋子里，下楼扔在了院子的垃圾桶中，并顺便清理了一下院子里的垃圾。短暂休息后，Jake和两名男生上楼将桌子搬到靠墙位置，并将移开客厅中间的椅子。",
            "前往社区咖啡馆与小狗互动": "Jake一行人出门穿过小巷来到马路边上的社区咖啡馆，里面有很多小狗在铺满灰色石子儿的地面上。Jake一行人与小狗愉快地互动。Jake坐在椅子上，一边和小狗互动，一边与他人聊天。期间穿着蓝色牛仔外套内搭黑色衣服的女生被小狗咬了一口，但这并没有影响其他人与小狗继续互动。最后一行人离开了咖啡馆，步行回到了家里。"
        },
        "choice_a_chinese": "帮助组装塑料抽屉",
        "choice_b_chinese": "麻薯准备工作",
        "choice_c_chinese": "收拾院子木桌使用过的餐具",
        "choice_d_chinese": "在二楼客厅吃饺子",
        "answer": "D",
        "reason_chinese": "学习冲泡咖啡 (12:37-12:47) → 在二楼客厅吃饺子 (13:13-13:40) → 二楼客厅场景布置 (15:34-15:52) → 前往社区咖啡馆与小狗互动 (16:22-16:53)。",
        "question": "Jake finds a gap in the activity timeline: [Learn to brew coffee] → (?) → [Second-floor living room scene setup] → [Visit community café for puppy interaction]. Which activity fills the gap?",
        "events_description": {
            "Learn to brew coffee": "Jake goes to the second floor where a boy in an orange-gray T-shirt is making coffee by the kitchen window. The boy introduces coffee tools and materials to Jake, who tries grinding coffee beans by hand and brewing the ground coffee with boiling water. After chatting, Jake takes the brewed coffee and goes downstairs.",
            "Assist in assembling plastic drawers": "Jake crouches on the ground in front of the first-floor living room, collaborating with a girl in a blue denim jacket and light brown-gray pants to assemble a white plastic drawer. After assembly, Jake walks around the courtyard, and upon returning, the girl disassembles the top layer, so they work together to finish installing it.",
            "Mochi preparation": "Jake puts on gloves at the first-floor living room table, kneading dough in a bowl while walking around. Despite glove damage, he finishes kneading, tears the dough into small pieces, and rolls them into balls in a bowl. The sticky dough is hard to tear and keeps sticking to his hands, with gloves completely worn out after use.",
            "Tidy up used tableware on the courtyard wooden table": "Jake goes to the courtyard and tidies up garbage on the table and in the courtyard with a girl in a pink long-sleeve top and dark pants. Jake first props up a fallen softlight, while the girl holds a plastic bag as he collects leftover food and used plates. They also clean utensils and remaining seasonings from the grill, with Jake finally throwing the garbage into the courtyard trash can.",
            "Eat dumplings in the second-floor living room": "Jake arrived at the second floor living room, everyone had already placed the food on the living room table, then Jake went downstairs to fetch a soft light and placed it in the second floor living room to provide illumination.Jake sat down with his back facing the window.Jake poured some vinegar into the bowl in front of him, and everyone ate the dumplings happily together. Jake went downstairs to fetch a pair of chopsticks. Later, Jake alternated between sitting facing the window and sitting with his back to the window. We all ate and chatted together.",
            "Second-floor living room scene setup": "Jake goes to the second-floor dining area while eating, stores leftover food, and starts cleaning the living room table with a boy in a blue jacket and light blue pants. He turns on softlights for illumination, calls a boy in a black jacket for help downstairs, and throws garbage into the courtyard trash can, also cleaning the courtyard. After a short break, Jake and two boys move the table against the wall and remove chairs from the center.",
            "Visit community café for puppy interaction": "Jake and others go out through an alley to a community café by the road, where many puppies are on a gray gravel ground. They happily interact with the puppies, with Jake sitting on a chair chatting while interacting. A girl in a blue denim jacket and black inner shirt is bitten by a puppy, but others continue interacting. Finally, they leave the café and walk home."
        },
        "choice_a": "Assist in assembling plastic drawers",
        "choice_b": "Mochi preparation",
        "choice_c": "Tidy up used tableware on the courtyard wooden table",
        "choice_d": "Eat dumplings in the second-floor living room",
        "reason": "Learn coffee brewing (12:37-12:47) → Eat dumplings (13:13-13:40) → Scene setup (15:34-15:52) → Puppy interaction (16:22-16:53)."
    }
]