[
    {
        "question_chinese": "JAKE需要整理DAY2上午11:20至21:15期间的部分活动日志，正确的事件顺序是？\n\na. 二楼客厅设备调试\n\nb. 在一楼客厅吃饭\n\nc. 使用手机扫描房屋\n\nd. 床上物品整理和电脑操作指导\n\ne. 疏通水池和协作清理餐具\n\nf. 存储卡分发和使用方法教学",
        "events_description_chinese": {
            "二楼客厅设备调试": "Jake到二楼客厅，在门旁边的三脚支架前坐下，使用电脑检查设备运行情况。Jake也到客厅角落的三脚支架前，检查了地上的电脑和上面装载的电路板。",
            "在一楼客厅吃饭": "Jake和其他人在餐桌前分配餐具准备吃饭，Jake将调料倒在每个人的碗里，用筷子夹着食物蘸着调料食用。期间Jake用玻璃杯冲了一杯牛奶咖啡。所有人一边吃饭一边聊天。饭后，Jake将餐具放到厨房窗前的水池里以备清洁。",
            "使用手机扫描房屋": "Jake从一楼卧室取手机对全屋进行扫描。Jake从一楼厨房开始，依次扫描一楼客厅、一楼放着电脑桌的卧室、床上放着一个吉他的卧室，床上放着一个吉他的卧室、床上什么都没放非常干净整洁的卧室、玄关、楼梯、二楼的客厅、二楼的卫生间、Jake扫描的非常详细，他顾及到了房间的每个角落，包括门口的角落和桌子、柜子下面的空间",
            "床上物品整理和电脑操作指导": "Jake拿着两个白色的电器坐到卧室床上，并给其充电。然后Jake站在床上，整理床上散落的电脑等物品和电线。期间身着白色T恤和深蓝色紧身牛仔裤的女生进入卧室操作电脑便携式小桌子上的电脑和分层式电脑桌上的三个电脑，Jake站在床上给予指导。",
            "疏通水池和协作清理餐具": "Jake到二楼的厨房窗户前面的水池对火锅锅具和用过的餐具进行清洗，并疏通水池管道，将多余的食材放到塑料袋子中。完成管道疏通后，Jake和身着淡黄色衬衫的女生协作完成餐具的清理。最后Jake下楼到卫生间洗手。",
            "存储卡分发和使用方法教学": "Jake坐在二楼客厅桌子上，给每个存储卡盒子粘贴标签。做完这一步后，Jake下楼，与黑色外套黑色长裤子、黑色T恤浅棕色长裤和蓝灰色牛仔外套卡其色长裤的三个男生握手，简单交流后将他们带到卧室电脑桌前演示电脑操作。最后Jake将他们带到二楼，将贴有标签的存储卡盒子交给他们，指导他们给室内布置的摄像头更换存储卡之后继续给存储卡盒子粘贴标签。"
        },
        "choice_a_chinese": "b→f→d→e",
        "choice_b_chinese": "b→d→e→f",
        "choice_c_chinese": "f→b→d→e",
        "choice_d_chinese": "d→b→e→c",
        "answer": "A",
        "reason_chinese": "二楼客厅设备调试(10:59-11:14)→在一楼客厅吃饭(11:18-12:05)→存储卡分发和使用方法教学(12:57-13:13)→床上物品整理和电脑操作指导(17:24-17:37)→疏通水池和协作清理餐具(20:57-21:15)→使用手机扫描房屋(21:45-22:11)",
        "question": "JAKE needs to organize part of the activity log from 11:20 AM to 9:15 PM on DAY2. What is the correct order of events?\n\na. Second-floor living room equipment debugging\n\nb. Dining in the first-floor living room\n\nc. Scanning the house with a mobile phone\n\nd. Bed item organization and computer operation guidance\n\ne. Unclogging the sink and collaborative tableware cleaning\n\nf. Memory card distribution and usage teaching",
        "events_description": {
            "Second-floor living room equipment debugging": "Jake goes to the second-floor living room, sits in front of a tripod stand by the door, and uses a computer to check equipment operation. He also checks the computer on the floor and the circuit board it carries in the corner of the living room.",
            "Dining in the first-floor living room": "Jake and others distribute tableware at the dining table to prepare for the meal. Jake pours seasoning into everyone's bowl and dips food in the seasoning with chopsticks. During the meal, Jake makes a cup of milk coffee with a glass. Everyone chats while eating. After the meal, Jake places the tableware in the sink by the kitchen window for cleaning.",
            "Scanning the house with a mobile phone": "Jake retrieves his phone from the first-floor bedroom and scans the entire house. He starts from the first-floor kitchen, then scans the first-floor living room, the bedroom with a computer desk, the bedroom with a guitar on the bed, the bedroom with a clean and tidy bed with nothing on it, the entrance, the stairs, the second-floor living room, and the second-floor bathroom. Jake scans in detail, covering every corner of the rooms, including door corners and spaces under tables and cabinets.",
            "Bed item organization and computer operation guidance": "Jake sits on the bedroom bed with two white appliances and charges them. He then stands on the bed to organize scattered computers and wires. The girl in a white T-shirt and dark blue skinny jeans enters the bedroom to operate the computer on the portable small desk and the three computers on the tiered computer desk, with Jake guiding her while standing on the bed.",
            "Unclogging the sink and collaborative tableware cleaning": "Jake goes to the sink in front of the second-floor kitchen window to clean hot pot utensils and used tableware, unclogs the sink pipeline, and puts excess ingredients into plastic bags. After unclogging, Jake collaborates with the girl in a light yellow shirt to finish cleaning the tableware. Finally, Jake goes downstairs to wash his hands in the bathroom.",
            "Memory card distribution and usage teaching": "Jake sits at the second-floor living room table to label each memory card box. After this, he goes downstairs, shakes hands with three boys (one in a black jacket and black pants, one in a black T-shirt and light brown pants, one in a blue-gray denim jacket and khaki pants), brings them to the bedroom computer desk to demonstrate computer operations, then takes them to the second floor to hand over the labeled memory card boxes, guides them to replace memory cards in indoor cameras, and continues labeling the boxes."
        },
        "choice_a": "b→f→d→e",
        "choice_b": "b→d→e→f",
        "choice_c": "f→b→d→e",
        "choice_d": "d→b→e→c",
        "reason": "Second-floor equipment debugging (10:59-11:14) → Dining in first-floor living room (11:18-12:05) → Memory card teaching (12:57-13:13) → Bed organization (17:24-17:37) → Sink unclogging (20:57-21:15) → House scanning (21:45-22:11)."
    },
    {
        "question_chinese": "Jake往笔记本上记下自己今天所作的事情：[二楼客厅设备调试 → 在一楼客厅吃饭 → 存储卡分发和使用方法教学 → 在二楼吃饭]，其这些事情发生的正确时间段是？",
        "events_description_chinese": {
            "二楼客厅设备调试": "Jake到二楼客厅，在门旁边的三脚支架前坐下，使用电脑检查设备运行情况。Jake也到客厅角落的三脚支架前，检查了地上的电脑和上面装载的电路板。",
            "在一楼客厅吃饭": "Jake和其他人在餐桌前分配餐具准备吃饭，Jake将调料倒在每个人的碗里，用筷子夹着食物蘸着调料食用。期间Jake用玻璃杯冲了一杯牛奶咖啡。所有人一边吃饭一边聊天。饭后，Jake将餐具放到厨房窗前的水池里以备清洁。",
            "存储卡分发和使用方法教学": "Jake坐在二楼客厅桌子上，给每个存储卡盒子粘贴标签。做完这一步后，Jake下楼，与黑色外套黑色长裤子、黑色T恤浅棕色长裤和蓝灰色牛仔外套卡其色长裤的三个男生握手，简单交流后将他们带到卧室电脑桌前演示电脑操作。最后Jake将他们带到二楼，将贴有标签的存储卡盒子交给他们，指导他们给室内布置的摄像头更换存储卡之后继续给存储卡盒子粘贴标签。",
            "在二楼桌子上吃饭": "Jake将二楼客厅桌子上的电脑和存储卡等放到沙发上，灰色T恤穿着短裤的女生将碗放到桌子上。当所有人都到二楼后Jake下楼取眼镜和椅子，坐在桌子旁与其他人一起吃饭。所有人使用红色的塑料碗装着米饭，大家一边吃饭一边聊天，但一位穿着白色T恤的男生并没有参与吃饭。大家吃完后陆续离开，Jake是最后一位离开吃完桌子，离开的时候手持一瓶黄色的饮料。"
        },
        "choice_a_chinese": "16:00-18:30",
        "choice_b_chinese": "11:00-13:30",
        "choice_c_chinese": "11:00-14:00",
        "choice_d_chinese": "10:30-12:00",
        "answer": "C",
        "reason_chinese": "二楼设备调试(10:59-11:14)→一楼吃饭(11:18-12:05)→存储卡教学(12:57-13:13)→二楼吃饭(13:13-13:54)，完整覆盖10:59至13:54。",
        "question": "Jake noted in his notebook: [Second-floor living room equipment debugging → Dining in first-floor living room → Memory card distribution and usage teaching → Dining at second-floor table]. What is the correct time range for these events?",
        "events_description": {
            "Second-floor living room equipment debugging": "Jake goes to the second-floor living room, sits in front of a tripod stand by the door, and uses a computer to check equipment operation. He also checks the computer on the floor and the circuit board it carries in the corner of the living room.",
            "Dining in the first-floor living room": "Jake and others distribute tableware at the dining table to prepare for the meal. Jake pours seasoning into everyone's bowl and dips food in the seasoning with chopsticks. During the meal, Jake makes a cup of milk coffee with a glass. Everyone chats while eating. After the meal, Jake places the tableware in the sink by the kitchen window for cleaning.",
            "Memory card distribution and usage teaching": "Jake sits at the second-floor living room table to label each memory card box. After this, he goes downstairs, shakes hands with three boys (one in a black jacket and black pants, one in a black T-shirt and light brown pants, one in a blue-gray denim jacket and khaki pants), brings them to the bedroom computer desk to demonstrate computer operations, then takes them to the second floor to hand over the labeled memory card boxes, guides them to replace memory cards in indoor cameras, and continues labeling the boxes.",
            "Dining at second-floor table": "Jake moves computers and memory cards from the second-floor living room table to the sofa, and the girl in a gray T-shirt and shorts places bowls on the table. After everyone arrives on the second floor, Jake goes downstairs to get glasses and a chair, then sits at the table to eat with others. Everyone uses red plastic bowls for rice and chats while eating, except a boy in a white T-shirt who doesn't join. After the meal, people leave one by one, with Jake being the last, leaving with a yellow drink in hand."
        },
        "choice_a": "16:00-18:30",
        "choice_b": "11:00-13:30",
        "choice_c": "11:00-14:00",
        "choice_d": "10:30-12:00",
        "reason": "Second-floor equipment debugging (10:59-11:14) → First-floor dining (11:18-12:05) → Memory card teaching (12:57-13:13) → Second-floor dining (13:13-13:54), fully covering 10:59 to 13:54."
    },
    {
        "question_chinese": "JAKE只记录了事件内容但未标注时间。已知事件序列为：\n[存储卡分发和使用方法教学 → 在二楼桌子上吃饭 → 相机校准和全景相机布置 → 床上物品整理和电脑操作指导]\n时间选项：\n\na. 15:50~16:10\n\nb. 16:10~17:25\n\nc. 13:00~13:15\n\nd. 13:13~13:55\n\ne. 17:25~17:40\n\nf. 18:00~18:20\n\ng. 13:00~13:40",
        "events_description_chinese": {
            "存储卡分发和使用方法教学": "Jake坐在二楼客厅桌子上，给每个存储卡盒子粘贴标签。做完这一步后，Jake下楼，与黑色外套黑色长裤子、黑色T恤浅棕色长裤和蓝灰色牛仔外套卡其色长裤的三个男生握手，简单交流后将他们带到卧室电脑桌前演示电脑操作。最后Jake将他们带到二楼，将贴有标签的存储卡盒子交给他们，指导他们给室内布置的摄像头更换存储卡之后继续给存储卡盒子粘贴标签。",
            "在二楼桌子上吃饭": "Jake将二楼客厅桌子上的电脑和存储卡等放到沙发上，灰色T恤穿着短裤的女生将碗放到桌子上。当所有人都到二楼后Jake下楼取眼镜和椅子，坐在桌子旁与其他人一起吃饭。所有人使用红色的塑料碗装着米饭，大家一边吃饭一边聊天，但一位穿着白色T恤的男生并没有参与吃饭。大家吃完后陆续离开，Jake是最后一位离开吃完桌子，离开的时候手持一瓶黄色的饮料。",
            "相机校准和全景相机布置": "Jake将手机的计时功能给正在舞蹈排练的其他人依次展示后，将时间给房间各个摄像头展示。然后Jake举起校准网格板，向房间的各个摄像头进行展示，以到校准相机的功能。然后，Jake从卧室取全景相机并在楼梯间与手机进行连接，调试完成后布置在二楼客厅的中间并调整位置，其他人正在进行舞蹈排练",
            "床上物品整理和电脑操作指导": "Jake拿着两个白色的电器坐到卧室床上，并给其充电。然后Jake站在床上，整理床上散落的电脑等物品和电线。期间身着白色T恤和深蓝色紧身牛仔裤的女生进入卧室操作电脑便携式小桌子上的电脑和分层式电脑桌上的三个电脑，Jake站在床上给予指导。"
        },
        "choice_a_chinese": "1→c / 2→d / 3→a / 4→e",
        "choice_b_chinese": "1→b / 2→d / 3→a / 4→f",
        "choice_c_chinese": "1→c / 2→a / 3→e / 4→d",
        "choice_d_chinese": "1→d / 2→c / 3→e / 4→a",
        "answer": "A",
        "reason_chinese": "存储卡分发和使用方法教学  (12:57-13:13)→ 在二楼桌子上吃饭  (13:13-13:54)→ 相机校准和全景相机布置  (15:50-16:07)  → 床上物品整理和电脑操作指导  (17:24-17:37)。",
        "question": "JAKE only recorded the event content but not the times. The known event sequence is:\n[Memory card distribution and usage teaching → Dining at second-floor table → Camera calibration and panoramic camera setup → Bed item organization and computer operation guidance]\nTime options:\n\na. 15:50~16:10\n\nb. 16:10~17:25\n\nc. 13:00~13:15\n\nd. 13:13~13:55\n\ne. 17:25~17:40\n\nf. 18:00~18:20\n\ng. 13:00~13:40",
        "events_description": {
            "Memory card distribution and usage teaching": "Jake sits at the second-floor living room table to label each memory card box. After this, he goes downstairs, shakes hands with three boys (one in a black jacket and black pants, one in a black T-shirt and light brown pants, one in a blue-gray denim jacket and khaki pants), brings them to the bedroom computer desk to demonstrate computer operations, then takes them to the second floor to hand over the labeled memory card boxes, guides them to replace memory cards in indoor cameras, and continues labeling the boxes.",
            "Dining at second-floor table": "Jake moves computers and memory cards from the second-floor living room table to the sofa, and the girl in a gray T-shirt and shorts places bowls on the table. After everyone arrives on the second floor, Jake goes downstairs to get glasses and a chair, then sits at the table to eat with others. Everyone uses red plastic bowls for rice and chats while eating, except a boy in a white T-shirt who doesn't join. After the meal, people leave one by one, with Jake being the last, leaving with a yellow drink in hand.",
            "Camera calibration and panoramic camera setup": "Jake shows the timing function of his phone to others rehearsing dance, then displays the time to each room camera. He raises a calibration grid board to show each camera for calibration, retrieves a panoramic camera from the bedroom, connects it to his phone in the stairwell, and after debugging, places it in the center of the second-floor living room while others continue dancing.",
            "Bed item organization and computer operation guidance": "Jake sits on the bedroom bed with two white appliances and charges them. He then stands on the bed to organize scattered computers and wires. The girl in a white T-shirt and dark blue skinny jeans enters the bedroom to operate the computer on the portable small desk and the three computers on the tiered computer desk, with Jake guiding her while standing on the bed."
        },
        "choice_a": "1→c / 2→d / 3→a / 4→e",
        "choice_b": "1→b / 2→d / 3→a / 4→f",
        "choice_c": "1→c / 2→a / 3→e / 4→d",
        "choice_d": "1→d / 2→c / 3→e / 4→a",
        "reason": "Memory card teaching (12:57-13:13) → Second-floor dining (13:13-13:54) → Camera calibration (15:50-16:07) → Bed organization (17:24-17:37)."
    },
    {
        "question_chinese": "JAKE在\"疏通水池和与同伴协作清理餐具\"后，紧接着\"使用手机对房屋进行扫描\"，之前发生了哪两个事件？",
        "events_description_chinese": {
            "疏通水池和协作清理餐具": "Jake到二楼的厨房窗户前面的水池对火锅锅具和用过的餐具进行清洗，并疏通水池管道，将多余的食材放到塑料袋子中。完成管道疏通后，Jake和身着淡黄色衬衫的女生协作完成餐具的清理。最后Jake下楼到卫生间洗手。",
            "使用手机对房屋进行扫描": "Jake从一楼卧室取手机对全屋进行扫描。Jake从一楼厨房开始，依次扫描一楼客厅、一楼放着电脑桌的卧室、床上放着一个吉他的卧室，床上放着一个吉他的卧室、床上什么都没放非常干净整洁的卧室、玄关、楼梯、二楼的客厅、二楼的卫生间、Jake扫描的非常详细，他顾及到了房间的每个角落，包括门口的角落和桌子、柜子下面的空间",
            "准备火锅食材并一起吃饭": "Jake和其他人一起在客厅二楼的位置，餐桌摆放在客厅中间，桌上有一些未拆封的食材和两个火锅锅具。Jake和其他人将食材拆封。短暂休息后，Jake到一楼接饮用水然后回到二楼，所有人围在餐桌周围坐下，举杯庆祝。",
            "聆听同伴演奏吉他": "Jake从二楼客厅下楼，到一楼卧室区，坐在卧室门口听黑色T恤男生弹吉他。另一位深蓝色T恤的男生坐在卧室里面。后来Jake坐在床上，对电脑进行一些操作，黑色T恤男生仍然继续弹吉他。最后黑色男生拿着吉他出门，Jake下床。"
        },
        "choice_a_chinese": "准备火锅食材并一起吃饭 → 聆听同伴演奏吉他",
        "choice_b_chinese": "聆听同伴演奏吉他 → 使用手机对房屋进行扫描",
        "choice_c_chinese": "床上物品整理和电脑操作指导 → 相机校准和全景相机布置",
        "choice_d_chinese": "聆听同伴演奏吉他 → 准备火锅食材并一起吃饭",
        "answer": "D",
        "reason_chinese": "聆听同伴演奏吉他(18:14-18:17) → 准备火锅食材并一起吃饭(18:28-18:37) → 疏通水池和协作清理餐具 (20:57-21:15) → 使用手机对房屋进行扫描(21:45-22:11)。",
        "question": "After \"Unclogging the sink and collaborative tableware cleaning\", JAKE immediately \"Scanned the house with a mobile phone\". What two events occurred before this?",
        "events_description": {
            "Unclogging the sink and collaborative tableware cleaning": "Jake goes to the sink in front of the second-floor kitchen window to clean hot pot utensils and used tableware, unclogs the sink pipeline, and puts excess ingredients into plastic bags. After unclogging, Jake collaborates with the girl in a light yellow shirt to finish cleaning the tableware. Finally, Jake goes downstairs to wash his hands in the bathroom.",
            "Scanning the house with a mobile phone": "Jake retrieves his phone from the first-floor bedroom and scans the entire house. He starts from the first-floor kitchen, then scans the first-floor living room, the bedroom with a computer desk, the bedroom with a guitar on the bed, the bedroom with a clean and tidy bed with nothing on it, the entrance, the stairs, the second-floor living room, and the second-floor bathroom. Jake scans in detail, covering every corner of the rooms, including door corners and spaces under tables and cabinets.",
            "Preparing hot pot ingredients and dining together": "Jake and others are on the second-floor living room, with the dining table in the center, holding unopened ingredients and two hot pot utensils. They unpack the ingredients. After a short break, Jake goes to the first floor to get drinking water, returns to the second floor, and everyone sits around the table to raise a toast.",
            "Listening to a peer play the guitar": "Jake goes downstairs from the second-floor living room to the first-floor bedroom area, sits at the bedroom door to listen to a boy in a black T-shirt play the guitar. Another boy in a dark blue T-shirt sits inside the bedroom. Later, Jake sits on the bed to operate a computer while the black T-shirt boy continues playing. Finally, the black T-shirt boy takes the guitar and leaves, and Jake gets out of bed."
        },
        "choice_a": "Preparing hot pot ingredients and dining together → Listening to a peer play the guitar",
        "choice_b": "Listening to a peer play the guitar → Scanning the house with a mobile phone",
        "choice_c": "Bed item organization and computer operation guidance → Camera calibration and panoramic camera setup",
        "choice_d": "Listening to a peer play the guitar → Preparing hot pot ingredients and dining together",
        "reason": "Listening to guitar (18:14-18:17) → Preparing hot pot (18:28-18:37) → Sink unclogging (20:57-21:15) → House scanning (21:45-22:11)."
    },
    {
        "question_chinese": "JAKE回忆到：“在Day2 ，我先进行了存储卡合作处理，然后进行相机校准和全景相机布置，接着聆听吉他弹奏，最后准备火锅晚餐，中间没有其他的事情发生”。有人说JAKE的说法错误，正确的顺序和错误分析是？",
        "events_description_chinese": {
            "存储卡合作处理": "Jake在一楼卧室给位于并排摆放好的两个便携式桌子上的电脑连接充电器，身着黑色T恤和蓝色T恤的男生坐在便携式桌子前，面向卧室的窗户，Jake拿出贴有标签的存储卡盒子，并将存储卡插到他们面前的电脑上，指导他们进行操作。此后身着黑色T恤和蓝色T恤的男生一直在坐在卧室操作笔记本电脑，Jake隔一段时间到一楼卧室观察一下。",
            "相机校准和全景相机布置": "Jake将手机的计时功能给正在舞蹈排练的其他人依次展示后，将时间给房间各个摄像头展示。然后Jake举起校准网格板，向房间的各个摄像头进行展示，以到校准相机的功能。然后，Jake从卧室取全景相机并在楼梯间与手机进行连接，调试完成后布置在二楼客厅的中间并调整位置，其他人正在进行舞蹈排练",
            "聆听同伴演奏吉他": "Jake从二楼客厅下楼，到一楼卧室区，坐在卧室门口听黑色T恤男生弹吉他。另一位深蓝色T恤的男生坐在卧室里面。后来Jake坐在床上，对电脑进行一些操作，黑色T恤男生仍然继续弹吉他。最后黑色男生拿着吉他出门，Jake下床。",
            "准备火锅食材并一起吃饭": "Jake和其他人一起在客厅二楼的位置，餐桌摆放在客厅中间，桌上有一些未拆封的食材和两个火锅锅具。Jake和其他人将食材拆封。短暂休息后，Jake到一楼接饮用水然后回到二楼，所有人围在餐桌周围坐下，举杯庆祝。",
            "床上物品整理和电脑操作指导": "Jake拿着两个白色的电器坐到卧室床上，并给其充电。然后Jake站在床上，整理床上散落的电脑等物品和电线。期间身着白色T恤和深蓝色紧身牛仔裤的女生进入卧室操作电脑便携式小桌子上的电脑和分层式电脑桌上的三个电脑，Jake站在床上给予指导。"
        },
        "choice_a_chinese": "正确：存储卡合作处理 → 校准相机 → 准备火锅 → 房屋扫描\n错误原因：遗漏了房屋扫描，错误地增加了聆听吉他弹奏",
        "choice_b_chinese": "正确：校准相机 → 存储卡合作处理 → 床上整理 → 聆听吉他 → 准备火锅\n错误原因：颠倒了 “校准相机” 与 “存储卡合作处理” 的顺序，且遗漏了 “床上整理”",
        "choice_c_chinese": "正确：存储卡合作处理 → 床上整理 → 聆听吉他 → 准备火锅\n错误原因：遗漏了 “床上整理”，错误地增加了 “相机校准”",
        "choice_d_chinese": "正确：校准相机 → 存储卡合作处理→ 床上物品整理 → 聆听吉他 → 准备火锅\n错误原因：颠倒了 “校准相机” 与 “存储卡合作处理” 的顺序，且遗漏了 “床上物品整理”",
        "answer": "D",
        "reason_chinese": "相机校准和全景相机布置（15:50-16:07）→ 存储卡合作处理（16:10-17:23）→ 床上物品整理（17:24-17:37）→ 聆听吉他（18:14-18:17）→ 准备火锅食材并一起吃饭（18:28-18:37）",
        "question": "JAKE recalled: \"On Day2, I first handled memory cards collaboratively, then calibrated the camera and set up panoramic cameras, then listened to guitar playing, and finally prepared hot pot dinner, with no other events in between.\" Someone points out an error in his statement. What is the correct order and error analysis?",
        "events_description": {
            "Memory card collaborative handling": "Jake connects chargers to computers on two portable tables placed side by side in the first-floor bedroom. Boys in black and blue T-shirts sit in front of the tables facing the bedroom window. Jake takes out labeled memory card boxes, inserts cards into their computers, and guides them. The boys continue operating laptops, with Jake periodically checking in the bedroom.",
            "Camera calibration and panoramic camera setup": "Jake shows the timing function of his phone to others rehearsing dance, then displays the time to each room camera. He raises a calibration grid board to show each camera for calibration, retrieves a panoramic camera from the bedroom, connects it to his phone in the stairwell, and after debugging, places it in the center of the second-floor living room while others continue dancing.",
            "Listening to a peer play the guitar": "Jake goes downstairs from the second-floor living room to the first-floor bedroom area, sits at the bedroom door to listen to a boy in a black T-shirt play the guitar. Another boy in a dark blue T-shirt sits inside the bedroom. Later, Jake sits on the bed to operate a computer while the black T-shirt boy continues playing. Finally, the black T-shirt boy takes the guitar and leaves, and Jake gets out of bed.",
            "Preparing hot pot ingredients and dining together": "Jake and others are on the second-floor living room, with the dining table in the center, holding unopened ingredients and two hot pot utensils. They unpack the ingredients. After a short break, Jake goes to the first floor to get drinking water, returns to the second floor, and everyone sits around the table to raise a toast.",
            "Bed item organization and computer operation guidance": "Jake sits on the bedroom bed with two white appliances and charges them. He then stands on the bed to organize scattered computers and wires. The girl in a white T-shirt and dark blue skinny jeans enters the bedroom to operate the computer on the portable small desk and the three computers on the tiered computer desk, with Jake guiding her while standing on the bed."
        },
        "choice_a": "Correct: Memory card handling → Camera calibration → Hot pot preparation → House scanning\nError: Omitted house scanning and incorrectly added guitar listening",
        "choice_b": "Correct: Camera calibration → Memory card handling → Bed organization → Guitar listening → Hot pot preparation\nError: Reversed order of \"Camera calibration\" and \"Memory card handling\" and omitted \"Bed organization\"",
        "choice_c": "Correct: Memory card handling → Bed organization → Guitar listening → Hot pot preparation\nError: Omitted \"Bed organization\" and incorrectly added \"Camera calibration\"",
        "choice_d": "Correct: Camera calibration → Memory card handling → Bed organization → Guitar listening → Hot pot preparation\nError: Reversed order of \"Camera calibration\" and \"Memory card handling\" and omitted \"Bed organization\"",
        "reason": "Camera calibration (15:50-16:07) → Memory card handling (16:10-17:23) → Bed organization (17:24-17:37) → Guitar listening (18:14-18:17) → Hot pot preparation (18:28-18:37)."
    },
    {
        "question_chinese": "Jake的日记片段有一段缺失：[在二楼桌子上吃饭] → (?) → [床上物品整理和电脑操作指导] → (?) 。缺失部分应填入？",
        "events_description_chinese": {
            "在二楼桌子上吃饭": "Jake将二楼客厅桌子上的电脑和存储卡等放到沙发上，灰色T恤穿着短裤的女生将碗放到桌子上。当所有人都到二楼后Jake下楼取眼镜和椅子，坐在桌子旁与其他人一起吃饭。所有人使用红色的塑料碗装着米饭，大家一边吃饭一边聊天，但一位穿着白色T恤的男生并没有参与吃饭。大家吃完后陆续离开，Jake是最后一位离开吃完桌子，离开的时候手持一瓶黄色的饮料。",
            "聆听同伴演奏吉他": "Jake从二楼客厅下楼，到一楼卧室区，坐在卧室门口听黑色T恤男生弹吉他。另一位深蓝色T恤的男生坐在卧室里面。后来Jake坐在床上，对电脑进行一些操作，黑色T恤男生仍然继续弹吉他。最后黑色男生拿着吉他出门，Jake下床。",
            "在一楼客厅吃饭": "Jake和其他人在餐桌前分配餐具准备吃饭，Jake将调料倒在每个人的碗里，用筷子夹着食物蘸着调料食用。期间Jake用玻璃杯冲了一杯牛奶咖啡。所有人一边吃饭一边聊天。饭后，Jake将餐具放到厨房窗前的水池里以备清洁。",
            "存储卡分发和使用方法教学": "Jake坐在二楼客厅桌子上，给每个存储卡盒子粘贴标签。做完这一步后，Jake下楼，与黑色外套黑色长裤子、黑色T恤浅棕色长裤和蓝灰色牛仔外套卡其色长裤的三个男生握手，简单交流后将他们带到卧室电脑桌前演示电脑操作。最后Jake将他们带到二楼，将贴有标签的存储卡盒子交给他们，指导他们给室内布置的摄像头更换存储卡之后继续给存储卡盒子粘贴标签。",
            "相机校准和全景相机布置": "Jake将手机的计时功能给正在舞蹈排练的其他人依次展示后，将时间给房间各个摄像头展示。然后Jake举起校准网格板，向房间的各个摄像头进行展示，以到校准相机的功能。然后，Jake从卧室取全景相机并在楼梯间与手机进行连接，调试完成后布置在二楼客厅的中间并调整位置，其他人正在进行舞蹈排练",
            "存储卡合作处理": "Jake在一楼卧室给位于并排摆放好的两个便携式桌子上的电脑连接充电器，身着黑色T恤和蓝色T恤的男生坐在便携式桌子前，面向卧室的窗户，Jake拿出贴有标签的存储卡盒子，并将存储卡插到他们面前的电脑上，指导他们进行操作。此后身着黑色T恤和蓝色T恤的男生一直在坐在卧室操作笔记本电脑，Jake隔一段时间到一楼卧室观察一下。",
            "准备火锅食材并一起吃饭": "Jake和其他人一起在客厅二楼的位置，餐桌摆放在客厅中间，桌上有一些未拆封的食材和两个火锅锅具。Jake和其他人将食材拆封。短暂休息后，Jake到一楼接饮用水然后回到二楼，所有人围在餐桌周围坐下，举杯庆祝。",
            "二楼客厅设备调试": "Jake到二楼客厅，在门旁边的三脚支架前坐下，使用电脑检查设备运行情况。Jake也到客厅角落的三脚支架前，检查了地上的电脑和上面装载的电路板。",
            "疏通水池和协作清理餐具": "Jake到二楼的厨房窗户前面的水池对火锅锅具和用过的餐具进行清洗，并疏通水池管道，将多余的食材放到塑料袋子中。完成管道疏通后，Jake和身着淡黄色衬衫的女生协作完成餐具的清理。最后Jake下楼到卫生间洗手。",
            "使用手机对房屋进行扫描": "Jake从一楼卧室取手机对全屋进行扫描。Jake从一楼厨房开始，依次扫描一楼客厅、一楼放着电脑桌的卧室、床上放着一个吉他的卧室，床上放着一个吉他的卧室、床上什么都没放非常干净整洁的卧室、玄关、楼梯、二楼的客厅、二楼的卫生间、Jake扫描的非常详细，他顾及到了房间的每个角落，包括门口的角落和桌子、柜子下面的空间"
        },
        "choice_a_chinese": "聆听同伴演奏吉他 / 在一楼客厅吃饭 → 存储卡分发和使用方法教学",
        "choice_b_chinese": "相机校准和全景相机布置 → 存储卡合作处理 / 准备火锅食材并一起吃饭",
        "choice_c_chinese": "疏通水池和协作清理餐具 / 使用手机对房屋进行扫描",
        "choice_d_chinese": "相机校准和全景相机布置 → 存储卡合作处理 / 二楼客厅设备调试",
        "answer": "A",
        "reason_chinese": "在二楼桌子上吃饭(13:13-13:54) → 相机校准和全景相机布置(15:50-16:07) → 存储卡合作处理(16:10-17:23) → 床上物品整理和电脑操作指导(17:24-17:37) → 聆听同伴演奏吉他(18:14-18:17)。",
        "question": "There is a missing segment in Jake's diary: [Dining at second-floor table] → (?) → [Bed item organization and computer operation guidance] → (?). What should fill in the blanks?",
        "events_description": {
            "Dining at second-floor table": "Jake moves computers and memory cards from the second-floor living room table to the sofa, and the girl in a gray T-shirt and shorts places bowls on the table. After everyone arrives on the second floor, Jake goes downstairs to get glasses and a chair, then sits at the table to eat with others. Everyone uses red plastic bowls for rice and chats while eating, except a boy in a white T-shirt who doesn't join. After the meal, people leave one by one, with Jake being the last, leaving with a yellow drink in hand.",
            "Listening to a peer play the guitar": "Jake goes downstairs from the second-floor living room to the first-floor bedroom area, sits at the bedroom door to listen to a boy in a black T-shirt play the guitar. Another boy in a dark blue T-shirt sits inside the bedroom. Later, Jake sits on the bed to operate a computer while the black T-shirt boy continues playing. Finally, the black T-shirt boy takes the guitar and leaves, and Jake gets out of bed.",
            "Dining in the first-floor living room": "Jake and others distribute tableware at the dining table to prepare for the meal. Jake pours seasoning into everyone's bowl and dips food in the seasoning with chopsticks. During the meal, Jake makes a cup of milk coffee with a glass. Everyone chats while eating. After the meal, Jake places the tableware in the sink by the kitchen window for cleaning.",
            "Memory card distribution and usage teaching": "Jake sits at the second-floor living room table to label each memory card box. After this, he goes downstairs, shakes hands with three boys (one in a black jacket and black pants, one in a black T-shirt and light brown pants, one in a blue-gray denim jacket and khaki pants), brings them to the bedroom computer desk to demonstrate computer operations, then takes them to the second floor to hand over the labeled memory card boxes, guides them to replace memory cards in indoor cameras, and continues labeling the boxes.",
            "Camera calibration and panoramic camera setup": "Jake shows the timing function of his phone to others rehearsing dance, then displays the time to each room camera. He raises a calibration grid board to show each camera for calibration, retrieves a panoramic camera from the bedroom, connects it to his phone in the stairwell, and after debugging, places it in the center of the second-floor living room while others continue dancing.",
            "Memory card collaborative handling": "Jake connects chargers to computers on two portable tables placed side by side in the first-floor bedroom. Boys in black and blue T-shirts sit in front of the tables facing the bedroom window. Jake takes out labeled memory card boxes, inserts cards into their computers, and guides them. The boys continue operating laptops, with Jake periodically checking in the bedroom.",
            "Preparing hot pot ingredients and dining together": "Jake and others are on the second-floor living room, with the dining table in the center, holding unopened ingredients and two hot pot utensils. They unpack the ingredients. After a short break, Jake goes to the first floor to get drinking water, returns to the second floor, and everyone sits around the table to raise a toast.",
            "Second-floor living room equipment debugging": "Jake goes to the second-floor living room, sits in front of a tripod stand by the door, and uses a computer to check equipment operation. He also checks the computer on the floor and the circuit board it carries in the corner of the living room.",
            "Unclogging the sink and collaborative tableware cleaning": "Jake goes to the sink in front of the second-floor kitchen window to clean hot pot utensils and used tableware, unclogs the sink pipeline, and puts excess ingredients into plastic bags. After unclogging, Jake collaborates with the girl in a light yellow shirt to finish cleaning the tableware. Finally, Jake goes downstairs to wash his hands in the bathroom.",
            "Scanning the house with a mobile phone": "Jake retrieves his phone from the first-floor bedroom and scans the entire house. He starts from the first-floor kitchen, then scans the first-floor living room, the bedroom with a computer desk, the bedroom with a guitar on the bed, the bedroom with a clean and tidy bed with nothing on it, the entrance, the stairs, the second-floor living room, and the second-floor bathroom. Jake scans in detail, covering every corner of the rooms, including door corners and spaces under tables and cabinets."
        },
        "choice_a": "Listening to a peer play the guitar / Dining in first-floor living room → Memory card distribution and usage teaching",
        "choice_b": "Camera calibration and panoramic camera setup → Memory card collaborative handling / Preparing hot pot ingredients and dining together",
        "choice_c": "Unclogging the sink and collaborative cleaning / Scanning the house with a mobile phone",
        "choice_d": "Camera calibration and panoramic camera setup → Memory card collaborative handling / Second-floor equipment debugging",
        "reason": "Dining at second-floor table (13:13-13:54) → Camera calibration (15:50-16:07) → Memory card handling (16:10-17:23) → Bed organization (17:24-17:37) → Guitar listening (18:14-18:17)."
    }
]