[
    {
        "question_chinese": "Jake 需要核对晚上 19:30 到 20:10 的活动记录，以下哪组事件的排序是正确的？\n\na. 在院子里吃饭\n\nb. 清理房屋\n\nc. 用手机扫描房屋格局\n\nd. 取下摄像头并清洗用来固定摄像头的胶带\n\ne. 在院子里喝果汁和聊天\n\nf. 统一处理存储卡",
        "events_description_chinese": {
            "在院子里吃饭": "Jake和其他人在桌子周围坐着，桌子上摆着一些食物。讨论一会儿后，他们开始吃饭。Jake分发一次性杯子，取筷子正式开始吃饭。食物和米饭都用透明塑料盒子装着，Jake他们边吃边聊。期间Jake从座位上站起来，到另一边夹菜。随着时间的流逝，大家都逐渐吃完离开了。Jake一边吃一边和左边穿着牛仔外套的女生聊天，吃完后坐在凳子上玩手机。",
            "清理房屋": "Jake取玄关的大纸箱，带到二楼客厅，将垃圾装在垃圾袋和纸箱里。然后Jake收拾一楼和二楼客厅的椅子，并将柔光灯搬到一楼幕布两侧。Jake将一些零碎的物品放在合适的位置， 最后将装着垃圾的纸箱搬到院子里。",
            "用手机扫描房屋格局": "Jake在二楼一位女生的卧室打开手机的扫描功能，首先扫描这个卧室。Jake扫描的很仔细，扫描了屋子里的每一个角落。然后Jake扫描了相邻的一间卧室，接着是厨房、二楼客厅和厕所旁边的卧室，然后Jake继续完善对于客厅的扫描，接着Jake扫描了二楼的卫生间和厨房旁边的卫生间。完善了二楼的扫描后，Jake扫描了二楼向上的楼梯，并继续完善二楼的扫描。稍作歇息后，Jake从二楼楼梯向一楼扫描，他兼顾了每一间屋子，扫描了每一个角落。完成一楼的扫描后，Jake走到院子里坐下，检查扫描结果。",
            "取下摄像头并清洗用来固定摄像头的胶带": "Jake尝试将门框上粘贴摄像机的胶带取下，无果后他将洗衣液倒在卫生纸上，擦拭所有取下摄像机但是留下胶带的地方，尝试将胶带擦掉。然后他使用吹风机对胶带进行加热，并与同伴合作使用刮板将胶带铲掉。最后他用卫生纸蘸取洗衣液，涂抹被拆掉的摄像机在厨房墙壁留下的胶带上。",
            "在院子里喝果汁和聊天": "Jake拿玻璃杯与同伴坐在院子的木桌旁边喝果汁。然后他去忙其它的事。忙完之后，它重新坐到院子的桌子旁边，一边喝果汁，一边和同伴聊天。院子的角落有人在处理垃圾桶里的垃圾。他们还从地上捡石头玩游戏。",
            "统一处理存储卡": "Jake坐在一楼带有电脑桌的卧室的便携式小桌子前，从床上拿装有存储卡的黑色盒子，将存储卡取出插在面前的电脑上进行处理。他不断重复这个过程，处理不同的存储卡。持续了约10分钟"
        },
        "choice_a_chinese": "a→b→c→d",
        "choice_b_chinese": "e→a",
        "choice_c_chinese": "c→d→e→f",
        "choice_d_chinese": "d→f",
        "answer": "D",
        "reason_chinese": "取下摄像头并清洗用来固定摄像头的胶带 (19:32-20:14)→统一处理存储卡 (19:58-20:09)。其中 “在院子里吃饭”(11:56-12:49)、“清理房屋”(13:45-14:15)、“用手机扫描房屋格局”(14:28-15:24)、“在院子里喝果汁和聊天”(15:05-15:36) 属于干扰项，发生在目标时间段外。",
        "question": "Jake needs to verify the activity sequence from 7:30 PM to 8:10 PM. Which sequence of events is correct?\n\na. Eat in the courtyard\n\nb. Clean the house\n\nc. Scan house layout with phone\n\nd. Remove camera tapes and clean adhesive\n\ne. Drink juice and chat in the courtyard\n\nf. Process memory cards uniformly",
        "events_description": {
            "Eat in the courtyard": "Jake and others sit around a table with food. After discussing, they start eating. Jake distributes disposable cups and chopsticks, and the food and rice are in clear plastic boxes as they chat while eating. Jake stands to pick food from the other side of the table. As time passes, everyone finishes and leaves. Jake chats with the girl in a denim jacket beside him, then sits on a stool to play on his phone after eating.",
            "Clean the house": "Jake takes a large carton from the entrance, brings it to the second-floor living room, and fills it and garbage bags with trash. He then tidies chairs in both floors' living rooms, moves softlights to both sides of the first-floor screen, places odds and ends in proper spots, and finally moves the carton of trash to the courtyard.",
            "Scan house layout with phone": "Jake turns on his phone's scanning function in a girl's second-floor bedroom, carefully scanning every corner. He scans adjacent bedrooms, the kitchen, living room, and bathrooms, then improves the living room scan. After a break, he scans from the second floor to the first, checking every room and corner, then sits in the courtyard to review the results.",
            "Remove camera tapes and clean adhesive": "Jake tries to remove camera tapes from doorframes but fails, so he wipes remaining adhesive with detergent on tissue, heats the tapes with a hairdryer, and works with a companion to scrape them off with a blade. Finally, he applies detergent on tissue to remove adhesive from kitchen walls where cameras were removed.",
            "Drink juice and chat in the courtyard": "Jake sits at the courtyard table with a glass of juice, then leaves to handle other tasks. After finishing, he returns to drink juice and chat, with someone cleaning the trash bin in the corner and others picking up stones to play games.",
            "Process memory cards uniformly": "Jake sits at a portable table in the first-floor bedroom with a computer desk, takes a black box of memory cards from the bed, inserts them into the computer, and processes each card repeatedly for about 10 minutes."
        },
        "choice_a": "a→b→c→d",
        "choice_b": "e→a",
        "choice_c": "c→d→e→f",
        "choice_d": "d→f",
        "reason": "Remove camera tapes (19:32-20:14) → Process memory cards (19:58-20:09). Distractions like \"Eat in courtyard\" (11:56-12:49), \"Clean house\" (13:45-14:15), \"Scan layout\" (14:28-15:24), and \"Drink juice\" (15:05-15:36) occur outside the target time."
    },
    {
        "question_chinese": "Jake 在整理活动记录时写下：[用手机扫描房屋格局 → 在院子喝果汁聊天 → 一楼客厅桌边吃西瓜聊天 → 拆除房间摄像头和装饰]，这些事情发生的正确时间段是？",
        "events_description_chinese": {
            "用手机扫描房屋格局": "Jake在二楼一位女生的卧室打开手机的扫描功能，首先扫描这个卧室。Jake扫描的很仔细，扫描了屋子里的每一个角落。然后Jake扫描了相邻的一间卧室，接着是厨房、二楼客厅和厕所旁边的卧室，然后Jake继续完善对于客厅的扫描，接着Jake扫描了二楼的卫生间和厨房旁边的卫生间。完善了二楼的扫描后，Jake扫描了二楼向上的楼梯，并继续完善二楼的扫描。稍作歇息后，Jake从二楼楼梯向一楼扫描，他兼顾了每一间屋子，扫描了每一个角落。完成一楼的扫描后，Jake走到院子里坐下，检查扫描结果。",
            "在院子喝果汁聊天": "Jake拿玻璃杯与同伴坐在院子的木桌旁边喝果汁。然后他去忙其它的事。忙完之后，它重新坐到院子的桌子旁边，一边喝果汁，一边和同伴聊天。院子的角落有人在处理垃圾桶里的垃圾。他们还从地上捡石头玩游戏。",
            "一楼客厅桌边吃西瓜聊天": "Jake在一楼客厅吃西瓜，一边吃一边聊天。吃完之后，Jake坐在客厅桌子旁边，一边使用手机一边与同伴聊天。期间Jake又吃了一瓣西瓜。吃到一半忙其他的事，忙完回来才吃光这一瓣西瓜。送走了提着行李箱离开的同伴后，Jake回到一楼客厅桌子前和剩余的同伴聊天。期间他还吃了一些零食。",
            "拆除房间摄像头和装饰": "Jake来到二楼卧室，将床上的彩旗装饰拆除，并收拾二楼客厅的物品。Jake等人将屋子里（包括门框上、幕布固定支架上、空调上、墙上等位置）的摄像头拆掉，这个过程中还使用了铲刀。拆的过程中他们暂时中断了这个过程去忙其他的事，忙完之后他们继续处理一楼的摄像机及其支架"
        },
        "choice_a_chinese": "13:00-17:30",
        "choice_b_chinese": "15:30-19:00",
        "choice_c_chinese": "14:00-18:30",
        "choice_d_chinese": "14:30-19:30",
        "answer": "D",
        "reason_chinese": "用手机扫描房屋格局 (14:28-15:24)→在院子里喝果汁和聊天 (15:05-15:36)→在一楼客厅桌边聊天 (17:35-18:29)→拆摄像头和装饰 (18:31-19:28)，完整覆盖 14:28 至 19:28。",
        "question": "Jake recorded these activities: [Scan house layout with phone → Drink juice and chat in courtyard → Eat watermelon and chat at first-floor living room table → Remove room cameras and decorations]. What is the correct time range?",
        "events_description": {
            "Scan house layout with phone": "Jake turns on his phone's scanning function in a girl's second-floor bedroom, carefully scanning every corner. He scans adjacent bedrooms, the kitchen, living room, and bathrooms, then improves the living room scan. After a break, he scans from the second floor to the first, checking every room and corner, then sits in the courtyard to review the results.",
            "Drink juice and chat in the courtyard": "Jake sits at the courtyard table with a glass of juice, then leaves to handle other tasks. After finishing, he returns to drink juice and chat, with someone cleaning the trash bin in the corner and others picking up stones to play games.",
            "Eat watermelon and chat at first-floor living room table": "Jake eats watermelon in the first-floor living room, chatting while eating. After finishing, he sits at the table using his phone and chatting, eating another slice midway. After seeing off a companion with a suitcase, he returns to chat with remaining companions and eats snacks.",
            "Remove room cameras and decorations": "Jake goes to the second-floor bedroom to remove flag decorations from the bed and tidy the living room. He and others remove cameras from doorframes, screen brackets, air conditioners, and walls using a scraper, pausing to handle other tasks before continuing with first-floor cameras and brackets."
        },
        "choice_a": "13:00-17:30",
        "choice_b": "15:30-19:00",
        "choice_c": "14:00-18:30",
        "choice_d": "14:30-19:30",
        "reason": "Scan layout (14:28-15:24) → Drink juice (15:05-15:36) → Eat watermelon (17:35-18:29) → Remove cameras (18:31-19:28), fully covering 14:28 to 19:28."
    },
    {
        "question_chinese": "Jake 回忆上午到下午的活动时间时，需要为以下事件匹配时间段：\n[在院子的桌子旁边吃饭 → 清理房屋 → 用手机扫描房屋格局]\n时间选项：\n\na. 12:00~12:50\n\nb. 14:30~15:25\n\nc. 13:45~14:15\n\nd. 15:10~15:45\n\ne. 11:20~12:10",
        "events_description_chinese": {
            "在院子的桌子旁边吃饭": "Jake和其他人在桌子周围坐着，桌子上摆着一些食物。讨论一会儿后，他们开始吃饭。Jake分发一次性杯子，取筷子正式开始吃饭。食物和米饭都用透明塑料盒子装着，Jake他们边吃边聊。期间Jake从座位上站起来，到另一边夹菜。随着时间的流逝，大家都逐渐吃完离开了。Jake一边吃一边和左边穿着牛仔外套的女生聊天，吃完后坐在凳子上玩手机。",
            "清理房屋": "Jake取玄关的大纸箱，带到二楼客厅，将垃圾装在垃圾袋和纸箱里。然后Jake收拾一楼和二楼客厅的椅子，并将柔光灯搬到一楼幕布两侧。Jake将一些零碎的物品放在合适的位置， 最后将装着垃圾的纸箱搬到院子里。",
            "用手机扫描房屋格局": "Jake在二楼一位女生的卧室打开手机的扫描功能，首先扫描这个卧室。Jake扫描的很仔细，扫描了屋子里的每一个角落。然后Jake扫描了相邻的一间卧室，接着是厨房、二楼客厅和厕所旁边的卧室，然后Jake继续完善对于客厅的扫描，接着Jake扫描了二楼的卫生间和厨房旁边的卫生间。完善了二楼的扫描后，Jake扫描了二楼向上的楼梯，并继续完善二楼的扫描。稍作歇息后，Jake从二楼楼梯向一楼扫描，他兼顾了每一间屋子，扫描了每一个角落。完成一楼的扫描后，Jake走到院子里坐下，检查扫描结果。"
        },
        "choice_a_chinese": "1→a / 2→c / 3→b",
        "choice_b_chinese": "1→e / 2→d / 3→c",
        "choice_c_chinese": "1→c / 2→a / 3→d",
        "choice_d_chinese": "1→b / 2→e / 3→a",
        "answer": "A",
        "reason_chinese": "在院子的桌子旁边吃饭 (11:56-12:49)→清理房屋 (13:45-14:15)→用手机扫描房屋格局 (14:28-15:24)。",
        "question": "Jake needs to match time slots for morning to afternoon activities: [Eat at courtyard table → Clean house → Scan house layout with phone]. Time options:\n\na. 12:00~12:50\n\nb. 14:30~15:25\n\nc. 13:45~14:15\n\nd. 15:10~15:45\n\ne. 11:20~12:10",
        "events_description": {
            "Eat at courtyard table": "Jake and others sit around a table with food. After discussing, they start eating. Jake distributes disposable cups and chopsticks, and the food and rice are in clear plastic boxes as they chat while eating. Jake stands to pick food from the other side of the table. As time passes, everyone finishes and leaves. Jake chats with the girl in a denim jacket beside him, then sits on a stool to play on his phone after eating.",
            "Clean the house": "Jake takes a large carton from the entrance, brings it to the second-floor living room, and fills it and garbage bags with trash. He then tidies chairs in both floors' living rooms, moves softlights to both sides of the first-floor screen, places odds and ends in proper spots, and finally moves the carton of trash to the courtyard.",
            "Scan house layout with phone": "Jake turns on his phone's scanning function in a girl's second-floor bedroom, carefully scanning every corner. He scans adjacent bedrooms, the kitchen, living room, and bathrooms, then improves the living room scan. After a break, he scans from the second floor to the first, checking every room and corner, then sits in the courtyard to review the results."
        },
        "choice_a": "1→a / 2→c / 3→b",
        "choice_b": "1→e / 2→d / 3→c",
        "choice_c": "1→c / 2→a / 3→d",
        "choice_d": "1→b / 2→e / 3→a",
        "reason": "Eat at courtyard (11:56-12:49) → Clean house (13:45-14:15) → Scan layout (14:28-15:24)."
    },
    {
        "question_chinese": "Jake 记得自己先 “拆除房间摄像头和装饰” 然后 “取下摄像头并清洗用来固定摄像头的胶带”，之后紧接着发生的事情是什么？",
        "events_description_chinese": {
            "拆除房间摄像头和装饰": "Jake来到二楼卧室，将床上的彩旗装饰拆除，并收拾二楼客厅的物品。Jake等人将屋子里（包括门框上、幕布固定支架上、空调上、墙上等位置）的摄像头拆掉，这个过程中还使用了铲刀。拆的过程中他们暂时中断了这个过程去忙其他的事，忙完之后他们继续处理一楼的摄像机及其支架",
            "取下摄像头并清洗用来固定摄像头的胶带": "Jake尝试将门框上粘贴摄像机的胶带取下，无果后他将洗衣液倒在卫生纸上，擦拭所有取下摄像机但是留下胶带的地方，尝试将胶带擦掉。然后他使用吹风机对胶带进行加热，并与同伴合作使用刮板将胶带铲掉。最后他用卫生纸蘸取洗衣液，涂抹被拆掉的摄像机在厨房墙壁留下的胶带上。",
            "在院子的桌子旁边吃饭": "Jake和其他人在桌子周围坐着，桌子上摆着一些食物。讨论一会儿后，他们开始吃饭。Jake分发一次性杯子，取筷子正式开始吃饭。食物和米饭都用透明塑料盒子装着，Jake他们边吃边聊。期间Jake从座位上站起来，到另一边夹菜。随着时间的流逝，大家都逐渐吃完离开了。Jake一边吃一边和左边穿着牛仔外套的女生聊天，吃完后坐在凳子上玩手机。",
            "清理房屋": "Jake取玄关的大纸箱，带到二楼客厅，将垃圾装在垃圾袋和纸箱里。然后Jake收拾一楼和二楼客厅的椅子，并将柔光灯搬到一楼幕布两侧。Jake将一些零碎的物品放在合适的位置， 最后将装着垃圾的纸箱搬到院子里。",
            "用手机扫描房屋格局": "Jake在二楼一位女生的卧室打开手机的扫描功能，首先扫描这个卧室。Jake扫描的很仔细，扫描了屋子里的每一个角落。然后Jake扫描了相邻的一间卧室，接着是厨房、二楼客厅和厕所旁边的卧室，然后Jake继续完善对于客厅的扫描，接着Jake扫描了二楼的卫生间和厨房旁边的卫生间。完善了二楼的扫描后，Jake扫描了二楼向上的楼梯，并继续完善二楼的扫描。稍作歇息后，Jake从二楼楼梯向一楼扫描，他兼顾了每一间屋子，扫描了每一个角落。完成一楼的扫描后，Jake走到院子里坐下，检查扫描结果。",
            "在一楼客厅桌边聊天": "Jake在一楼客厅吃西瓜，一边吃一边聊天。吃完之后，Jake坐在客厅桌子旁边，一边使用手机一边与同伴聊天。期间Jake又吃了一瓣西瓜。吃到一半忙其他的事，忙完回来才吃光这一瓣西瓜。送走了提着行李箱离开的同伴后，Jake回到一楼客厅桌子前和剩余的同伴聊天。期间他还吃了一些零食。",
            "一楼客厅吃饭": "Jake等人出门去取外卖，然后穿过狭长的巷子将外卖拿回家。Jake把所有人叫到一楼客厅桌子吃饭。Jake收拾了吃剩的西瓜皮，然后拆开外卖和大家一起吃饭。他们点的是馄饨外卖。期间他们一边吃饭一边聊天。吃饭完后，Jake坐在桌子旁边使用手机。",
            "统一处理存储卡": "Jake坐在一楼带有电脑桌的卧室的便携式小桌子前，从床上拿装有存储卡的黑色盒子，将存储卡取出插在面前的电脑上进行处理。他不断重复这个过程，处理不同的存储卡。持续了约10分钟"
        },
        "choice_a_chinese": "在院子的桌子旁边吃饭 → 清理房屋",
        "choice_b_chinese": "用手机扫描房屋格局",
        "choice_c_chinese": "在一楼客厅桌边聊天 → 一楼客厅吃饭",
        "choice_d_chinese": "统一处理存储卡",
        "answer": "D",
        "reason_chinese": "拆摄像头和装饰 (18:31-19:28)→取下摄像头并清洗用来固定摄像头的胶带 (19:32-20:14)→统一处理存储卡 (19:58-20:09)。",
        "question": "Jake remembers doing \"Remove room cameras and decorations\" first, then \"Remove camera tapes and clean adhesive\". What happens immediately after?",
        "events_description": {
            "Remove room cameras and decorations": "Jake goes to the second-floor bedroom to remove flag decorations from the bed and tidy the living room. He and others remove cameras from doorframes, screen brackets, air conditioners, and walls using a scraper, pausing to handle other tasks before continuing with first-floor cameras and brackets.",
            "Remove camera tapes and clean adhesive": "Jake tries to remove camera tapes from doorframes but fails, so he wipes remaining adhesive with detergent on tissue, heats the tapes with a hairdryer, and works with a companion to scrape them off with a blade. Finally, he applies detergent on tissue to remove adhesive from kitchen walls where cameras were removed.",
            "Eat at courtyard table": "Jake and others sit around a table with food. After discussing, they start eating. Jake distributes disposable cups and chopsticks, and the food and rice are in clear plastic boxes as they chat while eating. Jake stands to pick food from the other side of the table. As time passes, everyone finishes and leaves. Jake chats with the girl in a denim jacket beside him, then sits on a stool to play on his phone after eating.",
            "Clean the house": "Jake takes a large carton from the entrance, brings it to the second-floor living room, and fills it and garbage bags with trash. He then tidies chairs in both floors' living rooms, moves softlights to both sides of the first-floor screen, places odds and ends in proper spots, and finally moves the carton of trash to the courtyard.",
            "Scan house layout with phone": "Jake turns on his phone's scanning function in a girl's second-floor bedroom, carefully scanning every corner. He scans adjacent bedrooms, the kitchen, living room, and bathrooms, then improves the living room scan. After a break, he scans from the second floor to the first, checking every room and corner, then sits in the courtyard to review the results.",
            "Chat at first-floor living room table": "Jake eats watermelon in the first-floor living room, chatting while eating. After finishing, he sits at the table using his phone and chatting, eating another slice midway. After seeing off a companion with a suitcase, he returns to chat with remaining companions and eats snacks.",
            "Eat in first-floor living room": "Jake and others go out for takeout, bring it home through a narrow alley, and call everyone to the first-floor living room table. Jake clears leftover watermelon rinds, opens the takeout (dumpling soup), and they eat while chatting. Afterward, Jake sits at the table using his phone.",
            "Process memory cards uniformly": "Jake sits at a portable table in the first-floor bedroom with a computer desk, takes a black box of memory cards from the bed, inserts them into the computer, and processes each card repeatedly for about 10 minutes."
        },
        "choice_a": "Eat at courtyard table → Clean house",
        "choice_b": "Scan house layout with phone",
        "choice_c": "Chat at living room table → Eat in living room",
        "choice_d": "Process memory cards uniformly",
        "reason": "Remove cameras (18:31-19:28) → Remove tapes (19:32-20:14) → Process memory cards (19:58-20:09)."
    },
    {
        "question_chinese": "Jake 在整理活动记录时说：“我先进行了存储卡处理，接着取下摄像头并清洗用来固定摄像头的胶带，中间没有做其他事情。” 但朋友指出他的顺序有误，正确的事件顺序及错误分析是？",
        "events_description_chinese": {
            "统一处理存储卡": "Jake坐在一楼带有电脑桌的卧室的便携式小桌子前，从床上拿装有存储卡的黑色盒子，将存储卡取出插在面前的电脑上进行处理。他不断重复这个过程，处理不同的存储卡。持续了约10分钟",
            "取下摄像头并清洗用来固定摄像头的胶带": "Jake尝试将门框上粘贴摄像机的胶带取下，无果后他将洗衣液倒在卫生纸上，擦拭所有取下摄像机但是留下胶带的地方，尝试将胶带擦掉。然后他使用吹风机对胶带进行加热，并与同伴合作使用刮板将胶带铲掉。最后他用卫生纸蘸取洗衣液，涂抹被拆掉的摄像机在厨房墙壁留下的胶带上。",
            "在一楼客厅桌边聊天": "Jake在一楼客厅吃西瓜，一边吃一边聊天。吃完之后，Jake坐在客厅桌子旁边，一边使用手机一边与同伴聊天。期间Jake又吃了一瓣西瓜。吃到一半忙其他的事，忙完回来才吃光这一瓣西瓜。送走了提着行李箱离开的同伴后，Jake回到一楼客厅桌子前和剩余的同伴聊天。期间他还吃了一些零食。",
            "清理房屋": "Jake取玄关的大纸箱，带到二楼客厅，将垃圾装在垃圾袋和纸箱里。然后Jake收拾一楼和二楼客厅的椅子，并将柔光灯搬到一楼幕布两侧。Jake将一些零碎的物品放在合适的位置， 最后将装着垃圾的纸箱搬到院子里。"
        },
        "choice_a_chinese": "正确：统一处理存储卡 → 在一楼客厅桌边聊天 → 取下摄像头并清洗用来固定摄像头的胶带\n错误原因：Jake 遗漏了 “在一楼客厅桌边聊天” 事件",
        "choice_b_chinese": "正确：统一处理存储卡 → 清理房屋 → 取下摄像头并清洗用来固定摄像头的胶带\n错误原因：Jake 遗漏了 “清理房屋” 事件",
        "choice_c_chinese": "正确：统一处理存储卡 → 取下摄像头并清洗用来固定摄像头的胶带\n错误原因：Jake 的描述与正确顺序一致，无错误",
        "choice_d_chinese": "正确：取下摄像头并清洗用来固定摄像头的胶带 → 统一处理存储卡\n错误原因：Jake 颠倒了 “取下摄像头并清洗用来固定摄像头的胶带” 与 “统一处理存储卡” 的顺序",
        "answer": "D",
        "reason_chinese": "取下摄像头并清洗用来固定摄像头的胶带 (19:32-20:14)→统一处理存储卡 (19:58-20:09)。",
        "question": "Jake claimed: \"I processed memory cards first, then removed camera tapes and cleaned adhesive with nothing in between.\" Friends correct him. What's the right order and error analysis?",
        "events_description": {
            "Process memory cards uniformly": "Jake sits at a portable table in the first-floor bedroom with a computer desk, takes a black box of memory cards from the bed, inserts them into the computer, and processes each card repeatedly for about 10 minutes.",
            "Remove camera tapes and clean adhesive": "Jake tries to remove camera tapes from doorframes but fails, so he wipes remaining adhesive with detergent on tissue, heats the tapes with a hairdryer, and works with a companion to scrape them off with a blade. Finally, he applies detergent on tissue to remove adhesive from kitchen walls where cameras were removed.",
            "Chat at first-floor living room table": "Jake eats watermelon in the first-floor living room, chatting while eating. After finishing, he sits at the table using his phone and chatting, eating another slice midway. After seeing off a companion with a suitcase, he returns to chat with remaining companions and eats snacks.",
            "Clean the house": "Jake takes a large carton from the entrance, brings it to the second-floor living room, and fills it and garbage bags with trash. He then tidies chairs in both floors' living rooms, moves softlights to both sides of the first-floor screen, places odds and ends in proper spots, and finally moves the carton of trash to the courtyard."
        },
        "choice_a": "Correct: Process memory cards → Chat at living room table → Remove camera tapes\nError: Jake omitted \"Chat at living room table\"",
        "choice_b": "Correct: Process memory cards → Clean house → Remove camera tapes\nError: Jake omitted \"Clean house\"",
        "choice_c": "Correct: Process memory cards → Remove camera tapes\nError: Jake's description matches the correct order",
        "choice_d": "Correct: Remove camera tapes → Process memory cards\nError: Jake reversed the order of \"Remove camera tapes\" and \"Process memory cards\"",
        "reason": "Remove camera tapes (19:32-20:14) → Process memory cards (19:58-20:09)."
    },
    {
        "question_chinese": "Jake 在记录活动时发现开头部分缺失：(?) → [清理房屋 → 用手机扫描房屋格局] 。空缺处应填入哪项？",
        "events_description_chinese": {
            "清理房屋": "Jake取玄关的大纸箱，带到二楼客厅，将垃圾装在垃圾袋和纸箱里。然后Jake收拾一楼和二楼客厅的椅子，并将柔光灯搬到一楼幕布两侧。Jake将一些零碎的物品放在合适的位置， 最后将装着垃圾的纸箱搬到院子里。",
            "用手机扫描房屋格局": "Jake在二楼一位女生的卧室打开手机的扫描功能，首先扫描这个卧室。Jake扫描的很仔细，扫描了屋子里的每一个角落。然后Jake扫描了相邻的一间卧室，接着是厨房、二楼客厅和厕所旁边的卧室，然后Jake继续完善对于客厅的扫描，接着Jake扫描了二楼的卫生间和厨房旁边的卫生间。完善了二楼的扫描后，Jake扫描了二楼向上的楼梯，并继续完善二楼的扫描。稍作歇息后，Jake从二楼楼梯向一楼扫描，他兼顾了每一间屋子，扫描了每一个角落。完成一楼的扫描后，Jake走到院子里坐下，检查扫描结果。",
            "在一楼客厅桌边聊天": "Jake在一楼客厅吃西瓜，一边吃一边聊天。吃完之后，Jake坐在客厅桌子旁边，一边使用手机一边与同伴聊天。期间Jake又吃了一瓣西瓜。吃到一半忙其他的事，忙完回来才吃光这一瓣西瓜。送走了提着行李箱离开的同伴后，Jake回到一楼客厅桌子前和剩余的同伴聊天。期间他还吃了一些零食。",
            "拆摄像头和装饰": "Jake来到二楼卧室，将床上的彩旗装饰拆除，并收拾二楼客厅的物品。Jake等人将屋子里（包括门框上、幕布固定支架上、空调上、墙上等位置）的摄像头拆掉，这个过程中还使用了铲刀。拆的过程中他们暂时中断了这个过程去忙其他的事，忙完之后他们继续处理一楼的摄像机及其支架",
            "取下摄像头并清洗用来固定摄像头的胶带": "Jake尝试将门框上粘贴摄像机的胶带取下，无果后他将洗衣液倒在卫生纸上，擦拭所有取下摄像机但是留下胶带的地方，尝试将胶带擦掉。然后他使用吹风机对胶带进行加热，并与同伴合作使用刮板将胶带铲掉。最后他用卫生纸蘸取洗衣液，涂抹被拆掉的摄像机在厨房墙壁留下的胶带上。",
            "统一处理存储卡": "Jake坐在一楼带有电脑桌的卧室的便携式小桌子前，从床上拿装有存储卡的黑色盒子，将存储卡取出插在面前的电脑上进行处理。他不断重复这个过程，处理不同的存储卡。持续了约10分钟",
            "在院子的桌子旁边吃饭": "Jake和其他人在桌子周围坐着，桌子上摆着一些食物。讨论一会儿后，他们开始吃饭。Jake分发一次性杯子，取筷子正式开始吃饭。食物和米饭都用透明塑料盒子装着，Jake他们边吃边聊。期间Jake从座位上站起来，到另一边夹菜。随着时间的流逝，大家都逐渐吃完离开了。Jake一边吃一边和左边穿着牛仔外套的女生聊天，吃完后坐在凳子上玩手机。",
            "在院子里喝果汁和聊天": "Jake拿玻璃杯与同伴坐在院子的木桌旁边喝果汁。然后他去忙其它的事。忙完之后，它重新坐到院子的桌子旁边，一边喝果汁，一边和同伴聊天。院子的角落有人在处理垃圾桶里的垃圾。他们还从地上捡石头玩游戏。"
        },
        "choice_a_chinese": "在一楼客厅桌边聊天 → 拆摄像头和装饰",
        "choice_b_chinese": "在院子的桌子旁边吃饭",
        "choice_c_chinese": "取下摄像头并清洗用来固定摄像头的胶带 → 统一处理存储卡",
        "choice_d_chinese": "在院子里喝果汁和聊天",
        "answer": "B",
        "reason_chinese": "在院子的桌子旁边吃饭 (11:56-12:49)→清理房屋 (13:45-14:15)→用手机扫描房屋格局 (14:28-15:24)。",
        "question": "Jake finds a missing start to the activity record: (?) → [Clean house → Scan house layout with phone]. Which activity fills the gap?",
        "events_description": {
            "Clean the house": "Jake takes a large carton from the entrance, brings it to the second-floor living room, and fills it and garbage bags with trash. He then tidies chairs in both floors' living rooms, moves softlights to both sides of the first-floor screen, places odds and ends in proper spots, and finally moves the carton of trash to the courtyard.",
            "Scan house layout with phone": "Jake turns on his phone's scanning function in a girl's second-floor bedroom, carefully scanning every corner. He scans adjacent bedrooms, the kitchen, living room, and bathrooms, then improves the living room scan. After a break, he scans from the second floor to the first, checking every room and corner, then sits in the courtyard to review the results.",
            "Chat at first-floor living room table": "Jake eats watermelon in the first-floor living room, chatting while eating. After finishing, he sits at the table using his phone and chatting, eating another slice midway. After seeing off a companion with a suitcase, he returns to chat with remaining companions and eats snacks.",
            "Remove cameras and decorations": "Jake goes to the second-floor bedroom to remove flag decorations from the bed and tidy the living room. He and others remove cameras from doorframes, screen brackets, air conditioners, and walls using a scraper, pausing to handle other tasks before continuing with first-floor cameras and brackets.",
            "Remove camera tapes and clean adhesive": "Jake tries to remove camera tapes from doorframes but fails, so he wipes remaining adhesive with detergent on tissue, heats the tapes with a hairdryer, and works with a companion to scrape them off with a blade. Finally, he applies detergent on tissue to remove adhesive from kitchen walls where cameras were removed.",
            "Process memory cards uniformly": "Jake sits at a portable table in the first-floor bedroom with a computer desk, takes a black box of memory cards from the bed, inserts them into the computer, and processes each card repeatedly for about 10 minutes.",
            "Eat at courtyard table": "Jake and others sit around a table with food. After discussing, they start eating. Jake distributes disposable cups and chopsticks, and the food and rice are in clear plastic boxes as they chat while eating. Jake stands to pick food from the other side of the table. As time passes, everyone finishes and leaves. Jake chats with the girl in a denim jacket beside him, then sits on a stool to play on his phone after eating.",
            "Drink juice and chat in the courtyard": "Jake sits at the courtyard table with a glass of juice, then leaves to handle other tasks. After finishing, he returns to drink juice and chat, with someone cleaning the trash bin in the corner and others picking up stones to play games."
        },
        "choice_a": "Chat at living room table → Remove cameras",
        "choice_b": "Eat at courtyard table",
        "choice_c": "Remove camera tapes → Process memory cards",
        "choice_d": "Drink juice in courtyard",
        "reason": "Eat at courtyard table (11:56-12:49) → Clean house (13:45-14:15) → Scan layout (14:28-15:24)."
    }
]