[
    {
        "question_chinese": "Jake 需要整理下午 16:30 至 21:50 期间的部分活动日志，正确的事件顺序是？\n\na. 打车回家\n\nb. 在盒马鲜生采购物资\n\nc. 在公园散步\n\nd. AR 眼镜处理\n\ne. 芒果准备\n\nf. 吃披萨",
        "events_description_chinese": {
            "打车回家": "Jake一行人坐电梯上楼，到商场门口使用手机APP打网约车。期间他们。Jake将手机放在地上，叫所有人一起进行了自拍。拍照留念之后，所有人离开商场，步行到马路边，上了一辆黑色到家门口。的轿车。经过一段路途后下车到家附近，穿过小巷",
            "在盒马鲜生采购物资": "Jake推着一个购物车进入盒马鲜生超市，与同伴一起采购肉类、鸡蛋、水果、蔬菜和饮料等物资。Jake大部分时间和穿着绿色长袖衬衫和蓝灰色牛仔长裤的女生在一起采购。最后他们推着装满的购物查来到结账区使用机器自助结账，完成结账后将购物车归还到超市门口。",
            "在公园散步": "Jake和其他人走在绿树和草地环绕的走道来到湖边，一边吃着披萨一边观赏水景。期间Jake使用披萨投喂湖里的鲤鱼。吃完披萨后，他们继续沿着路走，到了一个亭子，里面很多人在表演民间技艺。穿着白衬衫的女生和蓝色长袖外套的男生尝试学习这个杂技。之后他们继续沿着路散步，一路欣赏着小河、假山等美景。最终他们通过护栏离开了公园。",
            "AR眼镜处理": "Jake收集所有人的AR眼镜，到一楼卧室并将眼镜与电脑进行连接。Jake坐在电脑桌前，对电脑进行操作。",
            "芒果准备": "Jake到一楼厨房的水池边清洗刀具，然后在木制砧板上使用菜刀将芒果切块，并将切好的芒果放到白色瓷盘里。期间Jake与白色内搭、绿色外套的女生合作将面糊倒在纸杯里用于制作小蛋糕。",
            "吃披萨": "Jake下楼取装有披萨的白色袋子带到二楼客厅的桌子上，其他人收拾桌上的东西腾出空间。大家将披萨打开，并依次摆放在桌上。大部分人坐在桌子周围一起吃披萨，Jake在桌子周围一边来回走动一边吃披萨，最后坐在正对着窗户的位置一边吃一边愉快讨论。吃完之后，Jake将垃圾收起来，并将吃剩的披萨收起来。"
        },
        "choice_a_chinese": "b→a→d→e",
        "choice_b_chinese": "c→f→a→b",
        "choice_c_chinese": "a→b→c→e",
        "choice_d_chinese": "e→d→f→b",
        "answer": "A",
        "reason_chinese": "在盒马鲜生采购物资 (16:38-17:14)→打车回家 (17:15-18:07)→AR 眼镜处理 (18:12-18:21)→芒果准备 (21:03-21:53)。其中 “在公园散步”(14:49-15:36) 和 “吃披萨”(11:57-12:18) 属于干扰项，发生在目标时间段外。",
        "question": "Jake needs to organize part of the activity log from 4:30 PM to 9:50 PM. What is the correct order of events?\n\na. Take a taxi home\n\nb. Purchase supplies at Hema Fresh\n\nc. Walk in the park\n\nd. AR glasses processing\n\ne. Mango preparation\n\nf. Eat pizza",
        "events_description": {
            "Take a taxi home": "Jake and his group take the elevator upstairs, use a mobile APP to hail a ride at the mall entrance. During this, Jake places his phone on the ground and calls everyone for a group selfie. After taking photos, they leave the mall, walk to the roadside, and board a black car that takes them near home. They get off and walk through an alley to arrive home.",
            "Purchase supplies at Hema Fresh": "Jake pushes a shopping cart into Hema Fresh, shopping for meat, eggs, fruits, vegetables, and drinks with his peers. He mostly shops with the girl in a green long-sleeve shirt and blue-gray jeans. Finally, they push full carts to the self-checkout area, return the carts to the supermarket entrance after payment.",
            "Walk in the park": "Jake and others walk along a tree-lined path to a lake, eating pizza and enjoying the water view. Jake feeds lake carps with pizza. After eating, they continue to a pavilion where folk art performances are happening—the girl in a white shirt and the boy in a blue long-sleeve jacket try learning the acrobatics. They walk further, admiring scenery like rivers and rockeries, and leave the park through a fence.",
            "AR glasses processing": "Jake collects everyone's AR glasses, goes to the first-floor bedroom, and connects the glasses to a computer. He sits at the desk operating the computer.",
            "Mango preparation": "Jake washes a knife at the first-floor kitchen sink, cuts mangoes on a wooden chopping board, and places the pieces on a white porcelain plate. He collaborates with the girl in a white inner top and green jacket to pour batter into paper cups for making small cakes.",
            "Eat pizza": "Jake goes downstairs to bring a white pizza bag to the second-floor living room table, while others clear the table. They open the pizza and arrange it, with most sitting around the table to eat. Jake walks around while eating, then sits by the window discussing happily. Afterward, he collects trash and leftover pizza."
        },
        "choice_a": "b→a→d→e",
        "choice_b": "c→f→a→b",
        "choice_c": "a→b→c→e",
        "choice_d": "e→d→f→b",
        "reason": "Purchase at Hema (16:38-17:14) → Taxi home (17:15-18:07) → AR glasses processing (18:12-18:21) → Mango preparation (21:03-21:53). \"Walk in park\" (14:49-15:36) and \"Eat pizza\" (11:57-12:18) are distractions outside the target time."
    },
    {
        "question_chinese": "Jake 在日志中记录了以下活动：[盲测饮料游戏 → 吃披萨 → 在电玩城体验游戏 → 打车回家]，这些活动发生的正确时间段是？",
        "events_description_chinese": {
            "盲测饮料游戏": "Jake和一位穿着蓝色T恤、绿色长袖外套和浅蓝色牛仔长裤的女生一起在二楼客厅的桌子上摆放纸质一次性杯子、做记号并倒水。准备工作完成之后，所有人来到二楼客厅坐在桌子周围依次喝饮料和记录答案，Jake同时给饮料瓶做编号。然后Jake收集写有答案的卡片并于此前拍摄的照片对比，其他人继续在品尝和讨论并写出新的答案。",
            "吃披萨": "Jake下楼取装有披萨的白色袋子带到二楼客厅的桌子上，其他人收拾桌上的东西腾出空间。大家将披萨打开，并依次摆放在桌上。大部分人坐在桌子周围一起吃披萨，Jake在桌子周围一边来回走动一边吃披萨，最后坐在正对着窗户的位置一边吃一边愉快讨论。吃完之后，Jake将垃圾收起来，并将吃剩的披萨收起来。",
            "在电玩城体验各种游戏": "Jake一行人进入一个黑色外墙的大厦的电玩城，里面充满蓝色和红色的氛围灯光，有着各式各样的游戏机。他们完成了代币购买后遍在电玩城体验各种游戏。紫色长袖外套的男生首先玩了架子鼓游戏，而后Jake和穿着绿色长袖外套戴着蓝色棒球帽的女生一起玩堆叠螃蟹、抓娃娃机、空气曲棍球和保龄球等游戏。Jake在电玩城不停走动，与同伴体验各种游戏。",
            "打车回家": "Jake一行人坐电梯上楼，到商场门口使用手机APP打网约车。期间他们。Jake将手机放在地上，叫所有人一起进行了自拍。拍照留念之后，所有人离开商场，步行到马路边，上了一辆黑色到家门口。的轿车。经过一段路途后下车到家附近，穿过小巷"
        },
        "choice_a_chinese": "12:30-18:10",
        "choice_b_chinese": "10:20-13:45",
        "choice_c_chinese": "11:15-18:05",
        "choice_d_chinese": "15:30-19:20",
        "answer": "C",
        "reason_chinese": "盲测饮料游戏 (11:17-11:56)→吃披萨 (11:57-12:18)→在电玩城体验游戏 (15:45-16:30)→打车回家 (17:15-18:07)。",
        "question": "Jake recorded these activities in his log: [Blind drink testing game → Eat pizza → Experience games at the arcade → Take a taxi home]. What is the correct time range for these events?",
        "events_description": {
            "Blind drink testing game": "Jake and a girl in a blue T-shirt, green long-sleeve jacket, and light blue jeans set up paper cups, mark them, and pour water on the second-floor living room table. After preparation, everyone sits around the table to taste drinks, record answers, while Jake numbers the bottles. He collects answer cards and compares them with previous photos as others discuss and write new answers.",
            "Eat pizza": "Jake goes downstairs to bring a white pizza bag to the second-floor living room table, while others clear the table. They open the pizza and arrange it, with most sitting around the table to eat. Jake walks around while eating, then sits by the window discussing happily. Afterward, he collects trash and leftover pizza.",
            "Experience various games at the arcade": "Jake and his group enter an arcade in a black-walled building with blue and red lighting, featuring various game machines. After buying tokens, they play games: the boy in a purple long-sleeve jacket starts with a drum game, then Jake and the girl in a green jacket/blue cap play stack crab, claw machine, air hockey, and bowling. Jake moves around experiencing games with peers.",
            "Take a taxi home": "Jake and his group take the elevator upstairs, use a mobile APP to hail a ride at the mall entrance. During this, Jake places his phone on the ground and calls everyone for a group selfie. After taking photos, they leave the mall, walk to the roadside, and board a black car that takes them near home. They get off and walk through an alley to arrive home."
        },
        "choice_a": "12:30-18:10",
        "choice_b": "10:20-13:45",
        "choice_c": "11:15-18:05",
        "choice_d": "15:30-19:20",
        "reason": "Blind drink test (11:17-11:56) → Eat pizza (11:57-12:18) → Arcade games (15:45-16:30) → Taxi home (17:15-18:07)."
    },
    {
        "question_chinese": "JAKE 记录了以下活动但未标注时间：\n[在公园散步 → 在盒马鲜生采购物资 → 芒果准备 → 蛋糕制作]\n时间选项：\n\na. 15:00~15:35\n\nb. 16:40~17:15\n\nc. 14:30~15:10\n\nd. 20:50~21:35\n\ne. 21:05~21:50\n\nf. 17:20~18:10\n\ng. 21:55~22:15",
        "events_description_chinese": {
            "在公园散步": "Jake和其他人走在绿树和草地环绕的走道来到湖边，一边吃着披萨一边观赏水景。期间Jake使用披萨投喂湖里的鲤鱼。吃完披萨后，他们继续沿着路走，到了一个亭子，里面很多人在表演民间技艺。穿着白衬衫的女生和蓝色长袖外套的男生尝试学习这个杂技。之后他们继续沿着路散步，一路欣赏着小河、假山等美景。最终他们通过护栏离开了公园。",
            "在盒马鲜生采购物资": "Jake推着一个购物车进入盒马鲜生超市，与同伴一起采购肉类、鸡蛋、水果、蔬菜和饮料等物资。Jake大部分时间和穿着绿色长袖衬衫和蓝灰色牛仔长裤的女生在一起采购。最后他们推着装满的购物查来到结账区使用机器自助结账，完成结账后将购物车归还到超市门口。",
            "芒果准备": "Jake到一楼厨房的水池边清洗刀具，然后在木制砧板上使用菜刀将芒果切块，并将切好的芒果放到白色瓷盘里。期间Jake与白色内搭、绿色外套的女生合作将面糊倒在纸杯里用于制作小蛋糕。",
            "蛋糕制作": "Jake坐在一楼客厅的桌子旁边，往摆放在盘子里的蛋糕片上面添加奶油。当完成一层后，旁边两个女生将芒果等食材撒在上面然后盖上新的蛋糕片。所有的蛋糕片处理完毕后，Jake用刮板将蛋糕刮平整，淡绿色外套的女生将草莓放上去加以点缀。最后Jake将做好的蛋糕切开，分装在其他盘子里"
        },
        "choice_a_chinese": "1→c / 2→f / 3→d / 4→a",
        "choice_b_chinese": "1→a / 2→b / 3→e / 4→g",
        "choice_c_chinese": "1→d / 2→a / 3→g / 4→f",
        "choice_d_chinese": "1→b / 2→e / 3→c / 4→d",
        "answer": "B",
        "reason_chinese": "在公园散步 (14:49-15:36)→在盒马鲜生采购物资 (16:38-17:14)→芒果准备 (21:03-21:53)→蛋糕制作 (21:54-22:14)。",
        "question": "JAKE recorded these activities without timestamps:\n[Walk in the park → Purchase supplies at Hema Fresh → Mango preparation → Cake making]\nTime options:\n\na. 15:00~15:35\n\nb. 16:40~17:15\n\nc. 14:30~15:10\n\nd. 20:50~21:35\n\ne. 21:05~21:50\n\nf. 17:20~18:10\n\ng. 21:55~22:15",
        "events_description": {
            "Walk in the park": "Jake and others walk along a tree-lined path to a lake, eating pizza and enjoying the water view. Jake feeds lake carps with pizza. After eating, they continue to a pavilion where folk art performances are happening—the girl in a white shirt and the boy in a blue long-sleeve jacket try learning the acrobatics. They walk further, admiring scenery like rivers and rockeries, and leave the park through a fence.",
            "Purchase supplies at Hema Fresh": "Jake pushes a shopping cart into Hema Fresh, shopping for meat, eggs, fruits, vegetables, and drinks with his peers. He mostly shops with the girl in a green long-sleeve shirt and blue-gray jeans. Finally, they push full carts to the self-checkout area, return the carts to the supermarket entrance after payment.",
            "Mango preparation": "Jake washes a knife at the first-floor kitchen sink, cuts mangoes on a wooden chopping board, and places the pieces on a white porcelain plate. He collaborates with the girl in a white inner top and green jacket to pour batter into paper cups for making small cakes.",
            "Cake making": "Jake sits by the first-floor living room table, adding cream to cake layers on a plate. After each layer, two girls sprinkle mango and other ingredients, then place a new cake layer. Once all layers are done, Jake smooths the cake with a scraper, and the girl in a light green jacket decorates it with strawberries. Finally, he cuts and serves the cake."
        },
        "choice_a": "1→c / 2→f / 3→d / 4→a",
        "choice_b": "1→a / 2→b / 3→e / 4→g",
        "choice_c": "1→d / 2→a / 3→g / 4→f",
        "choice_d": "1→b / 2→e / 3→c / 4→d",
        "reason": "Walk in park (14:49-15:36) → Purchase at Hema (16:38-17:14) → Mango prep (21:03-21:53) → Cake making (21:54-22:14)."
    },
    {
        "question_chinese": "JAKE 清晰记得自己 “吃披萨”“在公园散步”“在电玩城体验各种游戏” 这三件事的顺序，之后紧接着发生的两件事是什么？",
        "events_description_chinese": {
            "吃披萨": "Jake下楼取装有披萨的白色袋子带到二楼客厅的桌子上，其他人收拾桌上的东西腾出空间。大家将披萨打开，并依次摆放在桌上。大部分人坐在桌子周围一起吃披萨，Jake在桌子周围一边来回走动一边吃披萨，最后坐在正对着窗户的位置一边吃一边愉快讨论。吃完之后，Jake将垃圾收起来，并将吃剩的披萨收起来。",
            "在公园散步": "Jake和其他人走在绿树和草地环绕的走道来到湖边，一边吃着披萨一边观赏水景。期间Jake使用披萨投喂湖里的鲤鱼。吃完披萨后，他们继续沿着路走，到了一个亭子，里面很多人在表演民间技艺。穿着白衬衫的女生和蓝色长袖外套的男生尝试学习这个杂技。之后他们继续沿着路散步，一路欣赏着小河、假山等美景。最终他们通过护栏离开了公园。",
            "在电玩城体验各种游戏": "Jake一行人进入一个黑色外墙的大厦的电玩城，里面充满蓝色和红色的氛围灯光，有着各式各样的游戏机。他们完成了代币购买后遍在电玩城体验各种游戏。紫色长袖外套的男生首先玩了架子鼓游戏，而后Jake和穿着绿色长袖外套戴着蓝色棒球帽的女生一起玩堆叠螃蟹、抓娃娃机、空气曲棍球和保龄球等游戏。Jake在电玩城不停走动，与同伴体验各种游戏。",
            "在盒马鲜生采购物资": "Jake推着一个购物车进入盒马鲜生超市，与同伴一起采购肉类、鸡蛋、水果、蔬菜和饮料等物资。Jake大部分时间和穿着绿色长袖衬衫和蓝灰色牛仔长裤的女生在一起采购。最后他们推着装满的购物查来到结账区使用机器自助结账，完成结账后将购物车归还到超市门口。",
            "打车回家": "Jake一行人坐电梯上楼，到商场门口使用手机APP打网约车。期间他们。Jake将手机放在地上，叫所有人一起进行了自拍。拍照留念之后，所有人离开商场，步行到马路边，上了一辆黑色到家门口。的轿车。经过一段路途后下车到家附近，穿过小巷",
            "盲测饮料游戏": "Jake和一位穿着蓝色T恤、绿色长袖外套和浅蓝色牛仔长裤的女生一起在二楼客厅的桌子上摆放纸质一次性杯子、做记号并倒水。准备工作完成之后，所有人来到二楼客厅坐在桌子周围依次喝饮料和记录答案，Jake同时给饮料瓶做编号。然后Jake收集写有答案的卡片并于此前拍摄的照片对比，其他人继续在品尝和讨论并写出新的答案。",
            "AR眼镜处理": "Jake收集所有人的AR眼镜，到一楼卧室并将眼镜与电脑进行连接。Jake坐在电脑桌前，对电脑进行操作。",
            "蛋糕制作": "Jake坐在一楼客厅的桌子旁边，往摆放在盘子里的蛋糕片上面添加奶油。当完成一层后，旁边两个女生将芒果等食材撒在上面然后盖上新的蛋糕片。所有的蛋糕片处理完毕后，Jake用刮板将蛋糕刮平整，淡绿色外套的女生将草莓放上去加以点缀。最后Jake将做好的蛋糕切开，分装在其他盘子里"
        },
        "choice_a_chinese": "在盒马鲜生采购物资 → 打车回家",
        "choice_b_chinese": "打车回家 → 在盒马鲜生采购物资",
        "choice_c_chinese": "盲测饮料游戏 → AR 眼镜处理",
        "choice_d_chinese": "蛋糕制作 → 芒果准备",
        "answer": "A",
        "reason_chinese": "吃披萨 (11:57-12:18)→在公园散步 (14:49-15:36)→在电玩城体验各种游戏 (15:45-16:30)→在盒马鲜生采购物资 (16:38-17:14)→打车回家 (17:15-18:07)。",
        "question": "JAKE clearly remembers the order of \"Eat pizza,\" \"Walk in the park,\" and \"Experience games at the arcade.\" What two events immediately follow?",
        "events_description": {
            "Eat pizza": "Jake goes downstairs to bring a white pizza bag to the second-floor living room table, while others clear the table. They open the pizza and arrange it, with most sitting around the table to eat. Jake walks around while eating, then sits by the window discussing happily. Afterward, he collects trash and leftover pizza.",
            "Walk in the park": "Jake and others walk along a tree-lined path to a lake, eating pizza and enjoying the water view. Jake feeds lake carps with pizza. After eating, they continue to a pavilion where folk art performances are happening—the girl in a white shirt and the boy in a blue long-sleeve jacket try learning the acrobatics. They walk further, admiring scenery like rivers and rockeries, and leave the park through a fence.",
            "Experience various games at the arcade": "Jake and his group enter an arcade in a black-walled building with blue and red lighting, featuring various game machines. After buying tokens, they play games: the boy in a purple long-sleeve jacket starts with a drum game, then Jake and the girl in a green jacket/blue cap play stack crab, claw machine, air hockey, and bowling. Jake moves around experiencing games with peers.",
            "Purchase supplies at Hema Fresh": "Jake pushes a shopping cart into Hema Fresh, shopping for meat, eggs, fruits, vegetables, and drinks with his peers. He mostly shops with the girl in a green long-sleeve shirt and blue-gray jeans. Finally, they push full carts to the self-checkout area, return the carts to the supermarket entrance after payment.",
            "Take a taxi home": "Jake and his group take the elevator upstairs, use a mobile APP to hail a ride at the mall entrance. During this, Jake places his phone on the ground and calls everyone for a group selfie. After taking photos, they leave the mall, walk to the roadside, and board a black car that takes them near home. They get off and walk through an alley to arrive home.",
            "Blind drink testing game": "Jake and a girl in a blue T-shirt, green long-sleeve jacket, and light blue jeans set up paper cups, mark them, and pour water on the second-floor living room table. After preparation, everyone sits around the table to taste drinks, record answers, while Jake numbers the bottles. He collects answer cards and compares them with previous photos as others discuss and write new answers.",
            "AR glasses processing": "Jake collects everyone's AR glasses, goes to the first-floor bedroom, and connects the glasses to a computer. He sits at the desk operating the computer.",
            "Cake making": "Jake sits by the first-floor living room table, adding cream to cake layers on a plate. After each layer, two girls sprinkle mango and other ingredients, then place a new cake layer. Once all layers are done, Jake smooths the cake with a scraper, and the girl in a light green jacket decorates it with strawberries. Finally, he cuts and serves the cake."
        },
        "choice_a": "Purchase supplies at Hema Fresh → Take a taxi home",
        "choice_b": "Take a taxi home → Purchase supplies at Hema Fresh",
        "choice_c": "Blind drink testing game → AR glasses processing",
        "choice_d": "Cake making → Mango preparation",
        "reason": "Eat pizza (11:57-12:18) → Walk in park (14:49-15:36) → Arcade games (15:45-16:30) → Purchase at Hema (16:38-17:14) → Taxi home (17:15-18:07)."
    },
    {
        "question_chinese": "Jake 回忆当天活动时说：“我先是在电玩城体验各种游戏，接着吃了披萨，然后进行盲测饮料游戏，最后去公园散步。” 但他人发现他的描述存在错误，正确的事件顺序及错误分析是？",
        "events_description_chinese": {
            "在电玩城体验各种游戏": "Jake一行人进入一个黑色外墙的大厦的电玩城，里面充满蓝色和红色的氛围灯光，有着各式各样的游戏机。他们完成了代币购买后遍在电玩城体验各种游戏。紫色长袖外套的男生首先玩了架子鼓游戏，而后Jake和穿着绿色长袖外套戴着蓝色棒球帽的女生一起玩堆叠螃蟹、抓娃娃机、空气曲棍球和保龄球等游戏。Jake在电玩城不停走动，与同伴体验各种游戏。",
            "吃披萨": "Jake下楼取装有披萨的白色袋子带到二楼客厅的桌子上，其他人收拾桌上的东西腾出空间。大家将披萨打开，并依次摆放在桌上。大部分人坐在桌子周围一起吃披萨，Jake在桌子周围一边来回走动一边吃披萨，最后坐在正对着窗户的位置一边吃一边愉快讨论。吃完之后，Jake将垃圾收起来，并将吃剩的披萨收起来。",
            "盲测饮料游戏": "Jake和一位穿着蓝色T恤、绿色长袖外套和浅蓝色牛仔长裤的女生一起在二楼客厅的桌子上摆放纸质一次性杯子、做记号并倒水。准备工作完成之后，所有人来到二楼客厅坐在桌子周围依次喝饮料和记录答案，Jake同时给饮料瓶做编号。然后Jake收集写有答案的卡片并于此前拍摄的照片对比，其他人继续在品尝和讨论并写出新的答案。",
            "在公园散步": "Jake和其他人走在绿树和草地环绕的走道来到湖边，一边吃着披萨一边观赏水景。期间Jake使用披萨投喂湖里的鲤鱼。吃完披萨后，他们继续沿着路走，到了一个亭子，里面很多人在表演民间技艺。穿着白衬衫的女生和蓝色长袖外套的男生尝试学习这个杂技。之后他们继续沿着路散步，一路欣赏着小河、假山等美景。最终他们通过护栏离开了公园。"
        },
        "choice_a_chinese": "正确：盲测饮料游戏 → 吃披萨 → 在电玩城体验各种游戏\n错误原因：颠倒了 “盲测饮料游戏” 与 “在电玩城体验各种游戏” 的顺序，并错误地增加了 “去公园散步”",
        "choice_b_chinese": "正确：盲测饮料游戏 → 吃披萨 → 在公园散步 → 在电玩城体验各种游戏\n错误原因：颠倒了 “盲测饮料游戏” 与 “吃披萨”“在电玩城体验各种游戏” 的顺序，且将 “在公园散步” 错误地放在了 “在电玩城体验各种游戏” 之后",
        "choice_c_chinese": "正确：在电玩城体验各种游戏 → 吃披萨 → 在公园散步\n错误原因：错误地增加了 “盲测饮料游戏”，并将其错误地插入在 “吃披萨” 与 “在公园散步” 之间",
        "choice_d_chinese": "正确：盲测饮料游戏 → 在公园散步 → 吃披萨 → 在电玩城体验各种游戏\n错误原因：Jake 颠倒了 “吃披萨” 与 “在公园散步” 的顺序，且颠倒了 “盲测饮料游戏” 与 “在电玩城体验各种游戏” 的先后顺序",
        "answer": "B",
        "reason_chinese": "盲测饮料游戏（11:17-11:56）→ 吃披萨（11:57-12:18）→ 在公园散步（14:49-15:36）→ 在电玩城体验各种游戏（15:45-16:30）",
        "question": "Jake recalled: \"I first experienced games at the arcade, then ate pizza, did a blind drink test, and finally walked in the park.\" Others point out an error. What is the correct order and error analysis?",
        "events_description": {
            "Experience various games at the arcade": "Jake and his group enter an arcade in a black-walled building with blue and red lighting, featuring various game machines. After buying tokens, they play games: the boy in a purple long-sleeve jacket starts with a drum game, then Jake and the girl in a green jacket/blue cap play stack crab, claw machine, air hockey, and bowling. Jake moves around experiencing games with peers.",
            "Eat pizza": "Jake goes downstairs to bring a white pizza bag to the second-floor living room table, while others clear the table. They open the pizza and arrange it, with most sitting around the table to eat. Jake walks around while eating, then sits by the window discussing happily. Afterward, he collects trash and leftover pizza.",
            "Blind drink testing game": "Jake and a girl in a blue T-shirt, green long-sleeve jacket, and light blue jeans set up paper cups, mark them, and pour water on the second-floor living room table. After preparation, everyone sits around the table to taste drinks, record answers, while Jake numbers the bottles. He collects answer cards and compares them with previous photos as others discuss and write new answers.",
            "Walk in the park": "Jake and others walk along a tree-lined path to a lake, eating pizza and enjoying the water view. Jake feeds lake carps with pizza. After eating, they continue to a pavilion where folk art performances are happening—the girl in a white shirt and the boy in a blue long-sleeve jacket try learning the acrobatics. They walk further, admiring scenery like rivers and rockeries, and leave the park through a fence."
        },
        "choice_a": "Correct: Blind drink test → Eat pizza → Arcade games\nError: Reversed \"Blind drink test\" and \"Arcade games,\" incorrectly added \"Walk in park\"",
        "choice_b": "Correct: Blind drink test → Eat pizza → Walk in park → Arcade games\nError: Reversed order of \"Blind drink test\" with \"Eat pizza\" and \"Arcade games,\" misplaced \"Walk in park\" after \"Arcade games\"",
        "choice_c": "Correct: Arcade games → Eat pizza → Walk in park\nError: Incorrectly added \"Blind drink test\" between \"Eat pizza\" and \"Walk in park\"",
        "choice_d": "Correct: Blind drink test → Walk in park → Eat pizza → Arcade games\nError: Jake reversed \"Eat pizza\" and \"Walk in park,\" and reversed \"Blind drink test\" with \"Arcade games\"",
        "reason": "Blind drink test (11:17-11:56) → Eat pizza (11:57-12:18) → Walk in park (14:49-15:36) → Arcade games (15:45-16:30)."
    },
    {
        "question_chinese": "Jake 在整理活动流程时发现部分环节顺序不完整：[在盒马鲜生采购物资] → (?) → (?) → [芒果准备] → [蛋糕制作]。缺失的环节应按时间先后填入？",
        "events_description_chinese": {
            "在盒马鲜生采购物资": "Jake推着一个购物车进入盒马鲜生超市，与同伴一起采购肉类、鸡蛋、水果、蔬菜和饮料等物资。Jake大部分时间和穿着绿色长袖衬衫和蓝灰色牛仔长裤的女生在一起采购。最后他们推着装满的购物查来到结账区使用机器自助结账，完成结账后将购物车归还到超市门口。",
            "在公园散步": "Jake和其他人走在绿树和草地环绕的走道来到湖边，一边吃着披萨一边观赏水景。期间Jake使用披萨投喂湖里的鲤鱼。吃完披萨后，他们继续沿着路走，到了一个亭子，里面很多人在表演民间技艺。穿着白衬衫的女生和蓝色长袖外套的男生尝试学习这个杂技。之后他们继续沿着路散步，一路欣赏着小河、假山等美景。最终他们通过护栏离开了公园。",
            "在电玩城体验各种游戏": "Jake一行人进入一个黑色外墙的大厦的电玩城，里面充满蓝色和红色的氛围灯光，有着各式各样的游戏机。他们完成了代币购买后遍在电玩城体验各种游戏。紫色长袖外套的男生首先玩了架子鼓游戏，而后Jake和穿着绿色长袖外套戴着蓝色棒球帽的女生一起玩堆叠螃蟹、抓娃娃机、空气曲棍球和保龄球等游戏。Jake在电玩城不停走动，与同伴体验各种游戏。",
            "打车回家": "Jake一行人坐电梯上楼，到商场门口使用手机APP打网约车。期间他们。Jake将手机放在地上，叫所有人一起进行了自拍。拍照留念之后，所有人离开商场，步行到马路边，上了一辆黑色到家门口。的轿车。经过一段路途后下车到家附近，穿过小巷",
            "AR眼镜处理": "Jake收集所有人的AR眼镜，到一楼卧室并将眼镜与电脑进行连接。Jake坐在电脑桌前，对电脑进行操作。",
            "盲测饮料游戏": "Jake和一位穿着蓝色T恤、绿色长袖外套和浅蓝色牛仔长裤的女生一起在二楼客厅的桌子上摆放纸质一次性杯子、做记号并倒水。准备工作完成之后，所有人来到二楼客厅坐在桌子周围依次喝饮料和记录答案，Jake同时给饮料瓶做编号。然后Jake收集写有答案的卡片并于此前拍摄的照片对比，其他人继续在品尝和讨论并写出新的答案。",
            "吃披萨": "Jake下楼取装有披萨的白色袋子带到二楼客厅的桌子上，其他人收拾桌上的东西腾出空间。大家将披萨打开，并依次摆放在桌上。大部分人坐在桌子周围一起吃披萨，Jake在桌子周围一边来回走动一边吃披萨，最后坐在正对着窗户的位置一边吃一边愉快讨论。吃完之后，Jake将垃圾收起来，并将吃剩的披萨收起来。",
            "芒果准备": "Jake到一楼厨房的水池边清洗刀具，然后在木制砧板上使用菜刀将芒果切块，并将切好的芒果放到白色瓷盘里。期间Jake与白色内搭、绿色外套的女生合作将面糊倒在纸杯里用于制作小蛋糕。",
            "蛋糕制作": "Jake坐在一楼客厅的桌子旁边，往摆放在盘子里的蛋糕片上面添加奶油。当完成一层后，旁边两个女生将芒果等食材撒在上面然后盖上新的蛋糕片。所有的蛋糕片处理完毕后，Jake用刮板将蛋糕刮平整，淡绿色外套的女生将草莓放上去加以点缀。最后Jake将做好的蛋糕切开，分装在其他盘子里"
        },
        "choice_a_chinese": "在公园散步 → 在电玩城体验各种游戏",
        "choice_b_chinese": "打车回家 → AR 眼镜处理",
        "choice_c_chinese": "盲测饮料游戏 → 吃披萨",
        "choice_d_chinese": "在电玩城体验各种游戏 → 盲测饮料游戏",
        "answer": "B",
        "reason_chinese": "在盒马鲜生采购物资 (16:38-17:14) → 打车回家 (17:15-18:07) → AR 眼镜处理 (18:12-18:21) → 芒果准备 (21:03-21:53) → 蛋糕制作 (21:54-22:14)。",
        "question": "Jake found an incomplete activity sequence: [Purchase supplies at Hema Fresh] → (?) → (?) → [Mango preparation] → [Cake making]. What missing events fit in order?",
        "events_description": {
            "Purchase supplies at Hema Fresh": "Jake pushes a shopping cart into Hema Fresh, shopping for meat, eggs, fruits, vegetables, and drinks with his peers. He mostly shops with the girl in a green long-sleeve shirt and blue-gray jeans. Finally, they push full carts to the self-checkout area, return the carts to the supermarket entrance after payment.",
            "Walk in the park": "Jake and others walk along a tree-lined path to a lake, eating pizza and enjoying the water view. Jake feeds lake carps with pizza. After eating, they continue to a pavilion where folk art performances are happening—the girl in a white shirt and the boy in a blue long-sleeve jacket try learning the acrobatics. They walk further, admiring scenery like rivers and rockeries, and leave the park through a fence.",
            "Experience various games at the arcade": "Jake and his group enter an arcade in a black-walled building with blue and red lighting, featuring various game machines. After buying tokens, they play games: the boy in a purple long-sleeve jacket starts with a drum game, then Jake and the girl in a green jacket/blue cap play stack crab, claw machine, air hockey, and bowling. Jake moves around experiencing games with peers.",
            "Take a taxi home": "Jake and his group take the elevator upstairs, use a mobile APP to hail a ride at the mall entrance. During this, Jake places his phone on the ground and calls everyone for a group selfie. After taking photos, they leave the mall, walk to the roadside, and board a black car that takes them near home. They get off and walk through an alley to arrive home.",
            "AR glasses processing": "Jake collects everyone's AR glasses, goes to the first-floor bedroom, and connects the glasses to a computer. He sits at the desk operating the computer.",
            "Blind drink testing game": "Jake and a girl in a blue T-shirt, green long-sleeve jacket, and light blue jeans set up paper cups, mark them, and pour water on the second-floor living room table. After preparation, everyone sits around the table to taste drinks, record answers, while Jake numbers the bottles. He collects answer cards and compares them with previous photos as others discuss and write new answers.",
            "Eat pizza": "Jake goes downstairs to bring a white pizza bag to the second-floor living room table, while others clear the table. They open the pizza and arrange it, with most sitting around the table to eat. Jake walks around while eating, then sits by the window discussing happily. Afterward, he collects trash and leftover pizza.",
            "Mango preparation": "Jake washes a knife at the first-floor kitchen sink, cuts mangoes on a wooden chopping board, and places the pieces on a white porcelain plate. He collaborates with the girl in a white inner top and green jacket to pour batter into paper cups for making small cakes.",
            "Cake making": "Jake sits by the first-floor living room table, adding cream to cake layers on a plate. After each layer, two girls sprinkle mango and other ingredients, then place a new cake layer. Once all layers are done, Jake smooths the cake with a scraper, and the girl in a light green jacket decorates it with strawberries. Finally, he cuts and serves the cake."
        },
        "choice_a": "Walk in the park → Experience arcade games",
        "choice_b": "Take a taxi home → AR glasses processing",
        "choice_c": "Blind drink test → Eat pizza",
        "choice_d": "Experience arcade games → Blind drink test",
        "reason": "Purchase at Hema (16:38-17:14) → Taxi home (17:15-18:07) → AR glasses processing (18:12-18:21) → Mango prep (21:03-21:53) → Cake making (21:54-22:14)."
    }
]