[
    {
        "question_chinese": "Jake 需要梳理下午 15:00 到 17:30 的活动流程，以下哪组事件的排序是正确的？\n\na. 床上工作\n\nb. 设备调试\n\nc. 二楼客厅举办音乐会\n\nd. 视频问答\n\ne. 取快递\n\nf. 举办拍卖会",
        "events_description_chinese": {
            "床上工作": "Jake到一楼卧室拖鞋上床，在床上坐着，将收集视频传输到电脑，并使用电脑处理视频。期间穿着深绿色T恤的男生与Jake进行了交流。",
            "设备调试": "Jake来到二楼，拿着电脑坐在椅子上工作，看起来像是在做PPT。然后他将电脑连接到投影屏，在二楼客厅桌子旁边操作电脑检查和调试音响和放映设备。Jake测试了翻页笔是否正常工作，并测试了麦克风是否正常。期间Jake帮助用打孔器修整塑料小口袋。",
            "二楼客厅举办音乐会": "Jake坐在二楼客厅的地上，投影仪开着，穿着蓝灰色外套和浅棕色长裤的男生在弹吉他。所有人在静静聆听，后来换成穿着拿着绿色T恤的男生弹吉他，穿着蓝灰色外套和浅棕色长裤的男生唱歌。Jake跟着音乐节奏摇摆，他的视野也有节奏的摇晃。期间，黑色外套，白色短裤的男生一直站在桌子旁边弹电钢琴进行伴奏。他们唱了一曲又一曲，大家其乐融融，欣赏着歌声的乐趣。",
            "视频问答": "Jake和其他人在二楼客厅看投影仪播放的视频，然后投影仪上播放了一些英文问题。Jake在期间和他们交流着什么。然后投影仪又播放了一个视频，Jake在期间到处走动。完成视频后其他人坐在下面回答问题，白色T恤浅灰色裤子的男生是主持人，拿着话筒主持问答环节，Jake和他负责发礼品，期间Jake经常看着笔记本电脑，像是在核对答案。后来Jake站到客厅门口看他们回答问题。",
            "取快递": "Jake吃着油条和穿着绿色长袖外套，白色内搭的女生和白色短袖衬衫和白色短裤的男生离开家，穿过小巷，沿着马路步行。他们沿着路一直走，最后到了马路边上的菜鸟驿站。之后，他们经过了一段路程，到了极兔速递快递站并取了很多东西。三人在快递站门口整理物品并抱着快递步行回家。期间在一个红色建筑旁边，白色短袖衬衫白色短裤的男生抱着的快递散落在地上，他们帮忙重新整理后继续抱着快递回家。最终穿过牌坊沿着路回到家里。",
            "举办拍卖会": "投影屏变成了一个拍卖锤的图案，白色T恤浅灰色裤子的男生作为主持人在继续主持这个活动。Jake持续在二楼客厅门口的位置，偶尔进入客厅进行检查设备和接水等活动。参与活动的人依次走到前面展示着什么，大概是在进行拍卖环节。活动结束后，大家站在客厅中间一起合影。"
        },
        "choice_a_chinese": "a→e→c",
        "choice_b_chinese": "e→b→d",
        "choice_c_chinese": "c→f→a",
        "choice_d_chinese": "b→d→f",
        "answer": "D",
        "reason_chinese": "设备调试（15:07 - 15:34）→视频问答（16:03 - 16:32）→举办拍卖会（16:33 - 17:20），这三个事件大部分时间都在 15:00 - 17:30 时间段内。而 “床上工作”（13:01 - 13:22）、“二楼客厅举办音乐会”（19:47 - 20:46）、“取快递”（10:47 - 11:43）均属于干扰项，发生在目标时间段外。",
        "question": "Jake needs to sort the activities from 3:00 PM to 5:30 PM. Which sequence of events is correct?\n\na. Work in bed\n\nb. Equipment debugging\n\nc. Hold a concert in the second-floor living room\n\nd. Video Q&A\n\ne. Pick up packages\n\nf. Hold an auction",
        "events_description": {
            "Work in bed": "Jake goes to the first-floor bedroom, takes off his slippers, and gets on the bed. He sits there, transfers collected videos to the computer, and processes them. During this, the boy in a dark green T-shirt communicates with Jake.",
            "Equipment debugging": "Jake goes to the second floor, sits on a chair with his computer, appearing to work on a PPT. He connects the computer to the projection screen, operating it by the second-floor living room table to check and debug audio and projection equipment. Jake tests if the page-turning pen and microphone work properly, and helps trim plastic pockets with a hole puncher during this time.",
            "Hold a concert in the second-floor living room": "Jake sits on the floor of the second-floor living room with the projector on, where a boy in a blue-gray jacket and light brown pants plays the guitar. Everyone listens quietly, later replaced by a boy in a green T-shirt playing guitar while the blue-gray jacket boy sings. Jake sways to the rhythm, his vision shaking in time. The boy in a black jacket and white shorts stands by the table playing the electric piano as accompaniment. They sing multiple songs, enjoying the music together.",
            "Video Q&A": "Jake and others watch videos on the projector in the second-floor living room, which then displays English questions. Jake interacts with them during this. Another video plays, with Jake walking around. After the video, others sit to answer questions, with the boy in a white T-shirt and light gray pants as the host holding a microphone. Jake helps distribute gifts with him, often checking a laptop as if verifying answers, then stands at the living room door to watch the Q&A.",
            "Pick up packages": "Jake left home, eating fried dough sticks and wearing a green long-sleeved jacket, a girl wearing a white inner wear and a boy in a white short-sleeved shirt and white shorts, walking along the road. They walked along the road and finally arrived at the Cainiao Station on the side of the road. Afterwards, they passed a long journey to Jitu Express Express Station and picked up a lot of things. The three of them sorted out their belongings at the door of the express station and walked home with the express delivery. During this period, next to a red building, the couriers held by boys in white short-sleeved shirts and white shorts were scattered on the ground. They helped to reorganize and continue to carry the couriers home. Finally, I walked through the archway and walked back home.",
            "Hold an auction": "The projection screen shows a auction hammer pattern, with the boy in a white T-shirt and light gray pants as the host. Jake stays at the second-floor living room entrance, occasionally entering to check equipment or get water. Participants take turns presenting items, likely in an auction. After the event, everyone poses for a group photo in the living room."
        },
        "choice_a": "a→e→c",
        "choice_b": "e→b→d",
        "choice_c": "c→f→a",
        "choice_d": "b→d→f",
        "reason": "Equipment debugging (15:07-15:34) → Video Q&A (16:03-16:32) → Auction (16:33-17:20), with most time within 15:00-17:30. \"Work in bed\" (13:01-13:22), \"Concert\" (19:47-20:46), and \"Package pickup\" (10:47-11:43) are distractions outside the target time."
    },
    {
        "question_chinese": "Jake 在记录今日活动时整理了以下事项：[给充电宝充电→参与房间装饰→床上处理视频→设备调试]，这些活动的正确时间范围是？",
        "events_description_chinese": {
            "给充电宝充电": "Jake下楼到放着电脑桌的卧室，从电脑桌上取充电宝，并到另一个卧室取充电宝，将他们拿到二楼在各个插座进行充电。然后他去忙其他事之后，他到一楼卧室、客厅幕布前面的物品架下面、客厅的桌子上、投影仪下面、冰箱上面、厨房台面、客厅门口、厨房角落等有插座的地方给充电宝充电，期间他还经常检查各个充电宝的充电状况，并更换掉充满的充电宝",
            "参与房间装饰": "Jake等人围在院子的桌子周围，桌上摆满了快递包裹。在讨论了一会后，穿着白色T恤，浅蓝色牛仔长裤的女生从快递包裹中取出了很多娃娃，jake将娃娃扔在二楼卧室的床上。短暂休息后，Jake到外面帮助将三角形旗子用绳子穿起来。在忙完其他事情后，Jake到卧室里，帮助穿着白色T恤，浅蓝色牛仔长裤的女生收拾床铺。此后，于这位女生一起在屋子里悬挂彩旗、在悬挂布娃娃并固定窗帘。",
            "床上处理视频": "Jake到一楼卧室拖鞋上床，在床上坐着，将收集视频传输到电脑，并使用电脑处理视频。期间穿着深绿色T恤的男生与Jake进行了交流。",
            "设备调试": "Jake来到二楼，拿着电脑坐在椅子上工作，看起来像是在做PPT。然后他将电脑连接到投影屏，在二楼客厅桌子旁边操作电脑检查和调试音响和放映设备。Jake测试了翻页笔是否正常工作，并测试了麦克风是否正常。期间Jake帮助用打孔器修整塑料小口袋。"
        },
        "choice_a_chinese": "9:00-12:30",
        "choice_b_chinese": "11:30-14:30",
        "choice_c_chinese": "9:50-15:35",
        "choice_d_chinese": "10:40-13:00",
        "answer": "C",
        "reason_chinese": "给充电宝充电 (9:50-10:35)→参与房间装饰 (11:43-12:58)→床上处理视频 (13:01-13:22)→设备调试 (15:07-15:34)，完整覆盖 9:50 至 15:34。",
        "question": "Jake organized these activities today: [Charge power banks → Participate in room decoration → Process videos in bed → Equipment debugging]. What is the correct time range?",
        "events_description": {
            "Charge power banks": "Jake went downstairs to the bedroom where the computer desk was placed, picked up the power bank from the computer desk, and went to another bedroom to pick up the power bank, and took them to the second floor to charge them in various sockets. Then after he went to the bedroom on the first floor, under the item rack in front of the living room curtain, on the table in the living room, under the projector, above the refrigerator, kitchen countertop, living room door, kitchen corner and other places with sockets. During this period, he also often checked the charging status of each power bank and replaced the full power bank.",
            "Participate in room decoration": "Jake and others gather around a courtyard table with many express packages. After discussion, the girl in a white T-shirt and light blue jeans takes out dolls from the packages, and Jake throws them on the second-floor bedroom bed. After a short break, he helps string triangular flags outside. Later, he tidies the bed with the same girl in the bedroom, then hangs colored flags, dolls, and fixes curtains together in the room.",
            "Process videos in bed": "Jake goes to the first-floor bedroom, takes off his slippers, and gets on the bed, transferring collected videos to the computer and processing them. The boy in a dark green T-shirt communicates with Jake during this.",
            "Equipment debugging": "Jake goes to the second floor, sits on a chair with his computer, appearing to work on a PPT. He connects the computer to the projection screen, operating it by the second-floor living room table to check and debug audio and projection equipment. Jake tests if the page-turning pen and microphone work properly, and helps trim plastic pockets with a hole puncher during this time."
        },
        "choice_a": "9:00-12:30",
        "choice_b": "11:30-14:30",
        "choice_c": "9:50-15:35",
        "choice_d": "10:40-13:00",
        "reason": "Power bank charging (9:50-10:35) → Room decoration (11:43-12:58) → Video processing in bed (13:01-13:22) → Equipment debugging (15:07-15:34), fully covering 9:50 to 15:34."
    },
    {
        "question_chinese": "Jake 整理一天的活动时间时，发现部分事件的时间段需要匹配。已知事件按发生顺序为：\n[出门步行取快递 → 二楼客厅举办音乐会 → 院子夜间聚会 → 一楼客厅开会]\n时间选项：\n\na. 10:00~10:35\n\nb. 10:50~11:45\n\nc. 19:00~19:35\n\nd. 19:50~20:45\n\ne. 20:00~20:35\n\nf. 21:00~21:45\n\ng. 21:45~22:05",
        "events_description_chinese": {
            "出门步行取快递": "Jake吃着油条和穿着绿色长袖外套，白色内搭的女生和白色短袖衬衫和白色短裤的男生离开家，穿过小巷，沿着马路步行。他们沿着路一直走，最后到了马路边上的菜鸟驿站。之后，他们经过了一段路程，到了极兔速递快递站并取了很多东西。三人在快递站门口整理物品并抱着快递步行回家。期间在一个红色建筑旁边，白色短袖衬衫白色短裤的男生抱着的快递散落在地上，他们帮忙重新整理后继续抱着快递回家。最终穿过牌坊沿着路回到家里。",
            "二楼客厅举办音乐会": "Jake坐在二楼客厅的地上，投影仪开着，穿着蓝灰色外套和浅棕色长裤的男生在弹吉他。所有人在静静聆听，后来换成穿着拿着绿色T恤的男生弹吉他，穿着蓝灰色外套和浅棕色长裤的男生唱歌。Jake跟着音乐节奏摇摆，他的视野也有节奏的摇晃。期间，黑色外套，白色短裤的男生一直站在桌子旁边弹电钢琴进行伴奏。他们唱了一曲又一曲，大家其乐融融，欣赏着歌声的乐趣。",
            "院子夜间聚会": "Jake和同伴来到院子里，院子的桌子上摆满了圆形盘子。Jake和几位女生聊了一会，然后进屋把所有人叫出来。大家在院子里一边喝着什么一边愉快的聊天。Jake还看了相机里的照片。外面一片漆黑，但是并不影响所有人的兴致。Jake在院子里一边到处走动一边和其他人聊天。最后他们在外面照完相后就进屋了",
            "一楼客厅开会": "Jake来到一楼客厅，坐在桌子旁边。jake的左侧坐着绿色外套蓝色牛仔裤的女生。Jake操作着电脑，大家在一起讨论着什么。在房间里一边走动一边与别人讨论之后，Jake坐到桌子前面将电脑展示给所有人观看。"
        },
        "choice_a_chinese": "1→a / 2→d / 3→f / 4→g",
        "choice_b_chinese": "1→b / 2→d / 3→f / 4→g",
        "choice_c_chinese": "1→a / 2→c / 3→e / 4→f",
        "choice_d_chinese": "1→b / 2→e / 3→f / 4→g",
        "answer": "B",
        "reason_chinese": "出门步行取快递 (10:47-11:43)→二楼客厅举办音乐会 (19:47-20:46)→院子夜间聚会 (20:58-21:45)→一楼客厅开会 (21:46-22:06)。",
        "question": "Jake is matching time slots for daily activities in order: [Walk to pick up packages → Hold concert in second-floor living room → Courtyard night gathering → Meeting in first-floor living room]. Time options:\n\na. 10:00~10:35\n\nb. 10:50~11:45\n\nc. 19:00~19:35\n\nd. 19:50~20:45\n\ne. 20:00~20:35\n\nf. 21:00~21:45\n\ng. 21:45~22:05",
        "events_description": {
            "Walk to pick up packages": "Jake left home, eating fried dough sticks and wearing a green long-sleeved jacket, a girl wearing a white inner wear and a boy in a white short-sleeved shirt and white shorts, walking along the road. They walked along the road and finally arrived at the Cainiao Station on the side of the road. Afterwards, they passed a long journey to Jitu Express Express Station and picked up a lot of things. The three of them sorted out their belongings at the door of the express station and walked home with the express delivery. During this period, next to a red building, the couriers held by boys in white short-sleeved shirts and white shorts were scattered on the ground. They helped to reorganize and continue to carry the couriers home. Finally, I walked through the archway and walked back home.",
            "Hold a concert in the second-floor living room": "Jake sits on the floor of the second-floor living room with the projector on, where a boy in a blue-gray jacket and light brown pants plays the guitar. Everyone listens quietly, later replaced by a boy in a green T-shirt playing guitar while the blue-gray jacket boy sings. Jake sways to the rhythm, his vision shaking in time. The boy in a black jacket and white shorts stands by the table playing the electric piano as accompaniment. They sing multiple songs, enjoying the music together.",
            "Courtyard night gathering": "Jake and peers go to the courtyard with round plates on the table. He chats with several girls, then calls everyone out from the house. They drink and chat happily in the courtyard, with Jake looking at photos on a camera. Despite the darkness, everyone stays in high spirits, with Jake walking around chatting. They take a group photo outside before returning inside.",
            "Meeting in first-floor living room": "Jake sits at the table in the first-floor living room, with a girl in a green jacket and blue jeans on his left. He operates a computer as everyone discusses. After walking around the room to talk, Jake sits at the table to show the computer to everyone."
        },
        "choice_a": "1→a / 2→d / 3→f / 4→g",
        "choice_b": "1→b / 2→d / 3→f / 4→g",
        "choice_c": "1→a / 2→c / 3→e / 4→f",
        "choice_d": "1→b / 2→e / 3→f / 4→g",
        "reason": "Package pickup (10:47-11:43) → Concert (19:47-20:46) → Courtyard gathering (20:58-21:45) → Meeting (21:46-22:06)."
    },
    {
        "question_chinese": "Jake 记得自己先 “在二楼客厅进行设备调试” 然后 “参与派对的视频问答活动”，之后紧接着发生的两件事是什么？",
        "events_description_chinese": {
            "在二楼客厅进行设备调试": "Jake来到二楼，拿着电脑坐在椅子上工作，看起来像是在做PPT。然后他将电脑连接到投影屏，在二楼客厅桌子旁边操作电脑检查和调试音响和放映设备。Jake测试了翻页笔是否正常工作，并测试了麦克风是否正常。期间Jake帮助用打孔器修整塑料小口袋。",
            "参与派对的视频问答活动": "Jake和其他人在二楼客厅看投影仪播放的视频，然后投影仪上播放了一些英文问题。Jake在期间和他们交流着什么。然后投影仪又播放了一个视频，Jake在期间到处走动。完成视频后其他人坐在下面回答问题，白色T恤浅灰色裤子的男生是主持人，拿着话筒主持问答环节，Jake和他负责发礼品，期间Jake经常看着笔记本电脑，像是在核对答案。后来Jake站到客厅门口看他们回答问题。",
            "在客厅举办拍卖会": "投影屏变成了一个拍卖锤的图案，白色T恤浅灰色裤子的男生作为主持人在继续主持这个活动。Jake持续在二楼客厅门口的位置，偶尔进入客厅进行检查设备和接水等活动。参与活动的人依次走到前面展示着什么，大概是在进行拍卖环节。活动结束后，大家站在客厅中间一起合影。",
            "二楼客厅举办音乐会": "Jake坐在二楼客厅的地上，投影仪开着，穿着蓝灰色外套和浅棕色长裤的男生在弹吉他。所有人在静静聆听，后来换成穿着拿着绿色T恤的男生弹吉他，穿着蓝灰色外套和浅棕色长裤的男生唱歌。Jake跟着音乐节奏摇摆，他的视野也有节奏的摇晃。期间，黑色外套，白色短裤的男生一直站在桌子旁边弹电钢琴进行伴奏。他们唱了一曲又一曲，大家其乐融融，欣赏着歌声的乐趣。",
            "出门步行取快递": "Jake吃着油条和穿着绿色长袖外套，白色内搭的女生和白色短袖衬衫和白色短裤的男生离开家，穿过小巷，沿着马路步行。他们沿着路一直走，最后到了马路边上的菜鸟驿站。之后，他们经过了一段路程，到了极兔速递快递站并取了很多东西。三人在快递站门口整理物品并抱着快递步行回家。期间在一个红色建筑旁边，白色短袖衬衫白色短裤的男生抱着的快递散落在地上，他们帮忙重新整理后继续抱着快递回家。最终穿过牌坊沿着路回到家里。",
            "院子夜间聚会": "Jake和同伴来到院子里，院子的桌子上摆满了圆形盘子。Jake和几位女生聊了一会，然后进屋把所有人叫出来。大家在院子里一边喝着什么一边愉快的聊天。Jake还看了相机里的照片。外面一片漆黑，但是并不影响所有人的兴致。Jake在院子里一边到处走动一边和其他人聊天。最后他们在外面照完相后就进屋了",
            "床上使用电脑工作": "Jake到一楼卧室拖鞋上床，在床上坐着，将收集视频传输到电脑，并使用电脑处理视频。期间穿着深绿色T恤的男生与Jake进行了交流。"
        },
        "choice_a_chinese": "在客厅举办拍卖会 → 二楼客厅举办音乐会",
        "choice_b_chinese": "二楼客厅举办音乐会 → 在客厅举办拍卖会",
        "choice_c_chinese": "出门步行取快递 → 院子夜间聚会",
        "choice_d_chinese": "床上使用电脑工作 → 在客厅举办拍卖会",
        "answer": "A",
        "reason_chinese": "在二楼客厅进行设备调试 (15:07-15:34) → 派对的视频问答活动 (16:03-16:32) → 在客厅举办拍卖会 (16:33-17:20) → 二楼客厅举办音乐会 (19:47-20:46)。",
        "question": "Jake remembers doing \"Equipment debugging in second-floor living room\" first, then \"Participating in party video Q&A\". What two events follow immediately?",
        "events_description": {
            "Equipment debugging in second-floor living room": "Jake goes to the second floor, sits on a chair with his computer, appearing to work on a PPT. He connects the computer to the projection screen, operating it by the second-floor living room table to check and debug audio and projection equipment. Jake tests if the page-turning pen and microphone work properly, and helps trim plastic pockets with a hole puncher during this time.",
            "Participating in party video Q&A": "Jake and others watch videos on the projector in the second-floor living room, which then displays English questions. Jake interacts with them during this. Another video plays, with Jake walking around. After the video, others sit to answer questions, with the boy in a white T-shirt and light gray pants as the host holding a microphone. Jake helps distribute gifts with him, often checking a laptop as if verifying answers, then stands at the living room door to watch the Q&A.",
            "Hold an auction in the living room": "The projection screen shows a auction hammer pattern, with the boy in a white T-shirt and light gray pants as the host. Jake stays at the second-floor living room entrance, occasionally entering to check equipment or get water. Participants take turns presenting items, likely in an auction. After the event, everyone poses for a group photo in the living room.",
            "Hold a concert in the second-floor living room": "Jake sits on the floor of the second-floor living room with the projector on, where a boy in a blue-gray jacket and light brown pants plays the guitar. Everyone listens quietly, later replaced by a boy in a green T-shirt playing guitar while the blue-gray jacket boy sings. Jake sways to the rhythm, his vision shaking in time. The boy in a black jacket and white shorts stands by the table playing the electric piano as accompaniment. They sing multiple songs, enjoying the music together.",
            "Walk to pick up packages": "Jake left home, eating fried dough sticks and wearing a green long-sleeved jacket, a girl wearing a white inner wear and a boy in a white short-sleeved shirt and white shorts, walking along the road. They walked along the road and finally arrived at the Cainiao Station on the side of the road. Afterwards, they passed a long journey to Jitu Express Express Station and picked up a lot of things. The three of them sorted out their belongings at the door of the express station and walked home with the express delivery. During this period, next to a red building, the couriers held by boys in white short-sleeved shirts and white shorts were scattered on the ground. They helped to reorganize and continue to carry the couriers home. Finally, I walked through the archway and walked back home.",
            "Courtyard night gathering": "Jake and peers go to the courtyard with round plates on the table. He chats with several girls, then calls everyone out from the house. They drink and chat happily in the courtyard, with Jake looking at photos on a camera. Despite the darkness, everyone stays in high spirits, with Jake walking around chatting. They take a group photo outside before returning inside.",
            "Work on computer in bed": "Jake goes to the first-floor bedroom, takes off his slippers, and gets on the bed, transferring collected videos to the computer and processing them. The boy in a dark green T-shirt communicates with Jake during this."
        },
        "choice_a": "Hold auction in living room → Hold concert in second-floor living room",
        "choice_b": "Hold concert in second-floor living room → Hold auction in living room",
        "choice_c": "Walk to pick up packages → Courtyard night gathering",
        "choice_d": "Work on computer in bed → Hold auction in living room",
        "reason": "Equipment debugging (15:07-15:34) → Party video Q&A (16:03-16:32) → Auction (16:33-17:20) → Concert (19:47-20:46)."
    },
    {
        "question_chinese": "Jake 回忆当天活动时说：“我先出门取了快递，接着进行房间装饰，之后给充电宝充电，最后调试了设备。” 但朋友指出他的顺序有误，正确的事件顺序及错误分析是？",
        "events_description_chinese": {
            "出门取快递": "Jake吃着油条和穿着绿色长袖外套，白色内搭的女生和白色短袖衬衫和白色短裤的男生离开家，穿过小巷，沿着马路步行。他们沿着路一直走，最后到了马路边上的菜鸟驿站。之后，他们经过了一段路程，到了极兔速递快递站并取了很多东西。三人在快递站门口整理物品并抱着快递步行回家。期间在一个红色建筑旁边，白色短袖衬衫白色短裤的男生抱着的快递散落在地上，他们帮忙重新整理后继续抱着快递回家。最终穿过牌坊沿着路回到家里。",
            "房间装饰": "Jake等人围在院子的桌子周围，桌上摆满了快递包裹。在讨论了一会后，穿着白色T恤，浅蓝色牛仔长裤的女生从快递包裹中取出了很多娃娃，jake将娃娃扔在二楼卧室的床上。短暂休息后，Jake到外面帮助将三角形旗子用绳子穿起来。在忙完其他事情后，Jake到卧室里，帮助穿着白色T恤，浅蓝色牛仔长裤的女生收拾床铺。此后，于这位女生一起在屋子里悬挂彩旗、在悬挂布娃娃并固定窗帘。",
            "给充电宝充电": "Jake下楼到放着电脑桌的卧室，从电脑桌上取充电宝，并到另一个卧室取充电宝，将他们拿到二楼在各个插座进行充电。然后他去忙其他事之后，他到一楼卧室、客厅幕布前面的物品架下面、客厅的桌子上、投影仪下面、冰箱上面、厨房台面、客厅门口、厨房角落等有插座的地方给充电宝充电，期间他还经常检查各个充电宝的充电状况，并更换掉充满的充电宝",
            "调试设备": "Jake来到二楼，拿着电脑坐在椅子上工作，看起来像是在做PPT。然后他将电脑连接到投影屏，在二楼客厅桌子旁边操作电脑检查和调试音响和放映设备。Jake测试了翻页笔是否正常工作，并测试了麦克风是否正常。期间Jake帮助用打孔器修整塑料小口袋。",
            "在床上使用电脑工作": "Jake到一楼卧室拖鞋上床，在床上坐着，将收集视频传输到电脑，并使用电脑处理视频。期间穿着深绿色T恤的男生与Jake进行了交流。"
        },
        "choice_a_chinese": "正确：给充电宝充电 → 出门步行取快递 → 房间装饰工作 → 在二楼客厅进行设备调试\n错误原因：颠倒了 “给充电宝充电” 与 “出门步行取快递”“房间装饰工作” 的顺序。",
        "choice_b_chinese": "正确：在床上使用电脑工作 → 出门步行取快递 → 房间装饰工作 → 在二楼客厅进行设备调试\n错误原因： 遗漏了“在床上使用电脑工作”，并错误地增加了“给充电宝充电”。",
        "choice_c_chinese": "正确：给充电宝充电 → 出门步行取快递 → 房间装饰工作 → 在床上使用电脑工作 → 在二楼客厅进行设备调试\n错误原因：Jake 遗漏了 “在床上使用电脑工作”，并颠倒了 “给充电宝充电” 与 “出门步行取快递”、“房间装饰工作” 的顺序。",
        "choice_d_chinese": "正确：出门步行取快递 → 房间装饰工作 → 给充电宝充电 → 在二楼客厅进行设备调试\n错误原因：Jake 的描述与正确顺序一致，无错误",
        "answer": "A",
        "reason_chinese": "给充电宝充电 (9:50-10:35)→出门步行取快递 (10:47-11:43)→房间装饰工作 (11:43-12:58)→在床上使用电脑工作 (13:01-13:22)→在二楼客厅进行设备调试 (15:07-15:34)。",
        "question": "Jake recalled: \"I first picked up packages, then decorated the room, charged power banks, and finally debugged equipment.\" Friends correct him. What's the right order and error analysis?",
        "events_description": {
            "Pick up packages": "Jake left home, eating fried dough sticks and wearing a green long-sleeved jacket, a girl wearing a white inner wear and a boy in a white short-sleeved shirt and white shorts, walking along the road. They walked along the road and finally arrived at the Cainiao Station on the side of the road. Afterwards, they passed a long journey to Jitu Express Express Station and picked up a lot of things. The three of them sorted out their belongings at the door of the express station and walked home with the express delivery. During this period, next to a red building, the couriers held by boys in white short-sleeved shirts and white shorts were scattered on the ground. They helped to reorganize and continue to carry the couriers home. Finally, I walked through the archway and walked back home.",
            "Room decoration": "Jake and others gather around a courtyard table with many express packages. After discussion, the girl in a white T-shirt and light blue jeans takes out dolls from the packages, and Jake throws them on the second-floor bedroom bed. After a short break, he helps string triangular flags outside. Later, he tidies the bed with the same girl in the bedroom, then hangs colored flags, dolls, and fixes curtains together in the room.",
            "Charge power banks": "Jake went downstairs to the bedroom where the computer desk was placed, picked up the power bank from the computer desk, and went to another bedroom to pick up the power bank, and took them to the second floor to charge them in various sockets. Then after he went to the bedroom on the first floor, under the item rack in front of the living room curtain, on the table in the living room, under the projector, above the refrigerator, kitchen countertop, living room door, kitchen corner and other places with sockets. During this period, he also often checked the charging status of each power bank and replaced the full power bank.",
            "Debug equipment": "Jake goes to the second floor, sits on a chair with his computer, appearing to work on a PPT. He connects the computer to the projection screen, operating it by the second-floor living room table to check and debug audio and projection equipment. Jake tests if the page-turning pen and microphone work properly, and helps trim plastic pockets with a hole puncher during this time.",
            "Work on computer in bed": "Jake goes to the first-floor bedroom, takes off his slippers, and gets on the bed, transferring collected videos to the computer and processing them. The boy in a dark green T-shirt communicates with Jake during this."
        },
        "choice_a": "Correct: Charge power banks → Walk to pick up packages → Room decoration → Equipment debugging in second-floor living room\nError: Reversed order of \"Charge power banks\" with \"Package pickup\" and \"Room decoration\"",
        "choice_b": "Correct: Work on computer in bed → Walk to pick up packages → Room decoration → Equipment debugging\nError: Omitted \"Work on computer in bed\" and incorrectly added \"Charge power banks\"",
        "choice_c": "Correct: Charge power banks → Walk to pick up packages → Room decoration → Work on computer in bed → Equipment debugging\nError: Jake omitted \"Work on computer in bed\" and reversed \"Charge power banks\" with \"Package pickup\"/\"Room decoration\"",
        "choice_d": "Correct: Walk to pick up packages → Room decoration → Charge power banks → Equipment debugging\nError: Jake's description matches the correct order with no errors",
        "reason": "Power bank charging (9:50-10:35) → Package pickup (10:47-11:43) → Room decoration (11:43-12:58) → Work in bed (13:01-13:22) → Equipment debugging (15:07-15:34)."
    },
    {
        "question_chinese": "Jake 在记录活动时发现两处空缺：[在卧室处理视频文件] → (?) → [派对的视频问答活动] → (?) 。空缺处应依次填入哪两项？",
        "events_description_chinese": {
            "在卧室处理视频文件": "Jake到一楼卧室拖鞋上床，在床上坐着，将收集视频传输到电脑，并使用电脑处理视频。期间穿着深绿色T恤的男生与Jake进行了交流。",
            "在二楼调试音响设备": "Jake来到二楼，拿着电脑坐在椅子上工作，看起来像是在做PPT。然后他将电脑连接到投影屏，在二楼客厅桌子旁边操作电脑检查和调试音响和放映设备。Jake测试了翻页笔是否正常工作，并测试了麦克风是否正常。期间Jake帮助用打孔器修整塑料小口袋。",
            "在客厅进行拍卖活动": "投影屏变成了一个拍卖锤的图案，白色T恤浅灰色裤子的男生作为主持人在继续主持这个活动。Jake持续在二楼客厅门口的位置，偶尔进入客厅进行检查设备和接水等活动。参与活动的人依次走到前面展示着什么，大概是在进行拍卖环节。活动结束后，大家站在客厅中间一起合影。",
            "出门步行取快递包裹": "Jake吃着油条和穿着绿色长袖外套，白色内搭的女生和白色短袖衬衫和白色短裤的男生离开家，穿过小巷，沿着马路步行。他们沿着路一直走，最后到了马路边上的菜鸟驿站。之后，他们经过了一段路程，到了极兔速递快递站并取了很多东西。三人在快递站门口整理物品并抱着快递步行回家。期间在一个红色建筑旁边，白色短袖衬衫白色短裤的男生抱着的快递散落在地上，他们帮忙重新整理后继续抱着快递回家。最终穿过牌坊沿着路回到家里。",
            "在院子悬挂装饰彩旗": "Jake等人围在院子的桌子周围，桌上摆满了快递包裹。在讨论了一会后，穿着白色T恤，浅蓝色牛仔长裤的女生从快递包裹中取出了很多娃娃，jake将娃娃扔在二楼卧室的床上。短暂休息后，Jake到外面帮助将三角形旗子用绳子穿起来。在忙完其他事情后，Jake到卧室里，帮助穿着白色T恤，浅蓝色牛仔长裤的女生收拾床铺。此后，于这位女生一起在屋子里悬挂彩旗、在悬挂布娃娃并固定窗帘。"
        },
        "choice_a_chinese": "在二楼调试音响设备 / 在客厅进行拍卖活动",
        "choice_b_chinese": "出门步行取快递包裹 / 在院子悬挂装饰彩旗",
        "choice_c_chinese": "在客厅进行拍卖活动 / 在二楼调试音响设备",
        "choice_d_chinese": "在院子悬挂装饰彩旗 / 在卧室处理视频文件",
        "answer": "A",
        "reason_chinese": "在床上使用电脑工作 (13:01-13:22) → 在二楼客厅进行设备调试 (15:07-15:34) → 派对的视频问答活动 (16:03-16:32) → 在客厅举办拍卖会 (16:33-17:20)。",
        "question": "Jake finds two gaps in the activity record: [Process video files in bedroom] → (?) → [Party video Q&A] → (?). What two activities fit in order?",
        "events_description": {
            "Process video files in bedroom": "Jake goes to the first-floor bedroom, takes off his slippers, and gets on the bed, transferring collected videos to the computer and processing them. The boy in a dark green T-shirt communicates with Jake during this.",
            "Debug audio equipment on second floor": "Jake goes to the second floor, sits on a chair with his computer, appearing to work on a PPT. He connects the computer to the projection screen, operating it by the second-floor living room table to check and debug audio and projection equipment. Jake tests if the page-turning pen and microphone work properly, and helps trim plastic pockets with a hole puncher during this time.",
            "Hold auction in living room": "The projection screen shows a auction hammer pattern, with the boy in a white T-shirt and light gray pants as the host. Jake stays at the second-floor living room entrance, occasionally entering to check equipment or get water. Participants take turns presenting items, likely in an auction. After the event, everyone poses for a group photo in the living room.",
            "Walk to pick up express packages": "Jake left home, eating fried dough sticks and wearing a green long-sleeved jacket, a girl wearing a white inner wear and a boy in a white short-sleeved shirt and white shorts, walking along the road. They walked along the road and finally arrived at the Cainiao Station on the side of the road. Afterwards, they passed a long journey to Jitu Express Express Station and picked up a lot of things. The three of them sorted out their belongings at the door of the express station and walked home with the express delivery. During this period, next to a red building, the couriers held by boys in white short-sleeved shirts and white shorts were scattered on the ground. They helped to reorganize and continue to carry the couriers home. Finally, I walked through the archway and walked back home.",
            "Hang decorative flags in courtyard": "Jake and others gather around a courtyard table with many express packages. After discussion, the girl in a white T-shirt and light blue jeans takes out dolls from the packages, and Jake throws them on the second-floor bedroom bed. After a short break, he helps string triangular flags outside. Later, he tidies the bed with the same girl in the bedroom, then hangs colored flags, dolls, and fixes curtains together in the room."
        },
        "choice_a": "Debug audio equipment on second floor / Hold auction in living room",
        "choice_b": "Walk to pick up packages / Hang decorative flags in courtyard",
        "choice_c": "Hold auction in living room / Debug audio equipment on second floor",
        "choice_d": "Hang decorative flags in courtyard / Process videos in bedroom",
        "reason": "Work on computer in bed (13:01-13:22) → Equipment debugging in second-floor living room (15:07-15:34) → Party video Q&A (16:03-16:32) → Auction in living room (16:33-17:20)."
    }
]