[
    {
        "question_chinese": "JAKE忘记了自己在DAY1中午12:40到晚上18:30之间所的经历事件，如果让你来对这期间发生的事件进行排序，那么正确顺序是？\n\na. 进行设备调试\n\nb. 到盒马鲜生采购物资\n\nc. 厨具和餐具收纳整理和清洁\n\nd. 白板支架协作组装\n\ne. 打车回家\n\nf. 出门取肯德基外卖",
        "events_description_chinese": {
            "进行设备调试": "Jake到二楼客厅检查电脑的工作状态，到一楼卧室给充电宝充电。大部分时间Jake待在二楼的客厅使用电脑检查实验设备的工作情况，并多次到客厅和厨房与其他人交流",
            "到盒马鲜生采购物资": "所有人坐轿车到商场，坐自动扶梯穿过走廊到盒马鲜生超市。Jake、蓝色牛仔外套的男生和穿着蓝色牛仔外套与蓝绿色长裙的女生推着购物车进入超市，Jake与淡黄色衬衫黑色长裤的女生和白色上衣浅蓝色裙子的女生一起采购水果、饮料、奶酪、鸡蛋、蔬菜、调料等物资并放入购物车。最后参与者推着三个装满物资的购物车在收银区排队使用自动结账机器付款，得到两张长购物小票。期间Jake和其他人多次碰头并讨论",
            "厨具和餐具收纳整理和清洁": "所有人协作将厨具和餐具摆放到一楼客厅的桌子上进行收纳整理，Jake将微波炉搬到阳台，并与黑色长袖上衣女生合作摆放到合适位置。Jake将其他人整理好的铁质餐具和厨具在一楼厨房窗户边的的水池进行清洗",
            "白板支架协作组装": "JAKE与白色上衣深蓝色长裤女生和橙色T恤浅色长裤男生一起在一楼客厅的空地组装白板的支架，包括零部件对接和螺丝安装。完成支架的组装后Jake和橙色T恤浅色长裤男生把白板挂在架子上摆放到合适位置后，三人上二楼短暂休息",
            "打车回家": "JAKE在盒马鲜生商场门口用手机APP打车，其他人取出物资并将购物车归还。参与者穿过走廊从自动扶梯下楼，到商场外面等车。车来之后所有人将物资放到后备箱然上车。出租车到家的时候天已经开始黑了，参与者穿过小巷，提着物资回到家里",
            "出门取肯德基外卖": "Jake离开家到外面，穿过一个狭长的巷子，去取肯德基外卖。Jake回来后将放在院子的木制桌子上。外面阳光明媚，Jake与橙色T恤男生和白色上衣女生在遮阳伞下面里等待其他人一起吃午饭。最后所有人都到遮阳伞下面吃饭"
        },
        "choice_a_chinese": "(e)(b)(d)(a)(c)(f)",
        "choice_b_chinese": "(a)(f)(b)(e)(c)",
        "choice_c_chinese": "(d)(c)(f)(b)",
        "choice_d_chinese": "(c)(b)(f)(d)",
        "answer": "C",
        "reason_chinese": "正确顺序为：白板支架协作组装(12:51-13:21)->厨具和餐具收纳整理和清洁(13:25-14:09)->出门取肯德基外卖(14:10-14:18)->到盒马鲜生采购物资(17:11-18:30)。",
        "question": "JAKE forgot the events that occurred between 12:40 PM and 6:30 PM on DAY1. What is the correct order of the events during this period?\n\na. Equipment debugging\n\nb. Purchase supplies at Hema Fresh\n\nc. Kitchenware and tableware organization and cleaning\n\nd. Whiteboard stand collaborative assembly\n\ne. Take a taxi home\n\nf. Go out to pick up KFC takeout",
        "events_description": {
            "Equipment debugging": "Jake checks the computer's working status in the second-floor living room and charges the power bank in the first-floor bedroom. Most of the time, Jake stays in the second-floor living room using the computer to check the experimental equipment's status and communicates with others in the living room and kitchen multiple times.",
            "Purchase supplies at Hema Fresh": "Everyone takes a car to the mall, takes the escalator through the corridor to Hema Fresh supermarket. Jake, the boy in a blue denim jacket, and the girl in a blue denim jacket and teal dress push shopping carts into the supermarket. Jake shops for fruits, drinks, cheese, eggs, vegetables, seasonings, etc., with the girl in a light yellow shirt and black pants and the girl in a white top and light blue skirt, placing items in the cart. Finally, participants line up at the checkout area with three full carts, using self-checkout machines to pay and receiving two long receipts. Jake and others meet and discuss multiple times during this period.",
            "Kitchenware and tableware organization and cleaning": "Everyone collaborates to place kitchenware and tableware on the first-floor living room table for organization. Jake moves the microwave to the balcony and works with the girl in a black long-sleeve top to position it properly. Jake washes the iron tableware and kitchenware organized by others in the sink by the first-floor kitchen window.",
            "Whiteboard stand collaborative assembly": "JAKE assembles the whiteboard stand with the girl in a white top and dark blue pants and the boy in an orange T-shirt and light-colored pants in the first-floor living room, including connecting parts and installing screws. After completing the stand, Jake and the boy hang the whiteboard on the stand, position it properly, and the three take a short break on the second floor.",
            "Take a taxi home": "JAKE orders a taxi via mobile APP at the Hema Fresh entrance while others take out supplies and return shopping carts. Participants go downstairs via escalator through the corridor and wait outside the mall. When the taxi arrives, everyone places supplies in the trunk and gets on. It's getting dark when they arrive home, and participants carry supplies back through the alley.",
            "Go out to pick up KFC takeout": "Jake leaves home, walks through a narrow alley to pick up KFC takeout, and places it on the wooden table in the courtyard upon returning. It's sunny outside, and Jake waits with the boy in an orange T-shirt and the girl in a white top under the parasol for others to have lunch. Finally, everyone eats together under the parasol."
        },
        "choice_a": "(e)(b)(d)(a)(c)(f)",
        "choice_b": "(a)(f)(b)(e)(c)",
        "choice_c": "(d)(c)(f)(b)",
        "choice_d": "(c)(b)(f)(d)",
        "reason": "Correct order: Whiteboard stand assembly (12:51-13:21) → Kitchenware organization (13:25-14:09) → Pick up KFC (14:10-14:18) → Purchase supplies at Hema (17:11-18:30)."
    },
    {
        "question_chinese": "JAKE在总结自己的工作的时候，写下了如下序列：\n\n[鲜花协作处理和讨论 → 拼图游戏合作测试 → 白板支架协作组装 → 厨具和餐具收纳整理和清洁]\n\nJAKE应该标注这些事件的发生时间为？",
        "events_description_chinese": {
            "鲜花协作处理和讨论": "Jake参与物资整理和分类工作。Jake将装有鲜花的箱子搬到一楼客厅的桌子上，参与者一起讨论并由除黑色上衣女生之外的三名女生处理鲜花；Jake从卧室取卡片并和黑色长袖上衣女生讨论",
            "拼图游戏合作测试": "Jake和其他参与者围在一楼客厅的桌子周围，协作拼装一个木制圆形拼图。期间Jake去忙其他的工作，由黑色上衣女生、白色长袖上衣女生和蓝色长裙女生在桌子周围继续拼装，Jake时常来到桌子周围观察。完成拼装后Jake在桌子旁听白衣女生讲解",
            "白板支架协作组装": "JAKE与白色上衣深蓝色长裤女生和橙色T恤浅色长裤男生一起在一楼客厅的空地组装白板的支架，包括零部件对接和螺丝安装。完成支架的组装后Jake和橙色T恤浅色长裤男生把白板挂在架子上摆放到合适位置后，三人上二楼短暂休息",
            "厨具和餐具收纳整理和清洁": "所有人协作将厨具和餐具摆放到一楼客厅的桌子上进行收纳整理，Jake将微波炉搬到阳台，并与黑色长袖上衣女生合作摆放到合适位置。Jake将其他人整理好的铁质餐具和厨具在一楼厨房窗户边的的水池进行清洗"
        },
        "choice_a_chinese": "DAY1: 10:00~12:00",
        "choice_b_chinese": "DAY1: 11:30~14:10",
        "choice_c_chinese": "DAY1: 12:30~15:00",
        "choice_d_chinese": "DAY1: 15:00~17:00",
        "answer": "B",
        "reason_chinese": "鲜花协作处理和讨论(11:34-12:16) → 拼图游戏合作测试(12:27-13:25) → 白板支架协作组装(12:51-13:21) →厨具和餐具收纳整理和清洁(13:25-14:09)",
        "question": "When summarizing his work, JAKE wrote the sequence: [Flower collaboration & discussion → Jigsaw puzzle cooperative test → Whiteboard stand collaborative assembly → Kitchenware and tableware organization and cleaning]. What time range should JAKE annotate?",
        "events_description": {
            "Flower collaboration & discussion": "Jake participates in material organization and sorting. He moves flower boxes to the first-floor living room table, where participants discuss and three girls (excluding the girl in black) handle the flowers. Jake retrieves cards from the bedroom and discusses with the girl in a black long-sleeve top.",
            "Jigsaw puzzle cooperative test": "Jake and other participants gather around the first-floor living room table to assemble a wooden circular puzzle. During this time, Jake attends to other tasks while the girl in black, the girl in a white long-sleeve top, and the girl in a blue dress continue assembling. Jake frequently observes the puzzle and listens to the white-clothed girl's explanation after completion.",
            "Whiteboard stand collaborative assembly": "JAKE assembles the whiteboard stand with the girl in a white top and dark blue pants and the boy in an orange T-shirt and light-colored pants in the first-floor living room, connecting parts and installing screws. After hanging and positioning the whiteboard, Jake and the boy take a short break on the second floor.",
            "Kitchenware and tableware organization and cleaning": "Everyone collaborates to organize kitchenware and tableware on the first-floor living room table. Jake moves the microwave to the balcony with the girl in a black long-sleeve top and positions it properly. He then washes the iron tableware and kitchenware organized by others in the sink by the first-floor kitchen window."
        },
        "choice_a": "DAY1: 10:00~12:00",
        "choice_b": "DAY1: 11:30~14:10",
        "choice_c": "DAY1: 12:30~15:00",
        "choice_d": "DAY1: 15:00~17:00",
        "reason": "Flower collaboration (11:34-12:16) → Jigsaw puzzle (12:27-13:25) → Whiteboard assembly (12:51-13:21) → Kitchenware organization (13:25-14:09)."
    },
    {
        "question_chinese": "JAKE只记录了自己做了什么事，但是没有记录每件事的起止时间。现在有一些时间段供JAKE进行选择。\n\n事件序列：[打车回家→ 物资整理和餐前准备 → 进行设备调试 → 集体蛋糕制作]\n\n时间选项：\n\na. 17:00~18:00\n\nb. 18:30~19:10\n\nc. 19:10~19:30\n\nd. 19:30~21:50\n\ne. 21:35~21:50\n\nf. 19:30~19:50\n\ng. 20:00~21:00\n\nh. 21:00~21:30",
        "events_description_chinese": {
            "打车回家": "JAKE在盒马鲜生商场门口用手机APP打车，其他人取出物资并将购物车归还。参与者穿过走廊从自动扶梯下楼，到商场外面等车。车来之后所有人将物资放到后备箱然上车。出租车到家的时候天已经开始黑了，参与者穿过小巷，提着物资回到家里",
            "物资整理和餐前准备": "Jake等人将物资放到一楼客厅的桌子和地上，所有人合作将物食材放到冰箱里存储。期间Jake使用手机选择外卖，并处理吃剩的食物和收拾院子的桌子。外面天已经完全黑了",
            "进行设备调试": "Jake到二楼客厅检查电脑的工作状态，到一楼卧室给充电宝充电。大部分时间Jake待在二楼的客厅使用电脑检查实验设备的工作情况，并多次到客厅和厨房与其他人交流",
            "集体蛋糕制作": "在淡绿色上衣的女生给两个蛋糕加过奶油后，Jake和其他人轮流在一楼客厅桌子旁边给蛋糕添加奶油，期间淡绿色上衣的女生给加过奶油的蛋糕加上草莓作为装饰。在所有人拍照留念后，大家一起品尝制作好的蛋糕"
        },
        "choice_a_chinese": "1→b / 2→f / 3→g / 4→h",
        "choice_b_chinese": "1→a / 2→c / 3→d / 4→e",
        "choice_c_chinese": "1→b / 2→c / 3→d / 4→e",
        "choice_d_chinese": "1→f / 2→c / 3→g / 4→h",
        "answer": "C",
        "reason_chinese": "打车回家(18:31-19:09)→ 物资整理和餐前准备(19:10-19:31) → 进行设备调试(19:31-20:49) → 集体蛋糕制作(21:36-21:49)",
        "question": "JAKE only recorded what he did but not the start and end times of each event. Some time slots are provided for selection.\n\nEvent sequence: [Take a taxi home → Material organization & pre-meal preparation → Equipment debugging → Collective cake making]\n\nTime options:\n\na. 17:00~18:00\n\nb. 18:30~19:10\n\nc. 19:10~19:30\n\nd. 19:30~21:50\n\ne. 21:35~21:50\n\nf. 19:30~19:50\n\ng. 20:00~21:00\n\nh. 21:00~21:30",
        "events_description": {
            "Take a taxi home": "JAKE orders a taxi via mobile APP at the Hema Fresh entrance while others take out supplies and return shopping carts. Participants go downstairs via escalator through the corridor and wait outside the mall. When the taxi arrives, everyone places supplies in the trunk and gets on. It's getting dark when they arrive home, and participants carry supplies back through the alley.",
            "Material organization & pre-meal preparation": "Jake and others place supplies on the first-floor living room table and floor, collaborating to store food items in the refrigerator. Jake selects takeout via phone, handles leftover food, and cleans the courtyard table. It's completely dark outside.",
            "Equipment debugging": "Jake checks the computer's working status in the second-floor living room and charges the power bank in the first-floor bedroom. Most of the time, he stays in the second-floor living room using the computer to check experimental equipment and communicates with others in the living room and kitchen multiple times.",
            "Collective cake making": "After the girl in a light green top adds cream to two cakes, Jake and others take turns adding cream to the cakes at the first-floor living room table. The girl in light green decorates the creamed cakes with strawberries. After everyone takes photos, they taste the finished cakes together."
        },
        "choice_a": "1→b / 2→f / 3→g / 4→h",
        "choice_b": "1→a / 2→c / 3→d / 4→e",
        "choice_c": "1→b / 2→c / 3→d / 4→e",
        "choice_d": "1→f / 2→c / 3→g / 4→h",
        "reason": "Take a taxi home (18:31-19:09) → Material organization (19:10-19:31) → Equipment debugging (19:31-20:49) → Collective cake making (21:36-21:49)."
    },
    {
        "question_chinese": "JAKE忘记了自己先“厨具和餐具收纳整理和清洁”然后“出门取肯德基外卖”之后紧接着发生了哪两件事情，你能提醒JAKE吗？",
        "events_description_chinese": {
            "厨具和餐具收纳整理和清洁": "所有人协作将厨具和餐具摆放到一楼客厅的桌子上进行收纳整理，Jake将微波炉搬到阳台，并与黑色长袖上衣女生合作摆放到合适位置。Jake将其他人整理好的铁质餐具和厨具在一楼厨房窗户边的的水池进行清洗",
            "出门取肯德基外卖": "Jake离开家到外面，穿过一个狭长的巷子，去取肯德基外卖。Jake回来后将放在院子的木制桌子上。外面阳光明媚，Jake与橙色T恤男生和白色上衣女生在遮阳伞下面里等待其他人一起吃午饭。最后所有人都到遮阳伞下面吃饭",
            "到盒马鲜生采购物资": "所有人坐轿车到商场，坐自动扶梯穿过走廊到盒马鲜生超市。Jake、蓝色牛仔外套的男生和穿着蓝色牛仔外套与蓝绿色长裙的女生推着购物车进入超市，Jake与淡黄色衬衫黑色长裤的女生和白色上衣浅蓝色裙子的女生一起采购水果、饮料、奶酪、鸡蛋、蔬菜、调料等物资并放入购物车。最后参与者推着三个装满物资的购物车在收银区排队使用自动结账机器付款，得到两张长购物小票。期间Jake和其他人多次碰头并讨论",
            "打车回家": "JAKE在盒马鲜生商场门口用手机APP打车，其他人取出物资并将购物车归还。参与者穿过走廊从自动扶梯下楼，到商场外面等车。车来之后所有人将物资放到后备箱然上车。出租车到家的时候天已经开始黑了，参与者穿过小巷，提着物资回到家里",
            "物资整理和餐前准备": "Jake等人将物资放到一楼客厅的桌子和地上，所有人合作将物食材放到冰箱里存储。期间Jake使用手机选择外卖，并处理吃剩的食物和收拾院子的桌子。外面天已经完全黑了",
            "进行设备调试": "Jake到二楼客厅检查电脑的工作状态，到一楼卧室给充电宝充电。大部分时间Jake待在二楼的客厅使用电脑检查实验设备的工作情况，并多次到客厅和厨房与其他人交流",
            "集体蛋糕制作": "在淡绿色上衣的女生给两个蛋糕加过奶油后，Jake和其他人轮流在一楼客厅桌子旁边给蛋糕添加奶油，期间淡绿色上衣的女生给加过奶油的蛋糕加上草莓作为装饰。在所有人拍照留念后，大家一起品尝制作好的蛋糕"
        },
        "choice_a_chinese": "到盒马鲜生采购物资 → 打车回家",
        "choice_b_chinese": "到盒马鲜生采购物资 → 物资整理和餐前准备",
        "choice_c_chinese": "进行设备调试 → 集体蛋糕制作",
        "choice_d_chinese": "打车回家 → 进行设备调试",
        "answer": "A",
        "reason_chinese": "厨具和餐具收纳整理和清洁(13:25-14:09) → 出门取肯德基外卖(14:10-14:18) → 到盒马鲜生采购物资(17:11-18:30) → 打车回家(18:31-19:09)。",
        "question": "JAKE forgot what two events immediately followed \"Kitchenware and tableware organization and cleaning\" and \"Go out to pick up KFC takeout\". Can you remind him?",
        "events_description": {
            "Kitchenware and tableware organization and cleaning": "Everyone collaborates to place kitchenware and tableware on the first-floor living room table for organization. Jake moves the microwave to the balcony with the girl in a black long-sleeve top and positions it properly. He then washes the iron tableware and kitchenware organized by others in the sink by the first-floor kitchen window.",
            "Go out to pick up KFC takeout": "Jake leaves home, walks through a narrow alley to pick up KFC takeout, and places it on the wooden table in the courtyard upon returning. It's sunny outside, and Jake waits with the boy in an orange T-shirt and the girl in a white top under the parasol for others to have lunch. Finally, everyone eats together under the parasol.",
            "Purchase supplies at Hema Fresh": "Everyone takes a car to the mall, takes the escalator through the corridor to Hema Fresh supermarket. Jake, the boy in a blue denim jacket, and the girl in a blue denim jacket and teal dress push shopping carts into the supermarket. Jake shops for fruits, drinks, cheese, eggs, vegetables, seasonings, etc., with the girl in a light yellow shirt and black pants and the girl in a white top and light blue skirt, placing items in the cart. Finally, participants line up at the checkout area with three full carts, using self-checkout machines to pay and receiving two long receipts. Jake and others meet and discuss multiple times during this period.",
            "Take a taxi home": "JAKE orders a taxi via mobile APP at the Hema Fresh entrance while others take out supplies and return shopping carts. Participants go downstairs via escalator through the corridor and wait outside the mall. When the taxi arrives, everyone places supplies in the trunk and gets on. It's getting dark when they arrive home, and participants carry supplies back through the alley.",
            "Material organization & pre-meal preparation": "Jake and others place supplies on the first-floor living room table and floor, collaborating to store food items in the refrigerator. Jake selects takeout via phone, handles leftover food, and cleans the courtyard table. It's completely dark outside.",
            "Equipment debugging": "Jake checks the computer's working status in the second-floor living room and charges the power bank in the first-floor bedroom. Most of the time, he stays in the second-floor living room using the computer to check experimental equipment and communicates with others in the living room and kitchen multiple times.",
            "Collective cake making": "After the girl in a light green top adds cream to two cakes, Jake and others take turns adding cream to the cakes at the first-floor living room table. The girl in light green decorates the creamed cakes with strawberries. After everyone takes photos, they taste the finished cakes together."
        },
        "choice_a": "Purchase supplies at Hema Fresh → Take a taxi home",
        "choice_b": "Purchase supplies at Hema Fresh → Material organization & pre-meal preparation",
        "choice_c": "Equipment debugging → Collective cake making",
        "choice_d": "Take a taxi home → Equipment debugging",
        "reason": "Kitchenware organization (13:25-14:09) → Pick up KFC (14:10-14:18) → Purchase supplies at Hema (17:11-18:30) → Take a taxi home (18:31-19:09)."
    },
    {
        "question_chinese": "Jake 在回顾当天时说：“我先参与了白板支架的组装，接着去盒马鲜生采购物资，之后进行了厨具餐具的收纳整理，中间没有做其他事情。” 但有人指出他的说法存在错误，正确的事件顺序及错误分析是？",
        "events_description_chinese": {
            "白板支架协作组装": "JAKE与白色上衣深蓝色长裤女生和橙色T恤浅色长裤男生一起在一楼客厅的空地组装白板的支架，包括零部件对接和螺丝安装。完成支架的组装后Jake和橙色T恤浅色长裤男生把白板挂在架子上摆放到合适位置后，三人上二楼短暂休息",
            "到盒马鲜生采购物资": "所有人坐轿车到商场，坐自动扶梯穿过走廊到盒马鲜生超市。Jake、蓝色牛仔外套的男生和穿着蓝色牛仔外套与蓝绿色长裙的女生推着购物车进入超市，Jake与淡黄色衬衫黑色长裤的女生和白色上衣浅蓝色裙子的女生一起采购水果、饮料、奶酪、鸡蛋、蔬菜、调料等物资并放入购物车。最后参与者推着三个装满物资的购物车在收银区排队使用自动结账机器付款，得到两张长购物小票。期间Jake和其他人多次碰头并讨论",
            "厨具和餐具收纳整理和清洁": "所有人协作将厨具和餐具摆放到一楼客厅的桌子上进行收纳整理，Jake将微波炉搬到阳台，并与黑色长袖上衣女生合作摆放到合适位置。Jake将其他人整理好的铁质餐具和厨具在一楼厨房窗户边的的水池进行清洗",
            "出门取肯德基外卖": "Jake离开家到外面，穿过一个狭长的巷子，去取肯德基外卖。Jake回来后将放在院子的木制桌子上。外面阳光明媚，Jake与橙色T恤男生和白色上衣女生在遮阳伞下面里等待其他人一起吃午饭。最后所有人都到遮阳伞下面吃饭",
            "物资整理和餐前准备": "Jake等人将物资放到一楼客厅的桌子和地上，所有人合作将物食材放到冰箱里存储。期间Jake使用手机选择外卖，并处理吃剩的食物和收拾院子的桌子。外面天已经完全黑了"
        },
        "choice_a_chinese": "正确：白板支架协作组装 → 厨具和餐具收纳整理和清洁 → 出门取肯德基外卖 → 到盒马鲜生采购物资\n错误原因：Jake 遗漏了 “出门取肯德基外卖” 事件，且颠倒了 “到盒马鲜生采购物资” 与 “厨具和餐具收纳整理和清洁” 的顺序",
        "choice_b_chinese": "正确：白板支架协作组装 → 出门取肯德基外卖 → 到盒马鲜生采购物资\n错误原因：Jake 遗漏了 “出门取肯德基外卖” 事件，且错误添加了 “厨具和餐具收纳整理和清洁” 事件",
        "choice_c_chinese": "正确：白板支架协作组装 → 到盒马鲜生采购物资 → 物资整理和餐前准备 → 出门取肯德基外卖\n错误原因：Jake 遗漏了 “物资整理和餐前准备” 事件和 “出门取肯德基外卖” 事件，并错误地添加了“厨具餐具的收纳整理”事件",
        "choice_d_chinese": "正确：白板支架协作组装 → 厨具和餐具收纳整理和清洁 → 到盒马鲜生采购物资\n错误原因：Jake 颠倒了 “厨具和餐具收纳整理和清洁” 与 “到盒马鲜生采购物资” 的先后顺序",
        "answer": "A",
        "reason_chinese": "白板支架协作组装（12:51-13:21）→ 厨具和餐具收纳整理和清洁（13:25-14:09）→ 出门取肯德基外卖（14:10-14:18）→ 到盒马鲜生采购物资（17:11-18:30）",
        "question": "When reviewing the day, Jake said: \"I first assembled the whiteboard stand, then purchased supplies at Hema Fresh, and then organized the kitchenware, with no other events in between.\" However, someone points out an error in his statement. What is the correct event order and error analysis?",
        "events_description": {
            "Whiteboard stand collaborative assembly": "JAKE assembles the whiteboard stand with the girl in a white top and dark blue pants and the boy in an orange T-shirt and light-colored pants in the first-floor living room, including connecting parts and installing screws. After hanging and positioning the whiteboard, Jake and the boy take a short break on the second floor.",
            "Purchase supplies at Hema Fresh": "Everyone takes a car to the mall, takes the escalator through the corridor to Hema Fresh supermarket. Jake, the boy in a blue denim jacket, and the girl in a blue denim jacket and teal dress push shopping carts into the supermarket. Jake shops for fruits, drinks, cheese, eggs, vegetables, seasonings, etc., with the girl in a light yellow shirt and black pants and the girl in a white top and light blue skirt, placing items in the cart. Finally, participants line up at the checkout area with three full carts, using self-checkout machines to pay and receiving two long receipts. Jake and others meet and discuss multiple times during this period.",
            "Kitchenware and tableware organization and cleaning": "Everyone collaborates to place kitchenware and tableware on the first-floor living room table for organization. Jake moves the microwave to the balcony with the girl in a black long-sleeve top and positions it properly. He then washes the iron tableware and kitchenware organized by others in the sink by the first-floor kitchen window.",
            "Go out to pick up KFC takeout": "Jake leaves home, walks through a narrow alley to pick up KFC takeout, and places it on the wooden table in the courtyard upon returning. It's sunny outside, and Jake waits with the boy in an orange T-shirt and the girl in a white top under the parasol for others to have lunch. Finally, everyone eats together under the parasol.",
            "Material organization & pre-meal preparation": "Jake and others place supplies on the first-floor living room table and floor, collaborating to store food items in the refrigerator. Jake selects takeout via phone, handles leftover food, and cleans the courtyard table. It's completely dark outside."
        },
        "choice_a": "Correct: Whiteboard stand assembly → Kitchenware organization → Pick up KFC → Purchase supplies at Hema\nError: Jake omitted the \"Pick up KFC\" event and reversed the order of \"Purchase supplies at Hema\" and \"Kitchenware organization\"",
        "choice_b": "Correct: Whiteboard stand assembly → Pick up KFC → Purchase supplies at Hema\nError: Jake omitted the \"Pick up KFC\" event and incorrectly added the \"Kitchenware organization\" event",
        "choice_c": "Correct: Whiteboard stand assembly → Purchase supplies at Hema → Material organization → Pick up KFC\nError: Jake omitted the \"Material organization\" and \"Pick up KFC\" events and incorrectly added the \"Kitchenware organization\" event",
        "choice_d": "Correct: Whiteboard stand assembly → Kitchenware organization → Purchase supplies at Hema\nError: Jake reversed the order of \"Kitchenware organization\" and \"Purchase supplies at Hema\"",
        "reason": "Whiteboard stand assembly (12:51-13:21) → Kitchenware organization (13:25-14:09) → Pick up KFC (14:10-14:18) → Purchase supplies at Hema (17:11-18:30)."
    },
    {
        "question_chinese": "JAKE的日记中关于他参与活动顺序的记录看不清了：[白板支架协作组装] → (?) → [出门取肯德基外卖] → (?) → [打车回家]。下列事件中哪些可以用于填补无法确认的部分？",
        "events_description_chinese": {
            "白板支架协作组装": "JAKE与白色上衣深蓝色长裤女生和橙色T恤浅色长裤男生一起在一楼客厅的空地组装白板的支架，包括零部件对接和螺丝安装。完成支架的组装后Jake和橙色T恤浅色长裤男生把白板挂在架子上摆放到合适位置后，三人上二楼短暂休息",
            "鲜花协作处理和讨论": "Jake参与物资整理和分类工作。Jake将装有鲜花的箱子搬到一楼客厅的桌子上，参与者一起讨论并由除黑色上衣女生之外的三名女生处理鲜花；Jake从卧室取卡片并和黑色长袖上衣女生讨论",
            "进行设备调试": "Jake到二楼客厅检查电脑的工作状态，到一楼卧室给充电宝充电。大部分时间Jake待在二楼的客厅使用电脑检查实验设备的工作情况，并多次到客厅和厨房与其他人交流",
            "拼图游戏合作测试": "Jake和其他参与者围在一楼客厅的桌子周围，协作拼装一个木制圆形拼图。期间Jake去忙其他的工作，由黑色上衣女生、白色长袖上衣女生和蓝色长裙女生在桌子周围继续拼装，Jake时常来到桌子周围观察。完成拼装后Jake在桌子旁听白衣女生讲解",
            "物资整理和餐前准备": "Jake等人将物资放到一楼客厅的桌子和地上，所有人合作将物食材放到冰箱里存储。期间Jake使用手机选择外卖，并处理吃剩的食物和收拾院子的桌子。外面天已经完全黑了",
            "厨具和餐具收纳整理和清洁": "所有人协作将厨具和餐具摆放到一楼客厅的桌子上进行收纳整理，Jake将微波炉搬到阳台，并与黑色长袖上衣女生合作摆放到合适位置。Jake将其他人整理好的铁质餐具和厨具在一楼厨房窗户边的的水池进行清洗",
            "到盒马鲜生采购物资": "所有人坐轿车到商场，坐自动扶梯穿过走廊到盒马鲜生超市。Jake、蓝色牛仔外套的男生和穿着蓝色牛仔外套与蓝绿色长裙的女生推着购物车进入超市，Jake与淡黄色衬衫黑色长裤的女生和白色上衣浅蓝色裙子的女生一起采购水果、饮料、奶酪、鸡蛋、蔬菜、调料等物资并放入购物车。最后参与者推着三个装满物资的购物车在收银区排队使用自动结账机器付款，得到两张长购物小票。期间Jake和其他人多次碰头并讨论",
            "打车回家": "JAKE在盒马鲜生商场门口用手机APP打车，其他人取出物资并将购物车归还。参与者穿过走廊从自动扶梯下楼，到商场外面等车。车来之后所有人将物资放到后备箱然上车。出租车到家的时候天已经开始黑了，参与者穿过小巷，提着物资回到家里",
            "集体蛋糕制作": "在淡绿色上衣的女生给两个蛋糕加过奶油后，Jake和其他人轮流在一楼客厅桌子旁边给蛋糕添加奶油，期间淡绿色上衣的女生给加过奶油的蛋糕加上草莓作为装饰。在所有人拍照留念后，大家一起品尝制作好的蛋糕"
        },
        "choice_a_chinese": "鲜花协作处理和讨论 / 进行设备调试",
        "choice_b_chinese": "拼图游戏合作测试 / 物资整理和餐前准备",
        "choice_c_chinese": "厨具和餐具收纳整理和清洁/ 到盒马鲜生采购物资",
        "choice_d_chinese": "进行设备调试 / 集体蛋糕制作",
        "answer": "C",
        "reason_chinese": "[白板支架协作组装(12:51-13:21)] → [厨具和餐具收纳整理和清洁(13:25-14:09)] → [出门取肯德基外卖(14:10-14:18)] → [到盒马鲜生采购物资(17:11-18:30)] → [打车回家(18:31-19:09)]",
        "question": "JAKE's diary has unclear records of his activity order: [Whiteboard stand collaborative assembly] → (?) → [Go out to pick up KFC takeout] → (?) → [Take a taxi home]. Which events can fill in the blanks?",
        "events_description": {
            "Whiteboard stand collaborative assembly": "JAKE assembles the whiteboard stand with the girl in a white top and dark blue pants and the boy in an orange T-shirt and light-colored pants in the first-floor living room, including connecting parts and installing screws. After hanging and positioning the whiteboard, Jake and the boy take a short break on the second floor.",
            "Flower collaboration & discussion": "Jake participates in material organization and sorting. He moves flower boxes to the first-floor living room table, where participants discuss and three girls (excluding the girl in black) handle the flowers. Jake retrieves cards from the bedroom and discusses with the girl in a black long-sleeve top.",
            "Equipment debugging": "Jake checks the computer's working status in the second-floor living room and charges the power bank in the first-floor bedroom. Most of the time, he stays in the second-floor living room using the computer to check experimental equipment and communicates with others in the living room and kitchen multiple times.",
            "Jigsaw puzzle cooperative test": "Jake and other participants gather around the first-floor living room table to assemble a wooden circular puzzle. During this time, Jake attends to other tasks while the girl in black, the girl in a white long-sleeve top, and the girl in a blue dress continue assembling. Jake frequently observes the puzzle and listens to the white-clothed girl's explanation after completion.",
            "Material organization & pre-meal preparation": "Jake and others place supplies on the first-floor living room table and floor, collaborating to store food items in the refrigerator. Jake selects takeout via phone, handles leftover food, and cleans the courtyard table. It's completely dark outside.",
            "Kitchenware and tableware organization and cleaning": "Everyone collaborates to place kitchenware and tableware on the first-floor living room table for organization. Jake moves the microwave to the balcony with the girl in a black long-sleeve top and positions it properly. He then washes the iron tableware and kitchenware organized by others in the sink by the first-floor kitchen window.",
            "Purchase supplies at Hema Fresh": "Everyone takes a car to the mall, takes the escalator through the corridor to Hema Fresh supermarket. Jake, the boy in a blue denim jacket, and the girl in a blue denim jacket and teal dress push shopping carts into the supermarket. Jake shops for fruits, drinks, cheese, eggs, vegetables, seasonings, etc., with the girl in a light yellow shirt and black pants and the girl in a white top and light blue skirt, placing items in the cart. Finally, participants line up at the checkout area with three full carts, using self-checkout machines to pay and receiving two long receipts. Jake and others meet and discuss multiple times during this period.",
            "Take a taxi home": "JAKE orders a taxi via mobile APP at the Hema Fresh entrance while others take out supplies and return shopping carts. Participants go downstairs via escalator through the corridor and wait outside the mall. When the taxi arrives, everyone places supplies in the trunk and gets on. It's getting dark when they arrive home, and participants carry supplies back through the alley.",
            "Collective cake making": "After the girl in a light green top adds cream to two cakes, Jake and others take turns adding cream to the cakes at the first-floor living room table. The girl in light green decorates the creamed cakes with strawberries. After everyone takes photos, they taste the finished cakes together."
        },
        "choice_a": "Flower collaboration & discussion / Equipment debugging",
        "choice_b": "Jigsaw puzzle cooperative test / Material organization & pre-meal preparation",
        "choice_c": "Kitchenware and tableware organization and cleaning / Purchase supplies at Hema Fresh",
        "choice_d": "Equipment debugging / Collective cake making",
        "reason": "[Whiteboard stand assembly (12:51-13:21)] → [Kitchenware organization (13:25-14:09)] → [Pick up KFC (14:10-14:18)] → [Purchase supplies at Hema (17:11-18:30)] → [Take a taxi home (18:31-19:09)]"
    }
]