[
    {
        "question_chinese": "Alice 需要梳理中午 12:20 至 17:15 的活动流程，以下哪组事件的排序是正确的？\n\na. 客厅讨论\n\nb. 猜水游戏\n\nc. 户外散步\n\nd. 吃披萨\n\ne. 在电玩城娱乐\n\nf. 到盒马鲜生购物",
        "events_description_chinese": {
            "客厅讨论": "大家坐在客厅里，一起交流着什么。Alice和穿着黑色上衣的女生坐在桌子旁边，剩下的人坐在对面的沙发上。后来越来越多的人都坐在桌子周围，大家一起讨论。Alice摆弄着面前的小盒子。后来Alice右边的绿色外套女生将一些卡片递给Alice，Alice一边观看一边和这位女生讨论",
            "猜水游戏": "Alice上到二楼，二楼客厅桌子上摆满了一次性杯子。Alice等了一会，然后依次品尝一次性杯子里的饮料，并移动这些杯子，将其排成一排。然后她在一张纸片上写下什么，继续品尝杯子里的饮料，然后继续在纸片上写什么东西。最后她把面前杯子里的水倒在一起喝了。",
            "户外散步": "Alice和同伴一起在公园的人行道上散步，他们走到湖边，并短暂停留。期间给湖里的金鱼拍照并用披萨投喂金鱼。然后他们到了一个亭子里。Alice和一位穿着紫色外套和蓝灰色长裤的男生在里面尝试了打花棍。然后Alice继续顺着小路散步，一边欣赏着周围的景色。最后他们沿着路走到了公园边缘的护栏，从护栏门离开了公园。",
            "吃披萨": "身着橙灰色T恤的男生和粉色T恤灰绿色短裤的男生提着外卖来到二楼客厅，大家收拾好桌子将袋子里的披萨摆在桌子上。Alice一边戴着手套吃披萨，一边和同伴交流。大家吃完之后，Alice与同伴合作将吃剩的披萨收起来。",
            "在电玩城娱乐": "Alice和同伴一起到了电玩城，里面打着蓝色的氛围灯。Alice和同伴在里面玩各种游戏机。穿着紫色外套的男生去玩架子鼓，Alice尝试了抓娃娃机，并观看绿色外套白色内搭的女生玩空气曲棍球，也观看了白色上衣带棒球帽女生在玩音乐游戏。最后她找到地方坐下休息，其他人在玩保龄球游戏。",
            "到盒马鲜生购物": "Alice一行人进入盒马鲜生超市，穿着粉色T恤的男生推着购物车，他们在超市里到处走动，采购了肉制品、蔬菜、调料、饮料等物资，最后他们推着满载的购物车来到自动收银机器的位置结账。"
        },
        "choice_a_chinese": "d→b→f→e",
        "choice_b_chinese": "a→e→c→b",
        "choice_c_chinese": "a→c→e→f",
        "choice_d_chinese": "f→c→a→d",
        "answer": "C",
        "reason_chinese": "客厅讨论 (12:20-12:38)→户外散步 (14:48-15:37)→在电玩城娱乐 (15:47-16:30)→到盒马鲜生购物 (16:38-17:13)。其中 “猜水游戏”(11:40-11:57) 和 “吃披萨”(11:58-12:18) 属于干扰项，发生在目标时间段外。",
        "question": "Alice needs to sort the activity sequence from 12:20 PM to 17:15 PM. Which of the following event sequences is correct?\n\na. Living room discussion\n\nb. Water guessing game\n\nc. Outdoor walk\n\nd. Eat pizza\n\ne. Play at the arcade\n\nf. Shop at Hema Fresh",
        "events_description": {
            "Living room discussion": "Everyone sits in the living room and communicates. Alice and the girl in a black top sit by the table, while the rest sit on the opposite sofa. More people later gather around the table to discuss. Alice fidgets with a small box in front of her. The girl in a green jacket on Alice's right hands her some cards, and Alice discusses with her while viewing them.",
            "Water guessing game": "Alice goes to the second floor where the living room table is filled with disposable cups. After waiting, she tastes the drinks in each cup, moves them into a row, and writes on a piece of paper while continuing to taste and record. Finally, she pours the water from the cups in front of her and drinks it.",
            "Outdoor walk": "Alice and her companions walk on the park path, stopping briefly by the lake to photograph and feed goldfish with pizza. They enter a pavilion where Alice and a boy in a purple jacket and blue-gray pants try playing flower stick. Alice continues walking along the path, enjoying the scenery, and they leave the park through a fence gate at the edge.",
            "Eat pizza": "The boy in an orange-gray T-shirt and the boy in a pink T-shirt with gray-green shorts bring takeout pizza to the second-floor living room. Everyone clears the table and lays out the pizza. Alice eats pizza with gloves while chatting, and after finishing, she and her companions store the leftovers.",
            "Play at the arcade": "Alice and her companions go to an arcade with blue ambient lights, playing various games. The boy in a purple jacket plays the drum set, Alice tries the claw machine, watches the girl in a green jacket and white inner play air hockey, and the girl in a white top with a baseball cap play a music game. She later sits to rest while others play bowling.",
            "Shop at Hema Fresh": "Alice and her group enter Hema Fresh, with the boy in a pink T-shirt pushing a cart. They shop for meat, vegetables, seasonings, and drinks, then checkout at the self-service cash register with a full cart."
        },
        "choice_a": "d→b→f→e",
        "choice_b": "a→e→c→b",
        "choice_c": "a→c→e→f",
        "choice_d": "f→c→a→d",
        "reason": "Living room discussion (12:20-12:38) → Outdoor walk (14:48-15:37) → Play at the arcade (15:47-16:30) → Shop at Hema Fresh (16:38-17:13). \"Water guessing game\" (11:40-11:57) and \"Eat pizza\" (11:58-12:18) are distractions outside the target time period."
    },
    {
        "question_chinese": "Alice 在笔记本上记录了傍晚至晚间的部分活动：[到盒马鲜生购物 → 等车并回家 → 在柔光灯下制作烧烤]，这些事情发生的正确时间段是？",
        "events_description_chinese": {
            "到盒马鲜生购物": "Alice一行人进入盒马鲜生超市，穿着粉色T恤的男生推着购物车，他们在超市里到处走动，采购了肉制品、蔬菜、调料、饮料等物资，最后他们推着满载的购物车来到自动收银机器的位置结账。",
            "等车并回家": "Alice一行人在商场大楼的空地休息，期间粉色T恤灰绿色短裤的男生将手机放在地上，他们一起多次合照。然后围在一起看合照效果。休息完毕后他们到公路边上了一辆轿车，经过一段路程后来到加附近。Alice提着袋子穿过小巷来到家里。",
            "在柔光灯下制作烧烤": "Alice在制作烧烤的时候有人将柔光灯摆在院子里，然后Alice在柔光灯照明下制作烧烤，期间使用手机拍照。烧烤架左侧有一个装着肉的铁锅，Alice从中取肉片烤制。制作过程中Alice经常用纸片向里面扇风。"
        },
        "choice_a_chinese": "16:40-22:50",
        "choice_b_chinese": "15:00-17:30",
        "choice_c_chinese": "17:20-21:00",
        "choice_d_chinese": "18:30-23:10",
        "answer": "A",
        "reason_chinese": "到盒马鲜生购物 (16:38-17:13)→等车并回家 (17:16-18:08)→在柔光灯下制作烧烤 (21:24-22:49)，完整覆盖 16:38 至 22:49。",
        "question": "Alice recorded some evening activities in her notebook: [Shop at Hema Fresh → Wait for the car and go home → Make barbecue under softlights]. What is the correct time period for these events?",
        "events_description": {
            "Shop at Hema Fresh": "Alice and her group enter Hema Fresh, with the boy in a pink T-shirt pushing a cart. They shop for meat, vegetables, seasonings, and drinks, then checkout at the self-service cash register with a full cart.",
            "Wait for the car and go home": "Alice and her group rest in an open area of the mall, where the boy in a pink T-shirt with gray-green shorts places his phone on the ground for multiple group photos. They gather to view the photos, then board a car by the road, travel to the neighborhood, and Alice carries bags through an alley to her home.",
            "Make barbecue under softlights": "While Alice makes barbecue, someone places softlights in the yard. She cooks under the softlight, taking photos with her phone. There is a iron pot with meat on the left of the grill, from which Alice takes slices to grill, frequently fanning with a piece of paper during the process."
        },
        "choice_a": "16:40-22:50",
        "choice_b": "15:00-17:30",
        "choice_c": "17:20-21:00",
        "choice_d": "18:30-23:10",
        "reason": "Shop at Hema Fresh (16:38-17:13) → Wait for the car and go home (17:16-18:08) → Make barbecue under softlights (21:24-22:49), fully covering 16:38 to 22:49."
    },
    {
        "question_chinese": "Alice 回忆上午至下午的活动时忘记了具体时间，已知事件按发生顺序为：\n[猜水游戏 → 吃披萨 → 户外散步 → 在电玩城娱乐]\n时间选项：\n\na. 12:20~12:40\n\nb. 15:50~16:30\n\nc. 11:00~11:40\n\nd. 14:50~15:40\n\ne. 11:40~12:00\n\nf. 12:00~12:20",
        "events_description_chinese": {
            "猜水游戏": "Alice上到二楼，二楼客厅桌子上摆满了一次性杯子。Alice等了一会，然后依次品尝一次性杯子里的饮料，并移动这些杯子，将其排成一排。然后她在一张纸片上写下什么，继续品尝杯子里的饮料，然后继续在纸片上写什么东西。最后她把面前杯子里的水倒在一起喝了。",
            "吃披萨": "身着橙灰色T恤的男生和粉色T恤灰绿色短裤的男生提着外卖来到二楼客厅，大家收拾好桌子将袋子里的披萨摆在桌子上。Alice一边戴着手套吃披萨，一边和同伴交流。大家吃完之后，Alice与同伴合作将吃剩的披萨收起来。",
            "户外散步": "Alice和同伴一起在公园的人行道上散步，他们走到湖边，并短暂停留。期间给湖里的金鱼拍照并用披萨投喂金鱼。然后他们到了一个亭子里。Alice和一位穿着紫色外套和蓝灰色长裤的男生在里面尝试了打花棍。然后Alice继续顺着小路散步，一边欣赏着周围的景色。最后他们沿着路走到了公园边缘的护栏，从护栏门离开了公园。",
            "在电玩城娱乐": "Alice和同伴一起到了电玩城，里面打着蓝色的氛围灯。Alice和同伴在里面玩各种游戏机。穿着紫色外套的男生去玩架子鼓，Alice尝试了抓娃娃机，并观看绿色外套白色内搭的女生玩空气曲棍球，也观看了白色上衣带棒球帽女生在玩音乐游戏。最后她找到地方坐下休息，其他人在玩保龄球游戏。"
        },
        "choice_a_chinese": "1→c / 2→f / 3→d / 4→b",
        "choice_b_chinese": "1→e / 2→f / 3→d / 4→b",
        "choice_c_chinese": "1→a / 2→e / 3→c / 4→d",
        "choice_d_chinese": "1→f / 2→a / 3→b / 4→e",
        "answer": "B",
        "reason_chinese": "猜水游戏 (11:40-11:57)→吃披萨 (11:58-12:18)→户外散步 (14:48-15:37)→在电玩城娱乐 (15:47-16:30)。",
        "question": "Alice forgot the specific times of morning to afternoon activities, but knows the order: \n[Water guessing game → Eat pizza → Outdoor walk → Play at the arcade]\nTime options:\n\na. 12:20~12:40\n\nb. 15:50~16:30\n\nc. 11:00~11:40\n\nd. 14:50~15:40\n\ne. 11:40~12:00\n\nf. 12:00~12:20",
        "events_description": {
            "Water guessing game": "Alice goes to the second floor where the living room table is filled with disposable cups. After waiting, she tastes the drinks in each cup, moves them into a row, and writes on a piece of paper while continuing to taste and record. Finally, she pours the water from the cups in front of her and drinks it.",
            "Eat pizza": "The boy in an orange-gray T-shirt and the boy in a pink T-shirt with gray-green shorts bring takeout pizza to the second-floor living room. Everyone clears the table and lays out the pizza. Alice eats pizza with gloves while chatting, and after finishing, she and her companions store the leftovers.",
            "Outdoor walk": "Alice and her companions walk on the park path, stopping briefly by the lake to photograph and feed goldfish with pizza. They enter a pavilion where Alice and a boy in a purple jacket and blue-gray pants try playing flower stick. Alice continues walking along the path, enjoying the scenery, and they leave the park through a fence gate at the edge.",
            "Play at the arcade": "Alice and her companions go to an arcade with blue ambient lights, playing various games. The boy in a purple jacket plays the drum set, Alice tries the claw machine, watches the girl in a green jacket and white inner play air hockey, and the girl in a white top with a baseball cap play a music game. She later sits to rest while others play bowling."
        },
        "choice_a": "1→c / 2→f / 3→d / 4→b",
        "choice_b": "1→e / 2→f / 3→d / 4→b",
        "choice_c": "1→a / 2→e / 3→c / 4→d",
        "choice_d": "1→f / 2→a / 3→b / 4→e",
        "reason": "Water guessing game (11:40-11:57) → Eat pizza (11:58-12:18) → Outdoor walk (14:48-15:37) → Play at the arcade (15:47-16:30)."
    },
    {
        "question_chinese": "Alice 记得今天的两件事是 “户外散步” 和 “在电玩城娱乐”，但忘记了之前发生的三件事，你能帮她回忆起来吗？",
        "events_description_chinese": {
            "户外散步": "Alice和同伴一起在公园的人行道上散步，他们走到湖边，并短暂停留。期间给湖里的金鱼拍照并用披萨投喂金鱼。然后他们到了一个亭子里。Alice和一位穿着紫色外套和蓝灰色长裤的男生在里面尝试了打花棍。然后Alice继续顺着小路散步，一边欣赏着周围的景色。最后他们沿着路走到了公园边缘的护栏，从护栏门离开了公园。",
            "在电玩城娱乐": "Alice和同伴一起到了电玩城，里面打着蓝色的氛围灯。Alice和同伴在里面玩各种游戏机。穿着紫色外套的男生去玩架子鼓，Alice尝试了抓娃娃机，并观看绿色外套白色内搭的女生玩空气曲棍球，也观看了白色上衣带棒球帽女生在玩音乐游戏。最后她找到地方坐下休息，其他人在玩保龄球游戏。",
            "猜水游戏": "Alice上到二楼，二楼客厅桌子上摆满了一次性杯子。Alice等了一会，然后依次品尝一次性杯子里的饮料，并移动这些杯子，将其排成一排。然后她在一张纸片上写下什么，继续品尝杯子里的饮料，然后继续在纸片上写什么东西。最后她把面前杯子里的水倒在一起喝了。",
            "吃披萨": "身着橙灰色T恤的男生和粉色T恤灰绿色短裤的男生提着外卖来到二楼客厅，大家收拾好桌子将袋子里的披萨摆在桌子上。Alice一边戴着手套吃披萨，一边和同伴交流。大家吃完之后，Alice与同伴合作将吃剩的披萨收起来。",
            "客厅讨论": "大家坐在客厅里，一起交流着什么。Alice和穿着黑色上衣的女生坐在桌子旁边，剩下的人坐在对面的沙发上。后来越来越多的人都坐在桌子周围，大家一起讨论。Alice摆弄着面前的小盒子。后来Alice右边的绿色外套女生将一些卡片递给Alice，Alice一边观看一边和这位女生讨论",
            "等车并回家": "Alice一行人在商场大楼的空地休息，期间粉色T恤灰绿色短裤的男生将手机放在地上，他们一起多次合照。然后围在一起看合照效果。休息完毕后他们到公路边上了一辆轿车，经过一段路程后来到加附近。Alice提着袋子穿过小巷来到家里。",
            "到盒马鲜生购物": "Alice一行人进入盒马鲜生超市，穿着粉色T恤的男生推着购物车，他们在超市里到处走动，采购了肉制品、蔬菜、调料、饮料等物资，最后他们推着满载的购物车来到自动收银机器的位置结账。",
            "在柔光灯下制作烧烤": "Alice在制作烧烤的时候有人将柔光灯摆在院子里，然后Alice在柔光灯照明下制作烧烤，期间使用手机拍照。烧烤架左侧有一个装着肉的铁锅，Alice从中取肉片烤制。制作过程中Alice经常用纸片向里面扇风。"
        },
        "choice_a_chinese": "等车并回家 → 在柔光灯下制作烧烤 → 客厅讨论",
        "choice_b_chinese": "到盒马鲜生购物 → 猜水游戏 → 吃披萨",
        "choice_c_chinese": "吃披萨 → 客厅讨论 → 等车并回家",
        "choice_d_chinese": "猜水游戏 → 吃披萨 → 客厅讨论",
        "answer": "D",
        "reason_chinese": "猜水游戏 (11:40-11:57)→吃披萨 (11:58-12:18)→客厅讨论 (12:20-12:38)→户外散步 (14:48-15:37)→在电玩城娱乐 (15:47-16:30)。",
        "question": "Alice remembers two events today: \"Outdoor walk\" and \"Play at the arcade,\" but forgets the three preceding events. Can you help her recall?",
        "events_description": {
            "Outdoor walk": "Alice and her companions walk on the park path, stopping briefly by the lake to photograph and feed goldfish with pizza. They enter a pavilion where Alice and a boy in a purple jacket and blue-gray pants try playing flower stick. Alice continues walking along the path, enjoying the scenery, and they leave the park through a fence gate at the edge.",
            "Play at the arcade": "Alice and her companions go to an arcade with blue ambient lights, playing various games. The boy in a purple jacket plays the drum set, Alice tries the claw machine, watches the girl in a green jacket and white inner play air hockey, and the girl in a white top with a baseball cap play a music game. She later sits to rest while others play bowling.",
            "Water guessing game": "Alice goes to the second floor where the living room table is filled with disposable cups. After waiting, she tastes the drinks in each cup, moves them into a row, and writes on a piece of paper while continuing to taste and record. Finally, she pours the water from the cups in front of her and drinks it.",
            "Eat pizza": "The boy in an orange-gray T-shirt and the boy in a pink T-shirt with gray-green shorts bring takeout pizza to the second-floor living room. Everyone clears the table and lays out the pizza. Alice eats pizza with gloves while chatting, and after finishing, she and her companions store the leftovers.",
            "Living room discussion": "Everyone sits in the living room and communicates. Alice and the girl in a black top sit by the table, while the rest sit on the opposite sofa. More people later gather around the table to discuss. Alice fidgets with a small box in front of her. The girl in a green jacket on Alice's right hands her some cards, and Alice discusses with her while viewing them.",
            "Wait for the car and go home": "Alice and her group rest in an open area of the mall, where the boy in a pink T-shirt with gray-green shorts places his phone on the ground for multiple group photos. They gather to view the photos, then board a car by the road, travel to the neighborhood, and Alice carries bags through an alley to her home.",
            "Shop at Hema Fresh": "Alice and her group enter Hema Fresh, with the boy in a pink T-shirt pushing a cart. They shop for meat, vegetables, seasonings, and drinks, then checkout at the self-service cash register with a full cart.",
            "Make barbecue under softlights": "While Alice makes barbecue, someone places softlights in the yard. She cooks under the softlight, taking photos with her phone. There is a iron pot with meat on the left of the grill, from which Alice takes slices to grill, frequently fanning with a piece of paper during the process."
        },
        "choice_a": "Wait for the car and go home → Make barbecue under softlights → Living room discussion",
        "choice_b": "Shop at Hema Fresh → Water guessing game → Eat pizza",
        "choice_c": "Eat pizza → Living room discussion → Wait for the car and go home",
        "choice_d": "Water guessing game → Eat pizza → Living room discussion",
        "reason": "Water guessing game (11:40-11:57) → Eat pizza (11:58-12:18) → Living room discussion (12:20-12:38) → Outdoor walk (14:48-15:37) → Play at the arcade (15:47-16:30)."
    },
    {
        "question_chinese": "Alice 在整理活动记录时说：“我先等车并回家，接着去户外散步，中间没有做其他事情。” 但朋友指出她的说法存在错误，正确的事件顺序及错误分析是？",
        "events_description_chinese": {
            "等车并回家": "Alice一行人在商场大楼的空地休息，期间粉色T恤灰绿色短裤的男生将手机放在地上，他们一起多次合照。然后围在一起看合照效果。休息完毕后他们到公路边上了一辆轿车，经过一段路程后来到加附近。Alice提着袋子穿过小巷来到家里。",
            "户外散步": "Alice和同伴一起在公园的人行道上散步，他们走到湖边，并短暂停留。期间给湖里的金鱼拍照并用披萨投喂金鱼。然后他们到了一个亭子里。Alice和一位穿着紫色外套和蓝灰色长裤的男生在里面尝试了打花棍。然后Alice继续顺着小路散步，一边欣赏着周围的景色。最后他们沿着路走到了公园边缘的护栏，从护栏门离开了公园。",
            "在电玩城娱乐": "Alice和同伴一起到了电玩城，里面打着蓝色的氛围灯。Alice和同伴在里面玩各种游戏机。穿着紫色外套的男生去玩架子鼓，Alice尝试了抓娃娃机，并观看绿色外套白色内搭的女生玩空气曲棍球，也观看了白色上衣带棒球帽女生在玩音乐游戏。最后她找到地方坐下休息，其他人在玩保龄球游戏。",
            "到盒马鲜生购物": "Alice一行人进入盒马鲜生超市，穿着粉色T恤的男生推着购物车，他们在超市里到处走动，采购了肉制品、蔬菜、调料、饮料等物资，最后他们推着满载的购物车来到自动收银机器的位置结账。"
        },
        "choice_a_chinese": "正确：户外散步 → 等车并回家 → 到盒马鲜生购物\n错误原因：Alice  颠倒了“户外散步”与“等车并回家”的顺序，并遗漏了“到盒马鲜生购物”。",
        "choice_b_chinese": "正确：等车并回家 → 吃披萨 → 户外散步\n错误原因：Alice  遗漏了“吃披萨”。",
        "choice_c_chinese": "正确：户外散步 → 在电玩城娱乐 → 到盒马鲜生购物 → 等车并回家\n错误原因：Alice  颠倒了“户外散步”与“等车并回家”的顺序，并遗漏了“在电玩城娱乐”和“到盒马鲜生购物”。",
        "choice_d_chinese": "正确：等车并回家 → 到盒马鲜生购物 → 在电玩城娱乐 → 户外散步\n错误原因：Alice 遗漏了 “到盒马鲜生购物” 和 “在电玩城娱乐”",
        "answer": "C",
        "reason_chinese": "户外散步 (14:48-15:37)→在电玩城娱乐 (15:47-16:30)→到盒马鲜生购物 (16:38-17:13)→等车并回家 (17:16-18:08)。",
        "question": "Alice stated: \"I first waited for the car and went home, then went for an outdoor walk with nothing in between.\" Friends pointed out an error. What is the correct sequence and error analysis?",
        "events_description": {
            "Wait for the car and go home": "Alice and her group rest in an open area of the mall, where the boy in a pink T-shirt with gray-green shorts places his phone on the ground for multiple group photos. They gather to view the photos, then board a car by the road, travel to the neighborhood, and Alice carries bags through an alley to her home.",
            "Outdoor walk": "Alice and her companions walk on the park path, stopping briefly by the lake to photograph and feed goldfish with pizza. They enter a pavilion where Alice and a boy in a purple jacket and blue-gray pants try playing flower stick. Alice continues walking along the path, enjoying the scenery, and they leave the park through a fence gate at the edge.",
            "Play at the arcade": "Alice and her companions go to an arcade with blue ambient lights, playing various games. The boy in a purple jacket plays the drum set, Alice tries the claw machine, watches the girl in a green jacket and white inner play air hockey, and the girl in a white top with a baseball cap play a music game. She later sits to rest while others play bowling.",
            "Shop at Hema Fresh": "Alice and her group enter Hema Fresh, with the boy in a pink T-shirt pushing a cart. They shop for meat, vegetables, seasonings, and drinks, then checkout at the self-service cash register with a full cart."
        },
        "choice_a": "Correct: Outdoor walk → Wait for the car and go home → Shop at Hema Fresh\nError: Alice reversed the order of \"Outdoor walk\" and \"Wait for the car and go home\" and omitted \"Shop at Hema Fresh\"",
        "choice_b": "Correct: Wait for the car and go home → Eat pizza → Outdoor walk\nError: Alice omitted \"Eat pizza\"",
        "choice_c": "Correct: Outdoor walk → Play at the arcade → Shop at Hema Fresh → Wait for the car and go home\nError: Alice reversed the order of \"Outdoor walk\" and \"Wait for the car and go home\" and omitted \"Play at the arcade\" and \"Shop at Hema Fresh\"",
        "choice_d": "Correct: Wait for the car and go home → Shop at Hema Fresh → Play at the arcade → Outdoor walk\nError: Alice omitted \"Shop at Hema Fresh\" and \"Play at the arcade\"",
        "reason": "Outdoor walk (14:48-15:37) → Play at the arcade (15:47-16:30) → Shop at Hema Fresh (16:38-17:13) → Wait for the car and go home (17:16-18:08)."
    },
    {
        "question_chinese": "Alice 的日记片段有一段缺失：[客厅讨论] → (?) → [在电玩城娱乐] → (?) 。缺失部分应填入？",
        "events_description_chinese": {
            "客厅讨论": "大家坐在客厅里，一起交流着什么。Alice和穿着黑色上衣的女生坐在桌子旁边，剩下的人坐在对面的沙发上。后来越来越多的人都坐在桌子周围，大家一起讨论。Alice摆弄着面前的小盒子。后来Alice右边的绿色外套女生将一些卡片递给Alice，Alice一边观看一边和这位女生讨论",
            "户外散步": "Alice和同伴一起在公园的人行道上散步，他们走到湖边，并短暂停留。期间给湖里的金鱼拍照并用披萨投喂金鱼。然后他们到了一个亭子里。Alice和一位穿着紫色外套和蓝灰色长裤的男生在里面尝试了打花棍。然后Alice继续顺着小路散步，一边欣赏着周围的景色。最后他们沿着路走到了公园边缘的护栏，从护栏门离开了公园。",
            "在电玩城娱乐": "Alice和同伴一起到了电玩城，里面打着蓝色的氛围灯。Alice和同伴在里面玩各种游戏机。穿着紫色外套的男生去玩架子鼓，Alice尝试了抓娃娃机，并观看绿色外套白色内搭的女生玩空气曲棍球，也观看了白色上衣带棒球帽女生在玩音乐游戏。最后她找到地方坐下休息，其他人在玩保龄球游戏。",
            "到盒马鲜生购物": "Alice一行人进入盒马鲜生超市，穿着粉色T恤的男生推着购物车，他们在超市里到处走动，采购了肉制品、蔬菜、调料、饮料等物资，最后他们推着满载的购物车来到自动收银机器的位置结账。",
            "猜水游戏": "Alice上到二楼，二楼客厅桌子上摆满了一次性杯子。Alice等了一会，然后依次品尝一次性杯子里的饮料，并移动这些杯子，将其排成一排。然后她在一张纸片上写下什么，继续品尝杯子里的饮料，然后继续在纸片上写什么东西。最后她把面前杯子里的水倒在一起喝了。",
            "吃披萨": "身着橙灰色T恤的男生和粉色T恤灰绿色短裤的男生提着外卖来到二楼客厅，大家收拾好桌子将袋子里的披萨摆在桌子上。Alice一边戴着手套吃披萨，一边和同伴交流。大家吃完之后，Alice与同伴合作将吃剩的披萨收起来。",
            "在柔光灯下制作烧烤": "Alice在制作烧烤的时候有人将柔光灯摆在院子里，然后Alice在柔光灯照明下制作烧烤，期间使用手机拍照。烧烤架左侧有一个装着肉的铁锅，Alice从中取肉片烤制。制作过程中Alice经常用纸片向里面扇风。",
            "等车并回家": "Alice一行人在商场大楼的空地休息，期间粉色T恤灰绿色短裤的男生将手机放在地上，他们一起多次合照。然后围在一起看合照效果。休息完毕后他们到公路边上了一辆轿车，经过一段路程后来到加附近。Alice提着袋子穿过小巷来到家里。"
        },
        "choice_a_chinese": "在柔光灯下制作烧烤 / 等车并回家",
        "choice_b_chinese": "吃披萨 / 猜水游戏",
        "choice_c_chinese": "猜水游戏 / 吃披萨",
        "choice_d_chinese": "户外散步 / 到盒马鲜生购物",
        "answer": "D",
        "reason_chinese": "客厅讨论 (12:20-12:38)→户外散步 (14:48-15:37)→在电玩城娱乐 (15:47-16:30)→到盒马鲜生购物 (16:38-17:13)。",
        "question": "There is a missing part in Alice's diary: [Living room discussion] → (?) → [Play at the arcade] → (?). What should be filled in?",
        "events_description": {
            "Living room discussion": "Everyone sits in the living room and communicates. Alice and the girl in a black top sit by the table, while the rest sit on the opposite sofa. More people later gather around the table to discuss. Alice fidgets with a small box in front of her. The girl in a green jacket on Alice's right hands her some cards, and Alice discusses with her while viewing them.",
            "Outdoor walk": "Alice and her companions walk on the park path, stopping briefly by the lake to photograph and feed goldfish with pizza. They enter a pavilion where Alice and a boy in a purple jacket and blue-gray pants try playing flower stick. Alice continues walking along the path, enjoying the scenery, and they leave the park through a fence gate at the edge.",
            "Play at the arcade": "Alice and her companions go to an arcade with blue ambient lights, playing various games. The boy in a purple jacket plays the drum set, Alice tries the claw machine, watches the girl in a green jacket and white inner play air hockey, and the girl in a white top with a baseball cap play a music game. She later sits to rest while others play bowling.",
            "Shop at Hema Fresh": "Alice and her group enter Hema Fresh, with the boy in a pink T-shirt pushing a cart. They shop for meat, vegetables, seasonings, and drinks, then checkout at the self-service cash register with a full cart.",
            "Water guessing game": "Alice goes to the second floor where the living room table is filled with disposable cups. After waiting, she tastes the drinks in each cup, moves them into a row, and writes on a piece of paper while continuing to taste and record. Finally, she pours the water from the cups in front of her and drinks it.",
            "Eat pizza": "The boy in an orange-gray T-shirt and the boy in a pink T-shirt with gray-green shorts bring takeout pizza to the second-floor living room. Everyone clears the table and lays out the pizza. Alice eats pizza with gloves while chatting, and after finishing, she and her companions store the leftovers.",
            "Make barbecue under softlights": "While Alice makes barbecue, someone places softlights in the yard. She cooks under the softlight, taking photos with her phone. There is a iron pot with meat on the left of the grill, from which Alice takes slices to grill, frequently fanning with a piece of paper during the process.",
            "Wait for the car and go home": "Alice and her group rest in an open area of the mall, where the boy in a pink T-shirt with gray-green shorts places his phone on the ground for multiple group photos. They gather to view the photos, then board a car by the road, travel to the neighborhood, and Alice carries bags through an alley to her home."
        },
        "choice_a": "Make barbecue under softlights / Wait for the car and go home",
        "choice_b": "Eat pizza / Water guessing game",
        "choice_c": "Water guessing game / Eat pizza",
        "choice_d": "Outdoor walk / Shop at Hema Fresh",
        "reason": "Living room discussion (12:20-12:38) → Outdoor walk (14:48-15:37) → Play at the arcade (15:47-16:30) → Shop at Hema Fresh (16:38-17:13)."
    }
]