[
    {
        "question_chinese": "Alice 需要梳理下午 13:05 至 15:35 的活动流程，以下哪组事件的排序是正确的？\n\na. 收拾一楼客厅的桌子\n\nb. 嗑瓜子\n\nc. 躺在床上休息\n\nd. 在院子里闲聊\n\ne. 在院子里吃饭\n\nf. 收拾行李",
        "events_description_chinese": {
            "收拾一楼客厅的桌子": "Alice和黑色内搭穿着棕色皮夹克的女生一起收拾一楼客厅，期间她给一楼厨房和客厅交界处的黑色垃圾桶更换了垃圾袋。他们将桌子上的多余物品摆放在厨房台面等其他合适的位置，将桌子杂乱的物品摆放整洁，并将垃圾收集起来扔在纸箱里。在她的努力下，一楼客厅的桌子变得非常整洁。",
            "嗑瓜子": "Alice站在桌子边给别人分发瓜子，自己也在一边嗑瓜子一边和其他人聊天。后来Alice在房间里先是到处走动嗑瓜子，并帮其他人收拾房间，在穿着黑色长裤和蓝色牛仔外套的女生扫完地之后，Alice坐在客厅桌子旁边嗑瓜子。",
            "躺在床上休息": "Alice到卧室，将窗帘挂上后躺在床上休息。穿着黑色T恤和蓝色长裤的女生一直在和Alice交谈，并也躺在了床上。Alice在床上玩着手机游戏，玩完之后躺在床上看手机。期间几次离开卧室到其他地方。后来Alice继续和穿着黑色T恤和蓝色长裤的女生躺在床上用各种姿势玩手机.",
            "在院子里闲聊": "Alice来到院子在桌子旁边坐下，和穿着棕色皮夹克和蓝色长裤的女生交谈。期间他们和一位穿着黄色T恤和灰色短裤的男生一起喝了果汁。后来男生离开，穿着黑色内搭和蓝色牛仔外套的女生坐过来。三人一起愉快聊天。穿着黑色内搭和蓝色牛仔外套的女生离开后，穿着黄色T恤和灰色短裤的男生又回来了。他们一起聊天并用石子儿进行了游戏。",
            "在院子里吃饭": "alice和其他人坐在院子的桌子旁边，拆开外卖包装并吃饭。Alice将米饭放在桌子上，用右手拿筷子夹菜。大家一起一边聊天一边吃饭。期间Alice回了一趟屋子。",
            "收拾行李": "Alice来到卧室将窗帘和墙壁的带有图案的布取下并折叠好。期间穿着棕色皮夹克的女生跪在床边使用电脑。在忙完其他事之后，Alice回到卧室取下床单被罩并将床铺整理整齐。Alice将床单等东西折叠成小块，将阳台的杂物装到袋子里，并一起装进行李箱。"
        },
        "choice_a_chinese": "e→a→c",
        "choice_b_chinese": "f→d→b",
        "choice_c_chinese": "a→e→f",
        "choice_d_chinese": "b→c→d",
        "answer": "D",
        "reason_chinese": "嗑瓜子 (13:06-13:27)→躺在床上休息 (13:28-15:01)→在院子里闲聊 (15:05-15:36)，这三个事件大部分时间都在 13:05-15:35 时间段内。而 “在院子里吃饭”(12:04-12:30)、“收拾行李”(17:53-18:29) 均属于干扰项，发生在目标时间段外。",
        "question": "Alice needs to sort the activity sequence from 1:05 PM to 3:35 PM. Which of the following event sequences is correct?\n\na. Tidy the first-floor living room table\n\nb. Eat sunflower seeds\n\nc. Rest in bed\n\nd. Chat in the courtyard\n\ne. Dine in the courtyard\n\nf. Pack luggage",
        "events_description": {
            "Tidy the first-floor living room table": "Alice and the girl in a brown leather jacket with a black inner tidy the first-floor living room, replacing the garbage bag in the black trash can at the junction of the first-floor kitchen and living room. They move extra items from the table to suitable places like the kitchen counter, organize the cluttered items, and collect trash into a cardboard box. The table becomes very tidy after their efforts.",
            "Eat sunflower seeds": "Alice stands by the table distributing sunflower seeds, eating them while chatting with others. Later, she walks around the room eating seeds and helps clean up. After the girl in black pants and a blue denim jacket sweeps the floor, Alice sits by the living room table eating sunflower seeds.",
            "Rest in bed": "Alice goes to the bedroom, hangs the curtains, and rests in bed. The girl in a black T-shirt and blue pants talks with Alice and also lies down. Alice plays mobile games and watches her phone in bed, leaving the bedroom several times. Later, she continues resting in various positions while using her phone with the girl in the black T-shirt and blue pants.",
            "Chat in the courtyard": "Alice sits by the courtyard table and talks with the girl in a brown leather jacket and blue pants. They drink juice with a boy in a yellow T-shirt and gray shorts. After the boy leaves, the girl in a black inner and blue denim jacket joins them, and the three chat happily. When she leaves, the boy returns, and they chat and play games with stones.",
            "Dine in the courtyard": "Alice and others sit by the courtyard table, open takeout packaging, and eat. Alice places rice on the table and uses chopsticks to pick up food, chatting while eating. She returns to the house once during the meal.",
            "Pack luggage": "Alice goes to the bedroom to remove and fold patterned cloth from the curtains and walls. The girl in a brown leather jacket kneels by the bed using a computer. After other tasks, Alice returns to remove bed sheets and covers, folds them into small pieces, packs balcony clutter into bags, and puts everything into a suitcase."
        },
        "choice_a": "e→a→c",
        "choice_b": "f→d→b",
        "choice_c": "a→e→f",
        "choice_d": "b→c→d",
        "reason": "Eat sunflower seeds (13:06-13:27) → Rest in bed (13:28-15:01) → Chat in the courtyard (15:05-15:36), with most of these events within 13:05-15:35. \"Dine in the courtyard\" (12:04-12:30) and \"Pack luggage\" (17:53-18:29) are distractions outside the target time period."
    },
    {
        "question_chinese": "Alice 在笔记本上记录了今天的活动：[躺在床上休息 → 在院子里闲聊 → 收拾行李 → 帮忙拆摄像头]，这些事情发生的正确时间段是？",
        "events_description_chinese": {
            "躺在床上休息": "Alice到卧室，将窗帘挂上后躺在床上休息。穿着黑色T恤和蓝色长裤的女生一直在和Alice交谈，并也躺在了床上。Alice在床上玩着手机游戏，玩完之后躺在床上看手机。期间几次离开卧室到其他地方。后来Alice继续和穿着黑色T恤和蓝色长裤的女生躺在床上用各种姿势玩手机.",
            "在院子里闲聊": "Alice来到院子在桌子旁边坐下，和穿着棕色皮夹克和蓝色长裤的女生交谈。期间他们和一位穿着黄色T恤和灰色短裤的男生一起喝了果汁。后来男生离开，穿着黑色内搭和蓝色牛仔外套的女生坐过来。三人一起愉快聊天。穿着黑色内搭和蓝色牛仔外套的女生离开后，穿着黄色T恤和灰色短裤的男生又回来了。他们一起聊天并用石子儿进行了游戏。",
            "收拾行李": "Alice来到卧室将窗帘和墙壁的带有图案的布取下并折叠好。期间穿着棕色皮夹克的女生跪在床边使用电脑。在忙完其他事之后，Alice回到卧室取下床单被罩并将床铺整理整齐。Alice将床单等东西折叠成小块，将阳台的杂物装到袋子里，并一起装进行李箱。",
            "帮忙拆摄像头": "Alice来到二楼客厅，将空调上、门框上、厨房墙壁上的摄像头拆掉。然后她去做了其他事，忙完之后Alice继续拆下一楼门框上、一楼厨房墙壁上、空调上的摄像头和支架，并将拆下的东西放在一楼客厅的桌子上。"
        },
        "choice_a_chinese": "12:30-14:00",
        "choice_b_chinese": "14:00-16:30",
        "choice_c_chinese": "16:30-18:00",
        "choice_d_chinese": "13:30-19:30",
        "answer": "D",
        "reason_chinese": "躺在床上休息 (13:28-15:01)→在院子里闲聊 (15:05-15:36)→收拾行李 (17:53-18:29)→帮忙拆摄像头 (18:43-19:28)，完整覆盖 13:28 至 19:28。",
        "question": "Alice recorded today's activities in her notebook: [Rest in bed → Chat in the courtyard → Pack luggage → Help remove cameras]. What is the correct time period for these events?",
        "events_description": {
            "Rest in bed": "Alice goes to the bedroom, hangs the curtains, and rests in bed. The girl in a black T-shirt and blue pants talks with Alice and also lies down. Alice plays mobile games and watches her phone in bed, leaving the bedroom several times. Later, she continues resting in various positions while using her phone with the girl in the black T-shirt and blue pants.",
            "Chat in the courtyard": "Alice sits by the courtyard table and talks with the girl in a brown leather jacket and blue pants. They drink juice with a boy in a yellow T-shirt and gray shorts. After the boy leaves, the girl in a black inner and blue denim jacket joins them, and the three chat happily. When she leaves, the boy returns, and they chat and play games with stones.",
            "Pack luggage": "Alice goes to the bedroom to remove and fold patterned cloth from the curtains and walls. The girl in a brown leather jacket kneels by the bed using a computer. After other tasks, Alice returns to remove bed sheets and covers, folds them into small pieces, packs balcony clutter into bags, and puts everything into a suitcase.",
            "Help remove cameras": "Alice goes to the second-floor living room to remove cameras from the air conditioner, doorframe, and kitchen wall. After doing other tasks, she continues removing cameras and brackets from the first-floor doorframe, kitchen wall, and air conditioner, placing the removed items on the first-floor living room table."
        },
        "choice_a": "12:30-14:00",
        "choice_b": "14:00-16:30",
        "choice_c": "16:30-18:00",
        "choice_d": "13:30-19:30",
        "reason": "Rest in bed (13:28-15:01) → Chat in the courtyard (15:05-15:36) → Pack luggage (17:53-18:29) → Help remove cameras (18:43-19:28), fully covering 13:28 to 19:28."
    },
    {
        "question_chinese": "Alice 需要为以下活动匹配具体时间段：\n[在院子里吃饭 → 收拾一楼客厅的桌子 → 在一楼客厅嗑瓜子 → 躺在床上休息]\n时间选项：\n\na. 11:20~11:55\n\nb. 12:00~12:30\n\nc. 13:30~15:05\n\nd. 12:40~13:05\n\ne. 15:00~15:35\n\nf. 13:05~13:30",
        "events_description_chinese": {
            "在院子里吃饭": "alice和其他人坐在院子的桌子旁边，拆开外卖包装并吃饭。Alice将米饭放在桌子上，用右手拿筷子夹菜。大家一起一边聊天一边吃饭。期间Alice回了一趟屋子。",
            "收拾一楼客厅的桌子": "Alice和黑色内搭穿着棕色皮夹克的女生一起收拾一楼客厅，期间她给一楼厨房和客厅交界处的黑色垃圾桶更换了垃圾袋。他们将桌子上的多余物品摆放在厨房台面等其他合适的位置，将桌子杂乱的物品摆放整洁，并将垃圾收集起来扔在纸箱里。在她的努力下，一楼客厅的桌子变得非常整洁。",
            "在一楼客厅嗑瓜子": "Alice站在桌子边给别人分发瓜子，自己也在一边嗑瓜子一边和其他人聊天。后来Alice在房间里先是到处走动嗑瓜子，并帮其他人收拾房间，在穿着黑色长裤和蓝色牛仔外套的女生扫完地之后，Alice坐在客厅桌子旁边嗑瓜子。",
            "躺在床上休息": "Alice到卧室，将窗帘挂上后躺在床上休息。穿着黑色T恤和蓝色长裤的女生一直在和Alice交谈，并也躺在了床上。Alice在床上玩着手机游戏，玩完之后躺在床上看手机。期间几次离开卧室到其他地方。后来Alice继续和穿着黑色T恤和蓝色长裤的女生躺在床上用各种姿势玩手机."
        },
        "choice_a_chinese": "1→a / 2→d / 3→f / 4→c",
        "choice_b_chinese": "1→b / 2→d / 3→f / 4→c",
        "choice_c_chinese": "1→e / 2→a / 3→b / 4→d",
        "choice_d_chinese": "1→c / 2→b / 3→e / 4→a",
        "answer": "B",
        "reason_chinese": "在院子里吃饭 (12:04-12:30)→收拾一楼客厅的桌子 (12:39-13:05)→在一楼客厅嗑瓜子 (13:06-13:27)→躺在床上休息 (13:28-15:01)。",
        "question": "Alice needs to match specific time slots for these activities: \n[Dine in the courtyard → Tidy the first-floor living room table → Eat sunflower seeds in the first-floor living room → Rest in bed]\nTime options:\n\na. 11:20~11:55\n\nb. 12:00~12:30\n\nc. 13:30~15:05\n\nd. 12:40~13:05\n\ne. 15:00~15:35\n\nf. 13:05~13:30",
        "events_description": {
            "Dine in the courtyard": "Alice and others sit by the courtyard table, open takeout packaging, and eat. Alice places rice on the table and uses chopsticks to pick up food, chatting while eating. She returns to the house once during the meal.",
            "Tidy the first-floor living room table": "Alice and the girl in a brown leather jacket with a black inner tidy the first-floor living room, replacing the garbage bag in the black trash can at the junction of the first-floor kitchen and living room. They move extra items from the table to suitable places like the kitchen counter, organize the cluttered items, and collect trash into a cardboard box. The table becomes very tidy after their efforts.",
            "Eat sunflower seeds in the first-floor living room": "Alice stands by the table distributing sunflower seeds, eating them while chatting with others. Later, she walks around the room eating seeds and helps clean up. After the girl in black pants and a blue denim jacket sweeps the floor, Alice sits by the living room table eating sunflower seeds.",
            "Rest in bed": "Alice goes to the bedroom, hangs the curtains, and rests in bed. The girl in a black T-shirt and blue pants talks with Alice and also lies down. Alice plays mobile games and watches her phone in bed, leaving the bedroom several times. Later, she continues resting in various positions while using her phone with the girl in the black T-shirt and blue pants."
        },
        "choice_a": "1→a / 2→d / 3→f / 4→c",
        "choice_b": "1→b / 2→d / 3→f / 4→c",
        "choice_c": "1→e / 2→a / 3→b / 4→d",
        "choice_d": "1→c / 2→b / 3→e / 4→a",
        "reason": "Dine in the courtyard (12:04-12:30) → Tidy living room table (12:39-13:05) → Eat sunflower seeds (13:06-13:27) → Rest in bed (13:28-15:01)."
    },
    {
        "question_chinese": "Alice 记得自己先 “在一楼客厅嗑瓜子” 然后 “躺在床上休息”，之后紧接着发生的两件事是什么？",
        "events_description_chinese": {
            "在一楼客厅嗑瓜子": "Alice站在桌子边给别人分发瓜子，自己也在一边嗑瓜子一边和其他人聊天。后来Alice在房间里先是到处走动嗑瓜子，并帮其他人收拾房间，在穿着黑色长裤和蓝色牛仔外套的女生扫完地之后，Alice坐在客厅桌子旁边嗑瓜子。",
            "躺在床上休息": "Alice到卧室，将窗帘挂上后躺在床上休息。穿着黑色T恤和蓝色长裤的女生一直在和Alice交谈，并也躺在了床上。Alice在床上玩着手机游戏，玩完之后躺在床上看手机。期间几次离开卧室到其他地方。后来Alice继续和穿着黑色T恤和蓝色长裤的女生躺在床上用各种姿势玩手机.",
            "在院子里闲聊": "Alice来到院子在桌子旁边坐下，和穿着棕色皮夹克和蓝色长裤的女生交谈。期间他们和一位穿着黄色T恤和灰色短裤的男生一起喝了果汁。后来男生离开，穿着黑色内搭和蓝色牛仔外套的女生坐过来。三人一起愉快聊天。穿着黑色内搭和蓝色牛仔外套的女生离开后，穿着黄色T恤和灰色短裤的男生又回来了。他们一起聊天并用石子儿进行了游戏。",
            "收拾行李": "Alice来到卧室将窗帘和墙壁的带有图案的布取下并折叠好。期间穿着棕色皮夹克的女生跪在床边使用电脑。在忙完其他事之后，Alice回到卧室取下床单被罩并将床铺整理整齐。Alice将床单等东西折叠成小块，将阳台的杂物装到袋子里，并一起装进行李箱。",
            "在一楼客厅吃馄饨": "Alice坐在一楼客厅桌子旁边，穿着黄色T恤和灰色短裤的男生正在收拾桌子。大家解开外卖包装袋，并吃饭。Alice一边吃着馄饨一边和其他人聊天。吃完后Alice将餐具装在塑料袋里放在桌子上。",
            "帮忙拆摄像头": "Alice来到二楼客厅，将空调上、门框上、厨房墙壁上的摄像头拆掉。然后她去做了其他事，忙完之后Alice继续拆下一楼门框上、一楼厨房墙壁上、空调上的摄像头和支架，并将拆下的东西放在一楼客厅的桌子上。",
            "在院子里吃饭": "alice和其他人坐在院子的桌子旁边，拆开外卖包装并吃饭。Alice将米饭放在桌子上，用右手拿筷子夹菜。大家一起一边聊天一边吃饭。期间Alice回了一趟屋子。"
        },
        "choice_a_chinese": "在院子里闲聊 → 收拾行李",
        "choice_b_chinese": "在一楼客厅吃馄饨 → 帮忙拆摄像头",
        "choice_c_chinese": "收拾行李 → 在院子里闲聊",
        "choice_d_chinese": "帮忙拆摄像头 → 在院子里吃饭",
        "answer": "A",
        "reason_chinese": "在一楼客厅嗑瓜子 (13:06-13:27)→躺在床上休息 (13:28-15:01)→在院子里闲聊 (15:05-15:36)→收拾行李 (17:53-18:29)。",
        "question": "Alice remembers doing \"Eat sunflower seeds in the first-floor living room\" first, then \"Rest in bed\". What are the two events that follow immediately?",
        "events_description": {
            "Eat sunflower seeds in the first-floor living room": "Alice stands by the table distributing sunflower seeds, eating them while chatting with others. Later, she walks around the room eating seeds and helps clean up. After the girl in black pants and a blue denim jacket sweeps the floor, Alice sits by the living room table eating sunflower seeds.",
            "Rest in bed": "Alice goes to the bedroom, hangs the curtains, and rests in bed. The girl in a black T-shirt and blue pants talks with Alice and also lies down. Alice plays mobile games and watches her phone in bed, leaving the bedroom several times. Later, she continues resting in various positions while using her phone with the girl in the black T-shirt and blue pants.",
            "Chat in the courtyard": "Alice sits by the courtyard table and talks with the girl in a brown leather jacket and blue pants. They drink juice with a boy in a yellow T-shirt and gray shorts. After the boy leaves, the girl in a black inner and blue denim jacket joins them, and the three chat happily. When she leaves, the boy returns, and they chat and play games with stones.",
            "Pack luggage": "Alice goes to the bedroom to remove and fold patterned cloth from the curtains and walls. The girl in a brown leather jacket kneels by the bed using a computer. After other tasks, Alice returns to remove bed sheets and covers, folds them into small pieces, packs balcony clutter into bags, and puts everything into a suitcase.",
            "Eat wontons in the first-floor living room": "Alice sits at the first-floor living room table while the boy in a yellow T-shirt and gray shorts tidies the table. They open takeout packaging and eat, with Alice chatting while eating wontons. After eating, she puts tableware in a plastic bag on the table.",
            "Help remove cameras": "Alice goes to the second-floor living room to remove cameras from the air conditioner, doorframe, and kitchen wall. After doing other tasks, she continues removing cameras and brackets from the first-floor doorframe, kitchen wall, and air conditioner, placing the removed items on the first-floor living room table.",
            "Dine in the courtyard": "Alice and others sit by the courtyard table, open takeout packaging, and eat. Alice places rice on the table and uses chopsticks to pick up food, chatting while eating. She returns to the house once during the meal."
        },
        "choice_a": "Chat in the courtyard → Pack luggage",
        "choice_b": "Eat wontons in the first-floor living room → Help remove cameras",
        "choice_c": "Pack luggage → Chat in the courtyard",
        "choice_d": "Help remove cameras → Dine in the courtyard",
        "reason": "Eat sunflower seeds (13:06-13:27) → Rest in bed (13:28-15:01) → Chat in the courtyard (15:05-15:36) → Pack luggage (17:53-18:29)."
    },
    {
        "question_chinese": "Alice 在整理活动记录时说：“我先在院子里吃饭，接着躺在床上休息，之后在一楼客厅嗑瓜子，中间没有做其他事情。” 但朋友指出她的顺序有误，正确的事件顺序及错误分析是？",
        "events_description_chinese": {
            "在院子里吃饭": "alice和其他人坐在院子的桌子旁边，拆开外卖包装并吃饭。Alice将米饭放在桌子上，用右手拿筷子夹菜。大家一起一边聊天一边吃饭。期间Alice回了一趟屋子。",
            "躺在床上休息": "Alice到卧室，将窗帘挂上后躺在床上休息。穿着黑色T恤和蓝色长裤的女生一直在和Alice交谈，并也躺在了床上。Alice在床上玩着手机游戏，玩完之后躺在床上看手机。期间几次离开卧室到其他地方。后来Alice继续和穿着黑色T恤和蓝色长裤的女生躺在床上用各种姿势玩手机.",
            "在一楼客厅嗑瓜子": "Alice站在桌子边给别人分发瓜子，自己也在一边嗑瓜子一边和其他人聊天。后来Alice在房间里先是到处走动嗑瓜子，并帮其他人收拾房间，在穿着黑色长裤和蓝色牛仔外套的女生扫完地之后，Alice坐在客厅桌子旁边嗑瓜子。",
            "收拾一楼客厅的桌子": "Alice和黑色内搭穿着棕色皮夹克的女生一起收拾一楼客厅，期间她给一楼厨房和客厅交界处的黑色垃圾桶更换了垃圾袋。他们将桌子上的多余物品摆放在厨房台面等其他合适的位置，将桌子杂乱的物品摆放整洁，并将垃圾收集起来扔在纸箱里。在她的努力下，一楼客厅的桌子变得非常整洁。"
        },
        "choice_a_chinese": "正确：在院子里吃饭 → 躺在床上休息 → 在一楼客厅嗑瓜子 → 收拾一楼客厅的桌子\n错误原因：Alice 遗漏了 “收拾一楼客厅的桌子”。",
        "choice_b_chinese": "正确：在一楼客厅嗑瓜子 → 在院子里吃饭 → 躺在床上休息\n错误原因：Alice 颠倒了 “在一楼客厅嗑瓜子” 与 “在院子里吃饭”、“躺在床上休息” 的顺序",
        "choice_c_chinese": "正确：在院子里吃饭 → 收拾一楼客厅的桌子 → 在一楼客厅嗑瓜子 → 躺在床上休息\n错误原因：遗漏了 “收拾一楼客厅的桌子”，并颠倒了 “在一楼客厅嗑瓜子” 与 “躺在床上休息” 的顺序。",
        "choice_d_chinese": "正确：在院子里吃饭 → 在一楼客厅嗑瓜子\n错误原因：错误地增加了 “躺在床上休息”。",
        "answer": "C",
        "reason_chinese": "在院子里吃饭 (12:04-12:30)→收拾一楼客厅的桌子 (12:39-13:05)→在一楼客厅嗑瓜子 (13:06-13:27)→躺在床上休息 (13:28-15:01)。",
        "question": "Alice stated: \"I first dined in the courtyard, then rested in bed, and then ate sunflower seeds in the first-floor living room with nothing in between.\" Friends pointed out an error. What is the correct sequence and error analysis?",
        "events_description": {
            "Dine in the courtyard": "Alice and others sit by the courtyard table, open takeout packaging, and eat. Alice places rice on the table and uses chopsticks to pick up food, chatting while eating. She returns to the house once during the meal.",
            "Rest in bed": "Alice goes to the bedroom, hangs the curtains, and rests in bed. The girl in a black T-shirt and blue pants talks with Alice and also lies down. Alice plays mobile games and watches her phone in bed, leaving the bedroom several times. Later, she continues resting in various positions while using her phone with the girl in the black T-shirt and blue pants.",
            "Eat sunflower seeds in the first-floor living room": "Alice stands by the table distributing sunflower seeds, eating them while chatting with others. Later, she walks around the room eating seeds and helps clean up. After the girl in black pants and a blue denim jacket sweeps the floor, Alice sits by the living room table eating sunflower seeds.",
            "Tidy the first-floor living room table": "Alice and the girl in a brown leather jacket with a black inner tidy the first-floor living room, replacing the garbage bag in the black trash can at the junction of the first-floor kitchen and living room. They move extra items from the table to suitable places like the kitchen counter, organize the cluttered items, and collect trash into a cardboard box. The table becomes very tidy after their efforts."
        },
        "choice_a": "Correct: Dine in courtyard → Rest in bed → Eat sunflower seeds → Tidy living room table\nError: Alice omitted \"Tidy the first-floor living room table\"",
        "choice_b": "Correct: Eat sunflower seeds → Dine in courtyard → Rest in bed\nError: Alice reversed the order of \"Eat sunflower seeds\" with \"Dine in courtyard\" and \"Rest in bed\"",
        "choice_c": "Correct: Dine in courtyard → Tidy living room table → Eat sunflower seeds → Rest in bed\nError: Omitted \"Tidy the first-floor living room table\" and reversed the order of \"Eat sunflower seeds\" and \"Rest in bed\"",
        "choice_d": "Correct: Dine in courtyard → Eat sunflower seeds\nError: Incorrectly added \"Rest in bed\"",
        "reason": "Dine in the courtyard (12:04-12:30) → Tidy living room table (12:39-13:05) → Eat sunflower seeds (13:06-13:27) → Rest in bed (13:28-15:01)."
    },
    {
        "question_chinese": "Alice 的日记中记录了部分活动，中间有两处空缺需要补充：[收拾一楼客厅的桌子] → (?) → (?) → [在院子里闲聊] 。空缺处应依次填入哪两项？",
        "events_description_chinese": {
            "收拾一楼客厅的桌子": "Alice和黑色内搭穿着棕色皮夹克的女生一起收拾一楼客厅，期间她给一楼厨房和客厅交界处的黑色垃圾桶更换了垃圾袋。他们将桌子上的多余物品摆放在厨房台面等其他合适的位置，将桌子杂乱的物品摆放整洁，并将垃圾收集起来扔在纸箱里。在她的努力下，一楼客厅的桌子变得非常整洁。",
            "在一楼客厅嗑瓜子": "Alice站在桌子边给别人分发瓜子，自己也在一边嗑瓜子一边和其他人聊天。后来Alice在房间里先是到处走动嗑瓜子，并帮其他人收拾房间，在穿着黑色长裤和蓝色牛仔外套的女生扫完地之后，Alice坐在客厅桌子旁边嗑瓜子。",
            "躺在床上休息": "Alice到卧室，将窗帘挂上后躺在床上休息。穿着黑色T恤和蓝色长裤的女生一直在和Alice交谈，并也躺在了床上。Alice在床上玩着手机游戏，玩完之后躺在床上看手机。期间几次离开卧室到其他地方。后来Alice继续和穿着黑色T恤和蓝色长裤的女生躺在床上用各种姿势玩手机.",
            "在院子里闲聊": "Alice来到院子在桌子旁边坐下，和穿着棕色皮夹克和蓝色长裤的女生交谈。期间他们和一位穿着黄色T恤和灰色短裤的男生一起喝了果汁。后来男生离开，穿着黑色内搭和蓝色牛仔外套的女生坐过来。三人一起愉快聊天。穿着黑色内搭和蓝色牛仔外套的女生离开后，穿着黄色T恤和灰色短裤的男生又回来了。他们一起聊天并用石子儿进行了游戏。",
            "在一楼客厅吃馄饨": "Alice坐在一楼客厅桌子旁边，穿着黄色T恤和灰色短裤的男生正在收拾桌子。大家解开外卖包装袋，并吃饭。Alice一边吃着馄饨一边和其他人聊天。吃完后Alice将餐具装在塑料袋里放在桌子上。",
            "帮忙拆摄像头": "Alice来到二楼客厅，将空调上、门框上、厨房墙壁上的摄像头拆掉。然后她去做了其他事，忙完之后Alice继续拆下一楼门框上、一楼厨房墙壁上、空调上的摄像头和支架，并将拆下的东西放在一楼客厅的桌子上。",
            "在院子里吃饭": "alice和其他人坐在院子的桌子旁边，拆开外卖包装并吃饭。Alice将米饭放在桌子上，用右手拿筷子夹菜。大家一起一边聊天一边吃饭。期间Alice回了一趟屋子。",
            "收拾行李": "Alice来到卧室将窗帘和墙壁的带有图案的布取下并折叠好。期间穿着棕色皮夹克的女生跪在床边使用电脑。在忙完其他事之后，Alice回到卧室取下床单被罩并将床铺整理整齐。Alice将床单等东西折叠成小块，将阳台的杂物装到袋子里，并一起装进行李箱。"
        },
        "choice_a_chinese": "在一楼客厅吃馄饨 → 帮忙拆摄像头",
        "choice_b_chinese": "在院子里吃饭 → 收拾行李",
        "choice_c_chinese": "收拾行李 → 在床上休息",
        "choice_d_chinese": "在一楼客厅嗑瓜子 → 躺在床上休息",
        "answer": "D",
        "reason_chinese": "收拾一楼客厅的桌子 (12:39-13:05)→在一楼客厅嗑瓜子 (13:06-13:27)→躺在床上休息 (13:28-15:01)→在院子里闲聊 (15:05-15:36)。",
        "question": "There are two missing parts in Alice's diary: [Tidy the first-floor living room table] → (?) → (?) → [Chat in the courtyard]. What two events should fill the gaps in order?",
        "events_description": {
            "Tidy the first-floor living room table": "Alice and the girl in a brown leather jacket with a black inner tidy the first-floor living room, replacing the garbage bag in the black trash can at the junction of the first-floor kitchen and living room. They move extra items from the table to suitable places like the kitchen counter, organize the cluttered items, and collect trash into a cardboard box. The table becomes very tidy after their efforts.",
            "Eat sunflower seeds in the first-floor living room": "Alice stands by the table distributing sunflower seeds, eating them while chatting with others. Later, she walks around the room eating seeds and helps clean up. After the girl in black pants and a blue denim jacket sweeps the floor, Alice sits by the living room table eating sunflower seeds.",
            "Rest in bed": "Alice goes to the bedroom, hangs the curtains, and rests in bed. The girl in a black T-shirt and blue pants talks with Alice and also lies down. Alice plays mobile games and watches her phone in bed, leaving the bedroom several times. Later, she continues resting in various positions while using her phone with the girl in the black T-shirt and blue pants.",
            "Chat in the courtyard": "Alice sits by the courtyard table and talks with the girl in a brown leather jacket and blue pants. They drink juice with a boy in a yellow T-shirt and gray shorts. After the boy leaves, the girl in a black inner and blue denim jacket joins them, and the three chat happily. When she leaves, the boy returns, and they chat and play games with stones.",
            "Eat wontons in the first-floor living room": "Alice sits at the first-floor living room table while the boy in a yellow T-shirt and gray shorts tidies the table. They open takeout packaging and eat, with Alice chatting while eating wontons. After eating, she puts tableware in a plastic bag on the table.",
            "Help remove cameras": "Alice goes to the second-floor living room to remove cameras from the air conditioner, doorframe, and kitchen wall. After doing other tasks, she continues removing cameras and brackets from the first-floor doorframe, kitchen wall, and air conditioner, placing the removed items on the first-floor living room table.",
            "Dine in the courtyard": "Alice and others sit by the courtyard table, open takeout packaging, and eat. Alice places rice on the table and uses chopsticks to pick up food, chatting while eating. She returns to the house once during the meal.",
            "Pack luggage": "Alice goes to the bedroom to remove and fold patterned cloth from the curtains and walls. The girl in a brown leather jacket kneels by the bed using a computer. After other tasks, Alice returns to remove bed sheets and covers, folds them into small pieces, packs balcony clutter into bags, and puts everything into a suitcase."
        },
        "choice_a": "Eat wontons in the first-floor living room → Help remove cameras",
        "choice_b": "Dine in the courtyard → Pack luggage",
        "choice_c": "Pack luggage → Rest in bed",
        "choice_d": "Eat sunflower seeds in the first-floor living room → Rest in bed",
        "reason": "Tidy living room table (12:39-13:05) → Eat sunflower seeds (13:06-13:27) → Rest in bed (13:28-15:01) → Chat in the courtyard (15:05-15:36)."
    }
]