[
    {
        "question_chinese": "Alice 需要核对下午 12:25 至 17:15 的活动流程，以下哪组事件的排序是正确的？\n\na. 整理床铺\n\nb. 坐在二楼客厅沙发休息\n\nc. 麻薯面团揉制和滚麻薯球\n\nd. 蛋挞装饰\n\ne. 参与派对活动",
        "events_description_chinese": {
            "整理床铺": "Alice到室外取晾干的床单被罩，将床单铺在卧室的床上并给被子套上被罩。在忙完其他事之后，她给枕头装上枕套，并把床收拾整洁。",
            "坐在二楼客厅沙发休息": "Alice来到二楼客厅的沙发坐下，看着其他人在调试设备。期间Alice也下楼了几趟并给纸片粘贴双面胶。Alice坐在沙发上刷了一会儿手机，但是更多时候在静静躺下什么也没干。窗户的光照的屋里很明亮",
            "麻薯面团揉制和滚麻薯球": "Alice在一楼客厅的桌子上用筷子搅拌碗里的麻薯面团。完成搅拌并简单休息后，她戴上手套，用手揉捏麻薯面团。完成揉制后，Alice将面团撕成小块，放在碗里，由白色内搭绿色外套的女生滚麻薯球。",
            "蛋挞装饰": "Alice在一楼客厅桌子旁边将奶油装进袋子里，并到一楼厨房将草莓切开。然后Alice协助白色内搭绿色外套的女生给蛋挞加奶油和草莓。",
            "参与派对活动": "Alice在二楼客厅坐下，参与举办的视频问答、拍卖会等活动。穿着白色T恤和卡其色长裤的男生主持活动。Alice在拍卖会期间走到前面介绍自己的纸箱狗。同伴也举行了拍照和唱歌"
        },
        "choice_a_chinese": "a→c→d→e",
        "choice_b_chinese": "b→c→d→e",
        "choice_c_chinese": "d→e→b→c",
        "choice_d_chinese": "c→b→a→d",
        "answer": "B",
        "reason_chinese": "坐在二楼客厅沙发休息 (12:25-13:02)→麻薯面团揉制和滚麻薯球 (14:24-15:17)→蛋挞装饰 (15:48-16:11)→参与派对活动 (16:16-17:14)。其中 “整理床铺”(10:02-10:40) 属于干扰项，发生在目标时间段外。",
        "question": "Alice needs to verify the activity sequence from 12:25 PM to 5:15 PM. Which of the following event sequences is correct?\n\na. Make the bed\n\nb. Rest on the second-floor living room sofa\n\nc. Knead mochi dough and roll mochi balls\n\nd. Decorate egg tarts\n\ne. Participate in party activities",
        "events_description": {
            "Make the bed": "Alice goes outside to get the dried bed sheets and quilt covers, spreads the sheet on the bedroom bed, and puts the quilt cover on the quilt. After finishing other tasks, she puts pillowcases on the pillows and tidies the bed.",
            "Rest on the second-floor living room sofa": "Alice sits on the sofa in the second-floor living room, watching others debug equipment. She goes downstairs several times to stick double-sided tape on paper. Alice scrolls through her phone for a while but mostly lies down doing nothing. The room is bright from the window light.",
            "Knead mochi dough and roll mochi balls": "Alice stirs the mochi dough in a bowl with chopsticks at the first-floor living room table. After stirring and a short rest, she puts on gloves to knead the dough by hand. Once kneaded, she tears the dough into small pieces and places them in a bowl for the girl in a green jacket with a white inner to roll into mochi balls.",
            "Decorate egg tarts": "Alice fills a bag with cream at the first-floor living room table, goes to the first-floor kitchen to cut strawberries, and assists the girl in a green jacket with a white inner in adding cream and strawberries to the egg tarts.",
            "Participate in party activities": "Alice sits in the second-floor living room and joins activities like video quizzes and auctions hosted by a boy in a white T-shirt and khaki pants. She introduces her paper box dog during the auction, and companions take photos and sing."
        },
        "choice_a": "a→c→d→e",
        "choice_b": "b→c→d→e",
        "choice_c": "d→e→b→c",
        "choice_d": "c→b→a→d",
        "reason": "Rest on the second-floor sofa (12:25-13:02) → Knead mochi dough (14:24-15:17) → Decorate egg tarts (15:48-16:11) → Participate in party activities (16:16-17:14). \"Make the bed\" (10:02-10:40) is a distraction outside the target time period."
    },
    {
        "question_chinese": "Alice 在笔记本上记录了傍晚至晚间的活动：[参与派对活动 → 户外散步 → 聆听吉他弹唱 → 在院子聊天和休息]，这些事情发生的正确时间段是？",
        "events_description_chinese": {
            "参与派对活动": "Alice在二楼客厅坐下，参与举办的视频问答、拍卖会等活动。穿着白色T恤和卡其色长裤的男生主持活动。Alice在拍卖会期间走到前面介绍自己的纸箱狗。同伴也举行了拍照和唱歌",
            "户外散步": "Alice和同伴离开家，穿过小巷。外面一片漆黑，Alice和同伴沿着马路走到市区散步。散完步后他们回到了家里。",
            "聆听吉他弹唱": "Alice来到二楼客厅，大家坐在客厅里举行活动。前面有一个人正在唱歌，白色衣服的男生在弹吉他和唱歌。Alice在后面观看，时不时用手机拍照。",
            "在院子聊天和休息": "Alice来到院子里，院子的桌子上摆满了盘子。Alice和同伴坐在桌子旁边，一边吃东西一边和同伴们聊天。大家聚在院子里愉快地聊着天。期间Alice回了一趟屋子。"
        },
        "choice_a_chinese": "16:15-21:30",
        "choice_b_chinese": "15:30-19:00",
        "choice_c_chinese": "17:20-20:00",
        "choice_d_chinese": "18:00-21:00",
        "answer": "A",
        "reason_chinese": "参与派对活动 (16:16-17:14)→户外散步 (19:31-19:55)→聆听吉他弹唱 (19:58-20:53)→在院子聊天和休息 (20:57-21:35)，完整覆盖 16:16 至 21:35。",
        "question": "Alice recorded evening activities in her notebook: [Participate in party activities → Outdoor walk → Listen to guitar singing → Chat and rest in the courtyard]. What is the correct time period for these events?",
        "events_description": {
            "Participate in party activities": "Alice sits in the second-floor living room and joins activities like video quizzes and auctions hosted by a boy in a white T-shirt and khaki pants. She introduces her paper box dog during the auction, and companions take photos and sing.",
            "Outdoor walk": "Alice and her companions leave home, cross the alley, and walk along the road to the city area in the dark. They return home after the walk.",
            "Listen to guitar singing": "Alice goes to the second-floor living room where everyone is gathered. A boy in white sings and plays the guitar at the front, while Alice watches from the back and takes photos with her phone from time to time.",
            "Chat and rest in the courtyard": "Alice goes to the courtyard where the table is filled with plates. She sits with companions, eating and chatting happily. She returns to the house once during the gathering."
        },
        "choice_a": "16:15-21:30",
        "choice_b": "15:30-19:00",
        "choice_c": "17:20-20:00",
        "choice_d": "18:00-21:00",
        "reason": "Participate in party activities (16:16-17:14) → Outdoor walk (19:31-19:55) → Listen to guitar singing (19:58-20:53) → Chat and rest in the courtyard (20:57-21:35), fully covering 16:16 to 21:35."
    },
    {
        "question_chinese": "Alice 需要为下午的活动匹配具体时间段：\n[坐在二楼客厅沙发休息 → 麻薯面团揉制和滚麻薯球 → 协助进行蛋挞装饰 → 参与派对活动]\n时间选项：\n\na. 10:00~10:40\n\nb. 14:30~15:20\n\nc. 12:25~13:00\n\nd. 15:50~16:10\n\ne. 16:15~17:15\n\nf. 11:45~12:20",
        "events_description_chinese": {
            "坐在二楼客厅沙发休息": "Alice来到二楼客厅的沙发坐下，看着其他人在调试设备。期间Alice也下楼了几趟并给纸片粘贴双面胶。Alice坐在沙发上刷了一会儿手机，但是更多时候在静静躺下什么也没干。窗户的光照的屋里很明亮",
            "麻薯面团揉制和滚麻薯球": "Alice在一楼客厅的桌子上用筷子搅拌碗里的麻薯面团。完成搅拌并简单休息后，她戴上手套，用手揉捏麻薯面团。完成揉制后，Alice将面团撕成小块，放在碗里，由白色内搭绿色外套的女生滚麻薯球。",
            "协助进行蛋挞装饰": "Alice在一楼客厅桌子旁边将奶油装进袋子里，并到一楼厨房将草莓切开。然后Alice协助白色内搭绿色外套的女生给蛋挞加奶油和草莓。",
            "参与派对活动": "Alice在二楼客厅坐下，参与举办的视频问答、拍卖会等活动。穿着白色T恤和卡其色长裤的男生主持活动。Alice在拍卖会期间走到前面介绍自己的纸箱狗。同伴也举行了拍照和唱歌"
        },
        "choice_a_chinese": "1→a / 2→b / 3→d / 4→e",
        "choice_b_chinese": "1→f / 2→c / 3→b / 4→d",
        "choice_c_chinese": "1→c / 2→b / 3→d / 4→e",
        "choice_d_chinese": "1→d / 2→e / 3→a / 4→f",
        "answer": "C",
        "reason_chinese": "坐在二楼客厅沙发休息 (12:25-13:02)→麻薯面团揉制和滚麻薯球 (14:24-15:17)→协助进行蛋挞装饰 (15:48-16:11)→参与派对活动 (16:16-17:14)。",
        "question": "Alice needs to match specific time slots for afternoon activities: \n[Rest on second-floor sofa → Knead mochi dough → Assist in decorating egg tarts → Participate in party activities]\nTime options:\n\na. 10:00~10:40\n\nb. 14:30~15:20\n\nc. 12:25~13:00\n\nd. 15:50~16:10\n\ne. 16:15~17:15\n\nf. 11:45~12:20",
        "events_description": {
            "Rest on the second-floor living room sofa": "Alice sits on the sofa in the second-floor living room, watching others debug equipment. She goes downstairs several times to stick double-sided tape on paper. Alice scrolls through her phone for a while but mostly lies down doing nothing. The room is bright from the window light.",
            "Knead mochi dough and roll mochi balls": "Alice stirs the mochi dough in a bowl with chopsticks at the first-floor living room table. After stirring and a short rest, she puts on gloves to knead the dough by hand. Once kneaded, she tears the dough into small pieces and places them in a bowl for the girl in a green jacket with a white inner to roll into mochi balls.",
            "Assist in decorating egg tarts": "Alice fills a bag with cream at the first-floor living room table, goes to the first-floor kitchen to cut strawberries, and assists the girl in a green jacket with a white inner in adding cream and strawberries to the egg tarts.",
            "Participate in party activities": "Alice sits in the second-floor living room and joins activities like video quizzes and auctions hosted by a boy in a white T-shirt and khaki pants. She introduces her paper box dog during the auction, and companions take photos and sing."
        },
        "choice_a": "1→a / 2→b / 3→d / 4→e",
        "choice_b": "1→f / 2→c / 3→b / 4→d",
        "choice_c": "1→c / 2→b / 3→d / 4→e",
        "choice_d": "1→d / 2→e / 3→a / 4→f",
        "reason": "Rest on second-floor sofa (12:25-13:02) → Knead mochi dough (14:24-15:17) → Assist in decorating egg tarts (15:48-16:11) → Participate in party activities (16:16-17:14)."
    },
    {
        "question_chinese": "Alice 记得自己先 “协助进行蛋挞装饰” 然后 “参与派对活动”，之后紧接着发生的两件事是什么？",
        "events_description_chinese": {
            "协助进行蛋挞装饰": "Alice在一楼客厅桌子旁边将奶油装进袋子里，并到一楼厨房将草莓切开。然后Alice协助白色内搭绿色外套的女生给蛋挞加奶油和草莓。",
            "参与派对活动": "Alice在二楼客厅坐下，参与举办的视频问答、拍卖会等活动。穿着白色T恤和卡其色长裤的男生主持活动。Alice在拍卖会期间走到前面介绍自己的纸箱狗。同伴也举行了拍照和唱歌",
            "在院子聊天和休息": "Alice来到院子里，院子的桌子上摆满了盘子。Alice和同伴坐在桌子旁边，一边吃东西一边和同伴们聊天。大家聚在院子里愉快地聊着天。期间Alice回了一趟屋子。",
            "户外散步": "Alice和同伴离开家，穿过小巷。外面一片漆黑，Alice和同伴沿着马路走到市区散步。散完步后他们回到了家里。",
            "整理床铺": "Alice到室外取晾干的床单被罩，将床单铺在卧室的床上并给被子套上被罩。在忙完其他事之后，她给枕头装上枕套，并把床收拾整洁。",
            "聆听吉他弹唱": "Alice来到二楼客厅，大家坐在客厅里举行活动。前面有一个人正在唱歌，白色衣服的男生在弹吉他和唱歌。Alice在后面观看，时不时用手机拍照。"
        },
        "choice_a_chinese": "在院子聊天和休息 → 户外散步",
        "choice_b_chinese": "整理床铺 → 聆听吉他弹唱",
        "choice_c_chinese": "参与派对活动 → 户外散步",
        "choice_d_chinese": "户外散步 → 聆听吉他弹唱",
        "answer": "D",
        "reason_chinese": "协助进行蛋挞装饰 (15:48-16:11)→参与派对活动 (16:16-17:14)→户外散步 (19:31-19:55)→聆听吉他弹唱 (19:58-20:53)。",
        "question": "Alice remembers doing \"Assist in decorating egg tarts\" first, then \"Participate in party activities\". What are the two events that follow immediately?",
        "events_description": {
            "Assist in decorating egg tarts": "Alice fills a bag with cream at the first-floor living room table, goes to the first-floor kitchen to cut strawberries, and assists the girl in a green jacket with a white inner in adding cream and strawberries to the egg tarts.",
            "Participate in party activities": "Alice sits in the second-floor living room and joins activities like video quizzes and auctions hosted by a boy in a white T-shirt and khaki pants. She introduces her paper box dog during the auction, and companions take photos and sing.",
            "Chat and rest in the courtyard": "Alice goes to the courtyard where the table is filled with plates. She sits with companions, eating and chatting happily. She returns to the house once during the gathering.",
            "Outdoor walk": "Alice and her companions leave home, cross the alley, and walk along the road to the city area in the dark. They return home after the walk.",
            "Make the bed": "Alice goes outside to get the dried bed sheets and quilt covers, spreads the sheet on the bedroom bed, and puts the quilt cover on the quilt. After finishing other tasks, she puts pillowcases on the pillows and tidies the bed.",
            "Listen to guitar singing": "Alice goes to the second-floor living room where everyone is gathered. A boy in white sings and plays the guitar at the front, while Alice watches from the back and takes photos with her phone from time to time."
        },
        "choice_a": "Chat and rest in the courtyard → Outdoor walk",
        "choice_b": "Make the bed → Listen to guitar singing",
        "choice_c": "Participate in party activities → Outdoor walk",
        "choice_d": "Outdoor walk → Listen to guitar singing",
        "reason": "Assist in decorating egg tarts (15:48-16:11) → Participate in party activities (16:16-17:14) → Outdoor walk (19:31-19:55) → Listen to guitar singing (19:58-20:53)."
    },
    {
        "question_chinese": "Alice 在整理活动记录时说：“我先进行了剪纸制作，接着坐在二楼客厅沙发休息，之后开始揉制麻薯面团，中间没有做其他事情。” 但朋友指出她的顺序有误，正确的事件顺序及错误分析是？",
        "events_description_chinese": {
            "剪纸制作": "Alice到二楼客厅，在客厅和厨房的交界处，和黑色内搭蓝色牛仔外套的女生一起，用剪子把卡纸上的图案裁剪下来。这些图案包括小动物、星星、英文字母等图案。",
            "坐在二楼客厅沙发休息": "Alice来到二楼客厅的沙发坐下，看着其他人在调试设备。期间Alice也下楼了几趟并给纸片粘贴双面胶。Alice坐在沙发上刷了一会儿手机，但是更多时候在静静躺下什么也没干。窗户的光照的屋里很明亮",
            "麻薯面团揉制和滚麻薯球": "Alice在一楼客厅的桌子上用筷子搅拌碗里的麻薯面团。完成搅拌并简单休息后，她戴上手套，用手揉捏麻薯面团。完成揉制后，Alice将面团撕成小块，放在碗里，由白色内搭绿色外套的女生滚麻薯球。",
            "装饰卧室": "Alice来到卧室，给卧室进行装饰。她给小圆桌添加了桌布，用双面胶给墙上粘贴了带有图画的布，用双面胶给窗户粘贴了窗帘，并用灯带装饰床头部分。整理完卧室后，她还用手机拍了照。",
            "协助进行蛋挞装饰": "Alice在一楼客厅桌子旁边将奶油装进袋子里，并到一楼厨房将草莓切开。然后Alice协助白色内搭绿色外套的女生给蛋挞加奶油和草莓。"
        },
        "choice_a_chinese": "正确：剪纸制作 → 装饰卧室 → 坐在二楼客厅沙发休息 → 麻薯面团揉制和滚麻薯球\n错误原因：Alice 遗漏了 “装饰卧室” 事件",
        "choice_b_chinese": "正确：剪纸制作 → 麻薯面团揉制和滚麻薯球\n错误原因：Alice 错误地增加了 “坐在二楼客厅沙发休息”。",
        "choice_c_chinese": "正确：剪纸制作 → 协助进行蛋挞装饰 → 坐在二楼客厅沙发休息 → 麻薯面团揉制和滚麻薯球\n错误原因：Alice 遗漏了 “协助进行蛋挞装饰”。",
        "choice_d_chinese": "正确：装饰卧室 → 坐在二楼客厅沙发休息 → 麻薯面团揉制和滚麻薯球\n错误原因：Alice 遗漏了 “装饰卧室”，并错误地增加了 “剪纸制作”。",
        "answer": "A",
        "reason_chinese": "剪纸制作 (11:06-11:42)→装饰卧室 (11:45-12:22)→坐在二楼客厅沙发休息 (12:25-13:02)→麻薯面团揉制和滚麻薯球 (14:24-15:17)。",
        "question": "Alice stated: \"I first did paper cutting, then rested on the second-floor sofa, and then started kneading mochi dough with nothing in between.\" Friends pointed out an error. What is the correct sequence and error analysis?",
        "events_description": {
            "Paper cutting": "Alice goes to the second-floor living room, works at the junction of the living room and kitchen with the girl in a blue denim jacket and black inner, cutting patterns like animals, stars, and letters from cardboard with scissors.",
            "Rest on the second-floor living room sofa": "Alice sits on the sofa in the second-floor living room, watching others debug equipment. She goes downstairs several times to stick double-sided tape on paper. Alice scrolls through her phone for a while but mostly lies down doing nothing. The room is bright from the window light.",
            "Knead mochi dough and roll mochi balls": "Alice stirs the mochi dough in a bowl with chopsticks at the first-floor living room table. After stirring and a short rest, she puts on gloves to knead the dough by hand. Once kneaded, she tears the dough into small pieces and places them in a bowl for the girl in a green jacket with a white inner to roll into mochi balls.",
            "Decorate the bedroom": "Alice decorates her bedroom by adding a tablecloth to the small round table, pasting picture cloth on the wall with double-sided tape, attaching curtains to the window, and decorating the headboard with string lights. She takes photos of the bedroom after tidying up.",
            "Assist in decorating egg tarts": "Alice fills a bag with cream at the first-floor living room table, goes to the first-floor kitchen to cut strawberries, and assists the girl in a green jacket with a white inner in adding cream and strawberries to the egg tarts."
        },
        "choice_a": "Correct: Paper cutting → Decorate bedroom → Rest on second-floor sofa → Knead mochi dough\nError: Alice omitted the \"Decorate bedroom\" event",
        "choice_b": "Correct: Paper cutting → Knead mochi dough\nError: Alice incorrectly added \"Rest on second-floor sofa\"",
        "choice_c": "Correct: Paper cutting → Assist in decorating egg tarts → Rest on second-floor sofa → Knead mochi dough\nError: Alice omitted \"Assist in decorating egg tarts\"",
        "choice_d": "Correct: Decorate bedroom → Rest on second-floor sofa → Knead mochi dough\nError: Alice omitted \"Decorate bedroom\" and incorrectly added \"Paper cutting\"",
        "reason": "Paper cutting (11:06-11:42) → Decorate bedroom (11:45-12:22) → Rest on second-floor sofa (12:25-13:02) → Knead mochi dough (14:24-15:17)."
    },
    {
        "question_chinese": "Alice 的日记中记录了部分活动，中间有一处空缺需要补充：[麻薯面团揉制和滚麻薯球 → 协助进行蛋挞装饰] → (?) → [户外散步] 。空缺处应填入哪项？",
        "events_description_chinese": {
            "麻薯面团揉制和滚麻薯球": "Alice在一楼客厅的桌子上用筷子搅拌碗里的麻薯面团。完成搅拌并简单休息后，她戴上手套，用手揉捏麻薯面团。完成揉制后，Alice将面团撕成小块，放在碗里，由白色内搭绿色外套的女生滚麻薯球。",
            "协助进行蛋挞装饰": "Alice在一楼客厅桌子旁边将奶油装进袋子里，并到一楼厨房将草莓切开。然后Alice协助白色内搭绿色外套的女生给蛋挞加奶油和草莓。",
            "剪纸制作": "Alice到二楼客厅，在客厅和厨房的交界处，和黑色内搭蓝色牛仔外套的女生一起，用剪子把卡纸上的图案裁剪下来。这些图案包括小动物、星星、英文字母等图案。",
            "参与派对活动": "Alice在二楼客厅坐下，参与举办的视频问答、拍卖会等活动。穿着白色T恤和卡其色长裤的男生主持活动。Alice在拍卖会期间走到前面介绍自己的纸箱狗。同伴也举行了拍照和唱歌",
            "装饰卧室": "Alice来到卧室，给卧室进行装饰。她给小圆桌添加了桌布，用双面胶给墙上粘贴了带有图画的布，用双面胶给窗户粘贴了窗帘，并用灯带装饰床头部分。整理完卧室后，她还用手机拍了照。",
            "聆听吉他弹唱": "Alice来到二楼客厅，大家坐在客厅里举行活动。前面有一个人正在唱歌，白色衣服的男生在弹吉他和唱歌。Alice在后面观看，时不时用手机拍照。"
        },
        "choice_a_chinese": "剪纸制作",
        "choice_b_chinese": "参与派对活动",
        "choice_c_chinese": "装饰卧室 → 坐在二楼客厅沙发休息",
        "choice_d_chinese": "聆听吉他弹唱",
        "answer": "B",
        "reason_chinese": "麻薯面团揉制和滚麻薯球 (14:24-15:17)→协助进行蛋挞装饰 (15:48-16:11)→参与派对活动 (16:16-17:14)→户外散步 (19:31-19:55)。",
        "question": "There is a missing part in Alice's diary: [Knead mochi dough → Assist in decorating egg tarts] → (?) → [Outdoor walk]. What event should fill the gap?",
        "events_description": {
            "Knead mochi dough and roll mochi balls": "Alice stirs the mochi dough in a bowl with chopsticks at the first-floor living room table. After stirring and a short rest, she puts on gloves to knead the dough by hand. Once kneaded, she tears the dough into small pieces and places them in a bowl for the girl in a green jacket with a white inner to roll into mochi balls.",
            "Assist in decorating egg tarts": "Alice fills a bag with cream at the first-floor living room table, goes to the first-floor kitchen to cut strawberries, and assists the girl in a green jacket with a white inner in adding cream and strawberries to the egg tarts.",
            "Paper cutting": "Alice goes to the second-floor living room, works at the junction of the living room and kitchen with the girl in a blue denim jacket and black inner, cutting patterns like animals, stars, and letters from cardboard with scissors.",
            "Participate in party activities": "Alice sits in the second-floor living room and joins activities like video quizzes and auctions hosted by a boy in a white T-shirt and khaki pants. She introduces her paper box dog during the auction, and companions take photos and sing.",
            "Decorate the bedroom": "Alice decorates her bedroom by adding a tablecloth to the small round table, pasting picture cloth on the wall with double-sided tape, attaching curtains to the window, and decorating the headboard with string lights. She takes photos of the bedroom after tidying up.",
            "Listen to guitar singing": "Alice goes to the second-floor living room where everyone is gathered. A boy in white sings and plays the guitar at the front, while Alice watches from the back and takes photos with her phone from time to time."
        },
        "choice_a": "Paper cutting",
        "choice_b": "Participate in party activities",
        "choice_c": "Decorate bedroom → Rest on second-floor sofa",
        "choice_d": "Listen to guitar singing",
        "reason": "Knead mochi dough (14:24-15:17) → Assist in decorating egg tarts (15:48-16:11) → Participate in party activities (16:16-17:14) → Outdoor walk (19:31-19:55)."
    }
]