[
    {
        "question_chinese": "Alice 需要梳理下午 16:50 至 20:55 的活动流程，以下哪组事件的排序是正确的？\n\na. 吃零食\n\nb. 装饰纸盒狗\n\nc. 整理快递并装饰卧室\n\nd. 吃饭\n\ne. 观看并辅助同伴制作甜品\n\nf. 在二楼客厅坐着休息",
        "events_description_chinese": {
            "吃零食": "在Alice在一楼客厅桌子上使用电脑的时候，其他人提着物资到客厅，把物资放在桌子上。Allice帮他们整理物资，并打开零食包装吃了起来。期间她嗑起了瓜子。",
            "装饰纸盒狗": "Alice坐在一楼客厅桌子旁边观看纸盒做的狗，她制作了一个纸花插在纸盒狗的头上用来装饰纸盒狗，但她对此并不满意，她从花瓶里取了一个纸花粘在纸盒狗上。",
            "整理快递并装饰卧室": "Alic来到院子检查自己的快递，并将快递拆开，用里面的物资装饰自己的卧室。她将假花挂在台灯上，将桌布铺在桌子上，将床单放到洗衣机里，铺上地毯并将挂画粘贴在墙上。",
            "吃饭": "Alice坐到二楼客厅的桌子旁边， 取筷子，并打开了外卖包裹。大家一起在桌子旁边一边吃饭一边聊天",
            "观看并辅助同伴制作甜品": "Alice观看同伴在一楼客厅桌子周围制作蛋挞等烘焙，并帮助澳门取各种调料或者工具。期间她给制作好的食物拍照。后来，Alice还帮助同伴制作提拉米苏，帮助他们把用咖啡浸泡手指饼干。",
            "在二楼客厅坐着休息": "Alice坐在二楼客厅和厨房交界处的地面上休息，同时和他人聊天。紫色T恤的男生坐在卧室门前的地方，其他人坐在沙发上。"
        },
        "choice_a_chinese": "a→c→e",
        "choice_b_chinese": "b→d→f",
        "choice_c_chinese": "e→a→c",
        "choice_d_chinese": "f→b→d",
        "answer": "A",
        "reason_chinese": "吃零食 (16:52-18:11)→整理快递并装饰卧室 (18:20-19:01)→观看并辅助同伴制作甜品 (20:21-20:55)。其中 “装饰纸盒狗”(11:26-11:45)、“吃饭”(12:09-12:29)、“在二楼客厅坐着休息”(12:42-12:53) 属于干扰项，发生在目标时间段外。",
        "question": "Alice needs to sort the activity sequence from 4:50 PM to 8:55 PM. Which of the following event sequences is correct?\n\na. Eat snacks\n\nb. Decorate a paper box dog\n\nc. Sort packages and decorate the bedroom\n\nd. Have a meal\n\ne. Watch and assist companions in making desserts\n\nf. Sit and rest in the second-floor living room",
        "events_description": {
            "Eat snacks": "While Alice uses a computer at the first-floor living room table, others bring supplies into the living room and place them on the table. Alice helps organize the supplies and opens a snack package to eat, popping sunflower seeds during the process.",
            "Decorate a paper box dog": "Alice sits by the first-floor living room table and views a dog made from a paper box. She makes a paper flower and inserts it into the dog's head for decoration, but unsatisfied, she takes a paper flower from a vase and glues it to the box dog.",
            "Sort packages and decorate the bedroom": "Alice goes to the courtyard to check her packages, opens them, and uses the contents to decorate her bedroom. She hangs fake flowers on the lamp, lays a tablecloth on the desk, puts the bed sheet in the washing machine, lays a carpet, and pastes wall art on the wall.",
            "Have a meal": "Alice sits at the second-floor living room table, takes chopsticks, and opens a takeout package. Everyone eats and chats together at the table.",
            "Watch and assist in making desserts": "Alice watches companions make baked goods like egg tarts around the first-floor living room table, helping them fetch seasonings and tools. She takes photos of the finished food and later helps make tiramisu by soaking ladyfingers in coffee.",
            "Sit and rest in the second-floor living room": "Alice rests on the floor at the junction of the second-floor living room and kitchen, chatting with others. The boy in a purple T-shirt sits by the bedroom door, while others sit on the sofa."
        },
        "choice_a": "a→c→e",
        "choice_b": "b→d→f",
        "choice_c": "e→a→c",
        "choice_d": "f→b→d",
        "reason": "Eat snacks (16:52-18:11) → Sort packages and decorate bedroom (18:20-19:01) → Watch and assist in making desserts (20:21-20:55). \"Decorate paper box dog\" (11:26-11:45), \"Have a meal\" (12:09-12:29), and \"Sit and rest in second-floor living room\" (12:42-12:53) are distractions outside the target time period."
    },
    {
        "question_chinese": "Alice 在笔记本上记录了今天的部分活动：[吃饭 → 收拾客厅的桌子 → 在院子里休息 → 观看并辅助同伴制作甜品]，这些事情发生的正确时间段是？",
        "events_description_chinese": {
            "吃饭": "Alice坐到二楼客厅的桌子旁边， 取筷子，并打开了外卖包裹。大家一起在桌子旁边一边吃饭一边聊天",
            "收拾客厅的桌子": "Alice在一楼客厅整理桌子。她餐桌上的餐具厨具拿到厨房，并整理桌子上的杂物，将食物放在冰箱里，杂物放在其他合适的位置如置物架。Alice将杂乱的物品分类摆仿，垃圾扔到垃圾桶里。在她的整理下，杂乱的桌子逐渐变得整洁。",
            "在院子里休息": "Alice来到院子里，坐在桌子旁边的椅子上。她在桌子旁边玩手机，期间有人进入原子收拾垃圾桶里的垃圾。玩了一会手机之后，Alice起身离开。",
            "观看并辅助同伴制作甜品": "Alice观看同伴在一楼客厅桌子周围制作蛋挞等烘焙，并帮助澳门取各种调料或者工具。期间她给制作好的食物拍照。后来，Alice还帮助同伴制作提拉米苏，帮助他们把用咖啡浸泡手指饼干。"
        },
        "choice_a_chinese": "11:00-13:30",
        "choice_b_chinese": "12:10-20:55",
        "choice_c_chinese": "15:00-17:30",
        "choice_d_chinese": "18:00-21:00",
        "answer": "B",
        "reason_chinese": "吃饭 (12:09-12:29)→收拾客厅的桌子 (15:55-16:09)→在院子里休息 (16:17-16:34)→观看并辅助同伴制作甜品 (20:21-20:55)，完整覆盖 12:09 至 20:55。",
        "question": "Alice recorded some today's activities in her notebook: [Have a meal → Tidy the living room table → Rest in the courtyard → Watch and assist in making desserts]. What is the correct time period for these events?",
        "events_description": {
            "Have a meal": "Alice sits at the second-floor living room table, takes chopsticks, and opens a takeout package. Everyone eats and chats together at the table.",
            "Tidy the living room table": "Alice organizes the first-floor living room table, taking tableware and kitchen utensils to the kitchen, sorting clutter, storing food in the fridge, and placing杂物 on shelves. She categorizes items and throws trash into the bin, gradually tidying the cluttered table.",
            "Rest in the courtyard": "Alice goes to the courtyard and sits on a chair by the table, playing on her phone while someone cleans the trash can. She leaves after some time.",
            "Watch and assist in making desserts": "Alice watches companions make baked goods like egg tarts around the first-floor living room table, helping them fetch seasonings and tools. She takes photos of the finished food and later helps make tiramisu by soaking ladyfingers in coffee."
        },
        "choice_a": "11:00-13:30",
        "choice_b": "12:10-20:55",
        "choice_c": "15:00-17:30",
        "choice_d": "18:00-21:00",
        "reason": "Have a meal (12:09-12:29) → Tidy living room table (15:55-16:09) → Rest in courtyard (16:17-16:34) → Watch and assist in making desserts (20:21-20:55), fully covering 12:09 to 20:55."
    },
    {
        "question_chinese": "Alice 需要为以下活动匹配具体时间段：\n[收拾客厅的桌子 → 在院子里休息 → 整理快递并装饰卧室 → 观看并辅助同伴制作甜品]\n时间选项：\n\na. 12:10~12:30\n\nb. 16:20~16:35\n\nc. 17:40~18:25\n\nd. 15:55~16:10\n\ne. 18:20~19:00\n\nf. 20:20~20:55",
        "events_description_chinese": {
            "收拾客厅的桌子": "Alice在一楼客厅整理桌子。她餐桌上的餐具厨具拿到厨房，并整理桌子上的杂物，将食物放在冰箱里，杂物放在其他合适的位置如置物架。Alice将杂乱的物品分类摆仿，垃圾扔到垃圾桶里。在她的整理下，杂乱的桌子逐渐变得整洁。",
            "在院子里休息": "Alice来到院子里，坐在桌子旁边的椅子上。她在桌子旁边玩手机，期间有人进入原子收拾垃圾桶里的垃圾。玩了一会手机之后，Alice起身离开。",
            "整理快递并装饰卧室": "Alic来到院子检查自己的快递，并将快递拆开，用里面的物资装饰自己的卧室。她将假花挂在台灯上，将桌布铺在桌子上，将床单放到洗衣机里，铺上地毯并将挂画粘贴在墙上。",
            "观看并辅助同伴制作甜品": "Alice观看同伴在一楼客厅桌子周围制作蛋挞等烘焙，并帮助澳门取各种调料或者工具。期间她给制作好的食物拍照。后来，Alice还帮助同伴制作提拉米苏，帮助他们把用咖啡浸泡手指饼干。"
        },
        "choice_a_chinese": "1→a / 2→c / 3→e / 4→f",
        "choice_b_chinese": "1→b / 2→d / 3→c / 4→a",
        "choice_c_chinese": "1→e / 2→b / 3→d / 4→f",
        "choice_d_chinese": "1→d / 2→b / 3→e / 4→f",
        "answer": "D",
        "reason_chinese": "收拾客厅的桌子 (15:55-16:09)→在院子里休息 (16:17-16:34)→整理快递并装饰卧室 (18:20-19:01)→观看并辅助同伴制作甜品 (20:21-20:55)。",
        "question": "Alice needs to match specific time slots for these activities: \n[Tidy the living room table → Rest in the courtyard → Sort packages and decorate the bedroom → Watch and assist in making desserts]\nTime options:\n\na. 12:10~12:30\n\nb. 16:20~16:35\n\nc. 17:40~18:25\n\nd. 15:55~16:10\n\ne. 18:20~19:00\n\nf. 20:20~20:55",
        "events_description": {
            "Tidy the living room table": "Alice organizes the first-floor living room table, taking tableware and kitchen utensils to the kitchen, sorting clutter, storing food in the fridge, and placing杂物 on shelves. She categorizes items and throws trash into the bin, gradually tidying the cluttered table.",
            "Rest in the courtyard": "Alice goes to the courtyard and sits on a chair by the table, playing on her phone while someone cleans the trash can. She leaves after some time.",
            "Sort packages and decorate the bedroom": "Alice goes to the courtyard to check her packages, opens them, and uses the contents to decorate her bedroom. She hangs fake flowers on the lamp, lays a tablecloth on the desk, puts the bed sheet in the washing machine, lays a carpet, and pastes wall art on the wall.",
            "Watch and assist in making desserts": "Alice watches companions make baked goods like egg tarts around the first-floor living room table, helping them fetch seasonings and tools. She takes photos of the finished food and later helps make tiramisu by soaking ladyfingers in coffee."
        },
        "choice_a": "1→a / 2→c / 3→e / 4→f",
        "choice_b": "1→b / 2→d / 3→c / 4→a",
        "choice_c": "1→e / 2→b / 3→d / 4→f",
        "choice_d": "1→d / 2→b / 3→e / 4→f",
        "reason": "Tidy living room table (15:55-16:09) → Rest in courtyard (16:17-16:34) → Sort packages and decorate bedroom (18:20-19:01) → Watch and assist in making desserts (20:21-20:55)."
    },
    {
        "question_chinese": "Alice 记得今天有两件事是 “收拾客厅的桌子” 和 “在院子里休息”，但忘记了之前发生的三件事，你能帮她回忆起来吗？",
        "events_description_chinese": {
            "收拾客厅的桌子": "Alice在一楼客厅整理桌子。她餐桌上的餐具厨具拿到厨房，并整理桌子上的杂物，将食物放在冰箱里，杂物放在其他合适的位置如置物架。Alice将杂乱的物品分类摆仿，垃圾扔到垃圾桶里。在她的整理下，杂乱的桌子逐渐变得整洁。",
            "在院子里休息": "Alice来到院子里，坐在桌子旁边的椅子上。她在桌子旁边玩手机，期间有人进入原子收拾垃圾桶里的垃圾。玩了一会手机之后，Alice起身离开。",
            "吃零食": "在Alice在一楼客厅桌子上使用电脑的时候，其他人提着物资到客厅，把物资放在桌子上。Allice帮他们整理物资，并打开零食包装吃了起来。期间她嗑起了瓜子。",
            "整理快递并装饰卧室": "Alic来到院子检查自己的快递，并将快递拆开，用里面的物资装饰自己的卧室。她将假花挂在台灯上，将桌布铺在桌子上，将床单放到洗衣机里，铺上地毯并将挂画粘贴在墙上。",
            "观看并辅助同伴制作甜品": "Alice观看同伴在一楼客厅桌子周围制作蛋挞等烘焙，并帮助澳门取各种调料或者工具。期间她给制作好的食物拍照。后来，Alice还帮助同伴制作提拉米苏，帮助他们把用咖啡浸泡手指饼干。",
            "装饰纸盒狗": "Alice坐在一楼客厅桌子旁边观看纸盒做的狗，她制作了一个纸花插在纸盒狗的头上用来装饰纸盒狗，但她对此并不满意，她从花瓶里取了一个纸花粘在纸盒狗上。",
            "吃饭": "Alice坐到二楼客厅的桌子旁边， 取筷子，并打开了外卖包裹。大家一起在桌子旁边一边吃饭一边聊天",
            "在二楼客厅坐着休息": "Alice坐在二楼客厅和厨房交界处的地面上休息，同时和他人聊天。紫色T恤的男生坐在卧室门前的地方，其他人坐在沙发上。"
        },
        "choice_a_chinese": "吃零食 → 整理快递并装饰卧室 → 观看并辅助同伴制作甜品",
        "choice_b_chinese": "在二楼客厅坐着休息 → 装饰纸盒狗 → 吃饭",
        "choice_c_chinese": "装饰纸盒狗 → 吃饭 → 在二楼客厅坐着休息",
        "choice_d_chinese": "整理快递并装饰卧室 → 吃零食 → 观看并辅助同伴制作甜品",
        "answer": "C",
        "reason_chinese": "装饰纸盒狗 (11:26-11:45)→吃饭 (12:09-12:29)→在二楼客厅坐着休息 (12:42-12:53)→收拾客厅的桌子 (15:55-16:09)→在院子里休息 (16:17-16:34)。",
        "question": "Alice remembers two events today: \"Tidy the living room table\" and \"Rest in the courtyard,\" but forgets the three preceding events. Can you help her recall?",
        "events_description": {
            "Tidy the living room table": "Alice organizes the first-floor living room table, taking tableware and kitchen utensils to the kitchen, sorting clutter, storing food in the fridge, and placing杂物 on shelves. She categorizes items and throws trash into the bin, gradually tidying the cluttered table.",
            "Rest in the courtyard": "Alice goes to the courtyard and sits on a chair by the table, playing on her phone while someone cleans the trash can. She leaves after some time.",
            "Eat snacks": "While Alice uses a computer at the first-floor living room table, others bring supplies into the living room and place them on the table. Alice helps organize the supplies and opens a snack package to eat, popping sunflower seeds during the process.",
            "Sort packages and decorate the bedroom": "Alice goes to the courtyard to check her packages, opens them, and uses the contents to decorate her bedroom. She hangs fake flowers on the lamp, lays a tablecloth on the desk, puts the bed sheet in the washing machine, lays a carpet, and pastes wall art on the wall.",
            "Watch and assist in making desserts": "Alice watches companions make baked goods like egg tarts around the first-floor living room table, helping them fetch seasonings and tools. She takes photos of the finished food and later helps make tiramisu by soaking ladyfingers in coffee.",
            "Decorate a paper box dog": "Alice sits by the first-floor living room table and views a dog made from a paper box. She makes a paper flower and inserts it into the dog's head for decoration, but unsatisfied, she takes a paper flower from a vase and glues it to the box dog.",
            "Have a meal": "Alice sits at the second-floor living room table, takes chopsticks, and opens a takeout package. Everyone eats and chats together at the table.",
            "Sit and rest in the second-floor living room": "Alice rests on the floor at the junction of the second-floor living room and kitchen, chatting with others. The boy in a purple T-shirt sits by the bedroom door, while others sit on the sofa."
        },
        "choice_a": "Eat snacks → Sort packages and decorate bedroom → Watch and assist in making desserts",
        "choice_b": "Sit and rest in second-floor living room → Decorate paper box dog → Have a meal",
        "choice_c": "Decorate paper box dog → Have a meal → Sit and rest in second-floor living room",
        "choice_d": "Sort packages and decorate bedroom → Eat snacks → Watch and assist in making desserts",
        "reason": "Decorate paper box dog (11:26-11:45) → Have a meal (12:09-12:29) → Sit and rest in second-floor living room (12:42-12:53) → Tidy living room table (15:55-16:09) → Rest in courtyard (16:17-16:34)."
    },
    {
        "question_chinese": "Alice 在整理活动记录时说：“我先收拾了客厅的桌子，接着去二楼客厅吃饭，之后装饰了纸盒狗，中间没有做其他事情。” 但朋友指出她的说法存在错误，正确的事件顺序及错误分析是？",
        "events_description_chinese": {
            "收拾客厅的桌子": "Alice在一楼客厅整理桌子。她餐桌上的餐具厨具拿到厨房，并整理桌子上的杂物，将食物放在冰箱里，杂物放在其他合适的位置如置物架。Alice将杂乱的物品分类摆仿，垃圾扔到垃圾桶里。在她的整理下，杂乱的桌子逐渐变得整洁。",
            "吃饭": "Alice坐到二楼客厅的桌子旁边， 取筷子，并打开了外卖包裹。大家一起在桌子旁边一边吃饭一边聊天",
            "装饰纸盒狗": "Alice坐在一楼客厅桌子旁边观看纸盒做的狗，她制作了一个纸花插在纸盒狗的头上用来装饰纸盒狗，但她对此并不满意，她从花瓶里取了一个纸花粘在纸盒狗上。",
            "在二楼客厅坐着休息": "Alice坐在二楼客厅和厨房交界处的地面上休息，同时和他人聊天。紫色T恤的男生坐在卧室门前的地方，其他人坐在沙发上。"
        },
        "choice_a_chinese": "正确：收拾客厅的桌子 → 在二楼客厅坐着休息 → 吃饭 → 装饰纸盒狗\n错误原因：Alice 遗漏了 “在二楼客厅坐着休息”",
        "choice_b_chinese": "正确：装饰纸盒狗 → 吃饭 → 在二楼客厅坐着休息 → 收拾客厅的桌子\n错误原因：Alice 遗漏了 “在二楼客厅坐着休息”，并颠倒了 “装饰纸盒狗”、“吃饭” 与 “收拾客厅的桌子” 的顺序。",
        "choice_c_chinese": "正确：装饰纸盒狗 → 吃饭\n错误原因：Alice 颠倒了 “装饰纸盒狗” 与 “吃饭” 的顺序，并错误地增加了 “收拾客厅的桌子”。",
        "choice_d_chinese": "正确：在二楼客厅坐着休息 → 吃饭 → 装饰纸盒狗\n错误原因：Alice  遗漏了“在二楼客厅坐着休息”，并错误地增加了“收拾客厅的桌子”。",
        "answer": "B",
        "reason_chinese": "装饰纸盒狗 (11:26-11:45)→吃饭 (12:09-12:29)→在二楼客厅坐着休息 (12:42-12:53)→收拾客厅的桌子 (15:55-16:09)。",
        "question": "Alice stated: \"I first tidied the living room table, then had a meal in the second-floor living room, and then decorated the paper box dog with nothing in between.\" Friends pointed out an error. What is the correct sequence and error analysis?",
        "events_description": {
            "Tidy the living room table": "Alice organizes the first-floor living room table, taking tableware and kitchen utensils to the kitchen, sorting clutter, storing food in the fridge, and placing杂物 on shelves. She categorizes items and throws trash into the bin, gradually tidying the cluttered table.",
            "Have a meal": "Alice sits at the second-floor living room table, takes chopsticks, and opens a takeout package. Everyone eats and chats together at the table.",
            "Decorate a paper box dog": "Alice sits by the first-floor living room table and views a dog made from a paper box. She makes a paper flower and inserts it into the dog's head for decoration, but unsatisfied, she takes a paper flower from a vase and glues it to the box dog.",
            "Sit and rest in the second-floor living room": "Alice rests on the floor at the junction of the second-floor living room and kitchen, chatting with others. The boy in a purple T-shirt sits by the bedroom door, while others sit on the sofa."
        },
        "choice_a": "Correct: Tidy living room table → Sit and rest in second-floor living room → Have a meal → Decorate paper box dog\nError: Alice omitted \"Sit and rest in the second-floor living room\"",
        "choice_b": "Correct: Decorate paper box dog → Have a meal → Sit and rest in second-floor living room → Tidy living room table\nError: Alice omitted \"Sit and rest in the second-floor living room\" and reversed the order of \"Decorate paper box dog,\" \"Have a meal,\" and \"Tidy living room table\"",
        "choice_c": "Correct: Decorate paper box dog → Have a meal\nError: Alice reversed the order of \"Decorate paper box dog\" and \"Have a meal\" and incorrectly added \"Tidy living room table\"",
        "choice_d": "Correct: Sit and rest in second-floor living room → Have a meal → Decorate paper box dog\nError: Alice omitted \"Sit and rest in the second-floor living room\" and incorrectly added \"Tidy living room table\"",
        "reason": "Decorate paper box dog (11:26-11:45) → Have a meal (12:09-12:29) → Sit and rest in second-floor living room (12:42-12:53) → Tidy living room table (15:55-16:09)."
    },
    {
        "question_chinese": "Alice 的日记中记录了部分活动，中间有两处空缺需要补充：[收拾客厅的桌子 → 在院子里休息] → (?) → [整理快递并装饰卧室] → (?) 。空缺处应依次填入哪两项？",
        "events_description_chinese": {
            "收拾客厅的桌子": "Alice在一楼客厅整理桌子。她餐桌上的餐具厨具拿到厨房，并整理桌子上的杂物，将食物放在冰箱里，杂物放在其他合适的位置如置物架。Alice将杂乱的物品分类摆仿，垃圾扔到垃圾桶里。在她的整理下，杂乱的桌子逐渐变得整洁。",
            "在院子里休息": "Alice来到院子里，坐在桌子旁边的椅子上。她在桌子旁边玩手机，期间有人进入原子收拾垃圾桶里的垃圾。玩了一会手机之后，Alice起身离开。",
            "吃零食": "在Alice在一楼客厅桌子上使用电脑的时候，其他人提着物资到客厅，把物资放在桌子上。Allice帮他们整理物资，并打开零食包装吃了起来。期间她嗑起了瓜子。",
            "整理快递并装饰卧室": "Alic来到院子检查自己的快递，并将快递拆开，用里面的物资装饰自己的卧室。她将假花挂在台灯上，将桌布铺在桌子上，将床单放到洗衣机里，铺上地毯并将挂画粘贴在墙上。",
            "观看并辅助同伴制作甜品": "Alice观看同伴在一楼客厅桌子周围制作蛋挞等烘焙，并帮助澳门取各种调料或者工具。期间她给制作好的食物拍照。后来，Alice还帮助同伴制作提拉米苏，帮助他们把用咖啡浸泡手指饼干。",
            "装饰纸盒狗": "Alice坐在一楼客厅桌子旁边观看纸盒做的狗，她制作了一个纸花插在纸盒狗的头上用来装饰纸盒狗，但她对此并不满意，她从花瓶里取了一个纸花粘在纸盒狗上。",
            "吃饭": "Alice坐到二楼客厅的桌子旁边， 取筷子，并打开了外卖包裹。大家一起在桌子旁边一边吃饭一边聊天",
            "在二楼客厅坐着休息": "Alice坐在二楼客厅和厨房交界处的地面上休息，同时和他人聊天。紫色T恤的男生坐在卧室门前的地方，其他人坐在沙发上。"
        },
        "choice_a_chinese": "吃零食 / 观看并辅助同伴制作甜品",
        "choice_b_chinese": "装饰纸盒狗 / 在二楼客厅坐着休息",
        "choice_c_chinese": "吃饭 / 收拾客厅的桌子",
        "choice_d_chinese": "在院子里休息 / 整理快递并装饰卧室",
        "answer": "A",
        "reason_chinese": "收拾客厅的桌子 (15:55-16:09)→在院子里休息 (16:17-16:34)→吃零食 (16:52-18:11)→整理快递并装饰卧室 (18:20-19:01)→观看并辅助同伴制作甜品 (20:21-20:55)。",
        "question": "Alice's diary has two missing parts: [Tidy living room table → Rest in courtyard] → (?) → [Sort packages and decorate bedroom] → (?). What two events should fill the gaps in order?",
        "events_description": {
            "Tidy the living room table": "Alice organizes the first-floor living room table, taking tableware and kitchen utensils to the kitchen, sorting clutter, storing food in the fridge, and placing杂物 on shelves. She categorizes items and throws trash into the bin, gradually tidying the cluttered table.",
            "Rest in the courtyard": "Alice goes to the courtyard and sits on a chair by the table, playing on her phone while someone cleans the trash can. She leaves after some time.",
            "Eat snacks": "While Alice uses a computer at the first-floor living room table, others bring supplies into the living room and place them on the table. Alice helps organize the supplies and opens a snack package to eat, popping sunflower seeds during the process.",
            "Sort packages and decorate the bedroom": "Alice goes to the courtyard to check her packages, opens them, and uses the contents to decorate her bedroom. She hangs fake flowers on the lamp, lays a tablecloth on the desk, puts the bed sheet in the washing machine, lays a carpet, and pastes wall art on the wall.",
            "Watch and assist in making desserts": "Alice watches companions make baked goods like egg tarts around the first-floor living room table, helping them fetch seasonings and tools. She takes photos of the finished food and later helps make tiramisu by soaking ladyfingers in coffee.",
            "Decorate a paper box dog": "Alice sits by the first-floor living room table and views a dog made from a paper box. She makes a paper flower and inserts it into the dog's head for decoration, but unsatisfied, she takes a paper flower from a vase and glues it to the box dog.",
            "Have a meal": "Alice sits at the second-floor living room table, takes chopsticks, and opens a takeout package. Everyone eats and chats together at the table.",
            "Sit and rest in the second-floor living room": "Alice rests on the floor at the junction of the second-floor living room and kitchen, chatting with others. The boy in a purple T-shirt sits by the bedroom door, while others sit on the sofa."
        },
        "choice_a": "Eat snacks / Watch and assist in making desserts",
        "choice_b": "Decorate paper box dog / Sit and rest in second-floor living room",
        "choice_c": "Have a meal / Tidy living room table",
        "choice_d": "Rest in courtyard / Sort packages and decorate bedroom",
        "reason": "Tidy living room table (15:55-16:09) → Rest in courtyard (16:17-16:34) → Eat snacks (16:52-18:11) → Sort packages and decorate bedroom (18:20-19:01) → Watch and assist in making desserts (20:21-20:55)."
    }
]