[
    {
        "question_chinese": "Alice 需要梳理上午 11:00 至 13:40 的活动流程，以下哪组事件的排序是正确的？\n\na. 煎鸡蛋\n\nb. 处理摔碎的杯子\n\nc. 在院子里休息\n\nd. 吃饺子\n\ne. 在二楼吃饭\n\nf. 躺在沙发休息",
        "events_description_chinese": {
            "煎鸡蛋": "Alice在一楼厨房将铁锅放在炉子上，添加食用油并加热，然后将鸡蛋打在里面。打两个鸡蛋后，在肉色T恤的男生的指导下使用筷子翻动鸡蛋。然后使用铁铲翻炒。Alice做完之后，肉色T恤的男生继续到煤气灶前煎鸡蛋。",
            "处理摔碎的杯子": "Alice拿着扫把和簸箕将厨房和客厅交际处地上的玻璃碎片收集起来，从架子中取了一个黑色垃圾袋，将玻璃碎片扫进簸箕里，在同伴的帮助下倒在黑色垃圾袋中。她还用标签纸对垃圾袋进行了标注，然后扔到了院子角落的垃圾桶里。",
            "在院子里休息": "Alice坐在院子的桌子旁边一个人玩手机。一会之后穿着黑色裙子和蓝色牛仔外套的女生也坐过来和Alice聊天。后来灰色T恤的男生和粉色T恤的女生将一些木制箱子放在院子的桌子上，粉色T恤的女生也过来和Alice聊天。灰色T恤的男生在坐在桌子旁边处理木制抽屉，蓝色牛仔外套的女生和粉色T恤的女生站在旁边观看。后来Alice和他们一起在在院子里聊天。",
            "吃饺子": "Alice将二楼客厅的桌子收拾干净，然后把外卖袋子里的外卖摆在桌子上。她坐在沙发上等待一会儿之后，在桌子旁边一边玩手机一边等待，直到大家都来到二楼吃饭。Alice和其他人在愉快地吃着饺子等食物，一边吃饭一边聊天。",
            "在二楼吃饭": "Alice来到二楼客厅靠近幕布的桌子旁边坐下，打开外卖包装吃饭。Alice左手端着米饭，右手拿着筷子夹菜。旁边有很多人坐着一起吃饭。Alice吃完后，将碗筷和垃圾收起来放到袋子里，然后坐在桌子旁边玩手机。",
            "躺在沙发休息": "Alice坐在二楼客厅的沙发上玩手机。旁边有一个穿着橙灰色T恤和浅棕色短裤的男生练习吉他。Alice坐在沙发上玩着手机休息。"
        },
        "choice_a_chinese": "c→a→b→d",
        "choice_b_chinese": "e→f→b→a",
        "choice_c_chinese": "a→b→c→d",
        "choice_d_chinese": "d→c→f→e",
        "answer": "C",
        "reason_chinese": "煎鸡蛋 (11:01-11:13)→处理摔碎的杯子 (11:29-11:35)→在院子里休息 (12:00-12:40)→吃饺子 (13:05-13:40)。其中 “在二楼吃饭”(18:45-19:08) 和 “躺在沙发休息”(20:41-20:58) 属于干扰项，发生在目标时间段外。",
        "question": "Alice needs to sort the activity sequence from 11:00 AM to 1:40 PM. Which of the following event sequences is correct?\n\na. Fry eggs\n\nb. Handle broken cups\n\nc. Rest in the courtyard\n\nd. Eat dumplings\n\ne. Dine on the second floor\n\nf. Rest on the sofa",
        "events_description": {
            "Fry eggs": "Alice places an iron pan on the stove in the first-floor kitchen, adds cooking oil and heats it, then cracks eggs into the pan. After cracking two eggs, she flips them with chopsticks under the guidance of a boy in a flesh-colored T-shirt, then stirs them with a spatula. After Alice finishes, the boy in the flesh-colored T-shirt continues to fry eggs at the gas stove.",
            "Handle broken cups": "Alice uses a broom and dustpan to collect glass shards from the floor at the junction of the kitchen and living room, takes a black garbage bag from the shelf, sweeps the shards into the dustpan, and with a companion's help, dumps them into the black bag. She labels the bag with label paper and throws it into the trash can in the courtyard corner.",
            "Rest in the courtyard": "Alice sits alone at the courtyard table playing on her phone. Later, the girl in a black skirt and blue denim jacket joins her to chat. The boy in a gray T-shirt and the girl in a pink T-shirt place some wooden boxes on the courtyard table, and the pink T-shirt girl also comes to chat. The gray T-shirt boy sits at the table handling a wooden drawer, while the blue denim jacket girl and pink T-shirt girl stand by to watch. Alice later chats with them in the courtyard.",
            "Eat dumplings": "Alice clears the table in the second-floor living room and lays out takeout from the bag. She sits on the sofa and waits, then waits by the table while playing on her phone until everyone comes to eat on the second floor. Alice and others happily eat dumplings and other food, chatting while eating.",
            "Dine on the second floor": "Alice sits at the table near the screen in the second-floor living room, opens the takeout packaging, and eats. She holds rice in her left hand and picks up food with chopsticks in her right hand, dining with many others around. After eating, she collects the dishes and trash into a bag and sits by the table playing on her phone.",
            "Rest on the sofa": "Alice sits on the sofa in the second-floor living room playing on her phone, while a boy in an orange-gray T-shirt and light brown shorts practices guitar beside her."
        },
        "choice_a": "c→a→b→d",
        "choice_b": "e→f→b→a",
        "choice_c": "a→b→c→d",
        "choice_d": "d→c→f→e",
        "reason": "Fry eggs (11:01-11:13) → Handle broken cups (11:29-11:35) → Rest in the courtyard (12:00-12:40) → Eat dumplings (13:05-13:40). \"Dine on the second floor\" (18:45-19:08) and \"Rest on the sofa\" (20:41-20:58) are distractions occurring outside the target time period."
    },
    {
        "question_chinese": "Alice 在笔记本上记录了今天的部分活动：[吃饺子 → 在二楼吃饭 → 躺在沙发休息 → 聆听同伴表演音乐]，这些事情发生的正确时间段是？",
        "events_description_chinese": {
            "吃饺子": "Alice将二楼客厅的桌子收拾干净，然后把外卖袋子里的外卖摆在桌子上。她坐在沙发上等待一会儿之后，在桌子旁边一边玩手机一边等待，直到大家都来到二楼吃饭。Alice和其他人在愉快地吃着饺子等食物，一边吃饭一边聊天。",
            "在二楼吃饭": "Alice来到二楼客厅靠近幕布的桌子旁边坐下，打开外卖包装吃饭。Alice左手端着米饭，右手拿着筷子夹菜。旁边有很多人坐着一起吃饭。Alice吃完后，将碗筷和垃圾收起来放到袋子里，然后坐在桌子旁边玩手机。",
            "躺在沙发休息": "Alice坐在二楼客厅的沙发上玩手机。旁边有一个穿着橙灰色T恤和浅棕色短裤的男生练习吉他。Alice坐在沙发上玩着手机休息。",
            "聆听同伴表演音乐": "穿着橙灰色T恤和浅棕色短裤的男生坐在二楼客厅的地上弹吉他，Alice坐在沙发上静静聆听。期间Alice离开了一会，回来后大家都聚在二楼客厅聆听穿着橙灰色T恤和浅棕色短裤的男生弹吉他，Alice一边听一边和其他人聊天。后来弹吉他的人换成了穿着黑色外套的男生，大家有的坐在地上，有的坐在沙发上，一起听音乐和聊天。"
        },
        "choice_a_chinese": "13:00-22:25",
        "choice_b_chinese": "11:00-19:30",
        "choice_c_chinese": "18:40-20:00",
        "choice_d_chinese": "20:30-22:30",
        "answer": "A",
        "reason_chinese": "吃饺子 (13:05-13:40)→在二楼吃饭 (18:45-19:08)→躺在沙发休息 (20:41-20:58)→聆听同伴表演音乐 (21:01-22:24)，完整覆盖 13:05 至 22:24。",
        "question": "Alice recorded some today's activities in her notebook: [Eat dumplings → Dine on the second floor → Rest on the sofa → Listen to companions perform music]. What is the correct time period for these events?",
        "events_description": {
            "Eat dumplings": "Alice clears the table in the second-floor living room and lays out takeout from the bag. She sits on the sofa and waits, then waits by the table while playing on her phone until everyone comes to eat on the second floor. Alice and others happily eat dumplings and other food, chatting while eating.",
            "Dine on the second floor": "Alice sits at the table near the screen in the second-floor living room, opens the takeout packaging, and eats. She holds rice in her left hand and picks up food with chopsticks in her right hand, dining with many others around. After eating, she collects the dishes and trash into a bag and sits by the table playing on her phone.",
            "Rest on the sofa": "Alice sits on the sofa in the second-floor living room playing on her phone, while a boy in an orange-gray T-shirt and light brown shorts practices guitar beside her.",
            "Listen to companions perform music": "The boy in an orange-gray T-shirt and light brown shorts sits on the floor of the second-floor living room playing guitar, as Alice listens quietly on the sofa. After a short break, everyone gathers to listen to him play, with Alice chatting while listening. Later, a boy in a black jacket takes over playing guitar, and everyone sits on the floor or sofa to listen and chat."
        },
        "choice_a": "13:00-22:25",
        "choice_b": "11:00-19:30",
        "choice_c": "18:40-20:00",
        "choice_d": "20:30-22:30",
        "reason": "Eat dumplings (13:05-13:40) → Dine on the second floor (18:45-19:08) → Rest on the sofa (20:41-20:58) → Listen to music performance (21:01-22:24), fully covering 13:05 to 22:24."
    },
    {
        "question_chinese": "Alice 需要为以下活动匹配具体时间段：\n[在院子里休息 → 在二楼吃饭 → 出门]\n时间选项：\n\na. 11:00~11:15\n\nb. 18:45~19:05\n\nc. 21:10~21:50\n\nd. 12:00~12:40\n\ne. 19:30~20:15",
        "events_description_chinese": {
            "在院子里休息": "Alice坐在院子的桌子旁边一个人玩手机。一会之后穿着黑色裙子和蓝色牛仔外套的女生也坐过来和Alice聊天。后来灰色T恤的男生和粉色T恤的女生将一些木制箱子放在院子的桌子上，粉色T恤的女生也过来和Alice聊天。灰色T恤的男生在坐在桌子旁边处理木制抽屉，蓝色牛仔外套的女生和粉色T恤的女生站在旁边观看。后来Alice和他们一起在在院子里聊天。",
            "在二楼吃饭": "Alice来到二楼客厅靠近幕布的桌子旁边坐下，打开外卖包装吃饭。Alice左手端着米饭，右手拿着筷子夹菜。旁边有很多人坐着一起吃饭。Alice吃完后，将碗筷和垃圾收起来放到袋子里，然后坐在桌子旁边玩手机。",
            "出门": "Alice离开了家，外面一片漆黑，伸手不见五指。Alice和同伴在路灯下商量什么，路边有一个房屋亮着灯。然后他们上了一辆轿车，坐车到家附近，穿过小巷回到家里。"
        },
        "choice_a_chinese": "1→a / 2→e / 3→c",
        "choice_b_chinese": "1→d / 2→b / 3→c",
        "choice_c_chinese": "1→e / 2→a / 3→d",
        "choice_d_chinese": "1→b / 2→d / 3→a",
        "answer": "B",
        "reason_chinese": "在院子里休息 (12:00-12:40)→在二楼吃饭 (18:45-19:08)→出门 (21:11-21:49)。",
        "question": "Alice needs to match specific time slots for these activities: \n[Rest in the courtyard → Dine on the second floor → Go out]\nTime options:\n\na. 11:00~11:15\n\nb. 18:45~19:05\n\nc. 21:10~21:50\n\nd. 12:00~12:40\n\ne. 19:30~20:15",
        "events_description": {
            "Rest in the courtyard": "Alice sits alone at the courtyard table playing on her phone. Later, the girl in a black skirt and blue denim jacket joins her to chat. The boy in a gray T-shirt and the girl in a pink T-shirt place some wooden boxes on the courtyard table, and the pink T-shirt girl also comes to chat. The gray T-shirt boy sits at the table handling a wooden drawer, while the blue denim jacket girl and pink T-shirt girl stand by to watch. Alice later chats with them in the courtyard.",
            "Dine on the second floor": "Alice sits at the table near the screen in the second-floor living room, opens the takeout packaging, and eats. She holds rice in her left hand and picks up food with chopsticks in her right hand, dining with many others around. After eating, she collects the dishes and trash into a bag and sits by the table playing on her phone.",
            "Go out": "Alice leaves home when it's pitch dark outside. She and her companions discuss under a streetlight, with a lit house by the road. They board a car, travel near home, and walk through an alley to return."
        },
        "choice_a": "1→a / 2→e / 3→c",
        "choice_b": "1→d / 2→b / 3→c",
        "choice_c": "1→e / 2→a / 3→d",
        "choice_d": "1→b / 2→d / 3→a",
        "reason": "Rest in the courtyard (12:00-12:40) → Dine on the second floor (18:45-19:08) → Go out (21:11-21:49)."
    },
    {
        "question_chinese": "Alice 记得自己先 “处理摔碎的杯子” 然后 “在院子里休息”，之后紧接着发生的两件事是什么？",
        "events_description_chinese": {
            "处理摔碎的杯子": "Alice拿着扫把和簸箕将厨房和客厅交际处地上的玻璃碎片收集起来，从架子中取了一个黑色垃圾袋，将玻璃碎片扫进簸箕里，在同伴的帮助下倒在黑色垃圾袋中。她还用标签纸对垃圾袋进行了标注，然后扔到了院子角落的垃圾桶里。",
            "在院子里休息": "Alice坐在院子的桌子旁边一个人玩手机。一会之后穿着黑色裙子和蓝色牛仔外套的女生也坐过来和Alice聊天。后来灰色T恤的男生和粉色T恤的女生将一些木制箱子放在院子的桌子上，粉色T恤的女生也过来和Alice聊天。灰色T恤的男生在坐在桌子旁边处理木制抽屉，蓝色牛仔外套的女生和粉色T恤的女生站在旁边观看。后来Alice和他们一起在在院子里聊天。",
            "出门": "Alice离开了家，外面一片漆黑，伸手不见五指。Alice和同伴在路灯下商量什么，路边有一个房屋亮着灯。然后他们上了一辆轿车，坐车到家附近，穿过小巷回到家里。",
            "躺在沙发休息": "Alice坐在二楼客厅的沙发上玩手机。旁边有一个穿着橙灰色T恤和浅棕色短裤的男生练习吉他。Alice坐在沙发上玩着手机休息。",
            "在二楼吃饭": "Alice来到二楼客厅靠近幕布的桌子旁边坐下，打开外卖包装吃饭。Alice左手端着米饭，右手拿着筷子夹菜。旁边有很多人坐着一起吃饭。Alice吃完后，将碗筷和垃圾收起来放到袋子里，然后坐在桌子旁边玩手机。",
            "吃饺子": "Alice将二楼客厅的桌子收拾干净，然后把外卖袋子里的外卖摆在桌子上。她坐在沙发上等待一会儿之后，在桌子旁边一边玩手机一边等待，直到大家都来到二楼吃饭。Alice和其他人在愉快地吃着饺子等食物，一边吃饭一边聊天。",
            "聆听同伴表演音乐": "穿着橙灰色T恤和浅棕色短裤的男生坐在二楼客厅的地上弹吉他，Alice坐在沙发上静静聆听。期间Alice离开了一会，回来后大家都聚在二楼客厅聆听穿着橙灰色T恤和浅棕色短裤的男生弹吉他，Alice一边听一边和其他人聊天。后来弹吉他的人换成了穿着黑色外套的男生，大家有的坐在地上，有的坐在沙发上，一起听音乐和聊天。",
            "煎鸡蛋": "Alice在一楼厨房将铁锅放在炉子上，添加食用油并加热，然后将鸡蛋打在里面。打两个鸡蛋后，在肉色T恤的男生的指导下使用筷子翻动鸡蛋。然后使用铁铲翻炒。Alice做完之后，肉色T恤的男生继续到煤气灶前煎鸡蛋。"
        },
        "choice_a_chinese": "出门 → 躺在沙发休息",
        "choice_b_chinese": "在二楼吃饭 → 吃饺子",
        "choice_c_chinese": "聆听同伴表演音乐 → 煎鸡蛋",
        "choice_d_chinese": "吃饺子 → 在二楼吃饭",
        "answer": "D",
        "reason_chinese": "处理摔碎的杯子 (11:29-11:35)→在院子里休息 (12:00-12:40)→吃饺子 (13:05-13:40)→在二楼吃饭 (18:45-19:08)。",
        "question": "Alice remembers doing \"Handle broken cups\" first, then \"Rest in the courtyard\". What are the two events that follow immediately?",
        "events_description": {
            "Handle broken cups": "Alice uses a broom and dustpan to collect glass shards from the floor at the junction of the kitchen and living room, takes a black garbage bag from the shelf, sweeps the shards into the dustpan, and with a companion's help, dumps them into the black bag. She labels the bag with label paper and throws it into the trash can in the courtyard corner.",
            "Rest in the courtyard": "Alice sits alone at the courtyard table playing on her phone. Later, the girl in a black skirt and blue denim jacket joins her to chat. The boy in a gray T-shirt and the girl in a pink T-shirt place some wooden boxes on the courtyard table, and the pink T-shirt girl also comes to chat. The gray T-shirt boy sits at the table handling a wooden drawer, while the blue denim jacket girl and pink T-shirt girl stand by to watch. Alice later chats with them in the courtyard.",
            "Go out": "Alice leaves home when it's pitch dark outside. She and her companions discuss under a streetlight, with a lit house by the road. They board a car, travel near home, and walk through an alley to return.",
            "Rest on the sofa": "Alice sits on the sofa in the second-floor living room playing on her phone, while a boy in an orange-gray T-shirt and light brown shorts practices guitar beside her.",
            "Dine on the second floor": "Alice sits at the table near the screen in the second-floor living room, opens the takeout packaging, and eats. She holds rice in her left hand and picks up food with chopsticks in her right hand, dining with many others around. After eating, she collects the dishes and trash into a bag and sits by the table playing on her phone.",
            "Eat dumplings": "Alice clears the table in the second-floor living room and lays out takeout from the bag. She sits on the sofa and waits, then waits by the table while playing on her phone until everyone comes to eat on the second floor. Alice and others happily eat dumplings and other food, chatting while eating.",
            "Listen to music performance": "The boy in an orange-gray T-shirt and light brown shorts sits on the floor of the second-floor living room playing guitar, as Alice listens quietly on the sofa. After a short break, everyone gathers to listen to him play, with Alice chatting while listening. Later, a boy in a black jacket takes over playing guitar, and everyone sits on the floor or sofa to listen and chat.",
            "Fry eggs": "Alice places an iron pan on the stove in the first-floor kitchen, adds cooking oil and heats it, then cracks eggs into the pan. After cracking two eggs, she flips them with chopsticks under the guidance of a boy in a flesh-colored T-shirt, then stirs them with a spatula. After Alice finishes, the boy in the flesh-colored T-shirt continues to fry eggs at the gas stove."
        },
        "choice_a": "Go out → Rest on the sofa",
        "choice_b": "Dine on the second floor → Eat dumplings",
        "choice_c": "Listen to music performance → Fry eggs",
        "choice_d": "Eat dumplings → Dine on the second floor",
        "reason": "Handle broken cups (11:29-11:35) → Rest in the courtyard (12:00-12:40) → Eat dumplings (13:05-13:40) → Dine on the second floor (18:45-19:08)."
    },
    {
        "question_chinese": "Alice 在回忆上午活动时说：“我先在院子里休息，接着煎了鸡蛋，中间没有做其他事情。” 但朋友指出她的顺序有误，正确的事件顺序及错误分析是？",
        "events_description_chinese": {
            "在院子里休息": "Alice坐在院子的桌子旁边一个人玩手机。一会之后穿着黑色裙子和蓝色牛仔外套的女生也坐过来和Alice聊天。后来灰色T恤的男生和粉色T恤的女生将一些木制箱子放在院子的桌子上，粉色T恤的女生也过来和Alice聊天。灰色T恤的男生在坐在桌子旁边处理木制抽屉，蓝色牛仔外套的女生和粉色T恤的女生站在旁边观看。后来Alice和他们一起在在院子里聊天。",
            "煎鸡蛋": "Alice在一楼厨房将铁锅放在炉子上，添加食用油并加热，然后将鸡蛋打在里面。打两个鸡蛋后，在肉色T恤的男生的指导下使用筷子翻动鸡蛋。然后使用铁铲翻炒。Alice做完之后，肉色T恤的男生继续到煤气灶前煎鸡蛋。",
            "处理摔碎的杯子": "Alice拿着扫把和簸箕将厨房和客厅交际处地上的玻璃碎片收集起来，从架子中取了一个黑色垃圾袋，将玻璃碎片扫进簸箕里，在同伴的帮助下倒在黑色垃圾袋中。她还用标签纸对垃圾袋进行了标注，然后扔到了院子角落的垃圾桶里。",
            "聆听同伴表演音乐": "穿着橙灰色T恤和浅棕色短裤的男生坐在二楼客厅的地上弹吉他，Alice坐在沙发上静静聆听。期间Alice离开了一会，回来后大家都聚在二楼客厅聆听穿着橙灰色T恤和浅棕色短裤的男生弹吉他，Alice一边听一边和其他人聊天。后来弹吉他的人换成了穿着黑色外套的男生，大家有的坐在地上，有的坐在沙发上，一起听音乐和聊天。",
            "吃饺子": "Alice将二楼客厅的桌子收拾干净，然后把外卖袋子里的外卖摆在桌子上。她坐在沙发上等待一会儿之后，在桌子旁边一边玩手机一边等待，直到大家都来到二楼吃饭。Alice和其他人在愉快地吃着饺子等食物，一边吃饭一边聊天。"
        },
        "choice_a_chinese": "正确：在院子里休息 → 煎鸡蛋\n错误原因：与正确顺序完全一致，无错误。",
        "choice_b_chinese": "正确：在院子里休息 → 处理摔碎的杯子 → 聆听同伴表演音乐\n错误原因：Alice 遗漏了 “处理摔碎的杯子” 和 “聆听同伴表演音乐”，并错误地增加了 “煎鸡蛋”。",
        "choice_c_chinese": "正确：处理摔碎的杯子 → 在院子里休息 → 吃饺子\n错误原因：Alice 遗漏了 “处理摔碎的杯子” 和 “吃饺子”，并错误地增加了 “煎鸡蛋”。",
        "choice_d_chinese": "正确：煎鸡蛋 → 处理摔碎的杯子 → 在院子里休息\n错误原因：Alice 遗漏了 “处理摔碎的杯子”，并颠倒了 “煎鸡蛋” 与 “在院子里休息” 的顺序。",
        "answer": "D",
        "reason_chinese": "煎鸡蛋 (11:01-11:13)→处理摔碎的杯子 (11:29-11:35)→在院子里休息 (12:00-12:40)。",
        "question": "Alice recalled: \"I first rested in the courtyard, then fried eggs with nothing in between.\" Friends pointed out an error. What is the correct sequence and error analysis?",
        "events_description": {
            "Rest in the courtyard": "Alice sits alone at the courtyard table playing on her phone. Later, the girl in a black skirt and blue denim jacket joins her to chat. The boy in a gray T-shirt and the girl in a pink T-shirt place some wooden boxes on the courtyard table, and the pink T-shirt girl also comes to chat. The gray T-shirt boy sits at the table handling a wooden drawer, while the blue denim jacket girl and pink T-shirt girl stand by to watch. Alice later chats with them in the courtyard.",
            "Fry eggs": "Alice places an iron pan on the stove in the first-floor kitchen, adds cooking oil and heats it, then cracks eggs into the pan. After cracking two eggs, she flips them with chopsticks under the guidance of a boy in a flesh-colored T-shirt, then stirs them with a spatula. After Alice finishes, the boy in the flesh-colored T-shirt continues to fry eggs at the gas stove.",
            "Handle broken cups": "Alice uses a broom and dustpan to collect glass shards from the floor at the junction of the kitchen and living room, takes a black garbage bag from the shelf, sweeps the shards into the dustpan, and with a companion's help, dumps them into the black bag. She labels the bag with label paper and throws it into the trash can in the courtyard corner.",
            "Listen to music performance": "The boy in an orange-gray T-shirt and light brown shorts sits on the floor of the second-floor living room playing guitar, as Alice listens quietly on the sofa. After a short break, everyone gathers to listen to him play, with Alice chatting while listening. Later, a boy in a black jacket takes over playing guitar, and everyone sits on the floor or sofa to listen and chat.",
            "Eat dumplings": "Alice clears the table in the second-floor living room and lays out takeout from the bag. She sits on the sofa and waits, then waits by the table while playing on her phone until everyone comes to eat on the second floor. Alice and others happily eat dumplings and other food, chatting while eating."
        },
        "choice_a": "Correct: Rest in the courtyard → Fry eggs\nError: The sequence is exactly correct with no mistakes.",
        "choice_b": "Correct: Rest in the courtyard → Handle broken cups → Listen to music performance\nError: Alice omitted \"Handle broken cups\" and \"Listen to music performance\" and incorrectly added \"Fry eggs\"",
        "choice_c": "Correct: Handle broken cups → Rest in the courtyard → Eat dumplings\nError: Alice omitted \"Handle broken cups\" and \"Eat dumplings\" and incorrectly added \"Fry eggs\"",
        "choice_d": "Correct: Fry eggs → Handle broken cups → Rest in the courtyard\nError: Alice omitted \"Handle broken cups\" and reversed the order of \"Fry eggs\" and \"Rest in the courtyard\"",
        "reason": "Fry eggs (11:01-11:13) → Handle broken cups (11:29-11:35) → Rest in the courtyard (12:00-12:40)."
    },
    {
        "question_chinese": "Alice 的日记片段有一段缺失：[煎鸡蛋] → (?) → (?) → [在院子里休息] 。缺失部分应填入？",
        "events_description_chinese": {
            "煎鸡蛋": "Alice在一楼厨房将铁锅放在炉子上，添加食用油并加热，然后将鸡蛋打在里面。打两个鸡蛋后，在肉色T恤的男生的指导下使用筷子翻动鸡蛋。然后使用铁铲翻炒。Alice做完之后，肉色T恤的男生继续到煤气灶前煎鸡蛋。",
            "处理摔碎的杯子": "Alice拿着扫把和簸箕将厨房和客厅交际处地上的玻璃碎片收集起来，从架子中取了一个黑色垃圾袋，将玻璃碎片扫进簸箕里，在同伴的帮助下倒在黑色垃圾袋中。她还用标签纸对垃圾袋进行了标注，然后扔到了院子角落的垃圾桶里。",
            "吃饺子": "Alice将二楼客厅的桌子收拾干净，然后把外卖袋子里的外卖摆在桌子上。她坐在沙发上等待一会儿之后，在桌子旁边一边玩手机一边等待，直到大家都来到二楼吃饭。Alice和其他人在愉快地吃着饺子等食物，一边吃饭一边聊天。",
            "在院子里休息": "Alice坐在院子的桌子旁边一个人玩手机。一会之后穿着黑色裙子和蓝色牛仔外套的女生也坐过来和Alice聊天。后来灰色T恤的男生和粉色T恤的女生将一些木制箱子放在院子的桌子上，粉色T恤的女生也过来和Alice聊天。灰色T恤的男生在坐在桌子旁边处理木制抽屉，蓝色牛仔外套的女生和粉色T恤的女生站在旁边观看。后来Alice和他们一起在在院子里聊天。",
            "躺在沙发休息": "Alice坐在二楼客厅的沙发上玩手机。旁边有一个穿着橙灰色T恤和浅棕色短裤的男生练习吉他。Alice坐在沙发上玩着手机休息。",
            "出门": "Alice离开了家，外面一片漆黑，伸手不见五指。Alice和同伴在路灯下商量什么，路边有一个房屋亮着灯。然后他们上了一辆轿车，坐车到家附近，穿过小巷回到家里。",
            "在二楼吃饭": "Alice来到二楼客厅靠近幕布的桌子旁边坐下，打开外卖包装吃饭。Alice左手端着米饭，右手拿着筷子夹菜。旁边有很多人坐着一起吃饭。Alice吃完后，将碗筷和垃圾收起来放到袋子里，然后坐在桌子旁边玩手机。",
            "聆听同伴表演音乐": "穿着橙灰色T恤和浅棕色短裤的男生坐在二楼客厅的地上弹吉他，Alice坐在沙发上静静聆听。期间Alice离开了一会，回来后大家都聚在二楼客厅聆听穿着橙灰色T恤和浅棕色短裤的男生弹吉他，Alice一边听一边和其他人聊天。后来弹吉他的人换成了穿着黑色外套的男生，大家有的坐在地上，有的坐在沙发上，一起听音乐和聊天。"
        },
        "choice_a_chinese": "躺在沙发休息 → 出门",
        "choice_b_chinese": "在二楼吃饭 → 聆听同伴表演音乐",
        "choice_c_chinese": "吃饺子 → 处理摔碎的杯子",
        "choice_d_chinese": "处理摔碎的杯子 → 吃饺子",
        "answer": "D",
        "reason_chinese": "煎鸡蛋 (11:01-11:13)→处理摔碎的杯子 (11:29-11:35)→吃饺子 (13:05-13:40)→在院子里休息 (12:00-12:40)。",
        "question": "There is a missing part in Alice's diary: [Fry eggs] → (?) → (?) → [Rest in the courtyard]. What should be filled in?",
        "events_description": {
            "Fry eggs": "Alice places an iron pan on the stove in the first-floor kitchen, adds cooking oil and heats it, then cracks eggs into the pan. After cracking two eggs, she flips them with chopsticks under the guidance of a boy in a flesh-colored T-shirt, then stirs them with a spatula. After Alice finishes, the boy in the flesh-colored T-shirt continues to fry eggs at the gas stove.",
            "Handle broken cups": "Alice uses a broom and dustpan to collect glass shards from the floor at the junction of the kitchen and living room, takes a black garbage bag from the shelf, sweeps the shards into the dustpan, and with a companion's help, dumps them into the black bag. She labels the bag with label paper and throws it into the trash can in the courtyard corner.",
            "Eat dumplings": "Alice clears the table in the second-floor living room and lays out takeout from the bag. She sits on the sofa and waits, then waits by the table while playing on her phone until everyone comes to eat on the second floor. Alice and others happily eat dumplings and other food, chatting while eating.",
            "Rest in the courtyard": "Alice sits alone at the courtyard table playing on her phone. Later, the girl in a black skirt and blue denim jacket joins her to chat. The boy in a gray T-shirt and the girl in a pink T-shirt place some wooden boxes on the courtyard table, and the pink T-shirt girl also comes to chat. The gray T-shirt boy sits at the table handling a wooden drawer, while the blue denim jacket girl and pink T-shirt girl stand by to watch. Alice later chats with them in the courtyard.",
            "Rest on the sofa": "Alice sits on the sofa in the second-floor living room playing on her phone, while a boy in an orange-gray T-shirt and light brown shorts practices guitar beside her.",
            "Go out": "Alice leaves home when it's pitch dark outside. She and her companions discuss under a streetlight, with a lit house by the road. They board a car, travel near home, and walk through an alley to return.",
            "Dine on the second floor": "Alice sits at the table near the screen in the second-floor living room, opens the takeout packaging, and eats. She holds rice in her left hand and picks up food with chopsticks in her right hand, dining with many others around. After eating, she collects the dishes and trash into a bag and sits by the table playing on her phone.",
            "Listen to music performance": "The boy in an orange-gray T-shirt and light brown shorts sits on the floor of the second-floor living room playing guitar, as Alice listens quietly on the sofa. After a short break, everyone gathers to listen to him play, with Alice chatting while listening. Later, a boy in a black jacket takes over playing guitar, and everyone sits on the floor or sofa to listen and chat."
        },
        "choice_a": "Rest on the sofa → Go out",
        "choice_b": "Dine on the second floor → Listen to music performance",
        "choice_c": "Eat dumplings → Handle broken cups",
        "choice_d": "Handle broken cups → Eat dumplings",
        "reason": "Fry eggs (11:01-11:13) → Handle broken cups (11:29-11:35) → Eat dumplings (13:05-13:40) → Rest in the courtyard (12:00-12:40)."
    }
]