[
    {
        "question_chinese": "Alice 需要梳理上午 10:45 到 13:15 的活动顺序，以下哪组事件的排列是正确的？\n\na. 化妆\n\nb. 吃饭和讨论\n\nc. 观赏花朵\n\nd. 协作制作煎饼\n\ne. 练习舞蹈\n\nf. 处理蔬菜",
        "events_description_chinese": {
            "化妆": "几个三个女生坐在Alice对面，穿着白色衬衫，戴着棒球帽的女生给Alice正对面的穿着粉色T恤的女生化妆。然后穿着粉色T恤的女生给自己涂粉底并夹眉毛。她前面放着一个便携式桌面镜子，穿着粉色T恤的女生对着镜子化妆。",
            "吃饭和讨论": "Alice拿着一包白糖倒在碗里，深红色T恤男生帮忙分发白糖。大家一起坐在桌子旁边吃饭。但alice坐在角落，没跟着他们一起吃饭。后来Alice在客厅中一边走动一边与吃饭的人一起讨论什么。在他们吃完饭之后，Alice站在桌子对面和他们一起交谈和讨论。最后Alice坐在桌子旁边，和穿着淡黄色短袖衬衫的女生一起看桌子上的平板电脑。",
            "观赏花朵": "Alice在一楼客厅桌子旁边观看和摆放着花瓶里的花。她整理花瓶里花朵的摆放顺序，以便达到最好观赏效果。她给花瓶换水，并用剪子处理花朵底端的枝条。Alice将处理好的花瓶拿到院子的桌子上拍照后拿回室内。然后她给另一个花瓶换水并处理纸条。",
            "协作制作煎饼": "Alice将鸡蛋液倒在面粉里，与穿着淡黄色短袖衬衫的女生合作将面粉搅拌到糊状。她们首先使用打蛋器，后来使用筷子。完成面糊搅拌后，Alice使用滤网对面糊进行过滤，但以失败告终。简单休息后，Alice和这位女生一起将面糊倒在锅里煎炸，期间还倒了一杯咖啡。",
            "练习舞蹈": "大家在二楼客厅看着桌子上的平板电脑，练习舞蹈动作。Alice站在侧边，观看穿着灰色T恤和蓝色格子百褶裙的女生练习舞蹈。期间Alice帮助摆放了柔光灯。大家简单休息之后，投影器打开，穿着灰色T恤和蓝色格子百褶裙的女生、身着白色短款T恤和黑色长裤的女生、穿着蓝色T恤和黑色长裤的男生一起练习跳舞。后来Alice也参与，面对着幕布练习舞蹈。",
            "处理蔬菜": "Alice来到二楼厨房水池旁边，将白菜叶用水冲洗，并用手掰成小块。处理完之后，她从袋子里拿出一把金针菇，用刀切开后在水池清洗。然后她清洗了魔芋丝和魔芋块并将魔芋块切碎。完成清洗后她将食物端到桌子上。"
        },
        "choice_a_chinese": "c→d→b→a",
        "choice_b_chinese": "d→b→a",
        "choice_c_chinese": "e→f→d→b",
        "choice_d_chinese": "b→a→c→f",
        "answer": "B",
        "reason_chinese": "协作制作煎饼 (10:44-11:08)→吃饭和讨论 (11:19-12:09)→化妆 (12:42-13:14)。其中 “观赏花朵”(16:09-16:35)、“练习舞蹈”(15:37-16:08)、“处理蔬菜”(18:05-18:19) 属于干扰项，发生在目标时间段外。",
        "question": "Alice needs to sort out the activity sequence from 10:45 AM to 13:15 PM. Which arrangement of the following events is correct?\n\na. Makeup\n\nb. Eat and discuss\n\nc. Admire flowers\n\nd. Collaborate to make pancakes\n\ne. Practice dancing\n\nf. Process vegetables",
        "events_description": {
            "Makeup": "Three girls sit opposite Alice. The girl in a white shirt and a baseball cap applies makeup to the girl in a pink T-shirt opposite Alice. Then the girl in the pink T-shirt applies foundation and plucks her eyebrows. She has a portable desktop mirror in front of her and makes up in front of the mirror.",
            "Eat and discuss": "Alice pours a pack of white sugar into a bowl, and the boy in a maroon T-shirt helps distribute the sugar. Everyone sits at the table to eat. But Alice sits in the corner and doesn't eat with them. Later, Alice walks around in the living room and discusses with those who are eating. After they finish eating, Alice stands opposite the table and talks with them. Finally, Alice sits at the table and looks at the tablet on the table with the girl in a light yellow short-sleeved shirt.",
            "Admire flowers": "Alice watches and arranges the flowers in the vase beside the table in the first-floor living room. She arranges the flowers in the vase to achieve the best viewing effect. She changes the water in the vase and trims the branches at the bottom of the flowers with scissors. Alice takes the processed vase to the table in the yard, takes a photo, and brings it back indoors. Then she changes the water in another vase and deals with the notes.",
            "Collaborate to make pancakes": "Alice pours egg liquid into the flour and cooperates with the girl in a light yellow short-sleeved shirt to stir the flour into a paste. They first use a whisk and later use chopsticks. After finishing stirring the batter, Alice filters the batter with a strainer but fails. After a short rest, Alice and this girl pour the batter into the pan to fry and pour a cup of coffee during the process.",
            "Practice dancing": "Everyone watches the tablet on the table in the second-floor living room and practices dance moves. Alice stands on the side and watches the girl in a gray T-shirt and a blue plaid pleated skirt practice dancing. During this time, Alice helps place the softlight. After a short rest, the projector is turned on, and the girl in a gray T-shirt and a blue plaid pleated skirt, the girl in a white short T-shirt and black trousers, and the boy in a blue T-shirt and black trousers practice dancing together. Later, Alice also participates and practices dancing facing the screen.",
            "Process vegetables": "Alice comes to the sink in the second-floor kitchen, rinses the Chinese cabbage leaves with water, and breaks them into small pieces by hand. After finishing, she takes out a bunch of enoki mushrooms from the bag, cuts them with a knife, and washes them in the sink. Then she washes the konjac silk and konjac pieces and cuts the konjac pieces. After finishing the washing, she brings the food to the table."
        },
        "choice_a": "c→d→b→a",
        "choice_b": "d→b→a",
        "choice_c": "e→f→d→b",
        "choice_d": "b→a→c→f",
        "reason": "Collaborate to make pancakes (10:44-11:08) → Eat and discuss (11:19-12:09) → Makeup (12:42-13:14). Among them, \"Admire flowers\" (16:09-16:35), \"Practice dancing\" (15:37-16:08), and \"Process vegetables\" (18:05-18:19) are interfering items that occur outside the target time period."
    },
    {
        "question_chinese": "Alice 在笔记本上记录了傍晚至晚间的部分活动：[折纸花 → 处理蔬菜 → 二楼厨房刷火锅 → 在院子休息]，这些事情发生的正确时间段是？",
        "events_description_chinese": {
            "折纸花": "Alice看着手机里的教程，折叠纸巾并卷起来，使其看起来像一朵花的形状。使用了几张纸条卷起来后，她使用皮筋将纸花固定到棍子上，然后用各种颜色的眼影对纸花上色。完成一个纸花之后，她又折了一朵纸花，然后使用另一个眼影盘里的眼影对齐进行上色。完成后，她将其插在另一个花瓶里",
            "处理蔬菜": "Alice来到二楼厨房水池旁边，将白菜叶用水冲洗，并用手掰成小块。处理完之后，她从袋子里拿出一把金针菇，用刀切开后在水池清洗。然后她清洗了魔芋丝和魔芋块并将魔芋块切碎。完成清洗后她将食物端到桌子上。",
            "二楼厨房刷火锅": "Alice在二楼客厅桌子旁边带上手套，将火锅放在厨房水池进行清理。她用钢丝球仔细地清洗了分格火锅的每一个细节，包括锅里和锅外。然后她清理了水池里的油污后，开始清洗另一个分格火锅。完成清洗后，她去卫生间洗手。",
            "在院子休息": "Alice来到室外，院子里一片漆黑，穿着淡黄色衬衫的女生坐在桌子旁边使用电脑。Alice在一个地方坐下，看起来像是桌子旁边的椅子上，然后看起了手机。她打开了手机摄像头，观赏自己手指戒指上的宝石。后来她关掉手电筒，继续坐在院子里休息。"
        },
        "choice_a_chinese": "16:35-22:35",
        "choice_b_chinese": "15:40-21:00",
        "choice_c_chinese": "17:20-23:00",
        "choice_d_chinese": "18:00-22:00",
        "answer": "A",
        "reason_chinese": "折纸花 (16:35-17:16)→处理蔬菜 (18:05-18:19)→二楼厨房刷火锅 (21:33-21:54)→在院子休息 (22:00-22:34)，完整覆盖 16:35 至 22:34。",
        "question": "Alice recorded some activities from evening to night in her notebook: [Fold paper flowers → Process vegetables → Clean the hot pot in the second-floor kitchen → Rest in the yard]. What is the correct time period for these things to happen?",
        "events_description": {
            "Fold paper flowers": "Alice looks at the tutorial on her phone, folds the tissue paper and rolls it up to make it look like a flower. After rolling up several pieces of paper, she secures the paper flower to a stick with a rubber band and then colors the paper flower with various eyeshadows. After finishing one paper flower, she folds another paper flower and then colors it with the eyeshadow from another eyeshadow palette. After finishing, she inserts it into another vase.",
            "Process vegetables": "Alice comes to the sink in the second-floor kitchen, rinses the Chinese cabbage leaves with water, and breaks them into small pieces by hand. After finishing, she takes out a bunch of enoki mushrooms from the bag, cuts them with a knife, and washes them in the sink. Then she washes the konjac silk and konjac pieces and cuts the konjac pieces. After finishing the washing, she brings the food to the table.",
            "Clean the hot pot in the second-floor kitchen": "Alice puts on gloves beside the table in the second-floor living room and cleans the hot pot in the kitchen sink. She carefully cleans every detail of the divided hot pot with a steel wool ball, including inside and outside the pot. Then she cleans the oil stain in the sink and starts to clean another divided hot pot. After finishing the cleaning, she goes to the bathroom to wash her hands.",
            "Rest in the yard": "Alice goes outside. The yard is dark, and the girl in a light yellow shirt sits beside the table and uses a computer. Alice sits somewhere, seemingly on a chair beside the table, and then starts looking at her phone. She turns on the phone camera and admires the gemstone on her finger ring. Later, she turns off the flashlight and continues to rest in the yard."
        },
        "choice_a": "16:35-22:35",
        "choice_b": "15:40-21:00",
        "choice_c": "17:20-23:00",
        "choice_d": "18:00-22:00",
        "reason": "Fold paper flowers (16:35-17:16) → Process vegetables (18:05-18:19) → Clean the hot pot in the second-floor kitchen (21:33-21:54) → Rest in the yard (22:00-22:34), fully covering the period from 16:35 to 22:34."
    },
    {
        "question_chinese": "Alice 回忆下午至晚间的活动时忘记了具体时间，已知事件按发生顺序为：\n[练习舞蹈 → 处理蔬菜 → 收拾桌子和垃圾 → 二楼厨房刷火锅]\n时间选项：\n\na. 15:35~16:10\n\nb. 17:00~17:30\n\nc. 18:05~18:20\n\nd. 16:10~16:35\n\ne. 21:00~21:20\n\nf. 21:35~21:55\n\ng. 14:55~15:35",
        "events_description_chinese": {
            "练习舞蹈": "大家在二楼客厅看着桌子上的平板电脑，练习舞蹈动作。Alice站在侧边，观看穿着灰色T恤和蓝色格子百褶裙的女生练习舞蹈。期间Alice帮助摆放了柔光灯。大家简单休息之后，投影器打开，穿着灰色T恤和蓝色格子百褶裙的女生、身着白色短款T恤和黑色长裤的女生、穿着蓝色T恤和黑色长裤的男生一起练习跳舞。后来Alice也参与，面对着幕布练习舞蹈。",
            "处理蔬菜": "Alice来到二楼厨房水池旁边，将白菜叶用水冲洗，并用手掰成小块。处理完之后，她从袋子里拿出一把金针菇，用刀切开后在水池清洗。然后她清洗了魔芋丝和魔芋块并将魔芋块切碎。完成清洗后她将食物端到桌子上。",
            "收拾桌子和垃圾": "Alice收拾二楼客厅桌面上吃饭之后留下的餐具，将食物倒掉之后放在厨房的水池旁边等待清洗。然后她将桌子上的垃圾收集起来扔掉，把喝过的可乐倒掉，取纸巾将桌子擦干净，并将电磁炉放到厨房里。她在给垃圾桶更换垃圾袋之后，洗了两次手。",
            "二楼厨房刷火锅": "Alice在二楼客厅桌子旁边带上手套，将火锅放在厨房水池进行清理。她用钢丝球仔细地清洗了分格火锅的每一个细节，包括锅里和锅外。然后她清理了水池里的油污后，开始清洗另一个分格火锅。完成清洗后，她去卫生间洗手。"
        },
        "choice_a_chinese": "1→a / 2→c / 3→e / 4→f",
        "choice_b_chinese": "1→g / 2→b / 3→d / 4→e",
        "choice_c_chinese": "1→d / 2→a / 3→c / 4→f",
        "choice_d_chinese": "1→b / 2→g / 3→e / 4→a",
        "answer": "A",
        "reason_chinese": "练习舞蹈 (15:37-16:08)→处理蔬菜 (18:05-18:19)→收拾桌子和垃圾 (21:01-21:17)→二楼厨房刷火锅 (21:33-21:54)。",
        "question": "Alice forgot the specific time when recalling the activities from afternoon to night. The events are in the order of: \n[Practice dancing → Process vegetables → Tidy the table and take out the trash → Clean the hot pot in the second-floor kitchen]\nTime options:\n\na. 15:35~16:10\n\nb. 17:00~17:30\n\nc. 18:05~18:20\n\nd. 16:10~16:35\n\ne. 21:00~21:20\n\nf. 21:33~21:54\n\ng. 14:55~15:35",
        "events_description": {
            "Practice dancing": "Everyone watches the tablet on the table in the second-floor living room and practices dance moves. Alice stands on the side and watches the girl in a gray T-shirt and a blue plaid pleated skirt practice dancing. During this time, Alice helps place the softlight. After a short rest, the projector is turned on, and the girl in a gray T-shirt and a blue plaid pleated skirt, the girl in a white short T-shirt and black trousers, and the boy in a blue T-shirt and black trousers practice dancing together. Later, Alice also participates and practices dancing facing the screen.",
            "Process vegetables": "Alice comes to the sink in the second-floor kitchen, rinses the Chinese cabbage leaves with water, and breaks them into small pieces by hand. After finishing, she takes out a bunch of enoki mushrooms from the bag, cuts them with a knife, and washes them in the sink. Then she washes the konjac silk and konjac pieces and cuts the konjac pieces. After finishing the washing, she brings the food to the table.",
            "Tidy the table and take out the trash": "Alice tidies the tableware left on the table in the second-floor living room after eating, pours the food away, and places it beside the kitchen sink waiting for cleaning. Then she collects and throws away the trash on the table, pours out the cola that has been drunk, takes a tissue to clean the table, and puts the induction cooker in the kitchen. After changing the garbage bag in the trash can, she washes her hands twice.",
            "Clean the hot pot in the second-floor kitchen": "Alice puts on gloves beside the table in the second-floor living room and cleans the hot pot in the kitchen sink. She carefully cleans every detail of the divided hot pot with a steel wool ball, including inside and outside the pot. Then she cleans the oil stain in the sink and starts to clean another divided hot pot. After finishing the cleaning, she goes to the bathroom to wash her hands."
        },
        "choice_a": "1→a / 2→c / 3→e / 4→f",
        "choice_b": "1→g / 2→b / 3→d / 4→e",
        "choice_c": "1→d / 2→a / 3→c / 4→f",
        "choice_d": "1→b / 2→g / 3→e / 4→a",
        "reason": "Practice dancing (15:37-16:08) → Process vegetables (18:05-18:19) → Tidy the table and take out the trash (21:01-21:17) → Clean the hot pot in the second-floor kitchen (21:33-21:54)."
    },
    {
        "question_chinese": "Alice 记得自己先 “化妆” 然后 “练习舞蹈”，之后紧接着发生的两件事是什么？",
        "events_description_chinese": {
            "化妆": "几个三个女生坐在Alice对面，穿着白色衬衫，戴着棒球帽的女生给Alice正对面的穿着粉色T恤的女生化妆。然后穿着粉色T恤的女生给自己涂粉底并夹眉毛。她前面放着一个便携式桌面镜子，穿着粉色T恤的女生对着镜子化妆。",
            "练习舞蹈": "大家在二楼客厅看着桌子上的平板电脑，练习舞蹈动作。Alice站在侧边，观看穿着灰色T恤和蓝色格子百褶裙的女生练习舞蹈。期间Alice帮助摆放了柔光灯。大家简单休息之后，投影器打开，穿着灰色T恤和蓝色格子百褶裙的女生、身着白色短款T恤和黑色长裤的女生、穿着蓝色T恤和黑色长裤的男生一起练习跳舞。后来Alice也参与，面对着幕布练习舞蹈。",
            "处理蔬菜": "Alice来到二楼厨房水池旁边，将白菜叶用水冲洗，并用手掰成小块。处理完之后，她从袋子里拿出一把金针菇，用刀切开后在水池清洗。然后她清洗了魔芋丝和魔芋块并将魔芋块切碎。完成清洗后她将食物端到桌子上。",
            "在院子休息": "Alice来到室外，院子里一片漆黑，穿着淡黄色衬衫的女生坐在桌子旁边使用电脑。Alice在一个地方坐下，看起来像是桌子旁边的椅子上，然后看起了手机。她打开了手机摄像头，观赏自己手指戒指上的宝石。后来她关掉手电筒，继续坐在院子里休息。",
            "协作制作煎饼": "Alice将鸡蛋液倒在面粉里，与穿着淡黄色短袖衬衫的女生合作将面粉搅拌到糊状。她们首先使用打蛋器，后来使用筷子。完成面糊搅拌后，Alice使用滤网对面糊进行过滤，但以失败告终。简单休息后，Alice和这位女生一起将面糊倒在锅里煎炸，期间还倒了一杯咖啡。",
            "吃饭和讨论": "Alice拿着一包白糖倒在碗里，深红色T恤男生帮忙分发白糖。大家一起坐在桌子旁边吃饭。但alice坐在角落，没跟着他们一起吃饭。后来Alice在客厅中一边走动一边与吃饭的人一起讨论什么。在他们吃完饭之后，Alice站在桌子对面和他们一起交谈和讨论。最后Alice坐在桌子旁边，和穿着淡黄色短袖衬衫的女生一起看桌子上的平板电脑。",
            "观赏花朵": "Alice在一楼客厅桌子旁边观看和摆放着花瓶里的花。她整理花瓶里花朵的摆放顺序，以便达到最好观赏效果。她给花瓶换水，并用剪子处理花朵底端的枝条。Alice将处理好的花瓶拿到院子的桌子上拍照后拿回室内。然后她给另一个花瓶换水并处理纸条。",
            "折纸花": "Alice看着手机里的教程，折叠纸巾并卷起来，使其看起来像一朵花的形状。使用了几张纸条卷起来后，她使用皮筋将纸花固定到棍子上，然后用各种颜色的眼影对纸花上色。完成一个纸花之后，她又折了一朵纸花，然后使用另一个眼影盘里的眼影对齐进行上色。完成后，她将其插在另一个花瓶里"
        },
        "choice_a_chinese": "处理蔬菜 → 在院子休息",
        "choice_b_chinese": "协作制作煎饼 → 吃饭和讨论",
        "choice_c_chinese": "折纸花 → 观赏花朵",
        "choice_d_chinese": "观赏花朵 → 折纸花",
        "answer": "D",
        "reason_chinese": "化妆 (12:42-13:14)→练习舞蹈 (15:37-16:08)→观赏花朵 (16:09-16:35)→折纸花 (16:35-17:16)。",
        "question": "Alice remembers doing \"Makeup\" first and then \"Practice dancing\". What are the two events that follow immediately?",
        "events_description": {
            "Makeup": "Three girls sit opposite Alice. The girl in a white shirt and a baseball cap applies makeup to the girl in a pink T-shirt opposite Alice. Then the girl in the pink T-shirt applies foundation and plucks her eyebrows. She has a portable desktop mirror in front of her and makes up in front of the mirror.",
            "Practice dancing": "Everyone watches the tablet on the table in the second-floor living room and practices dance moves. Alice stands on the side and watches the girl in a gray T-shirt and a blue plaid pleated skirt practice dancing. During this time, Alice helps place the softlight. After a short rest, the projector is turned on, and the girl in a gray T-shirt and a blue plaid pleated skirt, the girl in a white short T-shirt and black trousers, and the boy in a blue T-shirt and black trousers practice dancing together. Later, Alice also participates and practices dancing facing the screen.",
            "Process vegetables": "Alice comes to the sink in the second-floor kitchen, rinses the Chinese cabbage leaves with water, and breaks them into small pieces by hand. After finishing, she takes out a bunch of enoki mushrooms from the bag, cuts them with a knife, and washes them in the sink. Then she washes the konjac silk and konjac pieces and cuts the konjac pieces. After finishing the washing, she brings the food to the table.",
            "Rest in the yard": "Alice goes outside. The yard is dark, and the girl in a light yellow shirt sits beside the table and uses a computer. Alice sits somewhere, seemingly on a chair beside the table, and then starts looking at her phone. She turns on the phone camera and admires the gemstone on her finger ring. Later, she turns off the flashlight and continues to rest in the yard.",
            "Collaborate to make pancakes": "Alice pours egg liquid into the flour and cooperates with the girl in a light yellow short-sleeved shirt to stir the flour into a paste. They first use a whisk and later use chopsticks. After finishing stirring the batter, Alice filters the batter with a strainer but fails. After a short rest, Alice and this girl pour the batter into the pan to fry and pour a cup of coffee during the process.",
            "Eat and discuss": "Alice pours a pack of white sugar into a bowl, and the boy in a maroon T-shirt helps distribute the sugar. Everyone sits at the table to eat. But Alice sits in the corner and doesn't eat with them. Later, Alice walks around in the living room and discusses with those who are eating. After they finish eating, Alice stands opposite the table and talks with them. Finally, Alice sits at the table and looks at the tablet on the table with the girl in a light yellow short-sleeved shirt.",
            "Admire flowers": "Alice watches and arranges the flowers in the vase beside the table in the first-floor living room. She arranges the flowers in the vase to achieve the best viewing effect. She changes the water in the vase and trims the branches at the bottom of the flowers with scissors. Alice takes the processed vase to the table in the yard, takes a photo, and brings it back indoors. Then she changes the water in another vase and deals with the notes.",
            "Fold paper flowers": "Alice looks at the tutorial on her phone, folds the tissue paper and rolls it up to make it look like a flower. After rolling up several pieces of paper, she secures the paper flower to a stick with a rubber band and then colors the paper flower with various eyeshadows. After finishing one paper flower, she folds another paper flower and then colors it with the eyeshadow from another eyeshadow palette. After finishing, she inserts it into another vase."
        },
        "choice_a": "Process vegetables → Rest in the yard",
        "choice_b": "Collaborate to make pancakes → Eat and discuss",
        "choice_c": "Fold paper flowers → Admire flowers",
        "choice_d": "Admire flowers → Fold paper flowers",
        "reason": "Makeup (12:42-13:14) → Practice dancing (15:37-16:08) → Admire flowers (16:09-16:35) → Fold paper flowers (16:35-17:16)."
    },
    {
        "question_chinese": "Alice 在回忆上午至下午的活动时说：“我先和大家一起吃饭讨论，接着化妆，之后就去整理和欣赏花瓶里的花朵，中间没有做其他事情。” 但朋友指出她的顺序有误，正确的事件顺序及错误分析是？",
        "events_description_chinese": {
            "吃饭和讨论": "Alice拿着一包白糖倒在碗里，深红色T恤男生帮忙分发白糖。大家一起坐在桌子旁边吃饭。但alice坐在角落，没跟着他们一起吃饭。后来Alice在客厅中一边走动一边与吃饭的人一起讨论什么。在他们吃完饭之后，Alice站在桌子对面和他们一起交谈和讨论。最后Alice坐在桌子旁边，和穿着淡黄色短袖衬衫的女生一起看桌子上的平板电脑。",
            "化妆": "几个三个女生坐在Alice对面，穿着白色衬衫，戴着棒球帽的女生给Alice正对面的穿着粉色T恤的女生化妆。然后穿着粉色T恤的女生给自己涂粉底并夹眉毛。她前面放着一个便携式桌面镜子，穿着粉色T恤的女生对着镜子化妆。",
            "练习舞蹈": "大家在二楼客厅看着桌子上的平板电脑，练习舞蹈动作。Alice站在侧边，观看穿着灰色T恤和蓝色格子百褶裙的女生练习舞蹈。期间Alice帮助摆放了柔光灯。大家简单休息之后，投影器打开，穿着灰色T恤和蓝色格子百褶裙的女生、身着白色短款T恤和黑色长裤的女生、穿着蓝色T恤和黑色长裤的男生一起练习跳舞。后来Alice也参与，面对着幕布练习舞蹈。",
            "观赏和整理花朵": "Alice在一楼客厅桌子旁边观看和摆放着花瓶里的花。她整理花瓶里花朵的摆放顺序，以便达到最好观赏效果。她给花瓶换水，并用剪子处理花朵底端的枝条。Alice将处理好的花瓶拿到院子的桌子上拍照后拿回室内。然后她给另一个花瓶换水并处理纸条。"
        },
        "choice_a_chinese": "正确：吃饭和讨论 → 化妆 → 练习舞蹈 → 观赏和整理花朵\n错误原因：Alice 遗漏了 “练习舞蹈” 事件",
        "choice_b_chinese": "正确：吃饭和讨论 → 化妆 → 观赏和整理花朵\n错误原因：Alice 的描述没有错误",
        "choice_c_chinese": "正确：观赏和整理花朵 → 化妆 → 吃饭和讨论\n错误原因：Alice  颠倒了“观赏和整理花朵”与“吃饭和讨论”的顺序。",
        "choice_d_chinese": "正确：吃饭和讨论 → 练习舞蹈 → 观赏和整理花朵 → 化妆\n错误原因：Alice  遗漏了“练习舞蹈”，并颠倒了“化妆”与“观赏和整理花朵”的顺序。",
        "answer": "A",
        "reason_chinese": "吃饭和讨论 (11:19-12:09)→化妆 (12:42-13:14)→练习舞蹈 (15:37-16:08)→观赏和整理花朵 (16:09-16:35)。",
        "question": "Alice recalled: \"I first ate and discussed with everyone, then did makeup, and then went to organize and admire the flowers in the vase without doing anything else in between.\" Friends pointed out an error in the order. What is the correct event sequence and error analysis?",
        "events_description": {
            "Eat and discuss": "Alice pours a pack of white sugar into a bowl, and the boy in a maroon T-shirt helps distribute the sugar. Everyone sits at the table to eat. But Alice sits in the corner and doesn't eat with them. Later, Alice walks around in the living room and discusses with those who are eating. After they finish eating, Alice stands opposite the table and talks with them. Finally, Alice sits at the table and looks at the tablet on the table with the girl in a light yellow short-sleeved shirt.",
            "Makeup": "Three girls sit opposite Alice. The girl in a white shirt and a baseball cap applies makeup to the girl in a pink T-shirt opposite Alice. Then the girl in the pink T-shirt applies foundation and plucks her eyebrows. She has a portable desktop mirror in front of her and makes up in front of the mirror.",
            "Practice dancing": "Everyone watches the tablet on the table in the second-floor living room and practices dance moves. Alice stands on the side and watches the girl in a gray T-shirt and a blue plaid pleated skirt practice dancing. During this time, Alice helps place the softlight. After a short rest, the projector is turned on, and the girl in a gray T-shirt and a blue plaid pleated skirt, the girl in a white short T-shirt and black trousers, and the boy in a blue T-shirt and black trousers practice dancing together. Later, Alice also participates and practices dancing facing the screen.",
            "Admire and organize flowers": "Alice watches and arranges the flowers in the vase beside the table in the first-floor living room. She arranges the flowers in the vase to achieve the best viewing effect. She changes the water in the vase and trims the branches at the bottom of the flowers with scissors. Alice takes the processed vase to the table in the yard, takes a photo, and brings it back indoors. Then she changes the water in another vase and deals with the notes."
        },
        "choice_a": "Correct: Eat and discuss → Makeup → Practice dancing → Admire and organize flowers\nError: Alice omitted the \"Practice dancing\" event",
        "choice_b": "Correct: Eat and discuss → Makeup → Admire and organize flowers\nError: Alice's description has no error",
        "choice_c": "Correct: Admire and organize flowers → Makeup → Eat and discuss\nError: Alice reversed the order of \"Admire and organize flowers\" and \"Eat and discuss\"",
        "choice_d": "Correct: Eat and discuss → Practice dancing → Admire and organize flowers → Makeup\nError: Alice omitted \"Practice dancing\" and reversed the order of \"Makeup\" and \"Admire and organize flowers\"",
        "reason": "Eat and discuss (11:19-12:09) → Makeup (12:42-13:14) → Practice dancing (15:37-16:08) → Admire and organize flowers (16:09-16:35)."
    },
    {
        "question_chinese": "Alice 的日记片段有一段缺失：[处理蔬菜] → (?) → (?) → [在院子休息] 。缺失部分应填入？",
        "events_description_chinese": {
            "处理蔬菜": "Alice来到二楼厨房水池旁边，将白菜叶用水冲洗，并用手掰成小块。处理完之后，她从袋子里拿出一把金针菇，用刀切开后在水池清洗。然后她清洗了魔芋丝和魔芋块并将魔芋块切碎。完成清洗后她将食物端到桌子上。",
            "协作制作煎饼": "Alice将鸡蛋液倒在面粉里，与穿着淡黄色短袖衬衫的女生合作将面粉搅拌到糊状。她们首先使用打蛋器，后来使用筷子。完成面糊搅拌后，Alice使用滤网对面糊进行过滤，但以失败告终。简单休息后，Alice和这位女生一起将面糊倒在锅里煎炸，期间还倒了一杯咖啡。",
            "吃饭和讨论": "Alice拿着一包白糖倒在碗里，深红色T恤男生帮忙分发白糖。大家一起坐在桌子旁边吃饭。但alice坐在角落，没跟着他们一起吃饭。后来Alice在客厅中一边走动一边与吃饭的人一起讨论什么。在他们吃完饭之后，Alice站在桌子对面和他们一起交谈和讨论。最后Alice坐在桌子旁边，和穿着淡黄色短袖衬衫的女生一起看桌子上的平板电脑。",
            "收拾桌子和垃圾": "Alice收拾二楼客厅桌面上吃饭之后留下的餐具，将食物倒掉之后放在厨房的水池旁边等待清洗。然后她将桌子上的垃圾收集起来扔掉，把喝过的可乐倒掉，取纸巾将桌子擦干净，并将电磁炉放到厨房里。她在给垃圾桶更换垃圾袋之后，洗了两次手。",
            "二楼厨房刷火锅": "Alice在二楼客厅桌子旁边带上手套，将火锅放在厨房水池进行清理。她用钢丝球仔细地清洗了分格火锅的每一个细节，包括锅里和锅外。然后她清理了水池里的油污后，开始清洗另一个分格火锅。完成清洗后，她去卫生间洗手。",
            "化妆": "三个女生坐在Alice对面，穿着白色衬衫，戴着棒球帽的女生给Alice正对面的穿着粉色T恤的女生化妆。然后穿着粉色T恤的女生给自己涂粉底并夹眉毛。她前面放着一个便携式桌面镜子，穿着粉色T恤的女生对着镜子化妆。",
            "练习舞蹈": "大家在二楼客厅看着桌子上的平板电脑，练习舞蹈动作。Alice站在侧边，观看穿着灰色T恤和蓝色格子百褶裙的女生练习舞蹈。期间Alice帮助摆放了柔光灯。大家简单休息之后，投影器打开，穿着灰色T恤和蓝色格子百褶裙的女生、身着白色短款T恤和黑色长裤的女生、穿着蓝色T恤和黑色长裤的男生一起练习跳舞。后来Alice也参与，面对着幕布练习舞蹈。",
            "观赏花朵": "Alice在一楼客厅桌子旁边观看和摆放着花瓶里的花。她整理花瓶里花朵的摆放顺序，以便达到最好观赏效果。她给花瓶换水，并用剪子处理花朵底端的枝条。Alice将处理好的花瓶拿到院子的桌子上拍照后拿回室内。然后她给另一个花瓶换水并处理纸条。",
            "折纸花": "Alice看着手机里的教程，折叠纸巾并卷起来，使其看起来像一朵花的形状。使用了几张纸条卷起来后，她使用皮筋将纸花固定到棍子上，然后用各种颜色的眼影对纸花上色。完成一个纸花之后，她又折了一朵纸花，然后使用另一个眼影盘里的眼影对齐进行上色。完成后，她将其插在另一个花瓶里",
            "在院子休息": "Alice来到室外，院子里一片漆黑，穿着淡黄色衬衫的女生坐在桌子旁边使用电脑。Alice在一个地方坐下，看起来像是桌子旁边的椅子上，然后看起了手机。她打开了手机摄像头，观赏自己手指戒指上的宝石。后来她关掉手电筒，继续坐在院子里休息。"
        },
        "choice_a_chinese": "协作制作煎饼 → 吃饭和讨论",
        "choice_b_chinese": "收拾桌子和垃圾 → 二楼厨房刷火锅",
        "choice_c_chinese": "化妆 → 练习舞蹈",
        "choice_d_chinese": "观赏花朵 → 折纸花",
        "answer": "B",
        "reason_chinese": "处理蔬菜 (18:05-18:19)→收拾桌子和垃圾 (21:01-21:17)→二楼厨房刷火锅 (21:33-21:54)→在院子休息 (22:00-22:34)。",
        "question": "There is a missing part in Alice's diary: [Process vegetables] → (?) → (?) → [Rest in the yard]. What should be filled in the missing parts?",
        "events_description": {
            "Process vegetables": "Alice comes to the sink in the second-floor kitchen, rinses the Chinese cabbage leaves with water, and breaks them into small pieces by hand. After finishing, she takes out a bunch of enoki mushrooms from the bag, cuts them with a knife, and washes them in the sink. Then she washes the konjac silk and konjac pieces and cuts the konjac pieces. After finishing the washing, she brings the food to the table.",
            "Collaborate to make pancakes": "Alice pours egg liquid into the flour and cooperates with the girl in a light yellow short-sleeved shirt to stir the flour into a paste. They first use a whisk and later use chopsticks. After finishing stirring the batter, Alice filters the batter with a strainer but fails. After a short rest, Alice and this girl pour the batter into the pan to fry and pour a cup of coffee during the process.",
            "Eat and discuss": "Alice pours a pack of white sugar into a bowl, and the boy in a maroon T-shirt helps distribute the sugar. Everyone sits at the table to eat. But Alice sits in the corner and doesn't eat with them. Later, Alice walks around in the living room and discusses with those who are eating. After they finish eating, Alice stands opposite the table and talks with them. Finally, Alice sits at the table and looks at the tablet on the table with the girl in a light yellow short-sleeved shirt.",
            "Tidy the table and take out the trash": "Alice tidies the tableware left on the table in the second-floor living room after eating, pours the food away, and places it beside the kitchen sink waiting for cleaning. Then she collects and throws away the trash on the table, pours out the cola that has been drunk, takes a tissue to clean the table, and puts the induction cooker in the kitchen. After changing the garbage bag in the trash can, she washes her hands twice.",
            "Clean the hot pot in the second-floor kitchen": "Alice puts on gloves beside the table in the second-floor living room and cleans the hot pot in the kitchen sink. She carefully cleans every detail of the divided hot pot with a steel wool ball, including inside and outside the pot. Then she cleans the oil stain in the sink and starts to clean another divided hot pot. After finishing the cleaning, she goes to the bathroom to wash her hands.",
            "Makeup": "Three girls sit opposite Alice. The girl in a white shirt and a baseball cap applies makeup to the girl in a pink T-shirt opposite Alice. Then the girl in the pink T-shirt applies foundation and plucks her eyebrows. She has a portable desktop mirror in front of her and makes up in front of the mirror.",
            "Practice dancing": "Everyone watches the tablet on the table in the second-floor living room and practices dance moves. Alice stands on the side and watches the girl in a gray T-shirt and a blue plaid pleated skirt practice dancing. During this time, Alice helps place the softlight. After a short rest, the projector is turned on, and the girl in a gray T-shirt and a blue plaid pleated skirt, the girl in a white short T-shirt and black trousers, and the boy in a blue T-shirt and black trousers practice dancing together. Later, Alice also participates and practices dancing facing the screen.",
            "Admire flowers": "Alice watches and arranges the flowers in the vase beside the table in the first-floor living room. She arranges the flowers in the vase to achieve the best viewing effect. She changes the water in the vase and trims the branches at the bottom of the flowers with scissors. Alice takes the processed vase to the table in the yard, takes a photo, and brings it back indoors. Then she changes the water in another vase and deals with the notes.",
            "Fold paper flowers": "Alice looks at the tutorial on her phone, folds the tissue paper and rolls it up to make it look like a flower. After rolling up several pieces of paper, she secures the paper flower to a stick with a rubber band and then colors the paper flower with various eyeshadows. After finishing one paper flower, she folds another paper flower and then colors it with the eyeshadow from another eyeshadow palette. After finishing, she inserts it into another vase.",
            "Rest in the yard": "Alice goes outside. The yard is dark, and the girl in a light yellow shirt sits beside the table and uses a computer. Alice sits somewhere, seemingly on a chair beside the table, and then starts looking at her phone. She turns on the phone camera and admires the gemstone on her finger ring. Later, she turns off the flashlight and continues to rest in the yard."
        },
        "choice_a": "Collaborate to make pancakes → Eat and discuss",
        "choice_b": "Tidy the table and take out the trash → Clean the hot pot in the second-floor kitchen",
        "choice_c": "Makeup → Practice dancing",
        "choice_d": "Admire flowers → Fold paper flowers",
        "reason": "Process vegetables (18:05-18:19) → Tidy the table and take out the trash (21:01-21:17) → Clean the hot pot in the second-floor kitchen (21:33-21:54) → Rest in the yard (22:00-22:34)."
    }
]