[
    {
        "question_chinese": "Alice 需要梳理下午 17:10 至 20:40 的活动流程，以下哪组事件的排序是正确的？\n\na. 盒马鲜生采购物资\n\nb. 回家\n\nc. 整理采购的物资\n\nd. 煮汤\n\ne. 学习硬盘使用方法\n\nf. 拼拼图",
        "events_description_chinese": {
            "盒马鲜生采购物资": "Alice一行人来到商场大楼外面，沿着马路绕过护栏，进入商场内。他们来到二楼，来到盒马鲜生超市。穿着蓝色T恤和黑色长裤的男生和穿着浅棕色长裤和蓝灰色牛仔外套的男生各自推一辆购物车。Alice和蓝色T恤男生和黄色短袖衬衫的女生一起在超市到处逛，采购水果、饮料、蔬菜、调料等物资。期间所有人聚到一起进行了讨论。最后他们推着装满的购物车到自助收银柜台前结账，结完账离开了超市。",
            "回家": "Alice一行人穿过走廊，提着袋子从自动扶梯下楼。他们在商场大楼一楼停留了一会之后离开大楼，来到路边，等待网约车的到来。Alice时常看着手机，查看网约车的位置。网约车来到之后，他们将袋子放在后备箱并上车。车子回到家已经是傍晚，他们提着袋子穿过小巷回到家里。",
            "整理采购的物资": "一楼客厅桌子上和地上有几个袋子，Alice和其他人解开袋子，将里面的东西放到冰箱里。Alice还给垃圾桶装上袋子以便于丢弃垃圾。",
            "煮汤": "Alice将罐装火腿倒在砧板上，用菜刀把它切碎。随后打开松花蛋的包装，去掉松花蛋的蛋壳，然后将松花蛋切碎。然后她打开煤气灶，并准备了一下葱蒜等调料。她将切碎的食物倒在锅里加水搅拌。后来她也切了白菜、蘑菇等加到锅里一起煮。煮好之后她将汤盛在碗里放在桌子上，最后又往锅里加了一些调料。",
            "学习硬盘使用方法": "Alice和其他人坐在一楼客厅的桌子上，桌子上摆着几个白色蓝色的包装盒。Alice拆开硬盘的包装，从盒子里拿出硬盘盒，并将硬盘安装在硬盘盒里并使用螺丝固定。",
            "拼拼图": "Alice将一个木制拼图从包装袋里取出来，放在桌子上，大家围在拼图周围，一边商量，一边对比着每个图块的形状，一边一起拼这个拼图。最后只有穿着蓝绿色裙子和黑色长袖上衣的女生还在一起拼装。随着时间的流逝，放在正确位置的图块越来越多，完成拼图后她们将其装在透明塑料袋子里并使用支架立起来。"
        },
        "choice_a_chinese": "e→f→b→d",
        "choice_b_chinese": "a→b→c→d",
        "choice_c_chinese": "d→a→c→f",
        "choice_d_chinese": "c→a→e→b",
        "answer": "B",
        "reason_chinese": "盒马鲜生采购物资 (17:13-18:31)→回家 (18:34-19:09)→整理采购的物资 (19:10-19:19)→煮汤 (19:43-20:41)。其中 “学习硬盘使用方法”(11:09-11:22) 和 “拼拼图”(12:26-13:25) 属于干扰项，发生在目标时间段外。",
        "question": "Alice needs to sort the activity sequence from 5:10 PM to 8:40 PM. Which of the following event sequences is correct?\n\na. Shop for supplies at Hema Fresh\n\nb. Go home\n\nc. Organize purchased supplies\n\nd. Cook soup\n\ne. Learn how to use a hard drive\n\nf. Assemble a puzzle",
        "events_description": {
            "Shop for supplies at Hema Fresh": "Alice and her group go outside the mall building, bypass the guardrail along the road, and enter the mall. They go to the second floor to Hema Fresh supermarket. The boy in a blue T-shirt and black trousers and the boy in light brown trousers and a blue-gray denim jacket each push a shopping cart. Alice, the blue T-shirt boy, and the girl in a yellow short-sleeved shirt wander the supermarket, buying fruits, drinks, vegetables, and seasonings. Everyone gathers to discuss during the process. Finally, they push the full carts to the self-checkout counter, pay, and leave the supermarket.",
            "Go home": "Alice and her group walk through the corridor, take the escalator downstairs with their bags, and stop on the first floor of the mall before leaving to wait for a ride-hailing car by the road. Alice frequently checks the car's location on her phone. When the car arrives, they put the bags in the trunk and get on. It's evening when they get home, and they carry the bags through the alley to their house.",
            "Organize purchased supplies": "There are several bags on the first-floor living room table and floor. Alice and others unpack the bags, putting items into the fridge. Alice also puts a bag in the trash can for easy waste disposal.",
            "Cook soup": "Alice pours canned ham onto a cutting board and chops it with a knife. She opens the century egg packaging, peels them, and chops the eggs. Then she turns on the gas stove, prepares scallions and garlic, and pours the chopped ingredients into a pot with water to stir. Later, she cuts cabbage and mushrooms to add to the pot. After cooking, she serves the soup in bowls on the table and adds more seasonings to the pot.",
            "Learn how to use a hard drive": "Alice and others sit at the first-floor living room table with several white and blue packaging boxes. Alice unpacks the hard drive, takes out the hard drive case from the box, installs the hard drive into the case, and secures it with screws.",
            "Assemble a puzzle": "Alice takes a wooden puzzle from the packaging, places it on the table, and everyone gathers around, discussing and comparing the shapes of each puzzle piece to assemble it together. Finally, only the girl in a blue-green skirt and black long-sleeve top continues assembling. As time passes, more pieces are placed correctly, and after finishing, they put the puzzle in a transparent plastic bag and stand it up with a stand."
        },
        "choice_a": "e→f→b→d",
        "choice_b": "a→b→c→d",
        "choice_c": "d→a→c→f",
        "choice_d": "c→a→e→b",
        "reason": "Shop at Hema Fresh (17:13-18:31) → Go home (18:34-19:09) → Organize supplies (19:10-19:19) → Cook soup (19:43-20:41). \"Learn hard drive usage\" (11:09-11:22) and \"Assemble puzzle\" (12:26-13:25) are distractions outside the target time period."
    },
    {
        "question_chinese": "Alice 在笔记本上记录了今天的部分活动：[学习硬盘使用方法 → 拼拼图 → 收拾物资 → 盒马鲜生采购物资]，这些事情发生的正确时间段是？",
        "events_description_chinese": {
            "学习硬盘使用方法": "Alice和其他人坐在一楼客厅的桌子上，桌子上摆着几个白色蓝色的包装盒。Alice拆开硬盘的包装，从盒子里拿出硬盘盒，并将硬盘安装在硬盘盒里并使用螺丝固定。",
            "拼拼图": "Alice将一个木制拼图从包装袋里取出来，放在桌子上，大家围在拼图周围，一边商量，一边对比着每个图块的形状，一边一起拼这个拼图。最后只有穿着蓝绿色裙子和黑色长袖上衣的女生还在一起拼装。随着时间的流逝，放在正确位置的图块越来越多，完成拼图后她们将其装在透明塑料袋子里并使用支架立起来。",
            "收拾物资": "黑色长袖上衣的女生将各种东西一个一个放在桌子上，Alice一边查看一边与其他人讨论。桌子上的东西越来越多，Alice和穿着蓝绿色裙子一起整理桌子上的物资并把它们放在厨房台面、冰箱等合适的位置。最后他将装物资的箱子放在玄关位置。",
            "盒马鲜生采购物资": "Alice一行人来到商场大楼外面，沿着马路绕过护栏，进入商场内。他们来到二楼，来到盒马鲜生超市。穿着蓝色T恤和黑色长裤的男生和穿着浅棕色长裤和蓝灰色牛仔外套的男生各自推一辆购物车。Alice和蓝色T恤男生和黄色短袖衬衫的女生一起在超市到处逛，采购水果、饮料、蔬菜、调料等物资。期间所有人聚到一起进行了讨论。最后他们推着装满的购物车到自助收银柜台前结账，结完账离开了超市。"
        },
        "choice_a_chinese": "16:00-18:30",
        "choice_b_chinese": "11:00-13:30",
        "choice_c_chinese": "11:10-18:30",
        "choice_d_chinese": "10:30-12:00",
        "answer": "C",
        "reason_chinese": "学习硬盘使用方法 (11:09-11:22)→拼拼图 (12:26-13:25)→收拾物资 (13:25-13:54)→盒马鲜生采购物资 (17:13-18:31)，完整覆盖 11:09 至 18:31。",
        "question": "Alice recorded some today's activities: [Learn hard drive usage → Assemble puzzle → Tidy supplies → Shop at Hema Fresh]. What is the correct time period for these events?",
        "events_description": {
            "Learn hard drive usage": "Alice and others sit at the first-floor living room table with several white and blue packaging boxes. Alice unpacks the hard drive, takes out the hard drive case from the box, installs the hard drive into the case, and secures it with screws.",
            "Assemble puzzle": "Alice takes a wooden puzzle from the packaging, places it on the table, and everyone gathers around, discussing and comparing the shapes of each puzzle piece to assemble it together. Finally, only the girl in a blue-green skirt and black long-sleeve top continues assembling. As time passes, more pieces are placed correctly, and after finishing, they put the puzzle in a transparent plastic bag and stand it up with a stand.",
            "Tidy supplies": "The girl in a black long-sleeve top places various items on the table one by one as Alice checks and discusses with others. As more items accumulate, Alice and the girl in the blue-green skirt organize the supplies on the table, placing them in appropriate places like the kitchen counter and fridge. Finally, she puts the supply box at the entrance.",
            "Shop at Hema Fresh": "Alice and her group go outside the mall building, bypass the guardrail along the road, and enter the mall. They go to the second floor to Hema Fresh supermarket. The boy in a blue T-shirt and black trousers and the boy in light brown trousers and a blue-gray denim jacket each push a shopping cart. Alice, the blue T-shirt boy, and the girl in a yellow short-sleeved shirt wander the supermarket, buying fruits, drinks, vegetables, and seasonings. Everyone gathers to discuss during the process. Finally, they push the full carts to the self-checkout counter, pay, and leave the supermarket."
        },
        "choice_a": "16:00-18:30",
        "choice_b": "11:00-13:30",
        "choice_c": "11:10-18:30",
        "choice_d": "10:30-12:00",
        "reason": "Learn hard drive usage (11:09-11:22) → Assemble puzzle (12:26-13:25) → Tidy supplies (13:25-13:54) → Shop at Hema Fresh (17:13-18:31), fully covering 11:09 to 18:31."
    },
    {
        "question_chinese": "Alice 回忆下午至晚间的活动时忘记了具体时间，已知事件按发生顺序为：\n[拼拼图 → 盒马鲜生采购物资 → 整理采购的物资 → 合作制作蛋糕和聊天]\n时间选项：\n\na. 12:30~13:25\n\nb. 17:10~18:30\n\nc. 19:10~19:20\n\nd. 21:40~22:00\n\ne. 11:10~11:20\n\nf. 17:50~18:30",
        "events_description_chinese": {
            "拼拼图": "Alice将一个木制拼图从包装袋里取出来，放在桌子上，大家围在拼图周围，一边商量，一边对比着每个图块的形状，一边一起拼这个拼图。最后只有穿着蓝绿色裙子和黑色长袖上衣的女生还在一起拼装。随着时间的流逝，放在正确位置的图块越来越多，完成拼图后她们将其装在透明塑料袋子里并使用支架立起来。",
            "盒马鲜生采购物资": "Alice一行人来到商场大楼外面，沿着马路绕过护栏，进入商场内。他们来到二楼，来到盒马鲜生超市。穿着蓝色T恤和黑色长裤的男生和穿着浅棕色长裤和蓝灰色牛仔外套的男生各自推一辆购物车。Alice和蓝色T恤男生和黄色短袖衬衫的女生一起在超市到处逛，采购水果、饮料、蔬菜、调料等物资。期间所有人聚到一起进行了讨论。最后他们推着装满的购物车到自助收银柜台前结账，结完账离开了超市。",
            "整理采购的物资": "一楼客厅桌子上和地上有几个袋子，Alice和其他人解开袋子，将里面的东西放到冰箱里。Alice还给垃圾桶装上袋子以便于丢弃垃圾。",
            "合作制作蛋糕和聊天": "烤好的小蛋糕放在桌子上，几个人轮流将奶油挤在上面。淡黄色短袖衬衫，戴着蓝色棒球帽的女生将草莓加在上面装饰。包括Alice在内的所有人吃完之后，围在桌子旁边聊天。Alice坐在一楼客厅桌子旁边，和大家一起讨论。"
        },
        "choice_a_chinese": "1→a / 2→b / 3→c / 4→d",
        "choice_b_chinese": "1→e / 2→f / 3→c / 4→d",
        "choice_c_chinese": "1→a / 2→f / 3→b / 4→e",
        "choice_d_chinese": "1→c / 2→b / 3→d / 4→a",
        "answer": "A",
        "reason_chinese": "拼拼图 (12:26-13:25)→盒马鲜生采购物资 (17:13-18:31)→整理采购的物资 (19:10-19:19)→合作制作蛋糕和聊天 (21:42-22:03)。",
        "question": "Alice forgot the specific times of afternoon to evening activities but knows the order: \n[Assemble puzzle → Shop at Hema Fresh → Organize purchased supplies → Collaborate to make cakes and chat]\nTime options:\n\na. 12:30~13:25\n\nb. 17:10~18:30\n\nc. 19:10~19:20\n\nd. 21:40~22:00\n\ne. 11:10~11:20\n\nf. 17:50~18:30",
        "events_description": {
            "Assemble puzzle": "Alice takes a wooden puzzle from the packaging, places it on the table, and everyone gathers around, discussing and comparing the shapes of each puzzle piece to assemble it together. Finally, only the girl in a blue-green skirt and black long-sleeve top continues assembling. As time passes, more pieces are placed correctly, and after finishing, they put the puzzle in a transparent plastic bag and stand it up with a stand.",
            "Shop at Hema Fresh": "Alice and her group go outside the mall building, bypass the guardrail along the road, and enter the mall. They go to the second floor to Hema Fresh supermarket. The boy in a blue T-shirt and black trousers and the boy in light brown trousers and a blue-gray denim jacket each push a shopping cart. Alice, the blue T-shirt boy, and the girl in a yellow short-sleeved shirt wander the supermarket, buying fruits, drinks, vegetables, and seasonings. Everyone gathers to discuss during the process. Finally, they push the full carts to the self-checkout counter, pay, and leave the supermarket.",
            "Organize purchased supplies": "There are several bags on the first-floor living room table and floor. Alice and others unpack the bags, putting items into the fridge. Alice also puts a bag in the trash can for easy waste disposal.",
            "Collaborate to make cakes and chat": "Baked small cakes are placed on the table, and several people take turns squeezing cream on them. The girl in a light yellow short-sleeved shirt and blue baseball cap decorates them with strawberries. After everyone, including Alice, finishes eating, they gather around the table to chat. Alice sits at the first-floor living room table discussing with everyone."
        },
        "choice_a": "1→a / 2→b / 3→c / 4→d",
        "choice_b": "1→e / 2→f / 3→c / 4→d",
        "choice_c": "1→a / 2→f / 3→b / 4→e",
        "choice_d": "1→c / 2→b / 3→d / 4→a",
        "reason": "Assemble puzzle (12:26-13:25) → Shop at Hema Fresh (17:13-18:31) → Organize supplies (19:10-19:19) → Make cakes and chat (21:42-22:03)."
    },
    {
        "question_chinese": "Alice 记得今天最后两件事是 “整理采购的物资” 和 “煮汤”，但忘记了之前发生的两件事，你能帮她回忆起来吗？",
        "events_description_chinese": {
            "整理采购的物资": "一楼客厅桌子上和地上有几个袋子，Alice和其他人解开袋子，将里面的东西放到冰箱里。Alice还给垃圾桶装上袋子以便于丢弃垃圾。",
            "煮汤": "Alice将罐装火腿倒在砧板上，用菜刀把它切碎。随后打开松花蛋的包装，去掉松花蛋的蛋壳，然后将松花蛋切碎。然后她打开煤气灶，并准备了一下葱蒜等调料。她将切碎的食物倒在锅里加水搅拌。后来她也切了白菜、蘑菇等加到锅里一起煮。煮好之后她将汤盛在碗里放在桌子上，最后又往锅里加了一些调料。",
            "盒马鲜生采购物资": "Alice一行人来到商场大楼外面，沿着马路绕过护栏，进入商场内。他们来到二楼，来到盒马鲜生超市。穿着蓝色T恤和黑色长裤的男生和穿着浅棕色长裤和蓝灰色牛仔外套的男生各自推一辆购物车。Alice和蓝色T恤男生和黄色短袖衬衫的女生一起在超市到处逛，采购水果、饮料、蔬菜、调料等物资。期间所有人聚到一起进行了讨论。最后他们推着装满的购物车到自助收银柜台前结账，结完账离开了超市。",
            "回家": "Alice一行人穿过走廊，提着袋子从自动扶梯下楼。他们在商场大楼一楼停留了一会之后离开大楼，来到路边，等待网约车的到来。Alice时常看着手机，查看网约车的位置。网约车来到之后，他们将袋子放在后备箱并上车。车子回到家已经是傍晚，他们提着袋子穿过小巷回到家里。",
            "处理花束": "Alice与其他人合作，从箱子里取出花束并使用剪子拆开花束的包装。简单讨论之后，Alice将花束分开，然后修剪底端的枝条。Alice将所有花的枝条进行了修剪，分类放在桌子上。完成以上工作后，Alice接满一桶水和一个花瓶，将花朵插在里面",
            "拼拼图": "Alice将一个木制拼图从包装袋里取出来，放在桌子上，大家围在拼图周围，一边商量，一边对比着每个图块的形状，一边一起拼这个拼图。最后只有穿着蓝绿色裙子和黑色长袖上衣的女生还在一起拼装。随着时间的流逝，放在正确位置的图块越来越多，完成拼图后她们将其装在透明塑料袋子里并使用支架立起来。",
            "学习硬盘使用方法": "Alice和其他人坐在一楼客厅的桌子上，桌子上摆着几个白色蓝色的包装盒。Alice拆开硬盘的包装，从盒子里拿出硬盘盒，并将硬盘安装在硬盘盒里并使用螺丝固定。",
            "收拾物资": "黑色长袖上衣的女生将各种东西一个一个放在桌子上，Alice一边查看一边与其他人讨论。桌子上的东西越来越多，Alice和穿着蓝绿色裙子一起整理桌子上的物资并把它们放在厨房台面、冰箱等合适的位置。最后他将装物资的箱子放在玄关位置。"
        },
        "choice_a_chinese": "合作制作蛋糕和聊天 → 回家",
        "choice_b_chinese": "处理花束 → 拼拼图",
        "choice_c_chinese": "盒马鲜生采购物资 → 回家",
        "choice_d_chinese": "学习硬盘使用方法 → 收拾物资",
        "answer": "C",
        "reason_chinese": "盒马鲜生采购物资 (17:13-18:31)→回家 (18:34-19:09)→整理采购的物资 (19:10-19:19)→煮汤 (19:43-20:41)。",
        "question": "Alice remembers the last two events today: \"Organize purchased supplies\" and \"Cook soup,\" but forgets the first two. Can you help her recall?",
        "events_description": {
            "Organize purchased supplies": "There are several bags on the first-floor living room table and floor. Alice and others unpack the bags, putting items into the fridge. Alice also puts a bag in the trash can for easy waste disposal.",
            "Cook soup": "Alice pours canned ham onto a cutting board and chops it with a knife. She opens the century egg packaging, peels them, and chops the eggs. Then she turns on the gas stove, prepares scallions and garlic, and pours the chopped ingredients into a pot with water to stir. Later, she cuts cabbage and mushrooms to add to the pot. After cooking, she serves the soup in bowls on the table and adds more seasonings to the pot.",
            "Shop at Hema Fresh": "Alice and her group go outside the mall building, bypass the guardrail along the road, and enter the mall. They go to the second floor to Hema Fresh supermarket. The boy in a blue T-shirt and black trousers and the boy in light brown trousers and a blue-gray denim jacket each push a shopping cart. Alice, the blue T-shirt boy, and the girl in a yellow short-sleeved shirt wander the supermarket, buying fruits, drinks, vegetables, and seasonings. Everyone gathers to discuss during the process. Finally, they push the full carts to the self-checkout counter, pay, and leave the supermarket.",
            "Go home": "Alice and her group walk through the corridor, take the escalator downstairs with their bags, and stop on the first floor of the mall before leaving to wait for a ride-hailing car by the road. Alice frequently checks the car's location on her phone. When the car arrives, they put the bags in the trunk and get on. It's evening when they get home, and they carry the bags through the alley to their house.",
            "Process flower bouquets": "Alice collaborates with others to take flower bouquets from the box and use scissors to unpack them. After a brief discussion, Alice separates the bouquets and trims the bottom branches. She trims all flower stems, sorts them on the table, fills a bucket and vase with water, and arranges the flowers in the vase.",
            "Assemble puzzle": "Alice takes a wooden puzzle from the packaging, places it on the table, and everyone gathers around, discussing and comparing the shapes of each puzzle piece to assemble it together. Finally, only the girl in a blue-green skirt and black long-sleeve top continues assembling. As time passes, more pieces are placed correctly, and after finishing, they put the puzzle in a transparent plastic bag and stand it up with a stand.",
            "Learn hard drive usage": "Alice and others sit at the first-floor living room table with several white and blue packaging boxes. Alice unpacks the hard drive, takes out the hard drive case from the box, installs the hard drive into the case, and secures it with screws.",
            "Tidy supplies": "The girl in a black long-sleeve top places various items on the table one by one as Alice checks and discusses with others. As more items accumulate, Alice and the girl in the blue-green skirt organize the supplies on the table, placing them in appropriate places like the kitchen counter and fridge. Finally, she puts the supply box at the entrance."
        },
        "choice_a": "Collaborate to make cakes and chat → Go home",
        "choice_b": "Process flower bouquets → Assemble puzzle",
        "choice_c": "Shop at Hema Fresh → Go home",
        "choice_d": "Learn hard drive usage → Tidy supplies",
        "reason": "Shop at Hema Fresh (17:13-18:31) → Go home (18:34-19:09) → Organize supplies (19:10-19:19) → Cook soup (19:43-20:41)."
    },
    {
        "question_chinese": "Alice 在回忆下午活动时说：“我先拼了拼图，接着处理了花束，之后去盒马鲜生采购物资，中间没有做其他事情。” 但朋友指出她的顺序有误，正确的事件顺序及错误分析是？",
        "events_description_chinese": {
            "拼拼图": "Alice将一个木制拼图从包装袋里取出来，放在桌子上，大家围在拼图周围，一边商量，一边对比着每个图块的形状，一边一起拼这个拼图。最后只有穿着蓝绿色裙子和黑色长袖上衣的女生还在一起拼装。随着时间的流逝，放在正确位置的图块越来越多，完成拼图后她们将其装在透明塑料袋子里并使用支架立起来。",
            "处理花束": "Alice与其他人合作，从箱子里取出花束并使用剪子拆开花束的包装。简单讨论之后，Alice将花束分开，然后修剪底端的枝条。Alice将所有花的枝条进行了修剪，分类放在桌子上。完成以上工作后，Alice接满一桶水和一个花瓶，将花朵插在里面",
            "盒马鲜生采购物资": "Alice一行人来到商场大楼外面，沿着马路绕过护栏，进入商场内。他们来到二楼，来到盒马鲜生超市。穿着蓝色T恤和黑色长裤的男生和穿着浅棕色长裤和蓝灰色牛仔外套的男生各自推一辆购物车。Alice和蓝色T恤男生和黄色短袖衬衫的女生一起在超市到处逛，采购水果、饮料、蔬菜、调料等物资。期间所有人聚到一起进行了讨论。最后他们推着装满的购物车到自助收银柜台前结账，结完账离开了超市。",
            "收拾物资": "黑色长袖上衣的女生将各种东西一个一个放在桌子上，Alice一边查看一边与其他人讨论。桌子上的东西越来越多，Alice和穿着蓝绿色裙子一起整理桌子上的物资并把它们放在厨房台面、冰箱等合适的位置。最后他将装物资的箱子放在玄关位置。"
        },
        "choice_a_chinese": "正确：处理花束 → 拼拼图 → 整理采购的物资\n错误原因：Alice 颠倒了 “处理花束” 与 “拼拼图” 的顺序，遗漏了 “整理采购的物资”，并错误地增加了 “去盒马鲜生采购物资”。",
        "choice_b_chinese": "正确：回家 → 拼拼图 → 处理花束 → 盒马鲜生采购物资\n错误原因：Alice  遗漏了“回家”。",
        "choice_c_chinese": "正确：处理花束 → 拼拼图 → 收拾物资 → 盒马鲜生采购物资\n错误原因：Alice  颠倒了“处理花束”与“拼拼图”的顺序，并遗漏了“收拾物资”。",
        "choice_d_chinese": "正确：拼拼图 → 处理花束\n错误原因：Alice  错误地增加了“去盒马鲜生采购物资”。",
        "answer": "C",
        "reason_chinese": "处理花束 (11:35-12:14)→拼拼图 (12:26-13:25)→收拾物资 (13:25-13:54)→盒马鲜生采购物资 (17:13-18:31)。",
        "question": "Alice recalled: \"I first assembled a puzzle, then processed flower bouquets, and then went shopping at Hema Fresh with nothing in between.\" Friends pointed out an error. What is the correct sequence and error analysis?",
        "events_description": {
            "Assemble puzzle": "Alice takes a wooden puzzle from the packaging, places it on the table, and everyone gathers around, discussing and comparing the shapes of each puzzle piece to assemble it together. Finally, only the girl in a blue-green skirt and black long-sleeve top continues assembling. As time passes, more pieces are placed correctly, and after finishing, they put the puzzle in a transparent plastic bag and stand it up with a stand.",
            "Process flower bouquets": "Alice collaborates with others to take flower bouquets from the box and use scissors to unpack them. After a brief discussion, Alice separates the bouquets and trims the bottom branches. She trims all flower stems, sorts them on the table, fills a bucket and vase with water, and arranges the flowers in the vase.",
            "Shop at Hema Fresh": "Alice and her group go outside the mall building, bypass the guardrail along the road, and enter the mall. They go to the second floor to Hema Fresh supermarket. The boy in a blue T-shirt and black trousers and the boy in light brown trousers and a blue-gray denim jacket each push a shopping cart. Alice, the blue T-shirt boy, and the girl in a yellow short-sleeved shirt wander the supermarket, buying fruits, drinks, vegetables, and seasonings. Everyone gathers to discuss during the process. Finally, they push the full carts to the self-checkout counter, pay, and leave the supermarket.",
            "Tidy supplies": "The girl in a black long-sleeve top places various items on the table one by one as Alice checks and discusses with others. As more items accumulate, Alice and the girl in the blue-green skirt organize the supplies on the table, placing them in appropriate places like the kitchen counter and fridge. Finally, she puts the supply box at the entrance."
        },
        "choice_a": "Correct: Process flower bouquets → Assemble puzzle → Organize purchased supplies\nError: Alice reversed \"Process flower bouquets\" and \"Assemble puzzle,\" omitted \"Organize supplies,\" and incorrectly added \"Shop at Hema Fresh\"",
        "choice_b": "Correct: Go home → Assemble puzzle → Process flower bouquets → Shop at Hema Fresh\nError: Alice omitted \"Go home\"",
        "choice_c": "Correct: Process flower bouquets → Assemble puzzle → Tidy supplies → Shop at Hema Fresh\nError: Alice reversed \"Process flower bouquets\" and \"Assemble puzzle\" and omitted \"Tidy supplies\"",
        "choice_d": "Correct: Assemble puzzle → Process flower bouquets\nError: Alice incorrectly added \"Shop at Hema Fresh\"",
        "reason": "Process flower bouquets (11:35-12:14) → Assemble puzzle (12:26-13:25) → Tidy supplies (13:25-13:54) → Shop at Hema Fresh (17:13-18:31)."
    },
    {
        "question_chinese": "Alice 的日记片段有一段缺失：[学习硬盘使用方法] → [处理花束] → (?) → [收拾物资] 。缺失部分应填入？",
        "events_description_chinese": {
            "学习硬盘使用方法": "Alice和其他人坐在一楼客厅的桌子上，桌子上摆着几个白色蓝色的包装盒。Alice拆开硬盘的包装，从盒子里拿出硬盘盒，并将硬盘安装在硬盘盒里并使用螺丝固定。",
            "处理花束": "Alice与其他人合作，从箱子里取出花束并使用剪子拆开花束的包装。简单讨论之后，Alice将花束分开，然后修剪底端的枝条。Alice将所有花的枝条进行了修剪，分类放在桌子上。完成以上工作后，Alice接满一桶水和一个花瓶，将花朵插在里面",
            "回家": "Alice一行人穿过走廊，提着袋子从自动扶梯下楼。他们在商场大楼一楼停留了一会之后离开大楼，来到路边，等待网约车的到来。Alice时常看着手机，查看网约车的位置。网约车来到之后，他们将袋子放在后备箱并上车。车子回到家已经是傍晚，他们提着袋子穿过小巷回到家里。",
            "拼拼图": "Alice将一个木制拼图从包装袋里取出来，放在桌子上，大家围在拼图周围，一边商量，一边对比着每个图块的形状，一边一起拼这个拼图。最后只有穿着蓝绿色裙子和黑色长袖上衣的女生还在一起拼装。随着时间的流逝，放在正确位置的图块越来越多，完成拼图后她们将其装在透明塑料袋子里并使用支架立起来。",
            "盒马鲜生采购物资": "Alice一行人来到商场大楼外面，沿着马路绕过护栏，进入商场内。他们来到二楼，来到盒马鲜生超市。穿着蓝色T恤和黑色长裤的男生和穿着浅棕色长裤和蓝灰色牛仔外套的男生各自推一辆购物车。Alice和蓝色T恤男生和黄色短袖衬衫的女生一起在超市到处逛，采购水果、饮料、蔬菜、调料等物资。期间所有人聚到一起进行了讨论。最后他们推着装满的购物车到自助收银柜台前结账，结完账离开了超市。",
            "整理采购的物资": "一楼客厅桌子上和地上有几个袋子，Alice和其他人解开袋子，将里面的东西放到冰箱里。Alice还给垃圾桶装上袋子以便于丢弃垃圾。",
            "合作制作蛋糕和聊天": "烤好的小蛋糕放在桌子上，几个人轮流将奶油挤在上面。淡黄色短袖衬衫，戴着蓝色棒球帽的女生将草莓加在上面装饰。包括Alice在内的所有人吃完之后，围在桌子旁边聊天。Alice坐在一楼客厅桌子旁边，和大家一起讨论。",
            "收拾物资": "黑色长袖上衣的女生将各种东西一个一个放在桌子上，Alice一边查看一边与其他人讨论。桌子上的东西越来越多，Alice和穿着蓝绿色裙子一起整理桌子上的物资并把它们放在厨房台面、冰箱等合适的位置。最后他将装物资的箱子放在玄关位置。"
        },
        "choice_a_chinese": "回家",
        "choice_b_chinese": "拼拼图",
        "choice_c_chinese": "盒马鲜生采购物资 → 整理采购的物资",
        "choice_d_chinese": "合作制作蛋糕和聊天",
        "answer": "B",
        "reason_chinese": "学习硬盘使用方法 (11:09-11:22)→处理花束 (11:35-12:14)→拼拼图 (12:26-13:25)→收拾物资 (13:25-13:54)。",
        "question": "There is a missing part in Alice's diary: [Learn hard drive usage] → [Process flower bouquets] → (?) → [Tidy supplies]. What should be filled in?",
        "events_description": {
            "Learn hard drive usage": "Alice and others sit at the first-floor living room table with several white and blue packaging boxes. Alice unpacks the hard drive, takes out the hard drive case from the box, installs the hard drive into the case, and secures it with screws.",
            "Process flower bouquets": "Alice collaborates with others to take flower bouquets from the box and use scissors to unpack them. After a brief discussion, Alice separates the bouquets and trims the bottom branches. She trims all flower stems, sorts them on the table, fills a bucket and vase with water, and arranges the flowers in the vase.",
            "Go home": "Alice and her group walk through the corridor, take the escalator downstairs with their bags, and stop on the first floor of the mall before leaving to wait for a ride-hailing car by the road. Alice frequently checks the car's location on her phone. When the car arrives, they put the bags in the trunk and get on. It's evening when they get home, and they carry the bags through the alley to their house.",
            "Assemble puzzle": "Alice takes a wooden puzzle from the packaging, places it on the table, and everyone gathers around, discussing and comparing the shapes of each puzzle piece to assemble it together. Finally, only the girl in a blue-green skirt and black long-sleeve top continues assembling. As time passes, more pieces are placed correctly, and after finishing, they put the puzzle in a transparent plastic bag and stand it up with a stand.",
            "Shop at Hema Fresh": "Alice and her group go outside the mall building, bypass the guardrail along the road, and enter the mall. They go to the second floor to Hema Fresh supermarket. The boy in a blue T-shirt and black trousers and the boy in light brown trousers and a blue-gray denim jacket each push a shopping cart. Alice, the blue T-shirt boy, and the girl in a yellow short-sleeved shirt wander the supermarket, buying fruits, drinks, vegetables, and seasonings. Everyone gathers to discuss during the process. Finally, they push the full carts to the self-checkout counter, pay, and leave the supermarket.",
            "Organize purchased supplies": "There are several bags on the first-floor living room table and floor. Alice and others unpack the bags, putting items into the fridge. Alice also puts a bag in the trash can for easy waste disposal.",
            "Collaborate to make cakes and chat": "Baked small cakes are placed on the table, and several people take turns squeezing cream on them. The girl in a light yellow short-sleeved shirt and blue baseball cap decorates them with strawberries. After everyone, including Alice, finishes eating, they gather around the table to chat. Alice sits at the first-floor living room table discussing with everyone.",
            "Tidy supplies": "The girl in a black long-sleeve top places various items on the table one by one as Alice checks and discusses with others. As more items accumulate, Alice and the girl in the blue-green skirt organize the supplies on the table, placing them in appropriate places like the kitchen counter and fridge. Finally, she puts the supply box at the entrance."
        },
        "choice_a": "Go home",
        "choice_b": "Assemble puzzle",
        "choice_c": "Shop at Hema Fresh → Organize purchased supplies",
        "choice_d": "Collaborate to make cakes and chat",
        "reason": "Learn hard drive usage (11:09-11:22) → Process flower bouquets (11:35-12:14) → Assemble puzzle (12:26-13:25) → Tidy supplies (13:25-13:54)."
    }
]