[
  {
    "question_chinese": "TASHA在DAY1的11:00到14:00之间参与了以下活动：\na. 电子设备拆箱与协作安装\nb. 团队讨论\nc. 协作完成拼图\nd. 厨具材料分类与收纳\ne. 超市采购\nf. 午餐准备\n请将这些事件按正确的时间顺序排列。",
    "events_description_chinese": {
      "电子设备拆箱与协作安装": "TASHA与蓝色T恤，灰色短裤的男生等参与者共同拆解电子设备包装，研究组装步骤并使用螺丝刀固定配件。过程中观察到白色上衣、灰色裙子的女生专注安装，蓝色T恤、灰色短裤的男生监督指导，最终将安装完成的设备整理归位。",
      "团队讨论": "浅橙色短袖、灰色长裤的男生主导在白板撰写内容，团队反复讨论修改内容达1小时。同期部分成员拆解鲜花包装、筛选卡片，期间TASHA使用手机进行了购物等操作。",
      "协作完成拼图": "TASHA与多名参与者（白色上衣、灰色裙子的女生、身着淡蓝色连衣裙的的女生、蓝色T恤，灰色短裤的男生等）持续进行拼图协作，包含碎片分拣、形状比对、多人协同调整等环节。最终完成拼图并集体庆祝。",
      "厨具材料分类与收纳": "TASHA主导将采购物资进行分类整理，包含拆解烘焙模具包装、讲解器具使用方法、协同白色上衣、灰色裙子的女生进行厨房收纳定位。观察到蓝色T恤，灰色短裤的男生协助搬运重物，身着淡蓝色连衣裙的的女生负责检查工具完整性，过程中持续穿插功能讨论与空间规划。",
      "厨房整理与归纳": "TASHA深度参与厨房空间重组，包括协助蓝色T恤，灰色短裤的男生移动微波炉/烤箱、整理电线、分类食材存储位置。",
      "午餐准备": "TASHA从厨房将菜端至户外院子里的桌子上。分发肯德基外卖。",
      "超市采购": "TASHA与团队一起进行生鲜区选购，具体完成草莓/青提/蓝莓等水果品质筛选、淡奶油性价比分析、鸡蛋松花蛋组合采购决策。TASHA使用手机比价、与白色上衣、灰色裙子的女生/蓝色T恤，灰色短裤的男生讨论蔬菜替代方案、修正购物清单遗漏项等。",
      "采购物品整理": "TASHA与团队一起将刚刚采购的物品整理收纳。",
      "蛋糕制作": "TASHA与团队成员在厨房进行蛋糕液制备，包含鸡蛋分离、原料称量、搅拌混合及烤箱预热等关键步骤，过程中指导身着淡蓝色连衣裙的的女生操作并协调原料分配，最终将蛋糕液分装至纸杯放入烤箱。",
      "参与腾讯会议": "TASHA使用手机参与腾讯会议。"
    },
    "choice_a_chinese": "(a)(b)(c)(d)(f)",
    "choice_b_chinese": "(a)(d)(b)(c)(f)",
    "choice_c_chinese": "(a)(b)(c)(f)(d)",
    "choice_d_chinese": "(a)(b)(d)(c)(f)",
    "choice_e_chinese": "(b)(a)(c)(d)(f)",
    "answer": "A",
    "reason_chinese": "正确顺序为：电子设备拆箱与协作安装（11:10 - 11:23）、团队讨论（11:23 - 12:24）、协作完成拼图（12:24 - 13:25）、厨具材料分类与收纳（13:25 - 13:39）、午餐准备（14:13 - 14:19）。干扰项为超市采购（17:19 - 18:40）。",
    "question": "TASHA participated in the following activities between 11:00 and 14:00 on DAY1:\na. Unboxing electronic devices and collaborative installation\nb. Team discussion\nc. Collaborative puzzle completion\nd. Sorting and organizing kitchenware materials\ne. Supermarket shopping\nf. Lunch preparation\nPlease arrange these events in the correct chronological order.",
    "events_description": {
      "Unboxing and Collaborative Setup of Electronic Devices": "TASHA and participants including a male in a blue T-shirt and gray shorts dismantle the electronic device packaging, study the assembly steps, and use screwdrivers to secure the components. During the process, a female in a white top and gray skirt is observed focusing on the installation, while the male in the blue T-shirt and gray shorts supervises and guides. Finally, the assembled device is organized and placed back in position.",
      "Team discussion": "The boy in the light orange short-sleeve shirt and gray pants led the content writing on the whiteboard, with the team repeatedly discussing and revising it for an hour. Meanwhile, some members unwrapped flower packages and filtered through cards, during which TASHA used her phone for shopping and other tasks.",
      "Working together to complete the puzzle": "TASHA collaborated continuously with multiple participants (girl in white top and gray skirt, girl in light blue dress, boy in blue T-shirt and gray shorts, etc.) on the jigsaw puzzle, involving tasks such as sorting pieces, matching shapes, and coordinating multi-person adjustments. The puzzle was eventually completed, followed by a group celebration.",
      "Classification and Storage of Kitchenware Materials": "TASHA led the categorization and organization of procurement materials, including unpacking baking mold packaging, explaining utensil usage methods, and collaborating with the girl in a white top and gray skirt for kitchen storage positioning. It was observed that the boy in a blue T-shirt and gray shorts assisted with moving heavy items, while the girl in a light blue dress was responsible for checking tool integrity. The process was continuously interspersed with functional discussions and space planning.",
      "Kitchen Organization and Decluttering": "TASHA was deeply involved in the reorganization of the kitchen space, including assisting the boy in a blue T-shirt and gray shorts to move the microwave/oven, organize cables, and categorize food storage locations.",
      "Lunch preparation": "TASHA carries the dishes from the kitchen to the table in the outdoor yard. Distributes KFC takeout.",
      "Supermarket shopping": "TASHA worked with the team to shop in the fresh produce section, specifically completing tasks such as quality screening of fruits like strawberries/green grapes/blueberries, cost-performance analysis of light cream, and making purchasing decisions for the egg-preserved egg combo. TASHA used her phone for price comparison, discussed vegetable substitution options with a girl in a white top and gray skirt and a boy in a blue T-shirt and gray shorts, and corrected omissions on the shopping list.",
      "Procurement Items Organization": "TASHA and the team organized and stored the newly purchased items.",
      "Cake Making": "TASHA and the team members prepared the cake batter in the kitchen, which involved key steps such as separating eggs, weighing ingredients, mixing, and preheating the oven. During the process, TASHA guided the girl in a light blue dress on the operations and coordinated the distribution of ingredients. Finally, the batter was portioned into cupcake liners and placed in the oven.",
      "Joining the Tencent Meeting": "TASHA joins the Tencent Meeting using a mobile phone."
    },
    "choice_a": "(a)(b)(c)(d)(f)",
    "choice_b": "(a)(d)(b)(c)(f)",
    "choice_c": "(a)(b)(c)(f)(d)",
    "choice_d": "(a)(b)(d)(c)(f)",
    "choice_e": "(b)(a)(c)(d)(f)",
    "reason": "The correct sequence is: Unpacking electronic devices and collaborative installation (11:10 - 11:23), team discussion (11:23 - 12:24), collaborative puzzle completion (12:24 - 13:25), categorization and storage of kitchen utensils and materials (13:25 - 13:39), lunch preparation (14:13 - 14:19). The distractor is supermarket shopping (17:19 - 18:40)."
  },
  {
    "question_chinese": "TASHA在DAY1的哪个时间段完成了以下活动：厨具材料分类与收纳、厨房整理与归纳、午餐准备？",
    "events_description_chinese": {
      "电子设备拆箱与协作安装": "TASHA与蓝色T恤，灰色短裤的男生等参与者共同拆解电子设备包装，研究组装步骤并使用螺丝刀固定配件。过程中观察到白色上衣、灰色裙子的女生专注安装，蓝色T恤、灰色短裤的男生监督指导，最终将安装完成的设备整理归位。",
      "团队讨论": "浅橙色短袖、灰色长裤的男生主导在白板撰写内容，团队反复讨论修改内容达1小时。同期部分成员拆解鲜花包装、筛选卡片，期间TASHA使用手机进行了购物等操作。",
      "协作完成拼图": "TASHA与多名参与者（白色上衣、灰色裙子的女生、身着淡蓝色连衣裙的的女生、蓝色T恤，灰色短裤的男生等）持续进行拼图协作，包含碎片分拣、形状比对、多人协同调整等环节。最终完成拼图并集体庆祝。",
      "厨具材料分类与收纳": "TASHA主导将采购物资进行分类整理，包含拆解烘焙模具包装、讲解器具使用方法、协同白色上衣、灰色裙子的女生进行厨房收纳定位。观察到蓝色T恤，灰色短裤的男生协助搬运重物，身着淡蓝色连衣裙的的女生负责检查工具完整性，过程中持续穿插功能讨论与空间规划。",
      "厨房整理与归纳": "TASHA深度参与厨房空间重组，包括协助蓝色T恤，灰色短裤的男生移动微波炉/烤箱、整理电线、分类食材存储位置。",
      "午餐准备": "TASHA从厨房将菜端至户外院子里的桌子上。分发肯德基外卖。",
      "超市采购": "TASHA与团队一起进行生鲜区选购，具体完成草莓/青提/蓝莓等水果品质筛选、淡奶油性价比分析、鸡蛋松花蛋组合采购决策。TASHA使用手机比价、与白色上衣、灰色裙子的女生/蓝色T恤，灰色短裤的男生讨论蔬菜替代方案、修正购物清单遗漏项等。",
      "采购物品整理": "TASHA与团队一起将刚刚采购的物品整理收纳。",
      "蛋糕制作": "TASHA与团队成员在厨房进行蛋糕液制备，包含鸡蛋分离、原料称量、搅拌混合及烤箱预热等关键步骤，过程中指导身着淡蓝色连衣裙的的女生操作并协调原料分配，最终将蛋糕液分装至纸杯放入烤箱。",
      "参与腾讯会议": "TASHA使用手机参与腾讯会议。"
    },
    "choice_a_chinese": "11:00 - 12:00",
    "choice_b_chinese": "12:00 - 13:00",
    "choice_c_chinese": "13:00 - 14:30",
    "choice_d_chinese": "14:00 - 15:00",
    "choice_e_chinese": "15:00 - 16:00",
    "answer": "C",
    "reason_chinese": "厨具材料分类与收纳（13:25 - 13:39）、厨房整理与归纳（13:38 - 14:09）、午餐准备（14:13 - 14:19）。总时间跨度为13:25 - 14:19，最接近选项C（13:00 - 14:30）。",
    "question": "During which time period on DAY1 did TASHA complete the following activities: categorizing and storing kitchenware materials, organizing and tidying the kitchen, and preparing lunch?",
    "events_description": {
      "Unboxing and Collaborative Setup of Electronic Devices": "TASHA and participants including a male in a blue T-shirt and gray shorts dismantle the electronic device packaging, study the assembly steps, and use screwdrivers to secure the components. During the process, a female in a white top and gray skirt is observed focusing on the installation, while the male in the blue T-shirt and gray shorts supervises and guides. Finally, the assembled device is organized and placed back in position.",
      "Team discussion": "The boy in the light orange short-sleeve shirt and gray pants led the content writing on the whiteboard, with the team repeatedly discussing and revising it for an hour. Meanwhile, some members unwrapped flower packages and filtered through cards, during which TASHA used her phone for shopping and other tasks.",
      "Working together to complete the puzzle": "TASHA collaborated continuously with multiple participants (girl in white top and gray skirt, girl in light blue dress, boy in blue T-shirt and gray shorts, etc.) on the jigsaw puzzle, involving tasks such as sorting pieces, matching shapes, and coordinating multi-person adjustments. The puzzle was eventually completed, followed by a group celebration.",
      "Classification and Storage of Kitchenware Materials": "TASHA led the categorization and organization of procurement materials, including unpacking baking mold packaging, explaining utensil usage methods, and collaborating with the girl in a white top and gray skirt for kitchen storage positioning. It was observed that the boy in a blue T-shirt and gray shorts assisted with moving heavy items, while the girl in a light blue dress was responsible for checking tool integrity. The process was continuously interspersed with functional discussions and space planning.",
      "Kitchen Organization and Decluttering": "TASHA was deeply involved in the reorganization of the kitchen space, including assisting the boy in a blue T-shirt and gray shorts to move the microwave/oven, organize cables, and categorize food storage locations.",
      "Lunch preparation": "TASHA carries the dishes from the kitchen to the table in the outdoor yard. Distributes KFC takeout.",
      "Supermarket shopping": "TASHA worked with the team to shop in the fresh produce section, specifically completing tasks such as quality screening of fruits like strawberries/green grapes/blueberries, cost-performance analysis of light cream, and making purchasing decisions for the egg-preserved egg combo. TASHA used her phone for price comparison, discussed vegetable substitution options with a girl in a white top and gray skirt and a boy in a blue T-shirt and gray shorts, and corrected omissions on the shopping list.",
      "Procurement Items Organization": "TASHA and the team organized and stored the newly purchased items.",
      "Cake Making": "TASHA and the team members prepared the cake batter in the kitchen, which involved key steps such as separating eggs, weighing ingredients, mixing, and preheating the oven. During the process, TASHA guided the girl in a light blue dress on the operations and coordinated the distribution of ingredients. Finally, the batter was portioned into cupcake liners and placed in the oven.",
      "Joining the Tencent Meeting": "TASHA joins the Tencent Meeting using a mobile phone."
    },
    "choice_a": "11:00 - 12:00",
    "choice_b": "12:00 - 13:00",
    "choice_c": "13:00 - 14:30",
    "choice_d": "2:00 PM - 3:00 PM",
    "choice_e": "15:00 - 16:00",
    "reason": "Classification and Storage of Kitchenware Materials (13:25 - 13:39), Kitchen Organization and Tidying (13:38 - 14:09), Lunch Preparation (14:13 - 14:19). Total time span is 13:25 - 14:19, with the closest option being C (13:00 - 14:30)."
  },
  {
    "question_chinese": "请将以下TASHA参与的事件与对应的时间段匹配：\n1. 电子设备拆箱与协作安装\n2. 团队讨论\n3. 协作完成拼图\n4. 采购物品整理\n时间选项：\na. 11:10 - 11:23\nb. 11:23 - 12:24\nc. 12:24 - 13:25\nd. 13:25 - 13:39\ne. 17:19 - 18:40\nf. 19:08 - 19:20\ng. 20:29 - 20:39",
    "events_description_chinese": {
      "电子设备拆箱与协作安装": "TASHA与蓝色T恤，灰色短裤的男生等参与者共同拆解电子设备包装，研究组装步骤并使用螺丝刀固定配件。过程中观察到白色上衣、灰色裙子的女生专注安装，蓝色T恤、灰色短裤的男生监督指导，最终将安装完成的设备整理归位。",
      "团队讨论": "浅橙色短袖、灰色长裤的男生主导在白板撰写内容，团队反复讨论修改内容达1小时。同期部分成员拆解鲜花包装、筛选卡片，期间TASHA使用手机进行了购物等操作。",
      "协作完成拼图": "TASHA与多名参与者（白色上衣、灰色裙子的女生、身着淡蓝色连衣裙的的女生、蓝色T恤，灰色短裤的男生等）持续进行拼图协作，包含碎片分拣、形状比对、多人协同调整等环节。最终完成拼图并集体庆祝。",
      "厨具材料分类与收纳": "TASHA主导将采购物资进行分类整理，包含拆解烘焙模具包装、讲解器具使用方法、协同白色上衣、灰色裙子的女生进行厨房收纳定位。观察到蓝色T恤，灰色短裤的男生协助搬运重物，身着淡蓝色连衣裙的的女生负责检查工具完整性，过程中持续穿插功能讨论与空间规划。",
      "厨房整理与归纳": "TASHA深度参与厨房空间重组，包括协助蓝色T恤，灰色短裤的男生移动微波炉/烤箱、整理电线、分类食材存储位置。",
      "午餐准备": "TASHA从厨房将菜端至户外院子里的桌子上。分发肯德基外卖。",
      "超市采购": "TASHA与团队一起进行生鲜区选购，具体完成草莓/青提/蓝莓等水果品质筛选、淡奶油性价比分析、鸡蛋松花蛋组合采购决策。TASHA使用手机比价、与白色上衣、灰色裙子的女生/蓝色T恤，灰色短裤的男生讨论蔬菜替代方案、修正购物清单遗漏项等。",
      "采购物品整理": "TASHA与团队一起将刚刚采购的物品整理收纳。",
      "蛋糕制作": "TASHA与团队成员在厨房进行蛋糕液制备，包含鸡蛋分离、原料称量、搅拌混合及烤箱预热等关键步骤，过程中指导身着淡蓝色连衣裙的的女生操作并协调原料分配，最终将蛋糕液分装至纸杯放入烤箱。",
      "参与腾讯会议": "TASHA使用手机参与腾讯会议。"
    },
    "choice_a_chinese": "1→a / 2→b / 3→c / 4→f",
    "choice_b_chinese": "1→b / 2→a / 3→d / 4→e",
    "choice_c_chinese": "1→a / 2→b / 3→d / 4→g",
    "choice_d_chinese": "1→c / 2→d / 3→e / 4→f",
    "answer": "A",
    "reason_chinese": "电子设备拆箱与协作安装（a：11:10 - 11:23）、团队讨论（b：11:23 - 12:24）、协作完成拼图（c：12:24 - 13:25）、采购物品整理（f：19:08 - 19:20）。干扰项为厨房整理与归纳（d：13:25 - 13:39）、超市采购（e：17:19 - 18:40）、参与腾讯会议（g：20:29 - 20:39）。",
    "question": "Please match the following events involving TASHA with the corresponding time slots:  \n1. Unboxing electronic devices and collaborative installation  \n2. Team discussion  \n3. Collaborative puzzle completion  \n4. Organizing purchased items  \n\nTime options:  \na. 11:10 - 11:23  \nb. 11:23 - 12:24  \nc. 12:24 - 13:25  \nd. 13:25 - 13:39  \ne. 17:19 - 18:40  \nf. 19:08 - 19:20  \ng. 20:29 - 20:39",
    "events_description": {
      "Unboxing and Collaborative Setup of Electronic Devices": "TASHA and participants including a male in a blue T-shirt and gray shorts dismantle the electronic device packaging, study the assembly steps, and use screwdrivers to secure the components. During the process, a female in a white top and gray skirt is observed focusing on the installation, while the male in the blue T-shirt and gray shorts supervises and guides. Finally, the assembled device is organized and placed back in position.",
      "Team discussion": "The boy in the light orange short-sleeve shirt and gray pants led the content writing on the whiteboard, with the team repeatedly discussing and revising it for an hour. Meanwhile, some members unwrapped flower packages and filtered through cards, during which TASHA used her phone for shopping and other tasks.",
      "Working together to complete the puzzle": "TASHA collaborated continuously with multiple participants (girl in white top and gray skirt, girl in light blue dress, boy in blue T-shirt and gray shorts, etc.) on the jigsaw puzzle, involving tasks such as sorting pieces, matching shapes, and coordinating multi-person adjustments. The puzzle was eventually completed, followed by a group celebration.",
      "Classification and Storage of Kitchenware Materials": "TASHA led the categorization and organization of procurement materials, including unpacking baking mold packaging, explaining utensil usage methods, and collaborating with the girl in a white top and gray skirt for kitchen storage positioning. It was observed that the boy in a blue T-shirt and gray shorts assisted with moving heavy items, while the girl in a light blue dress was responsible for checking tool integrity. The process was continuously interspersed with functional discussions and space planning.",
      "Kitchen Organization and Decluttering": "TASHA was deeply involved in the reorganization of the kitchen space, including assisting the boy in a blue T-shirt and gray shorts to move the microwave/oven, organize cables, and categorize food storage locations.",
      "Lunch preparation": "TASHA carries the dishes from the kitchen to the table in the outdoor yard. Distributes KFC takeout.",
      "Supermarket shopping": "TASHA worked with the team to shop in the fresh produce section, specifically completing tasks such as quality screening of fruits like strawberries/green grapes/blueberries, cost-performance analysis of light cream, and making purchasing decisions for the egg-preserved egg combo. TASHA used her phone for price comparison, discussed vegetable substitution options with a girl in a white top and gray skirt and a boy in a blue T-shirt and gray shorts, and corrected omissions on the shopping list.",
      "Procurement Items Organization": "TASHA and the team organized and stored the newly purchased items.",
      "Cake Making": "TASHA and the team members prepared the cake batter in the kitchen, which involved key steps such as separating eggs, weighing ingredients, mixing, and preheating the oven. During the process, TASHA guided the girl in a light blue dress on the operations and coordinated the distribution of ingredients. Finally, the batter was portioned into cupcake liners and placed in the oven.",
      "Joining the Tencent Meeting": "TASHA joins the Tencent Meeting using a mobile phone."
    },
    "choice_a": "1→a / 2→b / 3→c / 4→f",
    "choice_b": "1→b / 2→a / 3→d / 4→e",
    "choice_c": "1→a / 2→b / 3→d / 4→g",
    "choice_d": "1→c / 2→d / 3→e / 4→f",
    "reason": "Unboxing electronic devices and collaborative installation (a: 11:10 - 11:23), team discussion (b: 11:23 - 12:24), collaborative puzzle completion (c: 12:24 - 13:25), organizing purchased items (f: 19:08 - 19:20). Distractions include kitchen organization and tidying (d: 13:25 - 13:39), supermarket shopping (e: 17:19 - 18:40), attending Tencent meeting (g: 20:29 - 20:39)."
  },
  {
    "question_chinese": "TASHA记得自己先参与了“协作完成拼图”，然后进行了“厨具材料分类与收纳”，接下来紧接着发生了哪两件事情？",
    "events_description_chinese": {
      "电子设备拆箱与协作安装": "TASHA与蓝色T恤，灰色短裤的男生等参与者共同拆解电子设备包装，研究组装步骤并使用螺丝刀固定配件。过程中观察到白色上衣、灰色裙子的女生专注安装，蓝色T恤、灰色短裤的男生监督指导，最终将安装完成的设备整理归位。",
      "团队讨论": "浅橙色短袖、灰色长裤的男生主导在白板撰写内容，团队反复讨论修改内容达1小时。同期部分成员拆解鲜花包装、筛选卡片，期间TASHA使用手机进行了购物等操作。",
      "协作完成拼图": "TASHA与多名参与者（白色上衣、灰色裙子的女生、身着淡蓝色连衣裙的的女生、蓝色T恤，灰色短裤的男生等）持续进行拼图协作，包含碎片分拣、形状比对、多人协同调整等环节。最终完成拼图并集体庆祝。",
      "厨具材料分类与收纳": "TASHA主导将采购物资进行分类整理，包含拆解烘焙模具包装、讲解器具使用方法、协同白色上衣、灰色裙子的女生进行厨房收纳定位。观察到蓝色T恤，灰色短裤的男生协助搬运重物，身着淡蓝色连衣裙的的女生负责检查工具完整性，过程中持续穿插功能讨论与空间规划。",
      "厨房整理与归纳": "TASHA深度参与厨房空间重组，包括协助蓝色T恤，灰色短裤的男生移动微波炉/烤箱、整理电线、分类食材存储位置。",
      "午餐准备": "TASHA从厨房将菜端至户外院子里的桌子上。分发肯德基外卖。",
      "超市采购": "TASHA与团队一起进行生鲜区选购，具体完成草莓/青提/蓝莓等水果品质筛选、淡奶油性价比分析、鸡蛋松花蛋组合采购决策。TASHA使用手机比价、与白色上衣、灰色裙子的女生/蓝色T恤，灰色短裤的男生讨论蔬菜替代方案、修正购物清单遗漏项等。",
      "采购物品整理": "TASHA与团队一起将刚刚采购的物品整理收纳。",
      "蛋糕制作": "TASHA与团队成员在厨房进行蛋糕液制备，包含鸡蛋分离、原料称量、搅拌混合及烤箱预热等关键步骤，过程中指导身着淡蓝色连衣裙的的女生操作并协调原料分配，最终将蛋糕液分装至纸杯放入烤箱。",
      "参与腾讯会议": "TASHA使用手机参与腾讯会议。"
    },
    "choice_a_chinese": "厨房整理与归纳 → 午餐准备",
    "choice_b_chinese": "午餐准备 → 超市采购",
    "choice_c_chinese": "超市采购 → 采购物品整理",
    "choice_d_chinese": "厨房整理与归纳 → 超市采购",
    "answer": "A",
    "reason_chinese": "协作完成拼图（12:24 - 13:25）→ 厨具材料分类与收纳（13:25 - 13:39）的后续是厨房整理与归纳（13:38 - 14:09）和午餐准备（14:13 - 14:19）。",
    "question": "TASHA remembers first participating in \"Collaborative Puzzle Completion,\" followed by \"Categorizing and Organizing Kitchen Utensils.\" What two events happened immediately after that?",
    "events_description": {
      "Unboxing and Collaborative Setup of Electronic Devices": "TASHA and participants including a male in a blue T-shirt and gray shorts dismantle the electronic device packaging, study the assembly steps, and use screwdrivers to secure the components. During the process, a female in a white top and gray skirt is observed focusing on the installation, while the male in the blue T-shirt and gray shorts supervises and guides. Finally, the assembled device is organized and placed back in position.",
      "Team discussion": "The boy in the light orange short-sleeve shirt and gray pants led the content writing on the whiteboard, with the team repeatedly discussing and revising it for an hour. Meanwhile, some members unwrapped flower packages and filtered through cards, during which TASHA used her phone for shopping and other tasks.",
      "Working together to complete the puzzle": "TASHA collaborated continuously with multiple participants (girl in white top and gray skirt, girl in light blue dress, boy in blue T-shirt and gray shorts, etc.) on the jigsaw puzzle, involving tasks such as sorting pieces, matching shapes, and coordinating multi-person adjustments. The puzzle was eventually completed, followed by a group celebration.",
      "Classification and Storage of Kitchenware Materials": "TASHA led the categorization and organization of procurement materials, including unpacking baking mold packaging, explaining utensil usage methods, and collaborating with the girl in a white top and gray skirt for kitchen storage positioning. It was observed that the boy in a blue T-shirt and gray shorts assisted with moving heavy items, while the girl in a light blue dress was responsible for checking tool integrity. The process was continuously interspersed with functional discussions and space planning.",
      "Kitchen Organization and Decluttering": "TASHA was deeply involved in the reorganization of the kitchen space, including assisting the boy in a blue T-shirt and gray shorts to move the microwave/oven, organize cables, and categorize food storage locations.",
      "Lunch preparation": "TASHA carries the dishes from the kitchen to the table in the outdoor yard. Distributes KFC takeout.",
      "Supermarket shopping": "TASHA worked with the team to shop in the fresh produce section, specifically completing tasks such as quality screening of fruits like strawberries/green grapes/blueberries, cost-performance analysis of light cream, and making purchasing decisions for the egg-preserved egg combo. TASHA used her phone for price comparison, discussed vegetable substitution options with a girl in a white top and gray skirt and a boy in a blue T-shirt and gray shorts, and corrected omissions on the shopping list.",
      "Procurement Items Organization": "TASHA and the team organized and stored the newly purchased items.",
      "Cake Making": "TASHA and the team members prepared the cake batter in the kitchen, which involved key steps such as separating eggs, weighing ingredients, mixing, and preheating the oven. During the process, TASHA guided the girl in a light blue dress on the operations and coordinated the distribution of ingredients. Finally, the batter was portioned into cupcake liners and placed in the oven.",
      "Joining the Tencent Meeting": "TASHA joins the Tencent Meeting using a mobile phone."
    },
    "choice_a": "Kitchen Organization → Lunch Preparation",
    "choice_b": "Lunch preparation → Grocery shopping at the supermarket",
    "choice_c": "Supermarket shopping → Shopping items organization",
    "choice_d": "Kitchen Organization → Grocery Shopping",
    "reason": "Collaborating to complete the puzzle (12:24 - 13:25) → Followed by categorizing and organizing kitchenware materials (13:25 - 13:39), which leads to kitchen tidying and arrangement (13:38 - 14:09) and lunch preparation (14:13 - 14:19)."
  },
  {
    "question_chinese": "TASHA描述自己有一串连续的动作为：团队讨论 → 协作完成拼图 → 超市采购 → 采购物品整理，但她的说法有误。正确的序列和错误分析是？",
    "events_description_chinese": {
      "电子设备拆箱与协作安装": "TASHA与蓝色T恤，灰色短裤的男生等参与者共同拆解电子设备包装，研究组装步骤并使用螺丝刀固定配件。过程中观察到白色上衣、灰色裙子的女生专注安装，蓝色T恤、灰色短裤的男生监督指导，最终将安装完成的设备整理归位。",
      "团队讨论": "浅橙色短袖、灰色长裤的男生主导在白板撰写内容，团队反复讨论修改内容达1小时。同期部分成员拆解鲜花包装、筛选卡片，期间TASHA使用手机进行了购物等操作。",
      "协作完成拼图": "TASHA与多名参与者（白色上衣、灰色裙子的女生、身着淡蓝色连衣裙的的女生、蓝色T恤，灰色短裤的男生等）持续进行拼图协作，包含碎片分拣、形状比对、多人协同调整等环节。最终完成拼图并集体庆祝。",
      "厨具材料分类与收纳": "TASHA主导将采购物资进行分类整理，包含拆解烘焙模具包装、讲解器具使用方法、协同白色上衣、灰色裙子的女生进行厨房收纳定位。观察到蓝色T恤，灰色短裤的男生协助搬运重物，身着淡蓝色连衣裙的的女生负责检查工具完整性，过程中持续穿插功能讨论与空间规划。",
      "厨房整理与归纳": "TASHA深度参与厨房空间重组，包括协助蓝色T恤，灰色短裤的男生移动微波炉/烤箱、整理电线、分类食材存储位置。",
      "午餐准备": "TASHA从厨房将菜端至户外院子里的桌子上。分发肯德基外卖。",
      "超市采购": "TASHA与团队一起进行生鲜区选购，具体完成草莓/青提/蓝莓等水果品质筛选、淡奶油性价比分析、鸡蛋松花蛋组合采购决策。TASHA使用手机比价、与白色上衣、灰色裙子的女生/蓝色T恤，灰色短裤的男生讨论蔬菜替代方案、修正购物清单遗漏项等。",
      "采购物品整理": "TASHA与团队一起将刚刚采购的物品整理收纳。",
      "蛋糕制作": "TASHA与团队成员在厨房进行蛋糕液制备，包含鸡蛋分离、原料称量、搅拌混合及烤箱预热等关键步骤，过程中指导身着淡蓝色连衣裙的的女生操作并协调原料分配，最终将蛋糕液分装至纸杯放入烤箱。",
      "参与腾讯会议": "TASHA使用手机参与腾讯会议。"
    },
    "choice_a_chinese": "正确序列：团队讨论→协作完成拼图→厨具材料分类与收纳→采购物品整理 错误原因：插入“超市采购”且顺序错误",
    "choice_b_chinese": "正确序列：团队讨论→协作完成拼图→厨房整理与归纳→午餐准备 错误原因：完全遗漏“超市采购”",
    "choice_c_chinese": "正确序列：团队讨论→协作完成拼图→午餐准备→超市采购 错误原因：顺序部分正确但遗漏关键步骤",
    "choice_d_chinese": "正确序列：团队讨论→协作完成拼图→厨具材料分类与收纳→厨房整理与归纳 错误原因：将“超市采购”替换为不相关事件",
    "answer": "D",
    "reason_chinese": "正确顺序应为：团队讨论（11:23 - 12:24）→ 协作完成拼图（12:24 - 13:25）→ 厨具材料分类与收纳（13:25 - 13:39）→ 厨房整理与归纳（13:38 - 14:09）。超市采购（17:19 - 18:40）和采购物品整理（19:08 - 19:20）是晚上的活动，与上午活动不连续。",
    "question": "TASHA describes her sequence of actions as: team discussion → collaborative puzzle completion → supermarket shopping → shopping item organization, but her statement is incorrect. What is the correct sequence and the error analysis?",
    "events_description": {
      "Unboxing and Collaborative Setup of Electronic Devices": "TASHA and participants including a male in a blue T-shirt and gray shorts dismantle the electronic device packaging, study the assembly steps, and use screwdrivers to secure the components. During the process, a female in a white top and gray skirt is observed focusing on the installation, while the male in the blue T-shirt and gray shorts supervises and guides. Finally, the assembled device is organized and placed back in position.",
      "Team discussion": "The boy in the light orange short-sleeve shirt and gray pants led the content writing on the whiteboard, with the team repeatedly discussing and revising it for an hour. Meanwhile, some members unwrapped flower packages and filtered through cards, during which TASHA used her phone for shopping and other tasks.",
      "Working together to complete the puzzle": "TASHA collaborated continuously with multiple participants (girl in white top and gray skirt, girl in light blue dress, boy in blue T-shirt and gray shorts, etc.) on the jigsaw puzzle, involving tasks such as sorting pieces, matching shapes, and coordinating multi-person adjustments. The puzzle was eventually completed, followed by a group celebration.",
      "Classification and Storage of Kitchenware Materials": "TASHA led the categorization and organization of procurement materials, including unpacking baking mold packaging, explaining utensil usage methods, and collaborating with the girl in a white top and gray skirt for kitchen storage positioning. It was observed that the boy in a blue T-shirt and gray shorts assisted with moving heavy items, while the girl in a light blue dress was responsible for checking tool integrity. The process was continuously interspersed with functional discussions and space planning.",
      "Kitchen Organization and Decluttering": "TASHA was deeply involved in the reorganization of the kitchen space, including assisting the boy in a blue T-shirt and gray shorts to move the microwave/oven, organize cables, and categorize food storage locations.",
      "Lunch preparation": "TASHA carries the dishes from the kitchen to the table in the outdoor yard. Distributes KFC takeout.",
      "Supermarket shopping": "TASHA worked with the team to shop in the fresh produce section, specifically completing tasks such as quality screening of fruits like strawberries/green grapes/blueberries, cost-performance analysis of light cream, and making purchasing decisions for the egg-preserved egg combo. TASHA used her phone for price comparison, discussed vegetable substitution options with a girl in a white top and gray skirt and a boy in a blue T-shirt and gray shorts, and corrected omissions on the shopping list.",
      "Procurement Items Organization": "TASHA and the team organized and stored the newly purchased items.",
      "Cake Making": "TASHA and the team members prepared the cake batter in the kitchen, which involved key steps such as separating eggs, weighing ingredients, mixing, and preheating the oven. During the process, TASHA guided the girl in a light blue dress on the operations and coordinated the distribution of ingredients. Finally, the batter was portioned into cupcake liners and placed in the oven.",
      "Joining the Tencent Meeting": "TASHA joins the Tencent Meeting using a mobile phone."
    },
    "choice_a": "Correct sequence: Team discussion → Collaborative puzzle completion → Kitchenware material sorting and storage → Procurement item organization  \nError reason: Inserted \"Supermarket shopping\" with incorrect sequence",
    "choice_b": "Correct sequence: Team discussion → Collaborative puzzle completion → Kitchen organization → Lunch preparation  \nError reason: Completely omitted \"Supermarket shopping\"",
    "choice_c": "Correct sequence: Team discussion → Collaborative puzzle completion → Lunch preparation → Supermarket shopping  \nError reason: Partially correct sequence but missing critical steps",
    "choice_d": "Correct sequence: Team discussion → Collaborative puzzle completion → Classification and storage of kitchenware materials → Kitchen organization and tidying  \nError reason: Replaced \"supermarket shopping\" with an irrelevant event",
    "reason": "The correct sequence should be: Team discussion (11:23 - 12:24) → Collaborative puzzle completion (12:24 - 13:25) → Kitchen utensil material sorting and storage (13:25 - 13:39) → Kitchen organization and tidying (13:38 - 14:09). Supermarket shopping (17:19 - 18:40) and purchased item organization (19:08 - 19:20) are evening activities and are not continuous with the morning activities."
  },
  {
    "question_chinese": "TASHA的日记中部分活动顺序记录模糊：[电子设备拆箱与协作安装] → (?) → [协作完成拼图] → (?) → [午餐准备]。下列哪组事件可以填补空缺？备选事件：\n团队讨论\n厨具材料分类与收纳\n厨房整理与归纳\n超市采购\n采购物品整理\n蛋糕制作",
    "events_description_chinese": {
      "电子设备拆箱与协作安装": "TASHA与蓝色T恤，灰色短裤的男生等参与者共同拆解电子设备包装，研究组装步骤并使用螺丝刀固定配件。过程中观察到白色上衣、灰色裙子的女生专注安装，蓝色T恤、灰色短裤的男生监督指导，最终将安装完成的设备整理归位。",
      "团队讨论": "浅橙色短袖、灰色长裤的男生主导在白板撰写内容，团队反复讨论修改内容达1小时。同期部分成员拆解鲜花包装、筛选卡片，期间TASHA使用手机进行了购物等操作。",
      "协作完成拼图": "TASHA与多名参与者（白色上衣、灰色裙子的女生、身着淡蓝色连衣裙的的女生、蓝色T恤，灰色短裤的男生等）持续进行拼图协作，包含碎片分拣、形状比对、多人协同调整等环节。最终完成拼图并集体庆祝。",
      "厨具材料分类与收纳": "TASHA主导将采购物资进行分类整理，包含拆解烘焙模具包装、讲解器具使用方法、协同白色上衣、灰色裙子的女生进行厨房收纳定位。观察到蓝色T恤，灰色短裤的男生协助搬运重物，身着淡蓝色连衣裙的的女生负责检查工具完整性，过程中持续穿插功能讨论与空间规划。",
      "厨房整理与归纳": "TASHA深度参与厨房空间重组，包括协助蓝色T恤，灰色短裤的男生移动微波炉/烤箱、整理电线、分类食材存储位置。",
      "午餐准备": "TASHA从厨房将菜端至户外院子里的桌子上。分发肯德基外卖。",
      "超市采购": "TASHA与团队一起进行生鲜区选购，具体完成草莓/青提/蓝莓等水果品质筛选、淡奶油性价比分析、鸡蛋松花蛋组合采购决策。TASHA使用手机比价、与白色上衣、灰色裙子的女生/蓝色T恤，灰色短裤的男生讨论蔬菜替代方案、修正购物清单遗漏项等。",
      "采购物品整理": "TASHA与团队一起将刚刚采购的物品整理收纳。",
      "蛋糕制作": "TASHA与团队成员在厨房进行蛋糕液制备，包含鸡蛋分离、原料称量、搅拌混合及烤箱预热等关键步骤，过程中指导身着淡蓝色连衣裙的的女生操作并协调原料分配，最终将蛋糕液分装至纸杯放入烤箱。",
      "参与腾讯会议": "TASHA使用手机参与腾讯会议。"
    },
    "choice_a_chinese": "团队讨论 / 厨具材料分类与收纳",
    "choice_b_chinese": "厨具材料分类与收纳 / 厨房整理与归纳",
    "choice_c_chinese": "团队讨论 / 超市采购",
    "choice_d_chinese": "厨房整理与归纳 / 采购物品整理",
    "answer": "A",
    "reason_chinese": "电子设备拆箱与协作安装（11:10 - 11:23）→ 团队讨论（11:23 - 12:24）→ 协作完成拼图（12:24 - 13:25）→ 厨具材料分类与收纳（13:25 - 13:39）→ 午餐准备（14:13 - 14:19）。",
    "question": "Partial activity sequence in TASHA's diary is unclear: [Unboxing electronics and collaborative installation] → (?) → [Completing a puzzle together] → (?) → [Lunch preparation]. Which of the following events can fill in the gaps? Optional events:  \nTeam discussion  \nSorting and storing kitchenware materials  \nKitchen organization and tidying  \nSupermarket shopping  \nSorting purchased items  \nCake making",
    "events_description": {
      "Unboxing and Collaborative Setup of Electronic Devices": "TASHA and participants including a male in a blue T-shirt and gray shorts dismantle the electronic device packaging, study the assembly steps, and use screwdrivers to secure the components. During the process, a female in a white top and gray skirt is observed focusing on the installation, while the male in the blue T-shirt and gray shorts supervises and guides. Finally, the assembled device is organized and placed back in position.",
      "Team discussion": "The boy in the light orange short-sleeve shirt and gray pants led the content writing on the whiteboard, with the team repeatedly discussing and revising it for an hour. Meanwhile, some members unwrapped flower packages and filtered through cards, during which TASHA used her phone for shopping and other tasks.",
      "Working together to complete the puzzle": "TASHA collaborated continuously with multiple participants (girl in white top and gray skirt, girl in light blue dress, boy in blue T-shirt and gray shorts, etc.) on the jigsaw puzzle, involving tasks such as sorting pieces, matching shapes, and coordinating multi-person adjustments. The puzzle was eventually completed, followed by a group celebration.",
      "Classification and Storage of Kitchenware Materials": "TASHA led the categorization and organization of procurement materials, including unpacking baking mold packaging, explaining utensil usage methods, and collaborating with the girl in a white top and gray skirt for kitchen storage positioning. It was observed that the boy in a blue T-shirt and gray shorts assisted with moving heavy items, while the girl in a light blue dress was responsible for checking tool integrity. The process was continuously interspersed with functional discussions and space planning.",
      "Kitchen Organization and Decluttering": "TASHA was deeply involved in the reorganization of the kitchen space, including assisting the boy in a blue T-shirt and gray shorts to move the microwave/oven, organize cables, and categorize food storage locations.",
      "Lunch preparation": "TASHA carries the dishes from the kitchen to the table in the outdoor yard. Distributes KFC takeout.",
      "Supermarket shopping": "TASHA worked with the team to shop in the fresh produce section, specifically completing tasks such as quality screening of fruits like strawberries/green grapes/blueberries, cost-performance analysis of light cream, and making purchasing decisions for the egg-preserved egg combo. TASHA used her phone for price comparison, discussed vegetable substitution options with a girl in a white top and gray skirt and a boy in a blue T-shirt and gray shorts, and corrected omissions on the shopping list.",
      "Procurement Items Organization": "TASHA and the team organized and stored the newly purchased items.",
      "Cake Making": "TASHA and the team members prepared the cake batter in the kitchen, which involved key steps such as separating eggs, weighing ingredients, mixing, and preheating the oven. During the process, TASHA guided the girl in a light blue dress on the operations and coordinated the distribution of ingredients. Finally, the batter was portioned into cupcake liners and placed in the oven.",
      "Joining the Tencent Meeting": "TASHA joins the Tencent Meeting using a mobile phone."
    },
    "choice_a": "Team Discussion / Kitchenware Material Classification and Storage",
    "choice_b": "Classification and Storage of Kitchenware Materials / Kitchen Organization and Arrangement",
    "choice_c": "Team Discussion / Supermarket Shopping",
    "choice_d": "Kitchen Organization & Sorting / Purchased Items Arrangement",
    "reason": "Unboxing electronics and collaborative setup (11:10 - 11:23) → Team discussion (11:23 - 12:24) → Collaborative puzzle completion (12:24 - 13:25) → Sorting and organizing kitchenware materials (13:25 - 13:39) → Lunch preparation (14:13 - 14:19)."
  }
]