[
  {
    "question_chinese": "TASHA想要回忆自己在DAY4的11:00到17:30之间的活动顺序，以下事件：\na. 服装与装饰品网上采购\nb. 个人整理\nc. 进行云顶之弈游戏\nd. 动物互动\ne. 装饰材料验收与整理\nf. 主题装饰材料拆箱与预处理\n正确的时间排序是？",
    "events_description_chinese": {
      "个人整理": "TASHA完成起床后的眼镜调整、手机信息处理等个人整理，与身穿灰色短袖灰色短裤的男生进行石头剪刀布游戏并协助其处理生活事务，期间多次在不同房间移动观察环境状态。",
      "装饰材料验收与整理": "TASHA在庭院拆封新到的木制装饰组件包裹，与身穿灰色短袖灰色短裤的男生协作清理派对垃圾、分类可回收物，并将装饰材料搬运至厨房。过程中涉及泡沫纸拆除、组件初步组装测试及与身着蓝色牛仔外套黑色连衣裙的女生交流。",
      "服装与装饰品网上采购": "TASHA持续在拼多多、京东、淘宝、闲鱼等平台浏览商品，反复对比服装款式/尺码/价格，多次将商品加入购物车并与身穿白色睡衣的女生、身穿灰色短袖灰色短裤的男生讨论，期间穿插查看快递物流信息。",
      "主题装饰材料拆箱与预处理": "TASHA使用小刀拆解玄关处送达的快递包裹，将内含物品暂存洗衣机上方，过程中与清洁人员短暂交流。",
      "进行云顶之弈游戏": "TASHA通过平板进行云顶之弈对战，包含阵容构建、装备搭配、战场观察等操作，期间与身穿灰色短袖灰色短裤的男生讨论，共完成3局完整对战并同步用手机查看攻略视频。",
      "动物互动": "TASHA与团队成员在社区咖啡馆与动物进行互动，期间抚摸宠物狗、观察小狗行为模式、与身穿灰色短袖灰色短裤的男生等人讨论。活动中出现小狗试图咬人衣物的情况。",
      "甜品筹备": "TASHA主导准备甜品制作原料，包含清洗红薯、操作烤箱烘焙、调整火候等完整烹饪流程。过程中使用小红书查阅烤制教程，并在笔记本详细记录温度参数与制作步骤，期间与身穿灰色短袖灰色短裤的男生进行协作沟通",
      "餐食筹备": "TASHA在厨房内进行地瓜烘焙，包括反复翻动清洗、烤箱温度调控、刷油保湿等工序，同步完成快递包裹拆解（获取厨房用品）、与身穿灰色短袖灰色短裤的男生协作清洗餐具、准备黄油/牛奶等配料，期间多次使用微波炉调整食材状态并整理厨房工作台。",
      "甜品制作": "TASHA与身穿灰色短袖灰色短裤的男生、身穿灰色短袖灰色短裤的男生共同完成糯米团子制作全流程。主要操作包括：从冰箱取出预拌粉分装、使用纸杯进行干湿材料配比、持续搅拌防止结块，过程中出现面团黏手问题时改用筷子辅助操作，并多次调整巧克力粉与椰丝的裹粉比例。身穿灰色短袖灰色短裤的男生负责主面团挤压成型。",
      "节目彩排与即兴音乐表演": "TASHA协助身穿浅橙色短袖灰色短裤的男生调试蓝牙音响与吉他拾音器，与身穿白色睡衣的女生尝试合唱。观察到身穿灰色短袖灰色短裤的男生进行吉他即兴演奏。"
    },
    "choice_a_chinese": "(b)(e)(f)(a)(c)(d)",
    "choice_b_chinese": "(e)(b)(a)(f)(d)(c)",
    "choice_c_chinese": "(b)(f)(e)(a)(d)(c)",
    "choice_d_chinese": "(a)(b)(e)(f)(c)(d)",
    "choice_e_chinese": "(b)(e)(a)(f)(c)(d)",
    "answer": "E",
    "reason_chinese": "正确顺序为：个人整理（11:14 - 11:44）、装饰材料验收与整理（11:44 - 12:38）、服装与装饰品网上采购（12:39 - 15:00）、主题装饰材料拆箱与预处理（12:47 - 13:47）、进行云顶之弈游戏（15:30 - 15:49）、动物互动（16:15 - 17:04）。干扰项：无，选项E符合正确顺序。",
    "question": "TASHA wants to recall the sequence of her activities between DAY4 11:00 and 17:30. The events are as follows:  \na. Online shopping for clothing and accessories  \nb. Personal organization  \nc. Playing Teamfight Tactics  \nd. Animal interaction  \ne. Inspection and organization of decorative materials  \nf. Unboxing and preprocessing of themed decorative materials  \nWhat is the correct chronological order?",
    "events_description": {
      "Personal organization": "TASHA completes personal routines like adjusting glasses and handling phone notifications after waking up, plays rock-paper-scissors with a male wearing a gray short-sleeve and gray shorts, and assists him with daily tasks while frequently moving between rooms to observe the surroundings.",
      "Inspection and Organization of Decorative Materials": "TASHA unboxes the newly arrived wooden decoration component package in the courtyard, collaborating with a male wearing a gray short-sleeve and gray shorts to clean up party trash, sort recyclables, and transport decoration materials to the kitchen. The process involves removing foam wrapping, preliminary assembly testing of components, and communication with a female wearing a blue denim jacket and black dress.",
      "Online Shopping for Clothing and Accessories": "TASHA continuously browses products on platforms such as Pinduoduo, JD.com, Taobao, and Idle Fish, repeatedly comparing clothing styles/sizes/prices. She frequently adds items to her shopping cart and discusses them with a girl in white pajamas and a boy in a gray T-shirt and gray shorts, intermittently checking courier logistics information.",
      "Unboxing and Preprocessing of Thematic Decoration Materials": "TASHA uses a small knife to unpack the courier package delivered at the entrance, temporarily placing the contents on top of the washing machine, while briefly interacting with the cleaning staff during the process.",
      "Play Teamfight Tactics": "TASHA played Teamfight Tactics matches via tablet, including operations such as lineup construction, equipment pairing, and battlefield observation. During this time, she discussed with a boy wearing a gray short-sleeved shirt and gray shorts, completing a total of 3 full matches while simultaneously watching strategy videos on her phone.",
      "Animal interaction": "TASHA interacted with animals at the community café alongside team members, petting dogs, observing puppy behavior patterns, and discussing with a boy in a gray short-sleeved shirt and gray shorts. During the activity, a puppy attempted to bite someone's clothing.",
      "Dessert Preparation": "TASHA took the lead in preparing dessert ingredients, including washing sweet potatoes, operating the oven for baking, and adjusting the heat throughout the entire cooking process. During this, Xiaohongshu was consulted for baking tutorials, and temperature parameters as well as preparation steps were meticulously recorded in a notebook. Collaboration and communication were maintained with a male wearing a gray short-sleeve shirt and gray shorts.",
      "Meal preparation": "TASHA bakes sweet potatoes in the kitchen, performing steps such as repeatedly turning and washing them, adjusting oven temperature, and brushing them with oil for moisture retention. Simultaneously, she unpacks a delivery (obtaining kitchen supplies), collaborates with a boy wearing a gray short-sleeved shirt and gray shorts to wash dishes, and prepares ingredients like butter and milk. During this process, she uses the microwave multiple times to adjust the state of ingredients and organizes the kitchen workspace.",
      "Dessert Making": "TASHA completed the entire process of making glutinous rice balls with a male student wearing a gray short-sleeve shirt and gray shorts, and another male student wearing a gray short-sleeve shirt and gray shorts. Key steps included: retrieving pre-mixed flour portions from the refrigerator, measuring dry and wet ingredients using paper cups, continuous stirring to prevent clumping, switching to chopsticks for assistance when the dough became sticky, and repeatedly adjusting the coating ratio of cocoa powder to coconut flakes. The male student wearing a gray short-sleeve shirt and gray shorts was primarily responsible for squeezing and shaping the main dough.",
      "Show rehearsal and impromptu music performance": "TASHA assists a boy in light orange short-sleeved shirt and gray shorts to adjust the Bluetooth speaker and guitar pickup, while attempting a duet with a girl in white pajamas. A boy in gray short-sleeved shirt and gray shorts is observed improvising on the guitar."
    },
    "choice_a": "(b)(e)(f)(a)(c)(d)",
    "choice_b": "(e)(b)(a)(f)(d)(c)",
    "choice_c": "(b)(f)(e)(a)(d)(c)",
    "choice_d": "(a)(b)(e)(f)(c)(d)",
    "choice_e": "(b)(e)(a)(f)(c)(d)",
    "reason": "The correct sequence is: Personal organization (11:14 - 11:44), Decoration materials inspection and arrangement (11:44 - 12:38), Online purchase of clothing and accessories (12:39 - 15:00), Unboxing and pre-processing of themed decoration materials (12:47 - 13:47), Playing Teamfight Tactics (15:30 - 15:49), Animal interaction (16:15 - 17:04). Distractor: None, option E matches the correct sequence."
  },
  {
    "question_chinese": "TASHA进行了动物互动，随后主导准备甜品制作原料，最后在厨房内进行地瓜烘焙，这些事件发生在什么时间段？",
    "events_description_chinese": {
      "个人整理": "TASHA完成起床后的眼镜调整、手机信息处理等个人整理，与身穿灰色短袖灰色短裤的男生进行石头剪刀布游戏并协助其处理生活事务，期间多次在不同房间移动观察环境状态。",
      "装饰材料验收与整理": "TASHA在庭院拆封新到的木制装饰组件包裹，与身穿灰色短袖灰色短裤的男生协作清理派对垃圾、分类可回收物，并将装饰材料搬运至厨房。过程中涉及泡沫纸拆除、组件初步组装测试及与身着蓝色牛仔外套黑色连衣裙的女生交流。",
      "服装与装饰品网上采购": "TASHA持续在拼多多、京东、淘宝、闲鱼等平台浏览商品，反复对比服装款式/尺码/价格，多次将商品加入购物车并与身穿白色睡衣的女生、身穿灰色短袖灰色短裤的男生讨论，期间穿插查看快递物流信息。",
      "主题装饰材料拆箱与预处理": "TASHA使用小刀拆解玄关处送达的快递包裹，将内含物品暂存洗衣机上方，过程中与清洁人员短暂交流。",
      "进行云顶之弈游戏": "TASHA通过平板进行云顶之弈对战，包含阵容构建、装备搭配、战场观察等操作，期间与身穿灰色短袖灰色短裤的男生讨论，共完成3局完整对战并同步用手机查看攻略视频。",
      "动物互动": "TASHA与团队成员在社区咖啡馆与动物进行互动，期间抚摸宠物狗、观察小狗行为模式、与身穿灰色短袖灰色短裤的男生等人讨论。活动中出现小狗试图咬人衣物的情况。",
      "甜品筹备": "TASHA主导准备甜品制作原料，包含清洗红薯、操作烤箱烘焙、调整火候等完整烹饪流程。过程中使用小红书查阅烤制教程，并在笔记本详细记录温度参数与制作步骤，期间与身穿灰色短袖灰色短裤的男生进行协作沟通",
      "餐食筹备": "TASHA在厨房内进行地瓜烘焙，包括反复翻动清洗、烤箱温度调控、刷油保湿等工序，同步完成快递包裹拆解（获取厨房用品）、与身穿灰色短袖灰色短裤的男生协作清洗餐具、准备黄油/牛奶等配料，期间多次使用微波炉调整食材状态并整理厨房工作台。",
      "甜品制作": "TASHA与身穿灰色短袖灰色短裤的男生、身穿灰色短袖灰色短裤的男生共同完成糯米团子制作全流程。主要操作包括：从冰箱取出预拌粉分装、使用纸杯进行干湿材料配比、持续搅拌防止结块，过程中出现面团黏手问题时改用筷子辅助操作，并多次调整巧克力粉与椰丝的裹粉比例。身穿灰色短袖灰色短裤的男生负责主面团挤压成型。",
      "节目彩排与即兴音乐表演": "TASHA协助身穿浅橙色短袖灰色短裤的男生调试蓝牙音响与吉他拾音器，与身穿白色睡衣的女生尝试合唱。观察到身穿灰色短袖灰色短裤的男生进行吉他即兴演奏。"
    },
    "choice_a_chinese": "DAY4: 15:00~17:00",
    "choice_b_chinese": "DAY4: 16:00~18:00",
    "choice_c_chinese": "DAY4: 16:15~19:00",
    "choice_d_chinese": "DAY4: 17:00~19:30",
    "choice_e_chinese": "DAY4: 17:15~19:00",
    "answer": "C",
    "reason_chinese": "动物互动（16:15 - 17:04）、甜品筹备（17:04 - 17:31）、餐食筹备（17:31 - 19:00），总时间跨度为16:15 - 19:00，与选项C匹配。",
    "question": "TASHA engaged in animal interaction, then took the lead in preparing ingredients for dessert-making, and finally baked sweet potatoes in the kitchen. During what time period did these events occur?",
    "events_description": {
      "Personal organization": "TASHA completes personal routines like adjusting glasses and handling phone notifications after waking up, plays rock-paper-scissors with a male wearing a gray short-sleeve and gray shorts, and assists him with daily tasks while frequently moving between rooms to observe the surroundings.",
      "Inspection and Organization of Decorative Materials": "TASHA unboxes the newly arrived wooden decoration component package in the courtyard, collaborating with a male wearing a gray short-sleeve and gray shorts to clean up party trash, sort recyclables, and transport decoration materials to the kitchen. The process involves removing foam wrapping, preliminary assembly testing of components, and communication with a female wearing a blue denim jacket and black dress.",
      "Online Shopping for Clothing and Accessories": "TASHA continuously browses products on platforms such as Pinduoduo, JD.com, Taobao, and Idle Fish, repeatedly comparing clothing styles/sizes/prices. She frequently adds items to her shopping cart and discusses them with a girl in white pajamas and a boy in a gray T-shirt and gray shorts, intermittently checking courier logistics information.",
      "Unboxing and Preprocessing of Thematic Decoration Materials": "TASHA uses a small knife to unpack the courier package delivered at the entrance, temporarily placing the contents on top of the washing machine, while briefly interacting with the cleaning staff during the process.",
      "Play Teamfight Tactics": "TASHA played Teamfight Tactics matches via tablet, including operations such as lineup construction, equipment pairing, and battlefield observation. During this time, she discussed with a boy wearing a gray short-sleeved shirt and gray shorts, completing a total of 3 full matches while simultaneously watching strategy videos on her phone.",
      "Animal interaction": "TASHA interacted with animals at the community café alongside team members, petting dogs, observing puppy behavior patterns, and discussing with a boy in a gray short-sleeved shirt and gray shorts. During the activity, a puppy attempted to bite someone's clothing.",
      "Dessert Preparation": "TASHA took the lead in preparing dessert ingredients, including washing sweet potatoes, operating the oven for baking, and adjusting the heat throughout the entire cooking process. During this, Xiaohongshu was consulted for baking tutorials, and temperature parameters as well as preparation steps were meticulously recorded in a notebook. Collaboration and communication were maintained with a male wearing a gray short-sleeve shirt and gray shorts.",
      "Meal preparation": "TASHA bakes sweet potatoes in the kitchen, performing steps such as repeatedly turning and washing them, adjusting oven temperature, and brushing them with oil for moisture retention. Simultaneously, she unpacks a delivery (obtaining kitchen supplies), collaborates with a boy wearing a gray short-sleeved shirt and gray shorts to wash dishes, and prepares ingredients like butter and milk. During this process, she uses the microwave multiple times to adjust the state of ingredients and organizes the kitchen workspace.",
      "Dessert Making": "TASHA completed the entire process of making glutinous rice balls with a male student wearing a gray short-sleeve shirt and gray shorts, and another male student wearing a gray short-sleeve shirt and gray shorts. Key steps included: retrieving pre-mixed flour portions from the refrigerator, measuring dry and wet ingredients using paper cups, continuous stirring to prevent clumping, switching to chopsticks for assistance when the dough became sticky, and repeatedly adjusting the coating ratio of cocoa powder to coconut flakes. The male student wearing a gray short-sleeve shirt and gray shorts was primarily responsible for squeezing and shaping the main dough.",
      "Show rehearsal and impromptu music performance": "TASHA assists a boy in light orange short-sleeved shirt and gray shorts to adjust the Bluetooth speaker and guitar pickup, while attempting a duet with a girl in white pajamas. A boy in gray short-sleeved shirt and gray shorts is observed improvising on the guitar."
    },
    "choice_a": "DAY4: 15:00~17:00",
    "choice_b": "DAY4: 16:00~18:00",
    "choice_c": "DAY4: 16:15~19:00",
    "choice_d": "DAY4: 17:00~19:30",
    "choice_e": "DAY4: 17:15~19:00",
    "reason": "Animal interaction (16:15 - 17:04), dessert preparation (17:04 - 17:31), meal preparation (17:31 - 19:00). The total time span is 16:15 - 19:00, matching option C."
  },
  {
    "question_chinese": "TASHA记录了自己的一些活动，但忘记了对应的时间，活动序列：\n1. 装饰材料验收与整理\n2. 主题装饰材料拆箱与预处理\n3. 进行云顶之弈游戏\n4. 甜品制作\n时间选项：\na. 10:30~11:30\nb. 11:44~12:38\nc. 12:47~13:47\nd. 15:30~15:49\ne. 18:00~19:00\nf. 21:03~21:38\ng. 16:15~17:04\nh. 17:04~17:31",
    "events_description_chinese": {
      "个人整理": "TASHA完成起床后的眼镜调整、手机信息处理等个人整理，与身穿灰色短袖灰色短裤的男生进行石头剪刀布游戏并协助其处理生活事务，期间多次在不同房间移动观察环境状态。",
      "装饰材料验收与整理": "TASHA在庭院拆封新到的木制装饰组件包裹，与身穿灰色短袖灰色短裤的男生协作清理派对垃圾、分类可回收物，并将装饰材料搬运至厨房。过程中涉及泡沫纸拆除、组件初步组装测试及与身着蓝色牛仔外套黑色连衣裙的女生交流。",
      "服装与装饰品网上采购": "TASHA持续在拼多多、京东、淘宝、闲鱼等平台浏览商品，反复对比服装款式/尺码/价格，多次将商品加入购物车并与身穿白色睡衣的女生、身穿灰色短袖灰色短裤的男生讨论，期间穿插查看快递物流信息。",
      "主题装饰材料拆箱与预处理": "TASHA使用小刀拆解玄关处送达的快递包裹，将内含物品暂存洗衣机上方，过程中与清洁人员短暂交流。",
      "进行云顶之弈游戏": "TASHA通过平板进行云顶之弈对战，包含阵容构建、装备搭配、战场观察等操作，期间与身穿灰色短袖灰色短裤的男生讨论，共完成3局完整对战并同步用手机查看攻略视频。",
      "动物互动": "TASHA与团队成员在社区咖啡馆与动物进行互动，期间抚摸宠物狗、观察小狗行为模式、与身穿灰色短袖灰色短裤的男生等人讨论。活动中出现小狗试图咬人衣物的情况。",
      "甜品筹备": "TASHA主导准备甜品制作原料，包含清洗红薯、操作烤箱烘焙、调整火候等完整烹饪流程。过程中使用小红书查阅烤制教程，并在笔记本详细记录温度参数与制作步骤，期间与身穿灰色短袖灰色短裤的男生进行协作沟通",
      "餐食筹备": "TASHA在厨房内进行地瓜烘焙，包括反复翻动清洗、烤箱温度调控、刷油保湿等工序，同步完成快递包裹拆解（获取厨房用品）、与身穿灰色短袖灰色短裤的男生协作清洗餐具、准备黄油/牛奶等配料，期间多次使用微波炉调整食材状态并整理厨房工作台。",
      "甜品制作": "TASHA与身穿灰色短袖灰色短裤的男生、身穿灰色短袖灰色短裤的男生共同完成糯米团子制作全流程。主要操作包括：从冰箱取出预拌粉分装、使用纸杯进行干湿材料配比、持续搅拌防止结块，过程中出现面团黏手问题时改用筷子辅助操作，并多次调整巧克力粉与椰丝的裹粉比例。身穿灰色短袖灰色短裤的男生负责主面团挤压成型。",
      "节目彩排与即兴音乐表演": "TASHA协助身穿浅橙色短袖灰色短裤的男生调试蓝牙音响与吉他拾音器，与身穿白色睡衣的女生尝试合唱。观察到身穿灰色短袖灰色短裤的男生进行吉他即兴演奏。"
    },
    "choice_a_chinese": "1→a / 2→c / 3→d / 4→e",
    "choice_b_chinese": "1→b / 2→c / 3→d / 4→f",
    "choice_c_chinese": "1→c / 2→b / 3→g / 4→h",
    "choice_d_chinese": "1→b / 2→e / 3→d / 4→f",
    "answer": "B",
    "reason_chinese": "装饰材料验收与整理（11:44 - 12:38）对应b；主题装饰材料拆箱与预处理（12:47 - 13:47）对应c；进行云顶之弈游戏（15:30 - 15:49）对应d；甜品制作（21:03 - 21:38）对应f。所以选项B正确。",
    "question": "TASHA recorded some of her activities but forgot the corresponding times. The sequence of activities is:  \n1. Decoration material inspection and sorting  \n2. Unboxing and pre-processing of themed decoration materials  \n3. Playing Teamfight Tactics  \n4. Dessert making  \n\nTime options:  \na. 10:30~11:30  \nb. 11:44~12:38  \nc. 12:47~13:47  \nd. 15:30~15:49  \ne. 18:00~19:00  \nf. 21:03~21:38  \ng. 16:15~17:04  \nh. 17:04~17:31",
    "events_description": {
      "Personal organization": "TASHA completes personal routines like adjusting glasses and handling phone notifications after waking up, plays rock-paper-scissors with a male wearing a gray short-sleeve and gray shorts, and assists him with daily tasks while frequently moving between rooms to observe the surroundings.",
      "Inspection and Organization of Decorative Materials": "TASHA unboxes the newly arrived wooden decoration component package in the courtyard, collaborating with a male wearing a gray short-sleeve and gray shorts to clean up party trash, sort recyclables, and transport decoration materials to the kitchen. The process involves removing foam wrapping, preliminary assembly testing of components, and communication with a female wearing a blue denim jacket and black dress.",
      "Online Shopping for Clothing and Accessories": "TASHA continuously browses products on platforms such as Pinduoduo, JD.com, Taobao, and Idle Fish, repeatedly comparing clothing styles/sizes/prices. She frequently adds items to her shopping cart and discusses them with a girl in white pajamas and a boy in a gray T-shirt and gray shorts, intermittently checking courier logistics information.",
      "Unboxing and Preprocessing of Thematic Decoration Materials": "TASHA uses a small knife to unpack the courier package delivered at the entrance, temporarily placing the contents on top of the washing machine, while briefly interacting with the cleaning staff during the process.",
      "Play Teamfight Tactics": "TASHA played Teamfight Tactics matches via tablet, including operations such as lineup construction, equipment pairing, and battlefield observation. During this time, she discussed with a boy wearing a gray short-sleeved shirt and gray shorts, completing a total of 3 full matches while simultaneously watching strategy videos on her phone.",
      "Animal interaction": "TASHA interacted with animals at the community café alongside team members, petting dogs, observing puppy behavior patterns, and discussing with a boy in a gray short-sleeved shirt and gray shorts. During the activity, a puppy attempted to bite someone's clothing.",
      "Dessert Preparation": "TASHA took the lead in preparing dessert ingredients, including washing sweet potatoes, operating the oven for baking, and adjusting the heat throughout the entire cooking process. During this, Xiaohongshu was consulted for baking tutorials, and temperature parameters as well as preparation steps were meticulously recorded in a notebook. Collaboration and communication were maintained with a male wearing a gray short-sleeve shirt and gray shorts.",
      "Meal preparation": "TASHA bakes sweet potatoes in the kitchen, performing steps such as repeatedly turning and washing them, adjusting oven temperature, and brushing them with oil for moisture retention. Simultaneously, she unpacks a delivery (obtaining kitchen supplies), collaborates with a boy wearing a gray short-sleeved shirt and gray shorts to wash dishes, and prepares ingredients like butter and milk. During this process, she uses the microwave multiple times to adjust the state of ingredients and organizes the kitchen workspace.",
      "Dessert Making": "TASHA completed the entire process of making glutinous rice balls with a male student wearing a gray short-sleeve shirt and gray shorts, and another male student wearing a gray short-sleeve shirt and gray shorts. Key steps included: retrieving pre-mixed flour portions from the refrigerator, measuring dry and wet ingredients using paper cups, continuous stirring to prevent clumping, switching to chopsticks for assistance when the dough became sticky, and repeatedly adjusting the coating ratio of cocoa powder to coconut flakes. The male student wearing a gray short-sleeve shirt and gray shorts was primarily responsible for squeezing and shaping the main dough.",
      "Show rehearsal and impromptu music performance": "TASHA assists a boy in light orange short-sleeved shirt and gray shorts to adjust the Bluetooth speaker and guitar pickup, while attempting a duet with a girl in white pajamas. A boy in gray short-sleeved shirt and gray shorts is observed improvising on the guitar."
    },
    "choice_a": "1→a / 2→c / 3→d / 4→e",
    "choice_b": "1→b / 2→c / 3→d / 4→f",
    "choice_c": "1→c / 2→b / 3→g / 4→h",
    "choice_d": "1→b / 2→e / 3→d / 4→f",
    "reason": "Decorative Materials Inspection and Organization (11:44 - 12:38) corresponding to b;  \nThemed Decorative Materials Unboxing and Preprocessing (12:47 - 13:47) corresponding to c;  \nPlaying Teamfight Tactics (15:30 - 15:49) corresponding to d;  \nDessert Making (21:03 - 21:38) corresponding to f.  \nSo option B is correct."
  },
  {
    "question_chinese": "TASHA在进行完服装与装饰品网上采购后，紧接着进行了哪两个活动？",
    "events_description_chinese": {
      "个人整理": "TASHA完成起床后的眼镜调整、手机信息处理等个人整理，与身穿灰色短袖灰色短裤的男生进行石头剪刀布游戏并协助其处理生活事务，期间多次在不同房间移动观察环境状态。",
      "装饰材料验收与整理": "TASHA在庭院拆封新到的木制装饰组件包裹，与身穿灰色短袖灰色短裤的男生协作清理派对垃圾、分类可回收物，并将装饰材料搬运至厨房。过程中涉及泡沫纸拆除、组件初步组装测试及与身着蓝色牛仔外套黑色连衣裙的女生交流。",
      "服装与装饰品网上采购": "TASHA持续在拼多多、京东、淘宝、闲鱼等平台浏览商品，反复对比服装款式/尺码/价格，多次将商品加入购物车并与身穿白色睡衣的女生、身穿灰色短袖灰色短裤的男生讨论，期间穿插查看快递物流信息。",
      "主题装饰材料拆箱与预处理": "TASHA使用小刀拆解玄关处送达的快递包裹，将内含物品暂存洗衣机上方，过程中与清洁人员短暂交流。",
      "进行云顶之弈游戏": "TASHA通过平板进行云顶之弈对战，包含阵容构建、装备搭配、战场观察等操作，期间与身穿灰色短袖灰色短裤的男生讨论，共完成3局完整对战并同步用手机查看攻略视频。",
      "动物互动": "TASHA与团队成员在社区咖啡馆与动物进行互动，期间抚摸宠物狗、观察小狗行为模式、与身穿灰色短袖灰色短裤的男生等人讨论。活动中出现小狗试图咬人衣物的情况。",
      "甜品筹备": "TASHA主导准备甜品制作原料，包含清洗红薯、操作烤箱烘焙、调整火候等完整烹饪流程。过程中使用小红书查阅烤制教程，并在笔记本详细记录温度参数与制作步骤，期间与身穿灰色短袖灰色短裤的男生进行协作沟通",
      "餐食筹备": "TASHA在厨房内进行地瓜烘焙，包括反复翻动清洗、烤箱温度调控、刷油保湿等工序，同步完成快递包裹拆解（获取厨房用品）、与身穿灰色短袖灰色短裤的男生协作清洗餐具、准备黄油/牛奶等配料，期间多次使用微波炉调整食材状态并整理厨房工作台。",
      "甜品制作": "TASHA与身穿灰色短袖灰色短裤的男生、身穿灰色短袖灰色短裤的男生共同完成糯米团子制作全流程。主要操作包括：从冰箱取出预拌粉分装、使用纸杯进行干湿材料配比、持续搅拌防止结块，过程中出现面团黏手问题时改用筷子辅助操作，并多次调整巧克力粉与椰丝的裹粉比例。身穿灰色短袖灰色短裤的男生负责主面团挤压成型。",
      "节目彩排与即兴音乐表演": "TASHA协助身穿浅橙色短袖灰色短裤的男生调试蓝牙音响与吉他拾音器，与身穿白色睡衣的女生尝试合唱。观察到身穿灰色短袖灰色短裤的男生进行吉他即兴演奏。"
    },
    "choice_a_chinese": "进行云顶之弈游戏 → 动物互动",
    "choice_b_chinese": "主题装饰材料拆箱与预处理 → 甜品筹备",
    "choice_c_chinese": "动物互动 → 餐食筹备",
    "choice_d_chinese": "进行云顶之弈游戏 → 餐食筹备",
    "answer": "A",
    "reason_chinese": "服装与装饰品网上采购（12:39 - 15:00）之后，依次进行的是进行云顶之弈游戏（15:30 - 15:49）和动物互动（16:15 - 17:04），所以答案是A。",
    "question": "After completing online purchases for clothing and accessories, what two activities did TASHA proceed with next?",
    "events_description": {
      "Personal organization": "TASHA completes personal routines like adjusting glasses and handling phone notifications after waking up, plays rock-paper-scissors with a male wearing a gray short-sleeve and gray shorts, and assists him with daily tasks while frequently moving between rooms to observe the surroundings.",
      "Inspection and Organization of Decorative Materials": "TASHA unboxes the newly arrived wooden decoration component package in the courtyard, collaborating with a male wearing a gray short-sleeve and gray shorts to clean up party trash, sort recyclables, and transport decoration materials to the kitchen. The process involves removing foam wrapping, preliminary assembly testing of components, and communication with a female wearing a blue denim jacket and black dress.",
      "Online Shopping for Clothing and Accessories": "TASHA continuously browses products on platforms such as Pinduoduo, JD.com, Taobao, and Idle Fish, repeatedly comparing clothing styles/sizes/prices. She frequently adds items to her shopping cart and discusses them with a girl in white pajamas and a boy in a gray T-shirt and gray shorts, intermittently checking courier logistics information.",
      "Unboxing and Preprocessing of Thematic Decoration Materials": "TASHA uses a small knife to unpack the courier package delivered at the entrance, temporarily placing the contents on top of the washing machine, while briefly interacting with the cleaning staff during the process.",
      "Play Teamfight Tactics": "TASHA played Teamfight Tactics matches via tablet, including operations such as lineup construction, equipment pairing, and battlefield observation. During this time, she discussed with a boy wearing a gray short-sleeved shirt and gray shorts, completing a total of 3 full matches while simultaneously watching strategy videos on her phone.",
      "Animal interaction": "TASHA interacted with animals at the community café alongside team members, petting dogs, observing puppy behavior patterns, and discussing with a boy in a gray short-sleeved shirt and gray shorts. During the activity, a puppy attempted to bite someone's clothing.",
      "Dessert Preparation": "TASHA took the lead in preparing dessert ingredients, including washing sweet potatoes, operating the oven for baking, and adjusting the heat throughout the entire cooking process. During this, Xiaohongshu was consulted for baking tutorials, and temperature parameters as well as preparation steps were meticulously recorded in a notebook. Collaboration and communication were maintained with a male wearing a gray short-sleeve shirt and gray shorts.",
      "Meal preparation": "TASHA bakes sweet potatoes in the kitchen, performing steps such as repeatedly turning and washing them, adjusting oven temperature, and brushing them with oil for moisture retention. Simultaneously, she unpacks a delivery (obtaining kitchen supplies), collaborates with a boy wearing a gray short-sleeved shirt and gray shorts to wash dishes, and prepares ingredients like butter and milk. During this process, she uses the microwave multiple times to adjust the state of ingredients and organizes the kitchen workspace.",
      "Dessert Making": "TASHA completed the entire process of making glutinous rice balls with a male student wearing a gray short-sleeve shirt and gray shorts, and another male student wearing a gray short-sleeve shirt and gray shorts. Key steps included: retrieving pre-mixed flour portions from the refrigerator, measuring dry and wet ingredients using paper cups, continuous stirring to prevent clumping, switching to chopsticks for assistance when the dough became sticky, and repeatedly adjusting the coating ratio of cocoa powder to coconut flakes. The male student wearing a gray short-sleeve shirt and gray shorts was primarily responsible for squeezing and shaping the main dough.",
      "Show rehearsal and impromptu music performance": "TASHA assists a boy in light orange short-sleeved shirt and gray shorts to adjust the Bluetooth speaker and guitar pickup, while attempting a duet with a girl in white pajamas. A boy in gray short-sleeved shirt and gray shorts is observed improvising on the guitar."
    },
    "choice_a": "Playing Teamfight Tactics → Animal Interaction",
    "choice_b": "Theme Decoration Material Unboxing and Pre-processing → Dessert Preparation",
    "choice_c": "Animal Interaction → Meal Preparation",
    "choice_d": "Playing Teamfight Tactics → Meal Preparation",
    "reason": "Online shopping for clothing and accessories (12:39 - 15:00), followed by playing Teamfight Tactics (15:30 - 15:49) and animal interaction (16:15 - 17:04), so the answer is A."
  },
  {
    "question_chinese": "TASHA描述自己的活动顺序为：个人整理、进行云顶之弈游戏、装饰材料验收与整理、服装与装饰品网上采购，这个顺序存在错误。正确的序列和错误分析是？",
    "events_description_chinese": {
      "个人整理": "TASHA完成起床后的眼镜调整、手机信息处理等个人整理，与身穿灰色短袖灰色短裤的男生进行石头剪刀布游戏并协助其处理生活事务，期间多次在不同房间移动观察环境状态。",
      "装饰材料验收与整理": "TASHA在庭院拆封新到的木制装饰组件包裹，与身穿灰色短袖灰色短裤的男生协作清理派对垃圾、分类可回收物，并将装饰材料搬运至厨房。过程中涉及泡沫纸拆除、组件初步组装测试及与身着蓝色牛仔外套黑色连衣裙的女生交流。",
      "服装与装饰品网上采购": "TASHA持续在拼多多、京东、淘宝、闲鱼等平台浏览商品，反复对比服装款式/尺码/价格，多次将商品加入购物车并与身穿白色睡衣的女生、身穿灰色短袖灰色短裤的男生讨论，期间穿插查看快递物流信息。",
      "主题装饰材料拆箱与预处理": "TASHA使用小刀拆解玄关处送达的快递包裹，将内含物品暂存洗衣机上方，过程中与清洁人员短暂交流。",
      "进行云顶之弈游戏": "TASHA通过平板进行云顶之弈对战，包含阵容构建、装备搭配、战场观察等操作，期间与身穿灰色短袖灰色短裤的男生讨论，共完成3局完整对战并同步用手机查看攻略视频。",
      "动物互动": "TASHA与团队成员在社区咖啡馆与动物进行互动，期间抚摸宠物狗、观察小狗行为模式、与身穿灰色短袖灰色短裤的男生等人讨论。活动中出现小狗试图咬人衣物的情况。",
      "甜品筹备": "TASHA主导准备甜品制作原料，包含清洗红薯、操作烤箱烘焙、调整火候等完整烹饪流程。过程中使用小红书查阅烤制教程，并在笔记本详细记录温度参数与制作步骤，期间与身穿灰色短袖灰色短裤的男生进行协作沟通",
      "餐食筹备": "TASHA在厨房内进行地瓜烘焙，包括反复翻动清洗、烤箱温度调控、刷油保湿等工序，同步完成快递包裹拆解（获取厨房用品）、与身穿灰色短袖灰色短裤的男生协作清洗餐具、准备黄油/牛奶等配料，期间多次使用微波炉调整食材状态并整理厨房工作台。",
      "甜品制作": "TASHA与身穿灰色短袖灰色短裤的男生、身穿灰色短袖灰色短裤的男生共同完成糯米团子制作全流程。主要操作包括：从冰箱取出预拌粉分装、使用纸杯进行干湿材料配比、持续搅拌防止结块，过程中出现面团黏手问题时改用筷子辅助操作，并多次调整巧克力粉与椰丝的裹粉比例。身穿灰色短袖灰色短裤的男生负责主面团挤压成型。",
      "节目彩排与即兴音乐表演": "TASHA协助身穿浅橙色短袖灰色短裤的男生调试蓝牙音响与吉他拾音器，与身穿白色睡衣的女生尝试合唱。观察到身穿灰色短袖灰色短裤的男生进行吉他即兴演奏。"
    },
    "choice_a_chinese": "正确序列：个人整理、装饰材料验收与整理、服装与装饰品网上采购、进行云顶之弈游戏 错误原因：‘进行云顶之弈游戏’与‘装饰材料验收与整理’顺序颠倒，且遗漏‘主题装饰材料拆箱与预处理’",
    "choice_b_chinese": "正确序列：个人整理、装饰材料验收与整理、进行云顶之弈游戏、服装与装饰品网上采购 错误原因：‘进行云顶之弈游戏’与‘服装与装饰品网上采购’顺序错误",
    "choice_c_chinese": "正确序列：装饰材料验收与整理、个人整理、服装与装饰品网上采购、进行云顶之弈游戏 错误原因：开头顺序错误",
    "choice_d_chinese": "正确序列：个人整理、服装与装饰品网上采购、装饰材料验收与整理、进行云顶之弈游戏 错误原因：‘服装与装饰品网上采购’与‘装饰材料验收与整理’顺序错误",
    "answer": "A",
    "reason_chinese": "正确顺序应为：个人整理（11:14 - 11:44）、装饰材料验收与整理（11:44 - 12:38）、服装与装饰品网上采购（12:39 - 15:00）、主题装饰材料拆箱与预处理（12:47 - 13:47）、进行云顶之弈游戏（15:30 - 15:49），选项A指出的错误原因与正确序列相符 。",
    "question": "TASHA described her activity sequence as: personal organization, playing Teamfight Tactics, inspection and organization of decorative materials, online shopping for clothing and accessories. This order is incorrect. What is the correct sequence and error analysis?",
    "events_description": {
      "Personal organization": "TASHA completes personal routines like adjusting glasses and handling phone notifications after waking up, plays rock-paper-scissors with a male wearing a gray short-sleeve and gray shorts, and assists him with daily tasks while frequently moving between rooms to observe the surroundings.",
      "Inspection and Organization of Decorative Materials": "TASHA unboxes the newly arrived wooden decoration component package in the courtyard, collaborating with a male wearing a gray short-sleeve and gray shorts to clean up party trash, sort recyclables, and transport decoration materials to the kitchen. The process involves removing foam wrapping, preliminary assembly testing of components, and communication with a female wearing a blue denim jacket and black dress.",
      "Online Shopping for Clothing and Accessories": "TASHA continuously browses products on platforms such as Pinduoduo, JD.com, Taobao, and Idle Fish, repeatedly comparing clothing styles/sizes/prices. She frequently adds items to her shopping cart and discusses them with a girl in white pajamas and a boy in a gray T-shirt and gray shorts, intermittently checking courier logistics information.",
      "Unboxing and Preprocessing of Thematic Decoration Materials": "TASHA uses a small knife to unpack the courier package delivered at the entrance, temporarily placing the contents on top of the washing machine, while briefly interacting with the cleaning staff during the process.",
      "Play Teamfight Tactics": "TASHA played Teamfight Tactics matches via tablet, including operations such as lineup construction, equipment pairing, and battlefield observation. During this time, she discussed with a boy wearing a gray short-sleeved shirt and gray shorts, completing a total of 3 full matches while simultaneously watching strategy videos on her phone.",
      "Animal interaction": "TASHA interacted with animals at the community café alongside team members, petting dogs, observing puppy behavior patterns, and discussing with a boy in a gray short-sleeved shirt and gray shorts. During the activity, a puppy attempted to bite someone's clothing.",
      "Dessert Preparation": "TASHA took the lead in preparing dessert ingredients, including washing sweet potatoes, operating the oven for baking, and adjusting the heat throughout the entire cooking process. During this, Xiaohongshu was consulted for baking tutorials, and temperature parameters as well as preparation steps were meticulously recorded in a notebook. Collaboration and communication were maintained with a male wearing a gray short-sleeve shirt and gray shorts.",
      "Meal preparation": "TASHA bakes sweet potatoes in the kitchen, performing steps such as repeatedly turning and washing them, adjusting oven temperature, and brushing them with oil for moisture retention. Simultaneously, she unpacks a delivery (obtaining kitchen supplies), collaborates with a boy wearing a gray short-sleeved shirt and gray shorts to wash dishes, and prepares ingredients like butter and milk. During this process, she uses the microwave multiple times to adjust the state of ingredients and organizes the kitchen workspace.",
      "Dessert Making": "TASHA completed the entire process of making glutinous rice balls with a male student wearing a gray short-sleeve shirt and gray shorts, and another male student wearing a gray short-sleeve shirt and gray shorts. Key steps included: retrieving pre-mixed flour portions from the refrigerator, measuring dry and wet ingredients using paper cups, continuous stirring to prevent clumping, switching to chopsticks for assistance when the dough became sticky, and repeatedly adjusting the coating ratio of cocoa powder to coconut flakes. The male student wearing a gray short-sleeve shirt and gray shorts was primarily responsible for squeezing and shaping the main dough.",
      "Show rehearsal and impromptu music performance": "TASHA assists a boy in light orange short-sleeved shirt and gray shorts to adjust the Bluetooth speaker and guitar pickup, while attempting a duet with a girl in white pajamas. A boy in gray short-sleeved shirt and gray shorts is observed improvising on the guitar."
    },
    "choice_a": "Correct sequence: Personal organization, Decoration materials inspection and arrangement, Online purchase of clothing and accessories, Playing Teamfight Tactics  \nError reason: 'Playing Teamfight Tactics' and 'Decoration materials inspection and arrangement' are in reverse order, and 'Unboxing and preprocessing of themed decoration materials' is omitted.",
    "choice_b": "Correct sequence: Personal organization, material acceptance and arrangement for decoration, playing Teamfight Tactics, online shopping for clothing and accessories  \nError reason: Incorrect order between 'playing Teamfight Tactics' and 'online shopping for clothing and accessories'",
    "choice_c": "Correct sequence: Decoration material inspection and organization, Personal organization, Online purchase of clothing and accessories, Playing Teamfight Tactics  \nError reason: Incorrect order at the beginning",
    "choice_d": "Correct sequence: Personal organizing, Online shopping for clothing and accessories, Inspection and organizing of decorative materials, Playing Teamfight Tactics  \nError reason: The order of 'Online shopping for clothing and accessories' and 'Inspection and organizing of decorative materials' is incorrect",
    "reason": "The correct sequence should be: Personal organization (11:14 - 11:44), Decoration material inspection and arrangement (11:44 - 12:38), Online purchase of clothing and accessories (12:39 - 15:00), Unboxing and pre-processing of theme decoration materials (12:47 - 13:47), Playing Teamfight Tactics (15:30 - 15:49). The error reason pointed out in option A matches the correct sequence."
  },
  {
    "question_chinese": "TASHA在DAY4的活动序列部分内容被遮盖：[个人整理] → (?) → [主题装饰材料拆箱与预处理] → (?) → [动物互动] 。请从下列选项中按顺序补全缺失环节：\n备选事件：\n装饰材料验收与整理\n服装与装饰品网上采购\n进行云顶之弈游戏\n甜品筹备\n餐食筹备\n节目彩排与即兴音乐表演",
    "events_description_chinese": {
      "个人整理": "TASHA完成起床后的眼镜调整、手机信息处理等个人整理，与身穿灰色短袖灰色短裤的男生进行石头剪刀布游戏并协助其处理生活事务，期间多次在不同房间移动观察环境状态。",
      "装饰材料验收与整理": "TASHA在庭院拆封新到的木制装饰组件包裹，与身穿灰色短袖灰色短裤的男生协作清理派对垃圾、分类可回收物，并将装饰材料搬运至厨房。过程中涉及泡沫纸拆除、组件初步组装测试及与身着蓝色牛仔外套黑色连衣裙的女生交流。",
      "服装与装饰品网上采购": "TASHA持续在拼多多、京东、淘宝、闲鱼等平台浏览商品，反复对比服装款式/尺码/价格，多次将商品加入购物车并与身穿白色睡衣的女生、身穿灰色短袖灰色短裤的男生讨论，期间穿插查看快递物流信息。",
      "主题装饰材料拆箱与预处理": "TASHA使用小刀拆解玄关处送达的快递包裹，将内含物品暂存洗衣机上方，过程中与清洁人员短暂交流。",
      "进行云顶之弈游戏": "TASHA通过平板进行云顶之弈对战，包含阵容构建、装备搭配、战场观察等操作，期间与身穿灰色短袖灰色短裤的男生讨论，共完成3局完整对战并同步用手机查看攻略视频。",
      "动物互动": "TASHA与团队成员在社区咖啡馆与动物进行互动，期间抚摸宠物狗、观察小狗行为模式、与身穿灰色短袖灰色短裤的男生等人讨论。活动中出现小狗试图咬人衣物的情况。",
      "甜品筹备": "TASHA主导准备甜品制作原料，包含清洗红薯、操作烤箱烘焙、调整火候等完整烹饪流程。过程中使用小红书查阅烤制教程，并在笔记本详细记录温度参数与制作步骤，期间与身穿灰色短袖灰色短裤的男生进行协作沟通",
      "餐食筹备": "TASHA在厨房内进行地瓜烘焙，包括反复翻动清洗、烤箱温度调控、刷油保湿等工序，同步完成快递包裹拆解（获取厨房用品）、与身穿灰色短袖灰色短裤的男生协作清洗餐具、准备黄油/牛奶等配料，期间多次使用微波炉调整食材状态并整理厨房工作台。",
      "甜品制作": "TASHA与身穿灰色短袖灰色短裤的男生、身穿灰色短袖灰色短裤的男生共同完成糯米团子制作全流程。主要操作包括：从冰箱取出预拌粉分装、使用纸杯进行干湿材料配比、持续搅拌防止结块，过程中出现面团黏手问题时改用筷子辅助操作，并多次调整巧克力粉与椰丝的裹粉比例。身穿灰色短袖灰色短裤的男生负责主面团挤压成型。",
      "节目彩排与即兴音乐表演": "TASHA协助身穿浅橙色短袖灰色短裤的男生调试蓝牙音响与吉他拾音器，与身穿白色睡衣的女生尝试合唱。观察到身穿灰色短袖灰色短裤的男生进行吉他即兴演奏。"
    },
    "choice_a_chinese": "装饰材料验收与整理、进行云顶之弈游戏",
    "choice_b_chinese": "服装与装饰品网上采购、进行云顶之弈游戏",
    "choice_c_chinese": "装饰材料验收与整理、服装与装饰品网上采购",
    "choice_d_chinese": "甜品筹备、餐食筹备",
    "answer": "A",
    "reason_chinese": "正确顺序为：个人整理（11:14 - 11:44）、装饰材料验收与整理（11:44 - 12:38）、主题装饰材料拆箱与预处理（12:47 - 13:47）、进行云顶之弈游戏（15:30 - 15:49）、动物互动（16:15 - 17:04），所以应选A。",
    "question": "TASHA's activity sequence on DAY4 is partially obscured: [Personal organizing] → (?) → [Unboxing and prepping themed decor materials] → (?) → [Animal interaction]. Please sequentially complete the missing steps from the following options:  \nCandidate events:  \nDecor materials inspection and sorting  \nOnline shopping for outfits and accessories  \nPlaying Teamfight Tactics  \nDessert preparation  \nMeal preparation  \nDress rehearsal and impromptu music performance",
    "events_description": {
      "Personal organization": "TASHA completes personal routines like adjusting glasses and handling phone notifications after waking up, plays rock-paper-scissors with a male wearing a gray short-sleeve and gray shorts, and assists him with daily tasks while frequently moving between rooms to observe the surroundings.",
      "Inspection and Organization of Decorative Materials": "TASHA unboxes the newly arrived wooden decoration component package in the courtyard, collaborating with a male wearing a gray short-sleeve and gray shorts to clean up party trash, sort recyclables, and transport decoration materials to the kitchen. The process involves removing foam wrapping, preliminary assembly testing of components, and communication with a female wearing a blue denim jacket and black dress.",
      "Online Shopping for Clothing and Accessories": "TASHA continuously browses products on platforms such as Pinduoduo, JD.com, Taobao, and Idle Fish, repeatedly comparing clothing styles/sizes/prices. She frequently adds items to her shopping cart and discusses them with a girl in white pajamas and a boy in a gray T-shirt and gray shorts, intermittently checking courier logistics information.",
      "Unboxing and Preprocessing of Thematic Decoration Materials": "TASHA uses a small knife to unpack the courier package delivered at the entrance, temporarily placing the contents on top of the washing machine, while briefly interacting with the cleaning staff during the process.",
      "Play Teamfight Tactics": "TASHA played Teamfight Tactics matches via tablet, including operations such as lineup construction, equipment pairing, and battlefield observation. During this time, she discussed with a boy wearing a gray short-sleeved shirt and gray shorts, completing a total of 3 full matches while simultaneously watching strategy videos on her phone.",
      "Animal interaction": "TASHA interacted with animals at the community café alongside team members, petting dogs, observing puppy behavior patterns, and discussing with a boy in a gray short-sleeved shirt and gray shorts. During the activity, a puppy attempted to bite someone's clothing.",
      "Dessert Preparation": "TASHA took the lead in preparing dessert ingredients, including washing sweet potatoes, operating the oven for baking, and adjusting the heat throughout the entire cooking process. During this, Xiaohongshu was consulted for baking tutorials, and temperature parameters as well as preparation steps were meticulously recorded in a notebook. Collaboration and communication were maintained with a male wearing a gray short-sleeve shirt and gray shorts.",
      "Meal preparation": "TASHA bakes sweet potatoes in the kitchen, performing steps such as repeatedly turning and washing them, adjusting oven temperature, and brushing them with oil for moisture retention. Simultaneously, she unpacks a delivery (obtaining kitchen supplies), collaborates with a boy wearing a gray short-sleeved shirt and gray shorts to wash dishes, and prepares ingredients like butter and milk. During this process, she uses the microwave multiple times to adjust the state of ingredients and organizes the kitchen workspace.",
      "Dessert Making": "TASHA completed the entire process of making glutinous rice balls with a male student wearing a gray short-sleeve shirt and gray shorts, and another male student wearing a gray short-sleeve shirt and gray shorts. Key steps included: retrieving pre-mixed flour portions from the refrigerator, measuring dry and wet ingredients using paper cups, continuous stirring to prevent clumping, switching to chopsticks for assistance when the dough became sticky, and repeatedly adjusting the coating ratio of cocoa powder to coconut flakes. The male student wearing a gray short-sleeve shirt and gray shorts was primarily responsible for squeezing and shaping the main dough.",
      "Show rehearsal and impromptu music performance": "TASHA assists a boy in light orange short-sleeved shirt and gray shorts to adjust the Bluetooth speaker and guitar pickup, while attempting a duet with a girl in white pajamas. A boy in gray short-sleeved shirt and gray shorts is observed improvising on the guitar."
    },
    "choice_a": "Verification and organization of decorative materials, playing Teamfight Tactics",
    "choice_b": "Online shopping for clothing and accessories, playing Teamfight Tactics",
    "choice_c": "Inspection and organization of decorative materials, online procurement of clothing and accessories",
    "choice_d": "Dessert preparation, meal preparation",
    "reason": "The correct sequence is: Personal organization (11:14 - 11:44), Decoration materials inspection and arrangement (11:44 - 12:38), Unboxing and pre-processing of themed decoration materials (12:47 - 13:47), Playing Teamfight Tactics (15:30 - 15:49), Animal interaction (16:15 - 17:04). Therefore, option A should be selected."
  }
]