[
  {
    "question_chinese": "TASHA在DAY2的下午15:00到晚上21:00之间参与了以下活动：\na. 学习舞蹈动作\nb. 装饰设计素材整理\nc. 火锅晚餐筹备\nd. 电子设备操作\ne. 化妆\nf. 厨房协作清洁\n请将这些事件按正确的时间顺序排列。",
    "events_description_chinese": {
      "协作制作早餐烙饼": "TASHA主导面粉与鸡蛋调配，与白色上衣、灰色裙子的女生协作搅拌面糊并多次调整稠度。过程中涉及糖水制备、厨具清洗、灶台操作等环节，经历多次煎制失败后最终产出成型烙饼。观察到酒红色短袖灰色短裤的男生旁观、黑色短袖黑色长裤的女生协助拿取食材、身穿淡蓝色短袖格子百褶裙的女生准备餐具等协作细节。",
      "早餐后社交及团队讨论": "TASHA与酒红色短袖灰色短裤的男生、白色上衣、灰色裙子的女生等人共同品鉴烙饼并讨论，期间多次使用手机处理微信消息、删除照片、查询智行火车票。观察到酒红色短袖灰色短裤的男生展示卷尺测量数据，黑色短袖黑色长裤的女生参与充电设备调试等。",
      "化妆": "TASHA在客厅深度参与妆容打造流程，使用遮瑕盘、粉扑、假睫毛等工具为白色上衣、灰色裙子的女生和酒红色短袖灰色短裤的男生进行面部化妆。包含材料准备、遮瑕分层涂抹、假睫毛修剪与粘贴、唇釉上色等完整化妆流程。",
      "学习舞蹈动作": "TASHA在客厅参与舞蹈动作学习，包含OK手势、画圈动作、队形移动等核心动作的分解练习。期间使用手机辅助视频参照，与酒红色短袖灰色短裤的男生、黑色短袖黑色长裤的女生等参与者同步动作节奏，完成从局部手势到完整段落的多轮排练。",
      "装饰设计素材整理与设计": "TASHA在客厅使用平板进行绘图设计（擦改线条、调整色盘、参考小红书素材），同时通过手机检索装修视频和商品信息。过程中多次观察白色上衣、灰色裙子的女生团队的花艺制作，将瓜子皮集中收纳在自制纸袋中，期间与黑色短袖黑色长裤的女生进行交流并临时插接充电设备。",
      "在线采购": "TASHA系统性地在拼多多平台比价筛选装饰材料（反复查看商品详情页/评论/规格），接收白色上衣、灰色裙子的女生传递的装饰花材并进行瓶插实践。观察到酒红色短袖灰色短裤的男生的电子设备调试进展，通过小红书视频获取空间布置灵感。",
      "火锅晚餐筹备": "TASHA深度参与火锅晚餐全流程筹备，包括从冰箱中取出肉类和蔬菜、与浅橙色短袖灰色短裤的男生协作搬运厨具、拆解食材包装、调配火锅底料（多次撕开料包并倒入双锅）、分发餐具。过程中频繁与白色上衣、灰色裙子的女生、浅橙色短袖灰色短裤的男生等成员沟通协作，并穿插使用手机处理消息。",
      "餐后清洁与厨房整理": "TASHA参与餐后整理工作，包括协助酒红色短袖灰色短裤的男生清洗锅具、用湿巾擦拭台面、将未用完的饮料和乳制品分类存入冰箱、处理厨余垃圾。过程中持续与成员沟通清洁分工，并最终完成厨房恢复整洁状态。",
      "厨房协作清洁": "TASHA与酒红色短袖灰色短裤的男生、浅橙色短袖灰色短裤的男生等参与者共同完成晚餐后的厨房清洁工作，包含反复清洗餐具、用洗洁精处理筷子、擦拭炉灶油渍、分类可回收垃圾，并通过协作完成洗碗池排水调试与电磁炉收纳。过程中观察到参与者之间持续进行对话及清洁质量检查。",
      "电子设备操作与文件处理": "TASHA在卧室、客厅及户外庭院多场景切换中持续操作电脑和手机，主要行为包括微信聊天记录整理、拼多多商品浏览、抖音视频观看及电脑文件编辑，过程中与黑色短袖黑色长裤的女生等人进行对话。"
    },
    "choice_a_chinese": "(a)(b)(c)(f)(d)",
    "choice_b_chinese": "(e)(a)(b)(c)(f)",
    "choice_c_chinese": "(b)(a)(f)(c)(d)",
    "choice_d_chinese": "(a)(c)(b)(f)(d)",
    "choice_e_chinese": "(b)(c)(a)(f)(d)",
    "answer": "A",
    "reason_chinese": "正确顺序为：学习舞蹈动作(15:56-16:44)、装饰设计素材整理(16:21-17:15)、火锅晚餐筹备(17:39-18:42)、厨房协作清洁(21:05-21:43)、电子设备操作(21:43-22:12)。干扰项为化妆(12:40-13:13)。",
    "question": "TASHA participated in the following activities between 15:00 and 21:00 on DAY2:\na. Learning dance moves\nb. Organizing decoration design materials\nc. Preparing for hotpot dinner\nd. Operating electronic devices\ne. Applying makeup\nf. Collaborating on kitchen cleaning\nPlease arrange these events in the correct chronological order.",
    "events_description": {
      "Collaborative breakfast pancake making": "TASHA took the lead in mixing flour and eggs, collaborating with the girl in the white top and gray skirt to stir the batter and adjust its consistency multiple times. The process involved preparing sugar water, washing cookware, and operating the stove, with several failed attempts at frying before finally producing a formed pancake. Observations included a boy in wine-red short sleeves and gray shorts watching, a girl in black short sleeves and black long pants assisting with fetching ingredients, and a girl in light blue short sleeves and a plaid pleated skirt preparing tableware—all demonstrating collaborative details.",
      "Socializing and team discussion after breakfast": "TASHA and the guy in wine-red short sleeves with gray shorts, the girl in white top and gray skirt, and others tasted pancakes and discussed together. They frequently used their phones to handle WeChat messages, delete photos, and check ZhiXing train tickets. During this time, the guy in wine-red short sleeves with gray shorts was observed demonstrating tape measure measurements, and the girl in black short sleeves with black pants participated in charging device debugging.",
      "makeup": "TASHA is deeply engaged in the makeup application process in the living room, using tools like a concealer palette, powder puff, and false eyelashes to apply facial makeup to a girl in a white top and gray skirt, as well as a boy in a burgundy short-sleeve shirt and gray shorts. The complete makeup process includes material preparation, layered concealer application, false eyelash trimming and adhesion, and lip gloss coloring.",
      "Learning dance moves": "TASHA participates in dance movement learning in the living room, which includes breakdown practice of core movements such as the OK hand gesture, circling motions, and formation shifts. Throughout the session, she uses her phone for video reference, synchronizing her movements with participants like the boy in a maroon short-sleeve and gray shorts and the girl in a black short-sleeve and black pants, completing multiple rounds of rehearsal from isolated gestures to full segments.",
      "Decorative design material organization and design": "TASHA is in the living room using a tablet for graphic design (erasing and modifying lines, adjusting the color palette, referencing Xiaohongshu materials), while simultaneously searching for renovation videos and product information on her phone. During the process, she repeatedly observes the floral arrangements made by a team of girls in white tops and gray skirts, collecting melon seed shells in a homemade paper bag. At one point, she engages in conversation with a girl in a black short-sleeve shirt and black pants and temporarily plugs in a charging device.",
      "Online procurement": "TASHA systematically compares and selects decorative materials on the Pinduoduo platform (repeatedly checking product details pages/reviews/specifications), receives floral décor materials from a girl in a white top and gray skirt, and practices vase arrangements. Observes the progress of a boy in a maroon short-sleeve and gray shorts debugging electronic devices, and gathers spatial arrangement inspiration from Xiaohongshu videos.",
      "Hot pot dinner preparation": "TASHA was deeply involved in the entire preparation process for the hotpot dinner, including retrieving meat and vegetables from the fridge, collaborating with a male in a light orange short-sleeve and gray shorts to move kitchenware, unpacking ingredient packaging, mixing the hotpot broth (repeatedly tearing open seasoning packets and pouring them into the dual pot), and distributing utensils. Throughout the process, she frequently communicated and coordinated with members such as the female in a white top and gray skirt and the male in a light orange short-sleeve and gray shorts, while intermittently using her phone to handle messages.",
      "Post-meal cleanup and kitchen organization": "TASHA participated in post-meal cleanup tasks, including assisting the boy in maroon short sleeves and gray shorts with washing cookware, wiping countertops with wet wipes, categorizing and storing unused beverages and dairy products in the fridge, and disposing of food waste. Throughout the process, she continuously communicated with members about cleaning assignments and ultimately restored the kitchen to a tidy state.",
      "Kitchen Collaborative Cleaning": "TASHA collaborated with participants including a male in wine-red short sleeves and gray shorts, and a male in light-orange short sleeves and gray shorts to complete post-dinner kitchen cleanup. Tasks involved repeatedly washing tableware, sanitizing chopsticks with detergent, wiping grease off the stove, sorting recyclable waste, and cooperatively adjusting the sink drainage while storing the induction cooker. Throughout the process, continuous dialogue and cleanliness quality checks among participants were observed.",
      "Electronic Device Operation and Document Processing": "TASHA switches between multiple settings including the bedroom, living room, and outdoor courtyard while continuously operating her computer and phone. Key activities include organizing WeChat chat logs, browsing Pinduoduo products, watching videos on Douyin, and editing computer files. During this time, she engages in conversations with individuals such as a girl wearing a black short-sleeve shirt and black pants."
    },
    "choice_a": "(a)(b)(c)(f)(d)",
    "choice_b": "(e)(a)(b)(c)(f)",
    "choice_c": "(b)(a)(f)(c)(d)",
    "choice_d": "(a)(c)(b)(f)(d)",
    "choice_e": "(b)(c)(a)(f)(d)",
    "reason": "The correct sequence is: Learn dance moves (15:56-16:44), Organize decorative design materials (16:21-17:15), Prepare for hot pot dinner (17:39-18:42), Collaborative kitchen cleaning (21:05-21:43), Operate electronic devices (21:43-22:12). The distraction is makeup (12:40-13:13)."
  },
  {
    "question_chinese": "TASHA在DAY2的哪个时间段完成了以下连续活动：装饰设计素材整理、在线采购、火锅晚餐筹备？",
    "events_description_chinese": {
      "协作制作早餐烙饼": "TASHA主导面粉与鸡蛋调配，与白色上衣、灰色裙子的女生协作搅拌面糊并多次调整稠度。过程中涉及糖水制备、厨具清洗、灶台操作等环节，经历多次煎制失败后最终产出成型烙饼。观察到酒红色短袖灰色短裤的男生旁观、黑色短袖黑色长裤的女生协助拿取食材、身穿淡蓝色短袖格子百褶裙的女生准备餐具等协作细节。",
      "早餐后社交及团队讨论": "TASHA与酒红色短袖灰色短裤的男生、白色上衣、灰色裙子的女生等人共同品鉴烙饼并讨论，期间多次使用手机处理微信消息、删除照片、查询智行火车票。观察到酒红色短袖灰色短裤的男生展示卷尺测量数据，黑色短袖黑色长裤的女生参与充电设备调试等。",
      "化妆": "TASHA在客厅深度参与妆容打造流程，使用遮瑕盘、粉扑、假睫毛等工具为白色上衣、灰色裙子的女生和酒红色短袖灰色短裤的男生进行面部化妆。包含材料准备、遮瑕分层涂抹、假睫毛修剪与粘贴、唇釉上色等完整化妆流程。",
      "学习舞蹈动作": "TASHA在客厅参与舞蹈动作学习，包含OK手势、画圈动作、队形移动等核心动作的分解练习。期间使用手机辅助视频参照，与酒红色短袖灰色短裤的男生、黑色短袖黑色长裤的女生等参与者同步动作节奏，完成从局部手势到完整段落的多轮排练。",
      "装饰设计素材整理与设计": "TASHA在客厅使用平板进行绘图设计（擦改线条、调整色盘、参考小红书素材），同时通过手机检索装修视频和商品信息。过程中多次观察白色上衣、灰色裙子的女生团队的花艺制作，将瓜子皮集中收纳在自制纸袋中，期间与黑色短袖黑色长裤的女生进行交流并临时插接充电设备。",
      "在线采购": "TASHA系统性地在拼多多平台比价筛选装饰材料（反复查看商品详情页/评论/规格），接收白色上衣、灰色裙子的女生传递的装饰花材并进行瓶插实践。观察到酒红色短袖灰色短裤的男生的电子设备调试进展，通过小红书视频获取空间布置灵感。",
      "火锅晚餐筹备": "TASHA深度参与火锅晚餐全流程筹备，包括从冰箱中取出肉类和蔬菜、与浅橙色短袖灰色短裤的男生协作搬运厨具、拆解食材包装、调配火锅底料（多次撕开料包并倒入双锅）、分发餐具。过程中频繁与白色上衣、灰色裙子的女生、浅橙色短袖灰色短裤的男生等成员沟通协作，并穿插使用手机处理消息。",
      "餐后清洁与厨房整理": "TASHA参与餐后整理工作，包括协助酒红色短袖灰色短裤的男生清洗锅具、用湿巾擦拭台面、将未用完的饮料和乳制品分类存入冰箱、处理厨余垃圾。过程中持续与成员沟通清洁分工，并最终完成厨房恢复整洁状态。",
      "厨房协作清洁": "TASHA与酒红色短袖灰色短裤的男生、浅橙色短袖灰色短裤的男生等参与者共同完成晚餐后的厨房清洁工作，包含反复清洗餐具、用洗洁精处理筷子、擦拭炉灶油渍、分类可回收垃圾，并通过协作完成洗碗池排水调试与电磁炉收纳。过程中观察到参与者之间持续进行对话及清洁质量检查。",
      "电子设备操作与文件处理": "TASHA在卧室、客厅及户外庭院多场景切换中持续操作电脑和手机，主要行为包括微信聊天记录整理、拼多多商品浏览、抖音视频观看及电脑文件编辑，过程中与黑色短袖黑色长裤的女生等人进行对话。"
    },
    "choice_a_chinese": "15:00-17:00",
    "choice_b_chinese": "16:00-18:00",
    "choice_c_chinese": "16:30-18:30",
    "choice_d_chinese": "17:00-19:00",
    "choice_e_chinese": "18:00-20:00",
    "answer": "C",
    "reason_chinese": "装饰设计素材整理(16:21-17:15)、在线采购(17:15-17:39)、火锅晚餐筹备(17:39-18:42)。总时间跨度为16:21-18:42，最接近选项C(16:30-18:30)。",
    "question": "During which time period on DAY2 did TASHA complete the following consecutive activities: decorative design material organization, online procurement, and hotpot dinner preparation?",
    "events_description": {
      "Collaborative breakfast pancake making": "TASHA took the lead in mixing flour and eggs, collaborating with the girl in the white top and gray skirt to stir the batter and adjust its consistency multiple times. The process involved preparing sugar water, washing cookware, and operating the stove, with several failed attempts at frying before finally producing a formed pancake. Observations included a boy in wine-red short sleeves and gray shorts watching, a girl in black short sleeves and black long pants assisting with fetching ingredients, and a girl in light blue short sleeves and a plaid pleated skirt preparing tableware—all demonstrating collaborative details.",
      "Socializing and team discussion after breakfast": "TASHA and the guy in wine-red short sleeves with gray shorts, the girl in white top and gray skirt, and others tasted pancakes and discussed together. They frequently used their phones to handle WeChat messages, delete photos, and check ZhiXing train tickets. During this time, the guy in wine-red short sleeves with gray shorts was observed demonstrating tape measure measurements, and the girl in black short sleeves with black pants participated in charging device debugging.",
      "makeup": "TASHA is deeply engaged in the makeup application process in the living room, using tools like a concealer palette, powder puff, and false eyelashes to apply facial makeup to a girl in a white top and gray skirt, as well as a boy in a burgundy short-sleeve shirt and gray shorts. The complete makeup process includes material preparation, layered concealer application, false eyelash trimming and adhesion, and lip gloss coloring.",
      "Learning dance moves": "TASHA participates in dance movement learning in the living room, which includes breakdown practice of core movements such as the OK hand gesture, circling motions, and formation shifts. Throughout the session, she uses her phone for video reference, synchronizing her movements with participants like the boy in a maroon short-sleeve and gray shorts and the girl in a black short-sleeve and black pants, completing multiple rounds of rehearsal from isolated gestures to full segments.",
      "Decorative design material organization and design": "TASHA is in the living room using a tablet for graphic design (erasing and modifying lines, adjusting the color palette, referencing Xiaohongshu materials), while simultaneously searching for renovation videos and product information on her phone. During the process, she repeatedly observes the floral arrangements made by a team of girls in white tops and gray skirts, collecting melon seed shells in a homemade paper bag. At one point, she engages in conversation with a girl in a black short-sleeve shirt and black pants and temporarily plugs in a charging device.",
      "Online procurement": "TASHA systematically compares and selects decorative materials on the Pinduoduo platform (repeatedly checking product details pages/reviews/specifications), receives floral décor materials from a girl in a white top and gray skirt, and practices vase arrangements. Observes the progress of a boy in a maroon short-sleeve and gray shorts debugging electronic devices, and gathers spatial arrangement inspiration from Xiaohongshu videos.",
      "Hot pot dinner preparation": "TASHA was deeply involved in the entire preparation process for the hotpot dinner, including retrieving meat and vegetables from the fridge, collaborating with a male in a light orange short-sleeve and gray shorts to move kitchenware, unpacking ingredient packaging, mixing the hotpot broth (repeatedly tearing open seasoning packets and pouring them into the dual pot), and distributing utensils. Throughout the process, she frequently communicated and coordinated with members such as the female in a white top and gray skirt and the male in a light orange short-sleeve and gray shorts, while intermittently using her phone to handle messages.",
      "Post-meal cleanup and kitchen organization": "TASHA participated in post-meal cleanup tasks, including assisting the boy in maroon short sleeves and gray shorts with washing cookware, wiping countertops with wet wipes, categorizing and storing unused beverages and dairy products in the fridge, and disposing of food waste. Throughout the process, she continuously communicated with members about cleaning assignments and ultimately restored the kitchen to a tidy state.",
      "Kitchen Collaborative Cleaning": "TASHA collaborated with participants including a male in wine-red short sleeves and gray shorts, and a male in light-orange short sleeves and gray shorts to complete post-dinner kitchen cleanup. Tasks involved repeatedly washing tableware, sanitizing chopsticks with detergent, wiping grease off the stove, sorting recyclable waste, and cooperatively adjusting the sink drainage while storing the induction cooker. Throughout the process, continuous dialogue and cleanliness quality checks among participants were observed.",
      "Electronic Device Operation and Document Processing": "TASHA switches between multiple settings including the bedroom, living room, and outdoor courtyard while continuously operating her computer and phone. Key activities include organizing WeChat chat logs, browsing Pinduoduo products, watching videos on Douyin, and editing computer files. During this time, she engages in conversations with individuals such as a girl wearing a black short-sleeve shirt and black pants."
    },
    "choice_a": "3:00 PM - 5:00 PM",
    "choice_b": "16:00-18:00",
    "choice_c": "16:30-18:30",
    "choice_d": "5:00 PM - 7:00 PM",
    "choice_e": "6:00 PM - 8:00 PM",
    "reason": "Arranging decorative design materials (16:21-17:15), online procurement (17:15-17:39), preparing hotpot dinner (17:39-18:42). Total time span: 16:21-18:42, closest to option C (16:30-18:30)."
  },
  {
    "question_chinese": "请将以下TASHA参与的事件与对应的时间段匹配：\n1. 早餐烙饼制作\n2. 化妆\n3. 餐后清洁\n4. 电子设备操作\n时间选项：\na. 10:43-11:14\nb. 12:40-13:13\nc. 15:56-16:44\nd. 20:55-21:04\ne. 21:43-22:12\nf. 17:15-17:39",
    "events_description_chinese": {
      "协作制作早餐烙饼": "TASHA主导面粉与鸡蛋调配，与白色上衣、灰色裙子的女生协作搅拌面糊并多次调整稠度。过程中涉及糖水制备、厨具清洗、灶台操作等环节，经历多次煎制失败后最终产出成型烙饼。观察到酒红色短袖灰色短裤的男生旁观、黑色短袖黑色长裤的女生协助拿取食材、身穿淡蓝色短袖格子百褶裙的女生准备餐具等协作细节。",
      "早餐后社交及团队讨论": "TASHA与酒红色短袖灰色短裤的男生、白色上衣、灰色裙子的女生等人共同品鉴烙饼并讨论，期间多次使用手机处理微信消息、删除照片、查询智行火车票。观察到酒红色短袖灰色短裤的男生展示卷尺测量数据，黑色短袖黑色长裤的女生参与充电设备调试等。",
      "化妆": "TASHA在客厅深度参与妆容打造流程，使用遮瑕盘、粉扑、假睫毛等工具为白色上衣、灰色裙子的女生和酒红色短袖灰色短裤的男生进行面部化妆。包含材料准备、遮瑕分层涂抹、假睫毛修剪与粘贴、唇釉上色等完整化妆流程。",
      "学习舞蹈动作": "TASHA在客厅参与舞蹈动作学习，包含OK手势、画圈动作、队形移动等核心动作的分解练习。期间使用手机辅助视频参照，与酒红色短袖灰色短裤的男生、黑色短袖黑色长裤的女生等参与者同步动作节奏，完成从局部手势到完整段落的多轮排练。",
      "装饰设计素材整理与设计": "TASHA在客厅使用平板进行绘图设计（擦改线条、调整色盘、参考小红书素材），同时通过手机检索装修视频和商品信息。过程中多次观察白色上衣、灰色裙子的女生团队的花艺制作，将瓜子皮集中收纳在自制纸袋中，期间与黑色短袖黑色长裤的女生进行交流并临时插接充电设备。",
      "在线采购": "TASHA系统性地在拼多多平台比价筛选装饰材料（反复查看商品详情页/评论/规格），接收白色上衣、灰色裙子的女生传递的装饰花材并进行瓶插实践。观察到酒红色短袖灰色短裤的男生的电子设备调试进展，通过小红书视频获取空间布置灵感。",
      "火锅晚餐筹备": "TASHA深度参与火锅晚餐全流程筹备，包括从冰箱中取出肉类和蔬菜、与浅橙色短袖灰色短裤的男生协作搬运厨具、拆解食材包装、调配火锅底料（多次撕开料包并倒入双锅）、分发餐具。过程中频繁与白色上衣、灰色裙子的女生、浅橙色短袖灰色短裤的男生等成员沟通协作，并穿插使用手机处理消息。",
      "餐后清洁与厨房整理": "TASHA参与餐后整理工作，包括协助酒红色短袖灰色短裤的男生清洗锅具、用湿巾擦拭台面、将未用完的饮料和乳制品分类存入冰箱、处理厨余垃圾。过程中持续与成员沟通清洁分工，并最终完成厨房恢复整洁状态。",
      "厨房协作清洁": "TASHA与酒红色短袖灰色短裤的男生、浅橙色短袖灰色短裤的男生等参与者共同完成晚餐后的厨房清洁工作，包含反复清洗餐具、用洗洁精处理筷子、擦拭炉灶油渍、分类可回收垃圾，并通过协作完成洗碗池排水调试与电磁炉收纳。过程中观察到参与者之间持续进行对话及清洁质量检查。",
      "电子设备操作与文件处理": "TASHA在卧室、客厅及户外庭院多场景切换中持续操作电脑和手机，主要行为包括微信聊天记录整理、拼多多商品浏览、抖音视频观看及电脑文件编辑，过程中与黑色短袖黑色长裤的女生等人进行对话。"
    },
    "choice_a_chinese": "1→a / 2→b / 3→d / 4→e",
    "choice_b_chinese": "1→b / 2→a / 3→c / 4→f",
    "choice_c_chinese": "1→a / 2→b / 3→c / 4→d",
    "choice_d_chinese": "1→c / 2→d / 3→e / 4→f",
    "answer": "A",
    "reason_chinese": "早餐烙饼制作(a:10:43-11:14)、化妆(b:12:40-13:13)、餐后清洁(d:20:55-21:04)、电子设备操作(e:21:43-22:12)。干扰项为学习舞蹈动作(c:15:56-16:44)、在线采购(f:17:15-17:39)。",
    "question": "Please match the following events involving TASHA with the corresponding time slots:  \n1. Making breakfast pancakes  \n2. Makeup  \n3. Post-meal cleanup  \n4. Operating electronic devices  \n\nTime options:  \na. 10:43-11:14  \nb. 12:40-13:13  \nc. 15:56-16:44  \nd. 20:55-21:04  \ne. 21:43-22:12  \nf. 17:15-17:39",
    "events_description": {
      "Collaborative breakfast pancake making": "TASHA took the lead in mixing flour and eggs, collaborating with the girl in the white top and gray skirt to stir the batter and adjust its consistency multiple times. The process involved preparing sugar water, washing cookware, and operating the stove, with several failed attempts at frying before finally producing a formed pancake. Observations included a boy in wine-red short sleeves and gray shorts watching, a girl in black short sleeves and black long pants assisting with fetching ingredients, and a girl in light blue short sleeves and a plaid pleated skirt preparing tableware—all demonstrating collaborative details.",
      "Socializing and team discussion after breakfast": "TASHA and the guy in wine-red short sleeves with gray shorts, the girl in white top and gray skirt, and others tasted pancakes and discussed together. They frequently used their phones to handle WeChat messages, delete photos, and check ZhiXing train tickets. During this time, the guy in wine-red short sleeves with gray shorts was observed demonstrating tape measure measurements, and the girl in black short sleeves with black pants participated in charging device debugging.",
      "makeup": "TASHA is deeply engaged in the makeup application process in the living room, using tools like a concealer palette, powder puff, and false eyelashes to apply facial makeup to a girl in a white top and gray skirt, as well as a boy in a burgundy short-sleeve shirt and gray shorts. The complete makeup process includes material preparation, layered concealer application, false eyelash trimming and adhesion, and lip gloss coloring.",
      "Learning dance moves": "TASHA participates in dance movement learning in the living room, which includes breakdown practice of core movements such as the OK hand gesture, circling motions, and formation shifts. Throughout the session, she uses her phone for video reference, synchronizing her movements with participants like the boy in a maroon short-sleeve and gray shorts and the girl in a black short-sleeve and black pants, completing multiple rounds of rehearsal from isolated gestures to full segments.",
      "Decorative design material organization and design": "TASHA is in the living room using a tablet for graphic design (erasing and modifying lines, adjusting the color palette, referencing Xiaohongshu materials), while simultaneously searching for renovation videos and product information on her phone. During the process, she repeatedly observes the floral arrangements made by a team of girls in white tops and gray skirts, collecting melon seed shells in a homemade paper bag. At one point, she engages in conversation with a girl in a black short-sleeve shirt and black pants and temporarily plugs in a charging device.",
      "Online procurement": "TASHA systematically compares and selects decorative materials on the Pinduoduo platform (repeatedly checking product details pages/reviews/specifications), receives floral décor materials from a girl in a white top and gray skirt, and practices vase arrangements. Observes the progress of a boy in a maroon short-sleeve and gray shorts debugging electronic devices, and gathers spatial arrangement inspiration from Xiaohongshu videos.",
      "Hot pot dinner preparation": "TASHA was deeply involved in the entire preparation process for the hotpot dinner, including retrieving meat and vegetables from the fridge, collaborating with a male in a light orange short-sleeve and gray shorts to move kitchenware, unpacking ingredient packaging, mixing the hotpot broth (repeatedly tearing open seasoning packets and pouring them into the dual pot), and distributing utensils. Throughout the process, she frequently communicated and coordinated with members such as the female in a white top and gray skirt and the male in a light orange short-sleeve and gray shorts, while intermittently using her phone to handle messages.",
      "Post-meal cleanup and kitchen organization": "TASHA participated in post-meal cleanup tasks, including assisting the boy in maroon short sleeves and gray shorts with washing cookware, wiping countertops with wet wipes, categorizing and storing unused beverages and dairy products in the fridge, and disposing of food waste. Throughout the process, she continuously communicated with members about cleaning assignments and ultimately restored the kitchen to a tidy state.",
      "Kitchen Collaborative Cleaning": "TASHA collaborated with participants including a male in wine-red short sleeves and gray shorts, and a male in light-orange short sleeves and gray shorts to complete post-dinner kitchen cleanup. Tasks involved repeatedly washing tableware, sanitizing chopsticks with detergent, wiping grease off the stove, sorting recyclable waste, and cooperatively adjusting the sink drainage while storing the induction cooker. Throughout the process, continuous dialogue and cleanliness quality checks among participants were observed.",
      "Electronic Device Operation and Document Processing": "TASHA switches between multiple settings including the bedroom, living room, and outdoor courtyard while continuously operating her computer and phone. Key activities include organizing WeChat chat logs, browsing Pinduoduo products, watching videos on Douyin, and editing computer files. During this time, she engages in conversations with individuals such as a girl wearing a black short-sleeve shirt and black pants."
    },
    "choice_a": "1→a / 2→b / 3→d / 4→e",
    "choice_b": "1→b / 2→a / 3→c / 4→f",
    "choice_c": "1→a / 2→b / 3→c / 4→d",
    "choice_d": "1→c / 2→d / 3→e / 4→f",
    "reason": "Breakfast pancake making (a:10:43-11:14), makeup (b:12:40-13:13), post-meal cleanup (d:20:55-21:04), electronic device operation (e:21:43-22:12). Distractions include learning dance moves (c:15:56-16:44), online shopping (f:17:15-17:39)."
  },
  {
    "question_chinese": "TASHA记得自己先参与了'火锅晚餐筹备'，然后进行了'餐后清洁'，接下来紧接着发生了哪两件事情？",
    "events_description_chinese": {
      "协作制作早餐烙饼": "TASHA主导面粉与鸡蛋调配，与白色上衣、灰色裙子的女生协作搅拌面糊并多次调整稠度。过程中涉及糖水制备、厨具清洗、灶台操作等环节，经历多次煎制失败后最终产出成型烙饼。观察到酒红色短袖灰色短裤的男生旁观、黑色短袖黑色长裤的女生协助拿取食材、身穿淡蓝色短袖格子百褶裙的女生准备餐具等协作细节。",
      "早餐后社交及团队讨论": "TASHA与酒红色短袖灰色短裤的男生、白色上衣、灰色裙子的女生等人共同品鉴烙饼并讨论，期间多次使用手机处理微信消息、删除照片、查询智行火车票。观察到酒红色短袖灰色短裤的男生展示卷尺测量数据，黑色短袖黑色长裤的女生参与充电设备调试等。",
      "化妆": "TASHA在客厅深度参与妆容打造流程，使用遮瑕盘、粉扑、假睫毛等工具为白色上衣、灰色裙子的女生和酒红色短袖灰色短裤的男生进行面部化妆。包含材料准备、遮瑕分层涂抹、假睫毛修剪与粘贴、唇釉上色等完整化妆流程。",
      "学习舞蹈动作": "TASHA在客厅参与舞蹈动作学习，包含OK手势、画圈动作、队形移动等核心动作的分解练习。期间使用手机辅助视频参照，与酒红色短袖灰色短裤的男生、黑色短袖黑色长裤的女生等参与者同步动作节奏，完成从局部手势到完整段落的多轮排练。",
      "装饰设计素材整理与设计": "TASHA在客厅使用平板进行绘图设计（擦改线条、调整色盘、参考小红书素材），同时通过手机检索装修视频和商品信息。过程中多次观察白色上衣、灰色裙子的女生团队的花艺制作，将瓜子皮集中收纳在自制纸袋中，期间与黑色短袖黑色长裤的女生进行交流并临时插接充电设备。",
      "在线采购": "TASHA系统性地在拼多多平台比价筛选装饰材料（反复查看商品详情页/评论/规格），接收白色上衣、灰色裙子的女生传递的装饰花材并进行瓶插实践。观察到酒红色短袖灰色短裤的男生的电子设备调试进展，通过小红书视频获取空间布置灵感。",
      "火锅晚餐筹备": "TASHA深度参与火锅晚餐全流程筹备，包括从冰箱中取出肉类和蔬菜、与浅橙色短袖灰色短裤的男生协作搬运厨具、拆解食材包装、调配火锅底料（多次撕开料包并倒入双锅）、分发餐具。过程中频繁与白色上衣、灰色裙子的女生、浅橙色短袖灰色短裤的男生等成员沟通协作，并穿插使用手机处理消息。",
      "餐后清洁与厨房整理": "TASHA参与餐后整理工作，包括协助酒红色短袖灰色短裤的男生清洗锅具、用湿巾擦拭台面、将未用完的饮料和乳制品分类存入冰箱、处理厨余垃圾。过程中持续与成员沟通清洁分工，并最终完成厨房恢复整洁状态。",
      "厨房协作清洁": "TASHA与酒红色短袖灰色短裤的男生、浅橙色短袖灰色短裤的男生等参与者共同完成晚餐后的厨房清洁工作，包含反复清洗餐具、用洗洁精处理筷子、擦拭炉灶油渍、分类可回收垃圾，并通过协作完成洗碗池排水调试与电磁炉收纳。过程中观察到参与者之间持续进行对话及清洁质量检查。",
      "电子设备操作与文件处理": "TASHA在卧室、客厅及户外庭院多场景切换中持续操作电脑和手机，主要行为包括微信聊天记录整理、拼多多商品浏览、抖音视频观看及电脑文件编辑，过程中与黑色短袖黑色长裤的女生等人进行对话。"
    },
    "choice_a_chinese": "厨房协作清洁 → 电子设备操作",
    "choice_b_chinese": "电子设备操作 → 化妆",
    "choice_c_chinese": "厨房协作清洁 → 学习舞蹈动作",
    "choice_d_chinese": "电子设备操作 → 早餐社交讨论",
    "answer": "A",
    "reason_chinese": "火锅晚餐筹备(17:39-18:42)→餐后清洁(20:55-21:04)→厨房协作清洁(21:05-21:43)→电子设备操作(21:43-22:12)。",
    "question": "TASHA remembers first participating in the 'Hot Pot Dinner Preparation,' then proceeding with 'Post-Meal Cleanup.' What were the next two events that occurred immediately after?",
    "events_description": {
      "Collaborative breakfast pancake making": "TASHA took the lead in mixing flour and eggs, collaborating with the girl in the white top and gray skirt to stir the batter and adjust its consistency multiple times. The process involved preparing sugar water, washing cookware, and operating the stove, with several failed attempts at frying before finally producing a formed pancake. Observations included a boy in wine-red short sleeves and gray shorts watching, a girl in black short sleeves and black long pants assisting with fetching ingredients, and a girl in light blue short sleeves and a plaid pleated skirt preparing tableware—all demonstrating collaborative details.",
      "Socializing and team discussion after breakfast": "TASHA and the guy in wine-red short sleeves with gray shorts, the girl in white top and gray skirt, and others tasted pancakes and discussed together. They frequently used their phones to handle WeChat messages, delete photos, and check ZhiXing train tickets. During this time, the guy in wine-red short sleeves with gray shorts was observed demonstrating tape measure measurements, and the girl in black short sleeves with black pants participated in charging device debugging.",
      "makeup": "TASHA is deeply engaged in the makeup application process in the living room, using tools like a concealer palette, powder puff, and false eyelashes to apply facial makeup to a girl in a white top and gray skirt, as well as a boy in a burgundy short-sleeve shirt and gray shorts. The complete makeup process includes material preparation, layered concealer application, false eyelash trimming and adhesion, and lip gloss coloring.",
      "Learning dance moves": "TASHA participates in dance movement learning in the living room, which includes breakdown practice of core movements such as the OK hand gesture, circling motions, and formation shifts. Throughout the session, she uses her phone for video reference, synchronizing her movements with participants like the boy in a maroon short-sleeve and gray shorts and the girl in a black short-sleeve and black pants, completing multiple rounds of rehearsal from isolated gestures to full segments.",
      "Decorative design material organization and design": "TASHA is in the living room using a tablet for graphic design (erasing and modifying lines, adjusting the color palette, referencing Xiaohongshu materials), while simultaneously searching for renovation videos and product information on her phone. During the process, she repeatedly observes the floral arrangements made by a team of girls in white tops and gray skirts, collecting melon seed shells in a homemade paper bag. At one point, she engages in conversation with a girl in a black short-sleeve shirt and black pants and temporarily plugs in a charging device.",
      "Online procurement": "TASHA systematically compares and selects decorative materials on the Pinduoduo platform (repeatedly checking product details pages/reviews/specifications), receives floral décor materials from a girl in a white top and gray skirt, and practices vase arrangements. Observes the progress of a boy in a maroon short-sleeve and gray shorts debugging electronic devices, and gathers spatial arrangement inspiration from Xiaohongshu videos.",
      "Hot pot dinner preparation": "TASHA was deeply involved in the entire preparation process for the hotpot dinner, including retrieving meat and vegetables from the fridge, collaborating with a male in a light orange short-sleeve and gray shorts to move kitchenware, unpacking ingredient packaging, mixing the hotpot broth (repeatedly tearing open seasoning packets and pouring them into the dual pot), and distributing utensils. Throughout the process, she frequently communicated and coordinated with members such as the female in a white top and gray skirt and the male in a light orange short-sleeve and gray shorts, while intermittently using her phone to handle messages.",
      "Post-meal cleanup and kitchen organization": "TASHA participated in post-meal cleanup tasks, including assisting the boy in maroon short sleeves and gray shorts with washing cookware, wiping countertops with wet wipes, categorizing and storing unused beverages and dairy products in the fridge, and disposing of food waste. Throughout the process, she continuously communicated with members about cleaning assignments and ultimately restored the kitchen to a tidy state.",
      "Kitchen Collaborative Cleaning": "TASHA collaborated with participants including a male in wine-red short sleeves and gray shorts, and a male in light-orange short sleeves and gray shorts to complete post-dinner kitchen cleanup. Tasks involved repeatedly washing tableware, sanitizing chopsticks with detergent, wiping grease off the stove, sorting recyclable waste, and cooperatively adjusting the sink drainage while storing the induction cooker. Throughout the process, continuous dialogue and cleanliness quality checks among participants were observed.",
      "Electronic Device Operation and Document Processing": "TASHA switches between multiple settings including the bedroom, living room, and outdoor courtyard while continuously operating her computer and phone. Key activities include organizing WeChat chat logs, browsing Pinduoduo products, watching videos on Douyin, and editing computer files. During this time, she engages in conversations with individuals such as a girl wearing a black short-sleeve shirt and black pants."
    },
    "choice_a": "Kitchen Collaborative Cleaning → Electronic Device Operation",
    "choice_b": "Operation of Electronic Devices → Makeup",
    "choice_c": "Kitchen Collaborative Cleaning → Learning Dance Moves",
    "choice_d": "Operation of Electronic Devices → Breakfast Social Discussion",
    "reason": "Hotpot Dinner Preparation (17:39-18:42) → Post-Meal Cleanup (20:55-21:04) → Collaborative Kitchen Cleaning (21:05-21:43) → Electronic Device Operation (21:43-22:12)."
  },
  {
    "question_chinese": "TASHA描述自己有一串连续的动作为：早餐社交讨论 → 化妆 → 学习舞蹈动作 → 电子设备操作，但她的说法有误。正确的序列和错误分析是？",
    "events_description_chinese": {
      "协作制作早餐烙饼": "TASHA主导面粉与鸡蛋调配，与白色上衣、灰色裙子的女生协作搅拌面糊并多次调整稠度。过程中涉及糖水制备、厨具清洗、灶台操作等环节，经历多次煎制失败后最终产出成型烙饼。观察到酒红色短袖灰色短裤的男生旁观、黑色短袖黑色长裤的女生协助拿取食材、身穿淡蓝色短袖格子百褶裙的女生准备餐具等协作细节。",
      "早餐后社交及团队讨论": "TASHA与酒红色短袖灰色短裤的男生、白色上衣、灰色裙子的女生等人共同品鉴烙饼并讨论，期间多次使用手机处理微信消息、删除照片、查询智行火车票。观察到酒红色短袖灰色短裤的男生展示卷尺测量数据，黑色短袖黑色长裤的女生参与充电设备调试等。",
      "化妆": "TASHA在客厅深度参与妆容打造流程，使用遮瑕盘、粉扑、假睫毛等工具为白色上衣、灰色裙子的女生和酒红色短袖灰色短裤的男生进行面部化妆。包含材料准备、遮瑕分层涂抹、假睫毛修剪与粘贴、唇釉上色等完整化妆流程。",
      "学习舞蹈动作": "TASHA在客厅参与舞蹈动作学习，包含OK手势、画圈动作、队形移动等核心动作的分解练习。期间使用手机辅助视频参照，与酒红色短袖灰色短裤的男生、黑色短袖黑色长裤的女生等参与者同步动作节奏，完成从局部手势到完整段落的多轮排练。",
      "装饰设计素材整理与设计": "TASHA在客厅使用平板进行绘图设计（擦改线条、调整色盘、参考小红书素材），同时通过手机检索装修视频和商品信息。过程中多次观察白色上衣、灰色裙子的女生团队的花艺制作，将瓜子皮集中收纳在自制纸袋中，期间与黑色短袖黑色长裤的女生进行交流并临时插接充电设备。",
      "在线采购": "TASHA系统性地在拼多多平台比价筛选装饰材料（反复查看商品详情页/评论/规格），接收白色上衣、灰色裙子的女生传递的装饰花材并进行瓶插实践。观察到酒红色短袖灰色短裤的男生的电子设备调试进展，通过小红书视频获取空间布置灵感。",
      "火锅晚餐筹备": "TASHA深度参与火锅晚餐全流程筹备，包括从冰箱中取出肉类和蔬菜、与浅橙色短袖灰色短裤的男生协作搬运厨具、拆解食材包装、调配火锅底料（多次撕开料包并倒入双锅）、分发餐具。过程中频繁与白色上衣、灰色裙子的女生、浅橙色短袖灰色短裤的男生等成员沟通协作，并穿插使用手机处理消息。",
      "餐后清洁与厨房整理": "TASHA参与餐后整理工作，包括协助酒红色短袖灰色短裤的男生清洗锅具、用湿巾擦拭台面、将未用完的饮料和乳制品分类存入冰箱、处理厨余垃圾。过程中持续与成员沟通清洁分工，并最终完成厨房恢复整洁状态。",
      "厨房协作清洁": "TASHA与酒红色短袖灰色短裤的男生、浅橙色短袖灰色短裤的男生等参与者共同完成晚餐后的厨房清洁工作，包含反复清洗餐具、用洗洁精处理筷子、擦拭炉灶油渍、分类可回收垃圾，并通过协作完成洗碗池排水调试与电磁炉收纳。过程中观察到参与者之间持续进行对话及清洁质量检查。",
      "电子设备操作与文件处理": "TASHA在卧室、客厅及户外庭院多场景切换中持续操作电脑和手机，主要行为包括微信聊天记录整理、拼多多商品浏览、抖音视频观看及电脑文件编辑，过程中与黑色短袖黑色长裤的女生等人进行对话。"
    },
    "choice_a_chinese": "正确序列：早餐社交讨论→化妆→装饰设计→电子设备操作 错误原因：插入'学习舞蹈'且顺序错误",
    "choice_b_chinese": "正确序列：早餐社交讨论→化妆→学习舞蹈→厨房清洁 错误原因：完全遗漏'电子设备操作'",
    "choice_c_chinese": "正确序列：早餐社交讨论→化妆→学习舞蹈→装饰设计 错误原因：将'电子设备操作'替换为不相关事件",
    "choice_d_chinese": "正确序列：早餐社交讨论→化妆→学习舞蹈→火锅筹备 错误原因：顺序部分正确但遗漏关键步骤",
    "answer": "C",
    "reason_chinese": "正确顺序应为：早餐社交讨论(11:14-11:47)→化妆(12:40-13:13)→学习舞蹈(15:56-16:44)→装饰设计(16:21-17:15)。电子设备操作(21:43-22:12)是晚上的活动，与上午活动不连续。",
    "question": "TASHA describes her sequence of consecutive actions as: breakfast social discussion → makeup → learning dance moves → electronic device operation, but her statement is incorrect. What is the correct sequence and the error analysis?",
    "events_description": {
      "Collaborative breakfast pancake making": "TASHA took the lead in mixing flour and eggs, collaborating with the girl in the white top and gray skirt to stir the batter and adjust its consistency multiple times. The process involved preparing sugar water, washing cookware, and operating the stove, with several failed attempts at frying before finally producing a formed pancake. Observations included a boy in wine-red short sleeves and gray shorts watching, a girl in black short sleeves and black long pants assisting with fetching ingredients, and a girl in light blue short sleeves and a plaid pleated skirt preparing tableware—all demonstrating collaborative details.",
      "Socializing and team discussion after breakfast": "TASHA and the guy in wine-red short sleeves with gray shorts, the girl in white top and gray skirt, and others tasted pancakes and discussed together. They frequently used their phones to handle WeChat messages, delete photos, and check ZhiXing train tickets. During this time, the guy in wine-red short sleeves with gray shorts was observed demonstrating tape measure measurements, and the girl in black short sleeves with black pants participated in charging device debugging.",
      "makeup": "TASHA is deeply engaged in the makeup application process in the living room, using tools like a concealer palette, powder puff, and false eyelashes to apply facial makeup to a girl in a white top and gray skirt, as well as a boy in a burgundy short-sleeve shirt and gray shorts. The complete makeup process includes material preparation, layered concealer application, false eyelash trimming and adhesion, and lip gloss coloring.",
      "Learning dance moves": "TASHA participates in dance movement learning in the living room, which includes breakdown practice of core movements such as the OK hand gesture, circling motions, and formation shifts. Throughout the session, she uses her phone for video reference, synchronizing her movements with participants like the boy in a maroon short-sleeve and gray shorts and the girl in a black short-sleeve and black pants, completing multiple rounds of rehearsal from isolated gestures to full segments.",
      "Decorative design material organization and design": "TASHA is in the living room using a tablet for graphic design (erasing and modifying lines, adjusting the color palette, referencing Xiaohongshu materials), while simultaneously searching for renovation videos and product information on her phone. During the process, she repeatedly observes the floral arrangements made by a team of girls in white tops and gray skirts, collecting melon seed shells in a homemade paper bag. At one point, she engages in conversation with a girl in a black short-sleeve shirt and black pants and temporarily plugs in a charging device.",
      "Online procurement": "TASHA systematically compares and selects decorative materials on the Pinduoduo platform (repeatedly checking product details pages/reviews/specifications), receives floral décor materials from a girl in a white top and gray skirt, and practices vase arrangements. Observes the progress of a boy in a maroon short-sleeve and gray shorts debugging electronic devices, and gathers spatial arrangement inspiration from Xiaohongshu videos.",
      "Hot pot dinner preparation": "TASHA was deeply involved in the entire preparation process for the hotpot dinner, including retrieving meat and vegetables from the fridge, collaborating with a male in a light orange short-sleeve and gray shorts to move kitchenware, unpacking ingredient packaging, mixing the hotpot broth (repeatedly tearing open seasoning packets and pouring them into the dual pot), and distributing utensils. Throughout the process, she frequently communicated and coordinated with members such as the female in a white top and gray skirt and the male in a light orange short-sleeve and gray shorts, while intermittently using her phone to handle messages.",
      "Post-meal cleanup and kitchen organization": "TASHA participated in post-meal cleanup tasks, including assisting the boy in maroon short sleeves and gray shorts with washing cookware, wiping countertops with wet wipes, categorizing and storing unused beverages and dairy products in the fridge, and disposing of food waste. Throughout the process, she continuously communicated with members about cleaning assignments and ultimately restored the kitchen to a tidy state.",
      "Kitchen Collaborative Cleaning": "TASHA collaborated with participants including a male in wine-red short sleeves and gray shorts, and a male in light-orange short sleeves and gray shorts to complete post-dinner kitchen cleanup. Tasks involved repeatedly washing tableware, sanitizing chopsticks with detergent, wiping grease off the stove, sorting recyclable waste, and cooperatively adjusting the sink drainage while storing the induction cooker. Throughout the process, continuous dialogue and cleanliness quality checks among participants were observed.",
      "Electronic Device Operation and Document Processing": "TASHA switches between multiple settings including the bedroom, living room, and outdoor courtyard while continuously operating her computer and phone. Key activities include organizing WeChat chat logs, browsing Pinduoduo products, watching videos on Douyin, and editing computer files. During this time, she engages in conversations with individuals such as a girl wearing a black short-sleeve shirt and black pants."
    },
    "choice_a": "Correct sequence: Breakfast social discussion → Makeup → Decoration design → Electronic device operation  \nError reason: Inserted 'Learn dancing' and incorrect order",
    "choice_b": "Correct sequence: Breakfast social discussion → Makeup → Learn dance → Kitchen cleaning  \nError reason: Completely omitted 'Electronic device operation'",
    "choice_c": "Correct sequence: Breakfast social discussion → Makeup → Dance practice → Decoration design  \nError reason: Replaced 'Electronic device operation' with unrelated event",
    "choice_d": "Correct sequence: Breakfast social discussion → Makeup → Dance practice → Hot pot preparation  \nError reason: Partially correct order but missing critical steps",
    "reason": "The correct order should be: Breakfast social discussion (11:14-11:47) → Makeup (12:40-13:13) → Dance practice (15:56-16:44) → Decoration design (16:21-17:15). Electronic device operation (21:43-22:12) is an evening activity and is not consecutive with the morning activities."
  },
  {
    "question_chinese": "TASHA的日记中部分活动顺序记录模糊：[早餐烙饼制作] → (?) → [化妆] → (?) → [火锅筹备]。下列哪组事件可以填补空缺？备选事件：\n早餐社交讨论\n学习舞蹈\n装饰设计\n在线采购\n餐后清洁\n厨房协作",
    "events_description_chinese": {
      "协作制作早餐烙饼": "TASHA主导面粉与鸡蛋调配，与白色上衣、灰色裙子的女生协作搅拌面糊并多次调整稠度。过程中涉及糖水制备、厨具清洗、灶台操作等环节，经历多次煎制失败后最终产出成型烙饼。观察到酒红色短袖灰色短裤的男生旁观、黑色短袖黑色长裤的女生协助拿取食材、身穿淡蓝色短袖格子百褶裙的女生准备餐具等协作细节。",
      "早餐后社交及团队讨论": "TASHA与酒红色短袖灰色短裤的男生、白色上衣、灰色裙子的女生等人共同品鉴烙饼并讨论，期间多次使用手机处理微信消息、删除照片、查询智行火车票。观察到酒红色短袖灰色短裤的男生展示卷尺测量数据，黑色短袖黑色长裤的女生参与充电设备调试等。",
      "化妆": "TASHA在客厅深度参与妆容打造流程，使用遮瑕盘、粉扑、假睫毛等工具为白色上衣、灰色裙子的女生和酒红色短袖灰色短裤的男生进行面部化妆。包含材料准备、遮瑕分层涂抹、假睫毛修剪与粘贴、唇釉上色等完整化妆流程。",
      "学习舞蹈动作": "TASHA在客厅参与舞蹈动作学习，包含OK手势、画圈动作、队形移动等核心动作的分解练习。期间使用手机辅助视频参照，与酒红色短袖灰色短裤的男生、黑色短袖黑色长裤的女生等参与者同步动作节奏，完成从局部手势到完整段落的多轮排练。",
      "装饰设计素材整理与设计": "TASHA在客厅使用平板进行绘图设计（擦改线条、调整色盘、参考小红书素材），同时通过手机检索装修视频和商品信息。过程中多次观察白色上衣、灰色裙子的女生团队的花艺制作，将瓜子皮集中收纳在自制纸袋中，期间与黑色短袖黑色长裤的女生进行交流并临时插接充电设备。",
      "在线采购": "TASHA系统性地在拼多多平台比价筛选装饰材料（反复查看商品详情页/评论/规格），接收白色上衣、灰色裙子的女生传递的装饰花材并进行瓶插实践。观察到酒红色短袖灰色短裤的男生的电子设备调试进展，通过小红书视频获取空间布置灵感。",
      "火锅晚餐筹备": "TASHA深度参与火锅晚餐全流程筹备，包括从冰箱中取出肉类和蔬菜、与浅橙色短袖灰色短裤的男生协作搬运厨具、拆解食材包装、调配火锅底料（多次撕开料包并倒入双锅）、分发餐具。过程中频繁与白色上衣、灰色裙子的女生、浅橙色短袖灰色短裤的男生等成员沟通协作，并穿插使用手机处理消息。",
      "餐后清洁与厨房整理": "TASHA参与餐后整理工作，包括协助酒红色短袖灰色短裤的男生清洗锅具、用湿巾擦拭台面、将未用完的饮料和乳制品分类存入冰箱、处理厨余垃圾。过程中持续与成员沟通清洁分工，并最终完成厨房恢复整洁状态。",
      "厨房协作清洁": "TASHA与酒红色短袖灰色短裤的男生、浅橙色短袖灰色短裤的男生等参与者共同完成晚餐后的厨房清洁工作，包含反复清洗餐具、用洗洁精处理筷子、擦拭炉灶油渍、分类可回收垃圾，并通过协作完成洗碗池排水调试与电磁炉收纳。过程中观察到参与者之间持续进行对话及清洁质量检查。",
      "电子设备操作与文件处理": "TASHA在卧室、客厅及户外庭院多场景切换中持续操作电脑和手机，主要行为包括微信聊天记录整理、拼多多商品浏览、抖音视频观看及电脑文件编辑，过程中与黑色短袖黑色长裤的女生等人进行对话。"
    },
    "choice_a_chinese": "早餐社交讨论 / 学习舞蹈",
    "choice_b_chinese": "学习舞蹈 / 在线采购",
    "choice_c_chinese": "早餐社交讨论 / 装饰设计",
    "choice_d_chinese": "装饰设计 / 餐后清洁",
    "answer": "A",
    "reason_chinese": "早餐烙饼制作(10:43-11:14)→早餐社交讨论(11:14-11:47)→化妆(12:40-13:13)→学习舞蹈(15:56-16:44)→火锅筹备(17:39-18:42)。",
    "question": "Partial sequence of activities in TASHA's diary is unclear: [Making breakfast pancakes] → (?) → [Makeup] → (?) → [Hotpot preparation]. Which of the following event groups can fill in the blanks? Optional events:  \nBreakfast social discussion  \nLearning dance  \nDecoration design  \nOnline shopping  \nPost-meal cleanup  \nKitchen collaboration",
    "events_description": {
      "Collaborative breakfast pancake making": "TASHA took the lead in mixing flour and eggs, collaborating with the girl in the white top and gray skirt to stir the batter and adjust its consistency multiple times. The process involved preparing sugar water, washing cookware, and operating the stove, with several failed attempts at frying before finally producing a formed pancake. Observations included a boy in wine-red short sleeves and gray shorts watching, a girl in black short sleeves and black long pants assisting with fetching ingredients, and a girl in light blue short sleeves and a plaid pleated skirt preparing tableware—all demonstrating collaborative details.",
      "Socializing and team discussion after breakfast": "TASHA and the guy in wine-red short sleeves with gray shorts, the girl in white top and gray skirt, and others tasted pancakes and discussed together. They frequently used their phones to handle WeChat messages, delete photos, and check ZhiXing train tickets. During this time, the guy in wine-red short sleeves with gray shorts was observed demonstrating tape measure measurements, and the girl in black short sleeves with black pants participated in charging device debugging.",
      "makeup": "TASHA is deeply engaged in the makeup application process in the living room, using tools like a concealer palette, powder puff, and false eyelashes to apply facial makeup to a girl in a white top and gray skirt, as well as a boy in a burgundy short-sleeve shirt and gray shorts. The complete makeup process includes material preparation, layered concealer application, false eyelash trimming and adhesion, and lip gloss coloring.",
      "Learning dance moves": "TASHA participates in dance movement learning in the living room, which includes breakdown practice of core movements such as the OK hand gesture, circling motions, and formation shifts. Throughout the session, she uses her phone for video reference, synchronizing her movements with participants like the boy in a maroon short-sleeve and gray shorts and the girl in a black short-sleeve and black pants, completing multiple rounds of rehearsal from isolated gestures to full segments.",
      "Decorative design material organization and design": "TASHA is in the living room using a tablet for graphic design (erasing and modifying lines, adjusting the color palette, referencing Xiaohongshu materials), while simultaneously searching for renovation videos and product information on her phone. During the process, she repeatedly observes the floral arrangements made by a team of girls in white tops and gray skirts, collecting melon seed shells in a homemade paper bag. At one point, she engages in conversation with a girl in a black short-sleeve shirt and black pants and temporarily plugs in a charging device.",
      "Online procurement": "TASHA systematically compares and selects decorative materials on the Pinduoduo platform (repeatedly checking product details pages/reviews/specifications), receives floral décor materials from a girl in a white top and gray skirt, and practices vase arrangements. Observes the progress of a boy in a maroon short-sleeve and gray shorts debugging electronic devices, and gathers spatial arrangement inspiration from Xiaohongshu videos.",
      "Hot pot dinner preparation": "TASHA was deeply involved in the entire preparation process for the hotpot dinner, including retrieving meat and vegetables from the fridge, collaborating with a male in a light orange short-sleeve and gray shorts to move kitchenware, unpacking ingredient packaging, mixing the hotpot broth (repeatedly tearing open seasoning packets and pouring them into the dual pot), and distributing utensils. Throughout the process, she frequently communicated and coordinated with members such as the female in a white top and gray skirt and the male in a light orange short-sleeve and gray shorts, while intermittently using her phone to handle messages.",
      "Post-meal cleanup and kitchen organization": "TASHA participated in post-meal cleanup tasks, including assisting the boy in maroon short sleeves and gray shorts with washing cookware, wiping countertops with wet wipes, categorizing and storing unused beverages and dairy products in the fridge, and disposing of food waste. Throughout the process, she continuously communicated with members about cleaning assignments and ultimately restored the kitchen to a tidy state.",
      "Kitchen Collaborative Cleaning": "TASHA collaborated with participants including a male in wine-red short sleeves and gray shorts, and a male in light-orange short sleeves and gray shorts to complete post-dinner kitchen cleanup. Tasks involved repeatedly washing tableware, sanitizing chopsticks with detergent, wiping grease off the stove, sorting recyclable waste, and cooperatively adjusting the sink drainage while storing the induction cooker. Throughout the process, continuous dialogue and cleanliness quality checks among participants were observed.",
      "Electronic Device Operation and Document Processing": "TASHA switches between multiple settings including the bedroom, living room, and outdoor courtyard while continuously operating her computer and phone. Key activities include organizing WeChat chat logs, browsing Pinduoduo products, watching videos on Douyin, and editing computer files. During this time, she engages in conversations with individuals such as a girl wearing a black short-sleeve shirt and black pants."
    },
    "choice_a": "Breakfast Social Discussion / Learning Dance",
    "choice_b": "Learning dance / Online shopping",
    "choice_c": "Breakfast Social Discussion / Decoration Design",
    "choice_d": "Decoration Design / Post-meal Cleaning",
    "reason": "Breakfast pancake making (10:43-11:14) → Breakfast social discussion (11:14-11:47) → Makeup (12:40-13:13) → Dance practice (15:56-16:44) → Hotpot preparation (17:39-18:42)."
  }
]