[
  {
    "question_chinese": "有人询问TASHA在DAY7的12:00到18:00之间都做了以下活动中的哪些：\na. 与团队成员在户外庭院吃午餐\nb. 在个人卧室使用平板电脑浏览网络视频\nc. 与身穿黄色短袖灰色短裤的男生等人吃西瓜\nd. 在二楼房间拆除墙面的三角形装饰卡片\ne. 在一楼餐桌区域刷抖音短视频\nf. 收拾行李\n如果TASHA想要按照正确的时间顺序回答，TASHA应该回答下列选项 中的哪一个？",
    "events_description_chinese": {
      "吃午餐": "TASHA与团队成员在户外庭院吃午餐。期间TASHA短暂进入室内厨房区域，间歇地使用手机，与团队成员进行闲聊。",
      "午餐后休息": "TASHA在二楼个人卧室休息。喝饮料，使用手机浏览社交媒体。",
      "个人事务整理": "TASHA在二楼卧室系统收拾行李，包含从包包分类物品、整理窗台杂物、铺叠被褥等行为，期间反复检查随身物品并整理仪容仪表，完成个人物品的收纳。",
      "使用平板进行娱乐": "TASHA携带私人物品转移至一楼客厅。从包内取出平板观看游戏视频。",
      "二楼物品回收与清理": "TASHA与黄色短袖灰色短裤的男生等人共同完成房屋最终清理，将废弃物和垃圾分类装入纸箱，处理地面及架子上遗留物品。",
      "卧室休闲放松": "TASHA在个人卧室使用平板电脑浏览网络视频，期间身穿黄色短袖灰色短裤的男生进入房间与TASHA进行互动并对房间进行拍摄。",
      "吃西瓜与费用结算": "TASHA在一楼餐桌区域与身穿黄色短袖灰色短裤的男生等人吃西瓜，期间使用手机进行费用核算与转账，处理微信消息。",
      "休闲社交": "TASHA在一楼餐桌区域使用手机刷抖音短视频，与身穿黄色短袖灰色短裤的男生、身穿白色上衣黑色裤子的女生等人进行闲聊。",
      "个人物品整理与主题房间装饰拆除": "TASHA在二楼房间系统整理个人物品，包括窗台物品分类、行李箱收纳、床底物品清理。过程中与身穿黄色短袖灰色短裤的男生协作拆除墙面的三角形装饰卡片和门框小物件。",
      "与流浪猫互动": "TASHA在房屋院子内尝试用零食吸引流浪猫，从冰箱内取出实物放置在庭院门口给流浪猫喂食，期间从身穿黄色短袖灰色短裤的男生手中接过薯条投喂流浪猫， 与棕色外套浅色牛仔裤的女生有短暂的交流。"
    },
    "choice_a_chinese": "(a)(f)(c)(e)",
    "choice_b_chinese": "(a)(b)(e)(d)",
    "choice_c_chinese": "(f)(b)(c)(e)",
    "choice_d_chinese": "(a)(f)(b)(c)",
    "choice_e_chinese": "(b)(a)(d)(e)",
    "answer": "D",
    "reason_chinese": "正确顺序为：与团队成员在户外庭院吃午餐（12:08 - 12:31）、收拾行李（13:20 - 13:25）、在个人卧室使用平板电脑浏览网络视频（14:06 - 14:40）、与身穿黄色短袖灰色短裤的男生等人吃西瓜（17:34 - 17:54）。干扰选项为：在一楼餐桌区域刷抖音短视频（17:54 - 18:16）、在二楼房间拆除墙面的三角形装饰卡片（18:18 - 18:34）",
    "question": "Someone asked TASHA which of the following activities she did between 12:00 and 18:00 on DAY7:  \na. Had lunch with team members in the outdoor courtyard  \nb. Browsed online videos on a tablet in her personal bedroom  \nc. Ate watermelon with a boy wearing a yellow short-sleeve shirt and gray shorts, among others  \nd. Removed triangular decorative cards from the wall in a second-floor room  \ne. Watched TikTok videos in the first-floor dining area  \nf. Packed her luggage  \n\nIf TASHA wants to answer in the correct chronological order, which of the following options should she choose?",
    "events_description": {
      "Having lunch": "TASHA had lunch with the team members in the outdoor courtyard. During this time, TASHA briefly entered the indoor kitchen area, intermittently used her phone, and engaged in casual conversation with the team.",
      "Rest after lunch": "TASHA is resting in the personal bedroom on the second floor. Drinking a beverage and browsing social media on the phone.",
      "Personal affairs organization": "TASHA is organizing luggage in the second-floor bedroom system, including sorting items from bags, tidying up the windowsill clutter, and folding bedding. Throughout the process, she repeatedly checks her personal belongings and adjusts her appearance, completing the storage of her personal items.",
      "Using a tablet for entertainment": "TASHA carried personal belongings to the first-floor living room. Took out a tablet from the bag to watch gaming videos.",
      "Second Floor Item Recovery and Cleaning": "TASHA and the guy in a yellow T-shirt and gray shorts, along with others, completed the final cleanup of the house, sorting waste and trash into cardboard boxes, and handling items left on the floor and shelves.",
      "Bedroom leisure and relaxation": "TASHA browsed online videos on a tablet in her personal bedroom. During this time, a boy wearing a yellow T-shirt and gray shorts entered the room, interacted with TASHA, and filmed the room.",
      "Eating Watermelon and Expense Settlement": "TASHA ate watermelon with a boy wearing a yellow short-sleeved shirt and gray shorts at the dining table area on the first floor, while using her phone for expense calculation and transfers, and handling WeChat messages.",
      "Casual Socializing": "TASHA was using her phone to browse Douyin short videos in the dining area on the first floor, chatting casually with a boy wearing a yellow short-sleeve shirt and gray shorts, a girl in a white top and black pants, and others.",
      "Organizing personal belongings and dismantling themed room decorations": "TASHA systematically organized personal belongings in the second-floor room, including categorizing items on the windowsill, packing the suitcase, and clearing items under the bed. During the process, she collaborated with a boy wearing a yellow short-sleeved shirt and gray shorts to remove the triangular decorative cards on the wall and small objects from the door frame.",
      "Interacting with stray cats": "TASHA attempted to lure stray cats with snacks in the house's yard, taking food from the fridge and placing it at the entrance of the courtyard to feed them. During this time, she received fries from a boy wearing a yellow short-sleeved shirt and gray shorts to feed the stray cats, and had a brief conversation with a girl in a brown jacket and light-colored jeans."
    },
    "choice_a": "(a)(f)(c)(e)",
    "choice_b": "(a)(b)(e)(d)",
    "choice_c": "(f)(b)(c)(e)",
    "choice_d": "(a)(f)(b)(c)",
    "choice_e": "(b)(a)(d)(e)",
    "reason": "The correct sequence is: Having lunch with team members in the outdoor courtyard (12:08 - 12:31), packing luggage (13:20 - 13:25), browsing online videos on a tablet in the personal bedroom (14:06 - 14:40), eating watermelon with a boy wearing a yellow short-sleeved shirt and gray shorts and others (17:34 - 17:54). The distractor options are: Watching short videos on Douyin at the dining table area on the first floor (17:54 - 18:16), removing triangular decorative cards from the wall in the second-floor room (18:18 - 18:34)."
  },
  {
    "question_chinese": "有人问TASHA什么时候做了下面这些事：在个人卧室休息、携带私人物品转移至一楼客厅、在二楼物品回收与清理、在个人卧室使用平板电脑浏览网络视频",
    "events_description_chinese": {
      "吃午餐": "TASHA与团队成员在户外庭院吃午餐。期间TASHA短暂进入室内厨房区域，间歇地使用手机，与团队成员进行闲聊。",
      "午餐后休息": "TASHA在二楼个人卧室休息。喝饮料，使用手机浏览社交媒体。",
      "个人事务整理": "TASHA在二楼卧室系统收拾行李，包含从包包分类物品、整理窗台杂物、铺叠被褥等行为，期间反复检查随身物品并整理仪容仪表，完成个人物品的收纳。",
      "使用平板进行娱乐": "TASHA携带私人物品转移至一楼客厅。从包内取出平板观看游戏视频。",
      "二楼物品回收与清理": "TASHA与黄色短袖灰色短裤的男生等人共同完成房屋最终清理，将废弃物和垃圾分类装入纸箱，处理地面及架子上遗留物品。",
      "卧室休闲放松": "TASHA在个人卧室使用平板电脑浏览网络视频，期间身穿黄色短袖灰色短裤的男生进入房间与TASHA进行互动并对房间进行拍摄。",
      "吃西瓜与费用结算": "TASHA在一楼餐桌区域与身穿黄色短袖灰色短裤的男生等人吃西瓜，期间使用手机进行费用核算与转账，处理微信消息。",
      "休闲社交": "TASHA在一楼餐桌区域使用手机刷抖音短视频，与身穿黄色短袖灰色短裤的男生、身穿白色上衣黑色裤子的女生等人进行闲聊。",
      "个人物品整理与主题房间装饰拆除": "TASHA在二楼房间系统整理个人物品，包括窗台物品分类、行李箱收纳、床底物品清理。过程中与身穿黄色短袖灰色短裤的男生协作拆除墙面的三角形装饰卡片和门框小物件。",
      "与流浪猫互动": "TASHA在房屋院子内尝试用零食吸引流浪猫，从冰箱内取出实物放置在庭院门口给流浪猫喂食，期间从身穿黄色短袖灰色短裤的男生手中接过薯条投喂流浪猫， 与棕色外套浅色牛仔裤的女生有短暂的交流。"
    },
    "choice_a_chinese": "DAY7: 12:31~14:40",
    "choice_b_chinese": "DAY7: 12:08~14:06",
    "choice_c_chinese": "DAY7: 12:31~14:06",
    "choice_d_chinese": "DAY7: 13:25~14:40",
    "choice_e_chinese": "DAY7: 12:08~14:40",
    "answer": "A",
    "reason_chinese": "在个人卧室休息（12:31 - 12:42）、携带私人物品转移至一楼客厅（13:25 - 13:39）、在二楼物品回收与清理（13:50 - 14:06）、在个人卧室使用平板电脑浏览网络视频（14:06 - 14:40）。总时间跨度为12:31 - 14:40，匹配选项A。",
    "question": "Someone asked TASHA when she did the following things: resting in her personal bedroom, carrying personal belongings to the first-floor living room, recycling and cleaning items on the second floor, and browsing online videos with a tablet in her personal bedroom.",
    "events_description": {
      "Having lunch": "TASHA had lunch with the team members in the outdoor courtyard. During this time, TASHA briefly entered the indoor kitchen area, intermittently used her phone, and engaged in casual conversation with the team.",
      "Rest after lunch": "TASHA is resting in the personal bedroom on the second floor. Drinking a beverage and browsing social media on the phone.",
      "Personal affairs organization": "TASHA is organizing luggage in the second-floor bedroom system, including sorting items from bags, tidying up the windowsill clutter, and folding bedding. Throughout the process, she repeatedly checks her personal belongings and adjusts her appearance, completing the storage of her personal items.",
      "Using a tablet for entertainment": "TASHA carried personal belongings to the first-floor living room. Took out a tablet from the bag to watch gaming videos.",
      "Second Floor Item Recovery and Cleaning": "TASHA and the guy in a yellow T-shirt and gray shorts, along with others, completed the final cleanup of the house, sorting waste and trash into cardboard boxes, and handling items left on the floor and shelves.",
      "Bedroom leisure and relaxation": "TASHA browsed online videos on a tablet in her personal bedroom. During this time, a boy wearing a yellow T-shirt and gray shorts entered the room, interacted with TASHA, and filmed the room.",
      "Eating Watermelon and Expense Settlement": "TASHA ate watermelon with a boy wearing a yellow short-sleeved shirt and gray shorts at the dining table area on the first floor, while using her phone for expense calculation and transfers, and handling WeChat messages.",
      "Casual Socializing": "TASHA was using her phone to browse Douyin short videos in the dining area on the first floor, chatting casually with a boy wearing a yellow short-sleeve shirt and gray shorts, a girl in a white top and black pants, and others.",
      "Organizing personal belongings and dismantling themed room decorations": "TASHA systematically organized personal belongings in the second-floor room, including categorizing items on the windowsill, packing the suitcase, and clearing items under the bed. During the process, she collaborated with a boy wearing a yellow short-sleeved shirt and gray shorts to remove the triangular decorative cards on the wall and small objects from the door frame.",
      "Interacting with stray cats": "TASHA attempted to lure stray cats with snacks in the house's yard, taking food from the fridge and placing it at the entrance of the courtyard to feed them. During this time, she received fries from a boy wearing a yellow short-sleeved shirt and gray shorts to feed the stray cats, and had a brief conversation with a girl in a brown jacket and light-colored jeans."
    },
    "choice_a": "DAY7: 12:31~14:40",
    "choice_b": "DAY7: 12:08~14:06",
    "choice_c": "DAY7: 12:31~14:06",
    "choice_d": "DAY7: 13:25~14:40",
    "choice_e": "DAY7: 12:08~14:40",
    "reason": "Resting in personal bedroom (12:31 - 12:42), carrying personal belongings to first-floor living room (13:25 - 13:39), item retrieval and cleanup on second floor (13:50 - 14:06), browsing online videos on tablet in personal bedroom (14:06 - 14:40). Total time span is 12:31 - 14:40, matching option A."
  },
  {
    "question_chinese": "TASHA只记录了自己做了什么事，但是没有记录每件事的起止时间。现在有一些时间段供TASHA进行选择。\n事件序列：\n1. 个人事务整理\n2. 使用平板进行娱乐\n3. 与身穿黄色短袖灰色短裤的男生等人吃西瓜\n4. 与流浪猫互动\n时间选项：\na. 13:10~13:30\nb. 17:34~17:54\nc. 18:28~18:31\nd. 13:25~13:39\ne. 13:20~13:25\nf. 17:50~18:00\ng. 18:18~18:34\nh. 18:20~18:30\n你能帮助TASHA找到每个事件对应的正确时间段吗？",
    "events_description_chinese": {
      "吃午餐": "TASHA与团队成员在户外庭院吃午餐。期间TASHA短暂进入室内厨房区域，间歇地使用手机，与团队成员进行闲聊。",
      "午餐后休息": "TASHA在二楼个人卧室休息。喝饮料，使用手机浏览社交媒体。",
      "个人事务整理": "TASHA在二楼卧室系统收拾行李，包含从包包分类物品、整理窗台杂物、铺叠被褥等行为，期间反复检查随身物品并整理仪容仪表，完成个人物品的收纳。",
      "使用平板进行娱乐": "TASHA携带私人物品转移至一楼客厅。从包内取出平板观看游戏视频。",
      "二楼物品回收与清理": "TASHA与黄色短袖灰色短裤的男生等人共同完成房屋最终清理，将废弃物和垃圾分类装入纸箱，处理地面及架子上遗留物品。",
      "卧室休闲放松": "TASHA在个人卧室使用平板电脑浏览网络视频，期间身穿黄色短袖灰色短裤的男生进入房间与TASHA进行互动并对房间进行拍摄。",
      "吃西瓜与费用结算": "TASHA在一楼餐桌区域与身穿黄色短袖灰色短裤的男生等人吃西瓜，期间使用手机进行费用核算与转账，处理微信消息。",
      "休闲社交": "TASHA在一楼餐桌区域使用手机刷抖音短视频，与身穿黄色短袖灰色短裤的男生、身穿白色上衣黑色裤子的女生等人进行闲聊。",
      "个人物品整理与主题房间装饰拆除": "TASHA在二楼房间系统整理个人物品，包括窗台物品分类、行李箱收纳、床底物品清理。过程中与身穿黄色短袖灰色短裤的男生协作拆除墙面的三角形装饰卡片和门框小物件。",
      "与流浪猫互动": "TASHA在房屋院子内尝试用零食吸引流浪猫，从冰箱内取出实物放置在庭院门口给流浪猫喂食，期间从身穿黄色短袖灰色短裤的男生手中接过薯条投喂流浪猫， 与棕色外套浅色牛仔裤的女生有短暂的交流。"
    },
    "choice_a_chinese": "1→e / 2→d / 3→b / 4→c",
    "choice_b_chinese": "1→a / 2→d / 3→f / 4→g",
    "choice_c_chinese": "1→e / 2→d / 3→b / 4→c",
    "choice_d_chinese": "1→e / 2→a / 3→b / 4→h",
    "answer": "C",
    "reason_chinese": "个人事务整理（13:20 - 13:25）对应e；使用平板进行娱乐（13:25 - 13:39）对应d；与身穿黄色短袖灰色短裤的男生等人吃西瓜（17:34 - 17:54）对应b；与流浪猫互动（18:28 - 18:31）对应c。干扰选项：a时间与个人事务整理不匹配；f、g、h时间与所给事件不对应。",
    "question": "TASHA only recorded what she did but did not note the start and end times for each activity. Now there are some time slots for TASHA to choose from.  \nSequence of events:  \n1. Personal task organization  \n2. Using a tablet for entertainment  \n3. Eating watermelon with a boy wearing a yellow T-shirt and gray shorts, among others  \n4. Interacting with stray cats  \n\nTime options:  \na. 13:10~13:30  \nb. 17:34~17:54  \nc. 18:28~18:31  \nd. 13:25~13:39  \ne. 13:20~13:25  \nf. 17:50~18:00  \ng. 18:18~18:34  \nh. 18:20~18:30  \n\nCan you help TASHA find the correct time slot for each event?",
    "events_description": {
      "Having lunch": "TASHA had lunch with the team members in the outdoor courtyard. During this time, TASHA briefly entered the indoor kitchen area, intermittently used her phone, and engaged in casual conversation with the team.",
      "Rest after lunch": "TASHA is resting in the personal bedroom on the second floor. Drinking a beverage and browsing social media on the phone.",
      "Personal affairs organization": "TASHA is organizing luggage in the second-floor bedroom system, including sorting items from bags, tidying up the windowsill clutter, and folding bedding. Throughout the process, she repeatedly checks her personal belongings and adjusts her appearance, completing the storage of her personal items.",
      "Using a tablet for entertainment": "TASHA carried personal belongings to the first-floor living room. Took out a tablet from the bag to watch gaming videos.",
      "Second Floor Item Recovery and Cleaning": "TASHA and the guy in a yellow T-shirt and gray shorts, along with others, completed the final cleanup of the house, sorting waste and trash into cardboard boxes, and handling items left on the floor and shelves.",
      "Bedroom leisure and relaxation": "TASHA browsed online videos on a tablet in her personal bedroom. During this time, a boy wearing a yellow T-shirt and gray shorts entered the room, interacted with TASHA, and filmed the room.",
      "Eating Watermelon and Expense Settlement": "TASHA ate watermelon with a boy wearing a yellow short-sleeved shirt and gray shorts at the dining table area on the first floor, while using her phone for expense calculation and transfers, and handling WeChat messages.",
      "Casual Socializing": "TASHA was using her phone to browse Douyin short videos in the dining area on the first floor, chatting casually with a boy wearing a yellow short-sleeve shirt and gray shorts, a girl in a white top and black pants, and others.",
      "Organizing personal belongings and dismantling themed room decorations": "TASHA systematically organized personal belongings in the second-floor room, including categorizing items on the windowsill, packing the suitcase, and clearing items under the bed. During the process, she collaborated with a boy wearing a yellow short-sleeved shirt and gray shorts to remove the triangular decorative cards on the wall and small objects from the door frame.",
      "Interacting with stray cats": "TASHA attempted to lure stray cats with snacks in the house's yard, taking food from the fridge and placing it at the entrance of the courtyard to feed them. During this time, she received fries from a boy wearing a yellow short-sleeved shirt and gray shorts to feed the stray cats, and had a brief conversation with a girl in a brown jacket and light-colored jeans."
    },
    "choice_a": "1→e / 2→d / 3→b / 4→c",
    "choice_b": "1→a / 2→d / 3→f / 4→g",
    "choice_c": "1→e / 2→d / 3→b / 4→c",
    "choice_d": "1→e / 2→a / 3→b / 4→h",
    "reason": "Organizing personal matters (13:20 - 13:25) corresponds to e; Entertainment using a tablet (13:25 - 13:39) corresponds to d; Eating watermelon with a boy wearing a yellow T-shirt and gray shorts, among others (17:34 - 17:54) corresponds to b; Interacting with stray cats (18:28 - 18:31) corresponds to c. Distractors: a time does not match organizing personal matters; f, g, h times do not correspond to the given events."
  },
  {
    "question_chinese": "TASHA忘记了自己先“个人事务整理”然后“使用平板进行娱乐”之后紧接着发生了哪两件事情，你能提醒TASHA吗？",
    "events_description_chinese": {
      "吃午餐": "TASHA与团队成员在户外庭院吃午餐。期间TASHA短暂进入室内厨房区域，间歇地使用手机，与团队成员进行闲聊。",
      "午餐后休息": "TASHA在二楼个人卧室休息。喝饮料，使用手机浏览社交媒体。",
      "个人事务整理": "TASHA在二楼卧室系统收拾行李，包含从包包分类物品、整理窗台杂物、铺叠被褥等行为，期间反复检查随身物品并整理仪容仪表，完成个人物品的收纳。",
      "使用平板进行娱乐": "TASHA携带私人物品转移至一楼客厅。从包内取出平板观看游戏视频。",
      "二楼物品回收与清理": "TASHA与黄色短袖灰色短裤的男生等人共同完成房屋最终清理，将废弃物和垃圾分类装入纸箱，处理地面及架子上遗留物品。",
      "卧室休闲放松": "TASHA在个人卧室使用平板电脑浏览网络视频，期间身穿黄色短袖灰色短裤的男生进入房间与TASHA进行互动并对房间进行拍摄。",
      "吃西瓜与费用结算": "TASHA在一楼餐桌区域与身穿黄色短袖灰色短裤的男生等人吃西瓜，期间使用手机进行费用核算与转账，处理微信消息。",
      "休闲社交": "TASHA在一楼餐桌区域使用手机刷抖音短视频，与身穿黄色短袖灰色短裤的男生、身穿白色上衣黑色裤子的女生等人进行闲聊。",
      "个人物品整理与主题房间装饰拆除": "TASHA在二楼房间系统整理个人物品，包括窗台物品分类、行李箱收纳、床底物品清理。过程中与身穿黄色短袖灰色短裤的男生协作拆除墙面的三角形装饰卡片和门框小物件。",
      "与流浪猫互动": "TASHA在房屋院子内尝试用零食吸引流浪猫，从冰箱内取出实物放置在庭院门口给流浪猫喂食，期间从身穿黄色短袖灰色短裤的男生手中接过薯条投喂流浪猫， 与棕色外套浅色牛仔裤的女生有短暂的交流。"
    },
    "choice_a_chinese": "二楼物品回收与清理 → 卧室休闲放松",
    "choice_b_chinese": "吃西瓜与费用结算 → 休闲社交",
    "choice_c_chinese": "卧室休闲放松 → 个人物品整理与主题房间装饰拆除",
    "choice_d_chinese": "与流浪猫互动 → 个人物品整理与主题房间装饰拆除",
    "answer": "A",
    "reason_chinese": "个人事务整理（13:20 - 13:25）→ 使用平板进行娱乐（13:25 - 13:39）的后续是二楼物品回收与清理（13:50 - 14:06）和卧室休闲放松（14:06 - 14:40）。",
    "question": "TASHA forgot which two things happened immediately after \"personal task organization\" followed by \"using the tablet for entertainment.\" Can you remind TASHA?",
    "events_description": {
      "Having lunch": "TASHA had lunch with the team members in the outdoor courtyard. During this time, TASHA briefly entered the indoor kitchen area, intermittently used her phone, and engaged in casual conversation with the team.",
      "Rest after lunch": "TASHA is resting in the personal bedroom on the second floor. Drinking a beverage and browsing social media on the phone.",
      "Personal affairs organization": "TASHA is organizing luggage in the second-floor bedroom system, including sorting items from bags, tidying up the windowsill clutter, and folding bedding. Throughout the process, she repeatedly checks her personal belongings and adjusts her appearance, completing the storage of her personal items.",
      "Using a tablet for entertainment": "TASHA carried personal belongings to the first-floor living room. Took out a tablet from the bag to watch gaming videos.",
      "Second Floor Item Recovery and Cleaning": "TASHA and the guy in a yellow T-shirt and gray shorts, along with others, completed the final cleanup of the house, sorting waste and trash into cardboard boxes, and handling items left on the floor and shelves.",
      "Bedroom leisure and relaxation": "TASHA browsed online videos on a tablet in her personal bedroom. During this time, a boy wearing a yellow T-shirt and gray shorts entered the room, interacted with TASHA, and filmed the room.",
      "Eating Watermelon and Expense Settlement": "TASHA ate watermelon with a boy wearing a yellow short-sleeved shirt and gray shorts at the dining table area on the first floor, while using her phone for expense calculation and transfers, and handling WeChat messages.",
      "Casual Socializing": "TASHA was using her phone to browse Douyin short videos in the dining area on the first floor, chatting casually with a boy wearing a yellow short-sleeve shirt and gray shorts, a girl in a white top and black pants, and others.",
      "Organizing personal belongings and dismantling themed room decorations": "TASHA systematically organized personal belongings in the second-floor room, including categorizing items on the windowsill, packing the suitcase, and clearing items under the bed. During the process, she collaborated with a boy wearing a yellow short-sleeved shirt and gray shorts to remove the triangular decorative cards on the wall and small objects from the door frame.",
      "Interacting with stray cats": "TASHA attempted to lure stray cats with snacks in the house's yard, taking food from the fridge and placing it at the entrance of the courtyard to feed them. During this time, she received fries from a boy wearing a yellow short-sleeved shirt and gray shorts to feed the stray cats, and had a brief conversation with a girl in a brown jacket and light-colored jeans."
    },
    "choice_a": "Second-floor item recycling and cleanup → Bedroom relaxation",
    "choice_b": "Eating Watermelon and Expense Settlement → Leisure & Socializing",
    "choice_c": "Bedroom leisure & relaxation → Personal item organization & theme room decoration dismantling",
    "choice_d": "Interacting with Stray Cats → Personal Belongings Organization & Themed Room Decoration Dismantling",
    "reason": "Personal affairs organization (13:20 - 13:25) → Entertainment using tablet (13:25 - 13:39) is followed by second-floor item retrieval and cleaning (13:50 - 14:06) and bedroom relaxation (14:06 - 14:40)."
  },
  {
    "question_chinese": "TASHA回忆到：“在第七天，我先是在个人卧室休息，然后在一楼餐桌区域刷抖音短视频，接着在二楼物品回收与清理，最后在户外庭院吃午餐”。有人说TASHA的说法错误了，正确的顺序和错误分析是？",
    "events_description_chinese": {
      "吃午餐": "TASHA与团队成员在户外庭院吃午餐。期间TASHA短暂进入室内厨房区域，间歇地使用手机，与团队成员进行闲聊。",
      "午餐后休息": "TASHA在二楼个人卧室休息。喝饮料，使用手机浏览社交媒体。",
      "个人事务整理": "TASHA在二楼卧室系统收拾行李，包含从包包分类物品、整理窗台杂物、铺叠被褥等行为，期间反复检查随身物品并整理仪容仪表，完成个人物品的收纳。",
      "使用平板进行娱乐": "TASHA携带私人物品转移至一楼客厅。从包内取出平板观看游戏视频。",
      "二楼物品回收与清理": "TASHA与黄色短袖灰色短裤的男生等人共同完成房屋最终清理，将废弃物和垃圾分类装入纸箱，处理地面及架子上遗留物品。",
      "卧室休闲放松": "TASHA在个人卧室使用平板电脑浏览网络视频，期间身穿黄色短袖灰色短裤的男生进入房间与TASHA进行互动并对房间进行拍摄。",
      "吃西瓜与费用结算": "TASHA在一楼餐桌区域与身穿黄色短袖灰色短裤的男生等人吃西瓜，期间使用手机进行费用核算与转账，处理微信消息。",
      "休闲社交": "TASHA在一楼餐桌区域使用手机刷抖音短视频，与身穿黄色短袖灰色短裤的男生、身穿白色上衣黑色裤子的女生等人进行闲聊。",
      "个人物品整理与主题房间装饰拆除": "TASHA在二楼房间系统整理个人物品，包括窗台物品分类、行李箱收纳、床底物品清理。过程中与身穿黄色短袖灰色短裤的男生协作拆除墙面的三角形装饰卡片和门框小物件。",
      "与流浪猫互动": "TASHA在房屋院子内尝试用零食吸引流浪猫，从冰箱内取出实物放置在庭院门口给流浪猫喂食，期间从身穿黄色短袖灰色短裤的男生手中接过薯条投喂流浪猫， 与棕色外套浅色牛仔裤的女生有短暂的交流。"
    },
    "choice_a_chinese": "正确顺序：在户外庭院吃午餐 → 在个人卧室休息 → 在二楼物品回收与清理 → 在一楼餐桌区域刷抖音短视频 错误原因：“在个人卧室休息”和“在一楼餐桌区域刷抖音短视频”顺序错误，“在户外庭院吃午餐”时间应在最前",
    "choice_b_chinese": "正确顺序：在户外庭院吃午餐 → 在个人卧室休息 → 在一楼餐桌区域刷抖音短视频 → 在二楼物品回收与清理 错误原因：“在一楼餐桌区域刷抖音短视频”和“在二楼物品回收与清理”顺序错误",
    "choice_c_chinese": "正确顺序：在户外庭院吃午餐 → 在个人卧室休息 → 在二楼物品回收与清理 → 在一楼餐桌区域刷抖音短视频 错误原因：“在一楼餐桌区域刷抖音短视频”时间应在最后",
    "choice_d_chinese": "正确顺序：在个人卧室休息 → 在户外庭院吃午餐 → 在二楼物品回收与清理 → 在一楼餐桌区域刷抖音短视频 错误原因：“在个人卧室休息”时间应在“在户外庭院吃午餐”之后",
    "answer": "A",
    "reason_chinese": "正确顺序应为：在户外庭院吃午餐（12:08 - 12:31）→ 在个人卧室休息（12:31 - 12:42）→ 在二楼物品回收与清理（13:50 - 14:06）→ 在一楼餐桌区域刷抖音短视频（17:54 - 18:16）。原说法中“在个人卧室休息”和“在一楼餐桌区域刷抖音短视频”顺序错误，“在户外庭院吃午餐”时间应在最前。",
    "question": "TASHA recalled: \"On DAY7, I first rested in my personal bedroom, then watched TikTok videos in the dining area on the first floor, followed by sorting and cleaning items on the second floor, and finally had lunch in the outdoor courtyard.\" Some said TASHA's account was incorrect, and provided the correct sequence along with an error analysis?",
    "events_description": {
      "Having lunch": "TASHA had lunch with the team members in the outdoor courtyard. During this time, TASHA briefly entered the indoor kitchen area, intermittently used her phone, and engaged in casual conversation with the team.",
      "Rest after lunch": "TASHA is resting in the personal bedroom on the second floor. Drinking a beverage and browsing social media on the phone.",
      "Personal affairs organization": "TASHA is organizing luggage in the second-floor bedroom system, including sorting items from bags, tidying up the windowsill clutter, and folding bedding. Throughout the process, she repeatedly checks her personal belongings and adjusts her appearance, completing the storage of her personal items.",
      "Using a tablet for entertainment": "TASHA carried personal belongings to the first-floor living room. Took out a tablet from the bag to watch gaming videos.",
      "Second Floor Item Recovery and Cleaning": "TASHA and the guy in a yellow T-shirt and gray shorts, along with others, completed the final cleanup of the house, sorting waste and trash into cardboard boxes, and handling items left on the floor and shelves.",
      "Bedroom leisure and relaxation": "TASHA browsed online videos on a tablet in her personal bedroom. During this time, a boy wearing a yellow T-shirt and gray shorts entered the room, interacted with TASHA, and filmed the room.",
      "Eating Watermelon and Expense Settlement": "TASHA ate watermelon with a boy wearing a yellow short-sleeved shirt and gray shorts at the dining table area on the first floor, while using her phone for expense calculation and transfers, and handling WeChat messages.",
      "Casual Socializing": "TASHA was using her phone to browse Douyin short videos in the dining area on the first floor, chatting casually with a boy wearing a yellow short-sleeve shirt and gray shorts, a girl in a white top and black pants, and others.",
      "Organizing personal belongings and dismantling themed room decorations": "TASHA systematically organized personal belongings in the second-floor room, including categorizing items on the windowsill, packing the suitcase, and clearing items under the bed. During the process, she collaborated with a boy wearing a yellow short-sleeved shirt and gray shorts to remove the triangular decorative cards on the wall and small objects from the door frame.",
      "Interacting with stray cats": "TASHA attempted to lure stray cats with snacks in the house's yard, taking food from the fridge and placing it at the entrance of the courtyard to feed them. During this time, she received fries from a boy wearing a yellow short-sleeved shirt and gray shorts to feed the stray cats, and had a brief conversation with a girl in a brown jacket and light-colored jeans."
    },
    "choice_a": "Correct sequence: Having lunch in the outdoor courtyard → Resting in the personal bedroom → Collecting and sorting items on the second floor → Watching Douyin short videos in the dining area on the first floor  \nError reason: The order of \"Resting in the personal bedroom\" and \"Watching Douyin short videos in the dining area on the first floor\" is incorrect. \"Having lunch in the outdoor courtyard\" should come first in time.",
    "choice_b": "Correct order: Having lunch at the outdoor courtyard → Resting in the personal bedroom → Watching Douyin short videos at the first-floor dining area → Participating in item recycling and cleaning on the second floor  \nMistake reason: The sequence of \"Watching Douyin short videos at the first-floor dining area\" and \"Participating in item recycling and cleaning on the second floor\" is incorrect.",
    "choice_c": "Correct sequence: Have lunch in the outdoor courtyard → Rest in personal bedroom → Collect and tidy up items on the second floor → Watch Douyin short videos in the first-floor dining area  \nMistake reason: \"Watch Douyin short videos in the first-floor dining area\" should be the last in the timeline.",
    "choice_d": "Correct sequence: Rest in personal bedroom → Have lunch in outdoor courtyard → Item recovery and cleanup on the second floor → Watch TikTok videos in the first-floor dining area  \nError reason: \"Rest in personal bedroom\" should occur after \"Have lunch in outdoor courtyard\"",
    "reason": "The correct sequence should be: Having lunch in the outdoor courtyard (12:08 - 12:31) → Resting in the personal bedroom (12:31 - 12:42) → Collecting and cleaning items on the second floor (13:50 - 14:06) → Watching Douyin short videos at the dining table area on the first floor (17:54 - 18:16). The original statement mistakenly swapped the order of \"Resting in the personal bedroom\" and \"Watching Douyin short videos at the dining table area on the first floor,\" while \"Having lunch in the outdoor courtyard\" should be placed first in the timeline."
  },
  {
    "question_chinese": "TASHA的日记中关于她参与活动顺序的记录看不清了：[吃午餐] → (?) → [使用平板进行娱乐] → (?) → [吃西瓜与费用结算]。下列事件中哪些可以用于填补无法确认的部分？备选事件：\n午餐后休息\n二楼物品回收与清理\n个人事务整理\n休闲社交\n个人物品整理与主题房间装饰拆除\n与流浪猫互动",
    "events_description_chinese": {
      "吃午餐": "TASHA与团队成员在户外庭院吃午餐。期间TASHA短暂进入室内厨房区域，间歇地使用手机，与团队成员进行闲聊。",
      "午餐后休息": "TASHA在二楼个人卧室休息。喝饮料，使用手机浏览社交媒体。",
      "个人事务整理": "TASHA在二楼卧室系统收拾行李，包含从包包分类物品、整理窗台杂物、铺叠被褥等行为，期间反复检查随身物品并整理仪容仪表，完成个人物品的收纳。",
      "使用平板进行娱乐": "TASHA携带私人物品转移至一楼客厅。从包内取出平板观看游戏视频。",
      "二楼物品回收与清理": "TASHA与黄色短袖灰色短裤的男生等人共同完成房屋最终清理，将废弃物和垃圾分类装入纸箱，处理地面及架子上遗留物品。",
      "卧室休闲放松": "TASHA在个人卧室使用平板电脑浏览网络视频，期间身穿黄色短袖灰色短裤的男生进入房间与TASHA进行互动并对房间进行拍摄。",
      "吃西瓜与费用结算": "TASHA在一楼餐桌区域与身穿黄色短袖灰色短裤的男生等人吃西瓜，期间使用手机进行费用核算与转账，处理微信消息。",
      "休闲社交": "TASHA在一楼餐桌区域使用手机刷抖音短视频，与身穿黄色短袖灰色短裤的男生、身穿白色上衣黑色裤子的女生等人进行闲聊。",
      "个人物品整理与主题房间装饰拆除": "TASHA在二楼房间系统整理个人物品，包括窗台物品分类、行李箱收纳、床底物品清理。过程中与身穿黄色短袖灰色短裤的男生协作拆除墙面的三角形装饰卡片和门框小物件。",
      "与流浪猫互动": "TASHA在房屋院子内尝试用零食吸引流浪猫，从冰箱内取出实物放置在庭院门口给流浪猫喂食，期间从身穿黄色短袖灰色短裤的男生手中接过薯条投喂流浪猫， 与棕色外套浅色牛仔裤的女生有短暂的交流。"
    },
    "choice_a_chinese": "午餐后休息 / 二楼物品回收与清理",
    "choice_b_chinese": "个人事务整理 / 个人物品整理与主题房间装饰拆除",
    "choice_c_chinese": "午餐后休息 / 个人事务整理",
    "choice_d_chinese": "休闲社交 / 与流浪猫互动",
    "answer": "C",
    "reason_chinese": "吃午餐（12:08 - 12:31）→ 午餐后休息（12:31 - 12:42）→ 使用平板进行娱乐（13:25 - 13:39）→ 个人事务整理（13:20 - 13:25，这里时间合理推测在使用平板娱乐之前，可调整顺序）→ 吃西瓜与费用结算（17:34 - 17:54）。其他选项中的事件时间或顺序不符合整体流程。",
    "question": "TASHA's diary entry regarding the sequence of her activities became illegible: [Had lunch] → (?) → [Entertained herself with tablet] → (?) → [Ate watermelon and settled expenses]. Which of the following events could be used to fill in the unconfirmed parts? Optional events:  \nRest after lunch  \nItem retrieval and cleanup on the second floor  \nPersonal affairs organization  \nLeisure socializing  \nPersonal item sorting and theme room decoration dismantling  \nInteracting with stray cats",
    "events_description": {
      "Having lunch": "TASHA had lunch with the team members in the outdoor courtyard. During this time, TASHA briefly entered the indoor kitchen area, intermittently used her phone, and engaged in casual conversation with the team.",
      "Rest after lunch": "TASHA is resting in the personal bedroom on the second floor. Drinking a beverage and browsing social media on the phone.",
      "Personal affairs organization": "TASHA is organizing luggage in the second-floor bedroom system, including sorting items from bags, tidying up the windowsill clutter, and folding bedding. Throughout the process, she repeatedly checks her personal belongings and adjusts her appearance, completing the storage of her personal items.",
      "Using a tablet for entertainment": "TASHA carried personal belongings to the first-floor living room. Took out a tablet from the bag to watch gaming videos.",
      "Second Floor Item Recovery and Cleaning": "TASHA and the guy in a yellow T-shirt and gray shorts, along with others, completed the final cleanup of the house, sorting waste and trash into cardboard boxes, and handling items left on the floor and shelves.",
      "Bedroom leisure and relaxation": "TASHA browsed online videos on a tablet in her personal bedroom. During this time, a boy wearing a yellow T-shirt and gray shorts entered the room, interacted with TASHA, and filmed the room.",
      "Eating Watermelon and Expense Settlement": "TASHA ate watermelon with a boy wearing a yellow short-sleeved shirt and gray shorts at the dining table area on the first floor, while using her phone for expense calculation and transfers, and handling WeChat messages.",
      "Casual Socializing": "TASHA was using her phone to browse Douyin short videos in the dining area on the first floor, chatting casually with a boy wearing a yellow short-sleeve shirt and gray shorts, a girl in a white top and black pants, and others.",
      "Organizing personal belongings and dismantling themed room decorations": "TASHA systematically organized personal belongings in the second-floor room, including categorizing items on the windowsill, packing the suitcase, and clearing items under the bed. During the process, she collaborated with a boy wearing a yellow short-sleeved shirt and gray shorts to remove the triangular decorative cards on the wall and small objects from the door frame.",
      "Interacting with stray cats": "TASHA attempted to lure stray cats with snacks in the house's yard, taking food from the fridge and placing it at the entrance of the courtyard to feed them. During this time, she received fries from a boy wearing a yellow short-sleeved shirt and gray shorts to feed the stray cats, and had a brief conversation with a girl in a brown jacket and light-colored jeans."
    },
    "choice_a": "Rest after lunch / Second-floor item retrieval and cleanup",
    "choice_b": "Personal Affairs Organization / Personal Belongings Arrangement & Theme Room Decoration Removal",
    "choice_c": "Rest after lunch / Personal affairs organization",
    "choice_d": "Casual Social / Interacting with Stray Cats",
    "reason": "Having lunch (12:08 - 12:31) → Resting after lunch (12:31 - 12:42) → Organizing personal matters (13:20 - 13:25, the timing suggests this should precede entertainment on the tablet, so the order is adjusted) → Entertainment on the tablet (13:25 - 13:39) → Eating watermelon and settling expenses (17:34 - 17:54). The timing or sequence of events in other options does not align with the overall workflow."
  }
]