[
  {
    "question_chinese": "TASHA忘记了自己在DAY3中午12:00到晚上20:00之间所做的经历事件，如果让你来对这期间发生的事件进行排序，那么正确顺序是？发生的事件:\na. 公园探索\nb. 街机厅多人协作游戏体验\nc. 制作甜品\nd. 超市采购\ne. 午餐筹备与清理\nf. 快递包裹分拣与整理",
    "events_description_chinese": {
      "矿泉水品牌盲测": "TASHA与参与者通过盲测不同品牌矿泉水，记录并讨论结果，使用白板笔在充电宝上标记字母编号，处理无法擦除的笔记。过程中包含多次品尝、与粉色短袖灰色短裤的男生协作标记ABCDE编号，擦除失败后改用湿巾清理充电宝等细节。",
      "午餐筹备与清理": "TASHA主导拆解披萨包装盒，分发一次性手套并与身穿白色上衣牛仔裤的女生、身穿白色上衣灰色裙子的女生协作调整披萨摆放位置。过程中包含手机拍照记录、处理微信群消息、清理食物残渣、整理剩余披萨盒等环节，最终完成垃圾分类和桌面清洁。",
      "公园探索": "TASHA与团队在公园内持续进行路径探索，观察到凉亭、假山、河流等景观，期间多次查看地图确定方位、与粉色短袖灰色短裤的男生、身穿白色上衣牛仔裤的女生等人讨论，过程中观察到环卫工人、三轮车等公园元素。",
      "街机厅多人协作游戏体验": "团队进入商业区游戏厅后，TASHA参与集体购买游戏币分配，尝试操作保龄球模拟机、抓娃娃机等多类设备。与粉色短袖灰色短裤的男生协作操作保龄球投射装置。",
      "超市采购": "TASHA与粉色短袖灰色短裤的男生、身穿白色上衣牛仔裤的女生等人在超市内采购烧烤及甜品食材，反复比对饮料品牌、挑选新鲜鸡蛋，过程中穿插手机查询商品信息和与同伴协商决策。",
      "返回住所": "团队集体完成商品装袋、扫码支付及小票核对后，通过商场扶梯离场并乘车返回。途中TASHA持续关注手机消息，最终携采购物资返回住所。",
      "制作甜品": "TASHA主导完成从原料准备到烘焙的全流程：精确称量牛奶与面粉，手工分离鸡蛋蛋黄，使用微波炉分阶段烘焙蛋糕胚。过程中指导粉色短袖灰色短裤的男生操作搅拌机，与身穿白色上衣牛仔裤的女生协作完成糖粉配比，最后清洁全部厨具设备。",
      "快递包裹分拣与整理": "TASHA在玄关至客厅动线内完成：拆解快递包裹，分类存储日用品，重新整理购物袋的食材。过程中与身着白色短袖浅色牛仔裤的男生协作搬运重物，同步检查AI眼镜充电状态。",
      "蛋糕制作与装饰": "TASHA主导蛋糕制作全流程，包括使用玉米淀粉调整质地、指导身穿白色上衣牛仔裤的女生搅拌奶油混合物、多轮微波炉烘焙监控。过程中与粉色短袖灰色短裤的男生协作处理蛋糕液装盘，用巧克力豆和草莓进行装饰。",
      "参加庭院烧烤晚宴": "TASHA参与庭院聚餐，持续进行多线程社交互动：用手机拍摄烧烤场景、通过微信实时分享现场照片视频、与粉色短袖灰色短裤的男生/身穿白色上衣牛仔裤的女生进行餐具传递和饮料调配。"
    },
    "choice_a_chinese": "(e)(b)(a)(d)(f)(c)",
    "choice_b_chinese": "(e)(a)(b)(d)(f)(c)",
    "choice_c_chinese": "(a)(e)(d)(b)(c)(f)",
    "choice_d_chinese": "(d)(e)(a)(b)(f)(c)",
    "choice_e_chinese": "(e)(d)(a)(b)(c)(f)",
    "answer": "B",
    "reason_chinese": "正确顺序为：午餐筹备与清理（12:59 - 14:48）、公园探索（15:12 - 15:53）、街机厅多人协作游戏体验（15:54 - 16:30）、超市采购（16:30 - 17:14）、快递包裹分拣与整理（18:06 - 20:01）、制作甜品（20:01 - 20:56）。干扰项：无。所以选项B正确。",
    "question": "TASHA has forgotten her experiences between 12:00 and 20:00 on DAY3. If you were to arrange the events that occurred during this period in order, what would the correct sequence be? The events:  \na. Park exploration  \nb. Multiplayer arcade game experience  \nc. Dessert making  \nd. Supermarket shopping  \ne. Lunch preparation and cleanup  \nf. Sorting and organizing parcel deliveries",
    "events_description": {
      "Blind taste test of bottled water brands": "TASHA conducted blind taste tests of different brands of mineral water with the participants, recorded and discussed the results, and used a whiteboard marker to label alphabetical codes on a power bank, dealing with unerasable notes. The process involved multiple tastings, collaborating with a boy in a pink T-shirt and gray shorts to mark codes ABCDE, and switching to wet wipes to clean the power bank after failing to erase the marks.",
      "Lunch preparation and cleanup": "TASHA took the lead in dismantling the pizza packaging box, distributed disposable gloves, and collaborated with a girl wearing a white top and jeans as well as a girl wearing a white top and a gray skirt to adjust the placement of the pizzas. The process included taking photos with a phone, handling WeChat group messages, cleaning up food debris, organizing the remaining pizza boxes, and finally completing waste sorting and table cleaning.",
      "Park Exploration": "TASHA and the team continued exploring paths in the park, observing landscapes such as pavilions, rockeries, and rivers. They frequently checked the map to confirm their location and discussed with individuals like a boy in a pink T-shirt and gray shorts, and a girl in a white top and jeans. During the process, they noticed park elements like sanitation workers and tricycles.",
      "Arcade multiplayer collaborative gaming experience": "After entering the game arcade in the commercial district, TASHA joined the group in purchasing and distributing game tokens, trying out various equipment such as bowling simulators and claw machines. She cooperated with a boy in a pink T-shirt and gray shorts to operate the bowling ball launcher.",
      "Supermarket shopping": "TASHA and a boy in a pink short-sleeve shirt with gray shorts, along with a girl in a white top and jeans, are shopping for BBQ and dessert ingredients at the supermarket. They repeatedly compare beverage brands, pick fresh eggs, while intermittently checking product info on their phones and discussing decisions with their companions.",
      "Return to residence": "The team collectively completed product bagging, scan-and-pay transactions, and receipt verification before exiting via the mall escalator and boarding the return vehicle. During the journey, TASHA remained attentive to her phone messages and eventually returned to the residence with the purchased supplies.",
      "Making desserts": "TASHA led the entire process from ingredient preparation to baking: precisely measuring milk and flour, manually separating egg yolks, and using a microwave to bake the cake base in stages. During the process, she instructed the boy in a pink short-sleeve shirt and gray shorts on operating the mixer, collaborated with the girl in a white top and jeans to perfect the powdered sugar ratio, and finally cleaned all the kitchen utensils and equipment.",
      "Express package sorting and organizing": "TASHA completes the following tasks in the entryway-to-living room flow: unpacking parcels, sorting and storing daily essentials, and reorganizing grocery bags. During the process, she collaborates with a male wearing a white short-sleeve shirt and light-colored jeans to move heavy items while simultaneously checking the charging status of the AI glasses.",
      "Cake Baking and Decoration": "TASHA leads the entire cake-making process, including adjusting texture with cornstarch, instructing the girl in a white top and jeans to mix the cream batter, and overseeing multiple rounds of microwave baking. During the process, she collaborates with the boy in a pink T-shirt and gray shorts to plate the cake batter, decorating it with chocolate chips and strawberries.",
      "Attend the garden barbecue dinner": "TASHA participates in the backyard gathering, continuously engaging in multitasking social interactions: capturing barbecue scenes with her phone, sharing live photos and videos via WeChat, passing utensils and mixing drinks with the guy in a pink T-shirt and gray shorts/the girl in a white top and jeans."
    },
    "choice_a": "(e)(b)(a)(d)(f)(c)",
    "choice_b": "(e)(a)(b)(d)(f)(c)",
    "choice_c": "(a)(e)(d)(b)(c)(f)",
    "choice_d": "(d)(e)(a)(b)(f)(c)",
    "choice_e": "(e)(d)(a)(b)(c)(f)",
    "reason": "The correct sequence is: Lunch preparation and cleanup (12:59 - 14:48), Park exploration (15:12 - 15:53), Arcade multiplayer game experience (15:54 - 16:30), Supermarket shopping (16:30 - 17:14), Package sorting and organization (18:06 - 20:01), Dessert making (20:01 - 20:56). Distraction: None. Therefore, option B is correct."
  },
  {
    "question_chinese": "TASHA在总结自己的工作的时候，写下了如下序列：街机厅多人协作游戏体验、超市采购、返回住所、快递包裹分拣与整理。TASHA应该标注这些事件的发生时间为？",
    "events_description_chinese": {
      "矿泉水品牌盲测": "TASHA与参与者通过盲测不同品牌矿泉水，记录并讨论结果，使用白板笔在充电宝上标记字母编号，处理无法擦除的笔记。过程中包含多次品尝、与粉色短袖灰色短裤的男生协作标记ABCDE编号，擦除失败后改用湿巾清理充电宝等细节。",
      "午餐筹备与清理": "TASHA主导拆解披萨包装盒，分发一次性手套并与身穿白色上衣牛仔裤的女生、身穿白色上衣灰色裙子的女生协作调整披萨摆放位置。过程中包含手机拍照记录、处理微信群消息、清理食物残渣、整理剩余披萨盒等环节，最终完成垃圾分类和桌面清洁。",
      "公园探索": "TASHA与团队在公园内持续进行路径探索，观察到凉亭、假山、河流等景观，期间多次查看地图确定方位、与粉色短袖灰色短裤的男生、身穿白色上衣牛仔裤的女生等人讨论，过程中观察到环卫工人、三轮车等公园元素。",
      "街机厅多人协作游戏体验": "团队进入商业区游戏厅后，TASHA参与集体购买游戏币分配，尝试操作保龄球模拟机、抓娃娃机等多类设备。与粉色短袖灰色短裤的男生协作操作保龄球投射装置。",
      "超市采购": "TASHA与粉色短袖灰色短裤的男生、身穿白色上衣牛仔裤的女生等人在超市内采购烧烤及甜品食材，反复比对饮料品牌、挑选新鲜鸡蛋，过程中穿插手机查询商品信息和与同伴协商决策。",
      "返回住所": "团队集体完成商品装袋、扫码支付及小票核对后，通过商场扶梯离场并乘车返回。途中TASHA持续关注手机消息，最终携采购物资返回住所。",
      "制作甜品": "TASHA主导完成从原料准备到烘焙的全流程：精确称量牛奶与面粉，手工分离鸡蛋蛋黄，使用微波炉分阶段烘焙蛋糕胚。过程中指导粉色短袖灰色短裤的男生操作搅拌机，与身穿白色上衣牛仔裤的女生协作完成糖粉配比，最后清洁全部厨具设备。",
      "快递包裹分拣与整理": "TASHA在玄关至客厅动线内完成：拆解快递包裹，分类存储日用品，重新整理购物袋的食材。过程中与身着白色短袖浅色牛仔裤的男生协作搬运重物，同步检查AI眼镜充电状态。",
      "蛋糕制作与装饰": "TASHA主导蛋糕制作全流程，包括使用玉米淀粉调整质地、指导身穿白色上衣牛仔裤的女生搅拌奶油混合物、多轮微波炉烘焙监控。过程中与粉色短袖灰色短裤的男生协作处理蛋糕液装盘，用巧克力豆和草莓进行装饰。",
      "参加庭院烧烤晚宴": "TASHA参与庭院聚餐，持续进行多线程社交互动：用手机拍摄烧烤场景、通过微信实时分享现场照片视频、与粉色短袖灰色短裤的男生/身穿白色上衣牛仔裤的女生进行餐具传递和饮料调配。"
    },
    "choice_a_chinese": "DAY3: 15:00~18:00",
    "choice_b_chinese": "DAY3: 15:50~18:10",
    "choice_c_chinese": "DAY3: 15:54~18:06",
    "choice_d_chinese": "DAY3: 15:54~20:01",
    "choice_e_chinese": "DAY3: 16:00~20:00",
    "answer": "D",
    "reason_chinese": "街机厅多人协作游戏体验（15:54 - 16:30）、超市采购（16:30 - 17:14）、返回住所（17:15 - 18:06）、快递包裹分拣与整理（18:06 - 20:01）。总时间跨度为15:54 - 20:01，匹配选项D的15:54 - 20:01。",
    "question": "When summarizing her work, TASHA wrote down the following sequence: arcade multiplayer game experience, supermarket shopping, returning to the residence, sorting and organizing package deliveries. When should TASHA mark the occurrence time of these events?",
    "events_description": {
      "Blind taste test of bottled water brands": "TASHA conducted blind taste tests of different brands of mineral water with the participants, recorded and discussed the results, and used a whiteboard marker to label alphabetical codes on a power bank, dealing with unerasable notes. The process involved multiple tastings, collaborating with a boy in a pink T-shirt and gray shorts to mark codes ABCDE, and switching to wet wipes to clean the power bank after failing to erase the marks.",
      "Lunch preparation and cleanup": "TASHA took the lead in dismantling the pizza packaging box, distributed disposable gloves, and collaborated with a girl wearing a white top and jeans as well as a girl wearing a white top and a gray skirt to adjust the placement of the pizzas. The process included taking photos with a phone, handling WeChat group messages, cleaning up food debris, organizing the remaining pizza boxes, and finally completing waste sorting and table cleaning.",
      "Park Exploration": "TASHA and the team continued exploring paths in the park, observing landscapes such as pavilions, rockeries, and rivers. They frequently checked the map to confirm their location and discussed with individuals like a boy in a pink T-shirt and gray shorts, and a girl in a white top and jeans. During the process, they noticed park elements like sanitation workers and tricycles.",
      "Arcade multiplayer collaborative gaming experience": "After entering the game arcade in the commercial district, TASHA joined the group in purchasing and distributing game tokens, trying out various equipment such as bowling simulators and claw machines. She cooperated with a boy in a pink T-shirt and gray shorts to operate the bowling ball launcher.",
      "Supermarket shopping": "TASHA and a boy in a pink short-sleeve shirt with gray shorts, along with a girl in a white top and jeans, are shopping for BBQ and dessert ingredients at the supermarket. They repeatedly compare beverage brands, pick fresh eggs, while intermittently checking product info on their phones and discussing decisions with their companions.",
      "Return to residence": "The team collectively completed product bagging, scan-and-pay transactions, and receipt verification before exiting via the mall escalator and boarding the return vehicle. During the journey, TASHA remained attentive to her phone messages and eventually returned to the residence with the purchased supplies.",
      "Making desserts": "TASHA led the entire process from ingredient preparation to baking: precisely measuring milk and flour, manually separating egg yolks, and using a microwave to bake the cake base in stages. During the process, she instructed the boy in a pink short-sleeve shirt and gray shorts on operating the mixer, collaborated with the girl in a white top and jeans to perfect the powdered sugar ratio, and finally cleaned all the kitchen utensils and equipment.",
      "Express package sorting and organizing": "TASHA completes the following tasks in the entryway-to-living room flow: unpacking parcels, sorting and storing daily essentials, and reorganizing grocery bags. During the process, she collaborates with a male wearing a white short-sleeve shirt and light-colored jeans to move heavy items while simultaneously checking the charging status of the AI glasses.",
      "Cake Baking and Decoration": "TASHA leads the entire cake-making process, including adjusting texture with cornstarch, instructing the girl in a white top and jeans to mix the cream batter, and overseeing multiple rounds of microwave baking. During the process, she collaborates with the boy in a pink T-shirt and gray shorts to plate the cake batter, decorating it with chocolate chips and strawberries.",
      "Attend the garden barbecue dinner": "TASHA participates in the backyard gathering, continuously engaging in multitasking social interactions: capturing barbecue scenes with her phone, sharing live photos and videos via WeChat, passing utensils and mixing drinks with the guy in a pink T-shirt and gray shorts/the girl in a white top and jeans."
    },
    "choice_a": "DAY3: 15:00~18:00",
    "choice_b": "DAY3: 15:50~18:10",
    "choice_c": "DAY3: 15:54~18:06",
    "choice_d": "DAY3: 15:54~20:01",
    "choice_e": "DAY3: 16:00~20:00",
    "reason": "Arcade multiplayer game experience (15:54 - 16:30), supermarket shopping (16:30 - 17:14), returning to residence (17:15 - 18:06), express package sorting and organizing (18:06 - 20:01). Total time span is 15:54 - 20:01, matching option D's 15:54 - 20:01."
  },
  {
    "question_chinese": "有人问TASHA参与的以下活动中，每个活动的起止时间。事件序列：\n1. 矿泉水品牌盲测\n2. 午餐筹备与清理\n3. 公园探索\n4. 制作甜品\n时间选项：\na. 11:00~12:00\nb. 12:00~13:00\nc. 15:00~16:00\nd. 20:00~21:00\ne. 12:59~14:48\nf. 11:44~12:59\ng. 15:12~15:53",
    "events_description_chinese": {
      "矿泉水品牌盲测": "TASHA与参与者通过盲测不同品牌矿泉水，记录并讨论结果，使用白板笔在充电宝上标记字母编号，处理无法擦除的笔记。过程中包含多次品尝、与粉色短袖灰色短裤的男生协作标记ABCDE编号，擦除失败后改用湿巾清理充电宝等细节。",
      "午餐筹备与清理": "TASHA主导拆解披萨包装盒，分发一次性手套并与身穿白色上衣牛仔裤的女生、身穿白色上衣灰色裙子的女生协作调整披萨摆放位置。过程中包含手机拍照记录、处理微信群消息、清理食物残渣、整理剩余披萨盒等环节，最终完成垃圾分类和桌面清洁。",
      "公园探索": "TASHA与团队在公园内持续进行路径探索，观察到凉亭、假山、河流等景观，期间多次查看地图确定方位、与粉色短袖灰色短裤的男生、身穿白色上衣牛仔裤的女生等人讨论，过程中观察到环卫工人、三轮车等公园元素。",
      "街机厅多人协作游戏体验": "团队进入商业区游戏厅后，TASHA参与集体购买游戏币分配，尝试操作保龄球模拟机、抓娃娃机等多类设备。与粉色短袖灰色短裤的男生协作操作保龄球投射装置。",
      "超市采购": "TASHA与粉色短袖灰色短裤的男生、身穿白色上衣牛仔裤的女生等人在超市内采购烧烤及甜品食材，反复比对饮料品牌、挑选新鲜鸡蛋，过程中穿插手机查询商品信息和与同伴协商决策。",
      "返回住所": "团队集体完成商品装袋、扫码支付及小票核对后，通过商场扶梯离场并乘车返回。途中TASHA持续关注手机消息，最终携采购物资返回住所。",
      "制作甜品": "TASHA主导完成从原料准备到烘焙的全流程：精确称量牛奶与面粉，手工分离鸡蛋蛋黄，使用微波炉分阶段烘焙蛋糕胚。过程中指导粉色短袖灰色短裤的男生操作搅拌机，与身穿白色上衣牛仔裤的女生协作完成糖粉配比，最后清洁全部厨具设备。",
      "快递包裹分拣与整理": "TASHA在玄关至客厅动线内完成：拆解快递包裹，分类存储日用品，重新整理购物袋的食材。过程中与身着白色短袖浅色牛仔裤的男生协作搬运重物，同步检查AI眼镜充电状态。",
      "蛋糕制作与装饰": "TASHA主导蛋糕制作全流程，包括使用玉米淀粉调整质地、指导身穿白色上衣牛仔裤的女生搅拌奶油混合物、多轮微波炉烘焙监控。过程中与粉色短袖灰色短裤的男生协作处理蛋糕液装盘，用巧克力豆和草莓进行装饰。",
      "参加庭院烧烤晚宴": "TASHA参与庭院聚餐，持续进行多线程社交互动：用手机拍摄烧烤场景、通过微信实时分享现场照片视频、与粉色短袖灰色短裤的男生/身穿白色上衣牛仔裤的女生进行餐具传递和饮料调配。"
    },
    "choice_a_chinese": "1→f / 2→e / 3→g / 4→d",
    "choice_b_chinese": "1→a / 2→b / 3→c / 4→d",
    "choice_c_chinese": "1→f / 2→c / 3→g / 4→b",
    "choice_d_chinese": "1→e / 2→f / 3→c / 4→d",
    "answer": "A",
    "reason_chinese": "矿泉水品牌盲测（11:44 - 12:59）对应f；午餐筹备与清理（12:59 - 14:48）对应e；公园探索（15:12 - 15:53）对应g；制作甜品（20:01 - 20:56）对应d。所以选项A正确。",
    "question": "Someone asked about the start and end times of each activity involving TASHA. Sequence of events:  \n1. Mineral water brand blind test  \n2. Lunch preparation and cleanup  \n3. Park exploration  \n4. Dessert making  \n\nTime options:  \na. 11:00~12:00  \nb. 12:00~13:00  \nc. 15:00~16:00  \nd. 20:00~21:00  \ne. 12:59~14:48  \nf. 11:44~12:59  \ng. 15:12~15:53",
    "events_description": {
      "Blind taste test of bottled water brands": "TASHA conducted blind taste tests of different brands of mineral water with the participants, recorded and discussed the results, and used a whiteboard marker to label alphabetical codes on a power bank, dealing with unerasable notes. The process involved multiple tastings, collaborating with a boy in a pink T-shirt and gray shorts to mark codes ABCDE, and switching to wet wipes to clean the power bank after failing to erase the marks.",
      "Lunch preparation and cleanup": "TASHA took the lead in dismantling the pizza packaging box, distributed disposable gloves, and collaborated with a girl wearing a white top and jeans as well as a girl wearing a white top and a gray skirt to adjust the placement of the pizzas. The process included taking photos with a phone, handling WeChat group messages, cleaning up food debris, organizing the remaining pizza boxes, and finally completing waste sorting and table cleaning.",
      "Park Exploration": "TASHA and the team continued exploring paths in the park, observing landscapes such as pavilions, rockeries, and rivers. They frequently checked the map to confirm their location and discussed with individuals like a boy in a pink T-shirt and gray shorts, and a girl in a white top and jeans. During the process, they noticed park elements like sanitation workers and tricycles.",
      "Arcade multiplayer collaborative gaming experience": "After entering the game arcade in the commercial district, TASHA joined the group in purchasing and distributing game tokens, trying out various equipment such as bowling simulators and claw machines. She cooperated with a boy in a pink T-shirt and gray shorts to operate the bowling ball launcher.",
      "Supermarket shopping": "TASHA and a boy in a pink short-sleeve shirt with gray shorts, along with a girl in a white top and jeans, are shopping for BBQ and dessert ingredients at the supermarket. They repeatedly compare beverage brands, pick fresh eggs, while intermittently checking product info on their phones and discussing decisions with their companions.",
      "Return to residence": "The team collectively completed product bagging, scan-and-pay transactions, and receipt verification before exiting via the mall escalator and boarding the return vehicle. During the journey, TASHA remained attentive to her phone messages and eventually returned to the residence with the purchased supplies.",
      "Making desserts": "TASHA led the entire process from ingredient preparation to baking: precisely measuring milk and flour, manually separating egg yolks, and using a microwave to bake the cake base in stages. During the process, she instructed the boy in a pink short-sleeve shirt and gray shorts on operating the mixer, collaborated with the girl in a white top and jeans to perfect the powdered sugar ratio, and finally cleaned all the kitchen utensils and equipment.",
      "Express package sorting and organizing": "TASHA completes the following tasks in the entryway-to-living room flow: unpacking parcels, sorting and storing daily essentials, and reorganizing grocery bags. During the process, she collaborates with a male wearing a white short-sleeve shirt and light-colored jeans to move heavy items while simultaneously checking the charging status of the AI glasses.",
      "Cake Baking and Decoration": "TASHA leads the entire cake-making process, including adjusting texture with cornstarch, instructing the girl in a white top and jeans to mix the cream batter, and overseeing multiple rounds of microwave baking. During the process, she collaborates with the boy in a pink T-shirt and gray shorts to plate the cake batter, decorating it with chocolate chips and strawberries.",
      "Attend the garden barbecue dinner": "TASHA participates in the backyard gathering, continuously engaging in multitasking social interactions: capturing barbecue scenes with her phone, sharing live photos and videos via WeChat, passing utensils and mixing drinks with the guy in a pink T-shirt and gray shorts/the girl in a white top and jeans."
    },
    "choice_a": "1→f / 2→e / 3→g / 4→d",
    "choice_b": "1→a / 2→b / 3→c / 4→d",
    "choice_c": "1→f / 2→c / 3→g / 4→b",
    "choice_d": "1→e / 2→f / 3→c / 4→d",
    "reason": "Blind taste test of mineral water brands (11:44 - 12:59) corresponds to f; Lunch preparation and cleanup (12:59 - 14:48) corresponds to e; Park exploration (15:12 - 15:53) corresponds to g; Dessert making (20:01 - 20:56) corresponds to d. Therefore, option A is correct."
  },
  {
    "question_chinese": "TASHA忘记了自己先 “公园探索” 然后 “街机厅多人协作游戏体验” 之后紧接着发生了哪两件事情，你能提醒TASHA吗？",
    "events_description_chinese": {
      "矿泉水品牌盲测": "TASHA与参与者通过盲测不同品牌矿泉水，记录并讨论结果，使用白板笔在充电宝上标记字母编号，处理无法擦除的笔记。过程中包含多次品尝、与粉色短袖灰色短裤的男生协作标记ABCDE编号，擦除失败后改用湿巾清理充电宝等细节。",
      "午餐筹备与清理": "TASHA主导拆解披萨包装盒，分发一次性手套并与身穿白色上衣牛仔裤的女生、身穿白色上衣灰色裙子的女生协作调整披萨摆放位置。过程中包含手机拍照记录、处理微信群消息、清理食物残渣、整理剩余披萨盒等环节，最终完成垃圾分类和桌面清洁。",
      "公园探索": "TASHA与团队在公园内持续进行路径探索，观察到凉亭、假山、河流等景观，期间多次查看地图确定方位、与粉色短袖灰色短裤的男生、身穿白色上衣牛仔裤的女生等人讨论，过程中观察到环卫工人、三轮车等公园元素。",
      "街机厅多人协作游戏体验": "团队进入商业区游戏厅后，TASHA参与集体购买游戏币分配，尝试操作保龄球模拟机、抓娃娃机等多类设备。与粉色短袖灰色短裤的男生协作操作保龄球投射装置。",
      "超市采购": "TASHA与粉色短袖灰色短裤的男生、身穿白色上衣牛仔裤的女生等人在超市内采购烧烤及甜品食材，反复比对饮料品牌、挑选新鲜鸡蛋，过程中穿插手机查询商品信息和与同伴协商决策。",
      "返回住所": "团队集体完成商品装袋、扫码支付及小票核对后，通过商场扶梯离场并乘车返回。途中TASHA持续关注手机消息，最终携采购物资返回住所。",
      "制作甜品": "TASHA主导完成从原料准备到烘焙的全流程：精确称量牛奶与面粉，手工分离鸡蛋蛋黄，使用微波炉分阶段烘焙蛋糕胚。过程中指导粉色短袖灰色短裤的男生操作搅拌机，与身穿白色上衣牛仔裤的女生协作完成糖粉配比，最后清洁全部厨具设备。",
      "快递包裹分拣与整理": "TASHA在玄关至客厅动线内完成：拆解快递包裹，分类存储日用品，重新整理购物袋的食材。过程中与身着白色短袖浅色牛仔裤的男生协作搬运重物，同步检查AI眼镜充电状态。",
      "蛋糕制作与装饰": "TASHA主导蛋糕制作全流程，包括使用玉米淀粉调整质地、指导身穿白色上衣牛仔裤的女生搅拌奶油混合物、多轮微波炉烘焙监控。过程中与粉色短袖灰色短裤的男生协作处理蛋糕液装盘，用巧克力豆和草莓进行装饰。",
      "参加庭院烧烤晚宴": "TASHA参与庭院聚餐，持续进行多线程社交互动：用手机拍摄烧烤场景、通过微信实时分享现场照片视频、与粉色短袖灰色短裤的男生/身穿白色上衣牛仔裤的女生进行餐具传递和饮料调配。"
    },
    "choice_a_chinese": "超市采购 → 制作甜品",
    "choice_b_chinese": "超市采购 → 返回住所",
    "choice_c_chinese": "返回住所 → 快递包裹分拣与整理",
    "choice_d_chinese": "快递包裹分拣与整理 → 参加庭院烧烤晚宴",
    "answer": "B",
    "reason_chinese": "公园探索（15:12 - 15:53）、街机厅多人协作游戏体验（15:54 - 16:30）的后续是超市采购（16:30 - 17:14）和返回住所（17:15 - 18:06）。所以选项B正确。",
    "question": "TASHA forgot what two events happened right after \"Park Exploration\" and then \"Arcade Multiplayer Game Experience.\" Can you remind TASHA?",
    "events_description": {
      "Blind taste test of bottled water brands": "TASHA conducted blind taste tests of different brands of mineral water with the participants, recorded and discussed the results, and used a whiteboard marker to label alphabetical codes on a power bank, dealing with unerasable notes. The process involved multiple tastings, collaborating with a boy in a pink T-shirt and gray shorts to mark codes ABCDE, and switching to wet wipes to clean the power bank after failing to erase the marks.",
      "Lunch preparation and cleanup": "TASHA took the lead in dismantling the pizza packaging box, distributed disposable gloves, and collaborated with a girl wearing a white top and jeans as well as a girl wearing a white top and a gray skirt to adjust the placement of the pizzas. The process included taking photos with a phone, handling WeChat group messages, cleaning up food debris, organizing the remaining pizza boxes, and finally completing waste sorting and table cleaning.",
      "Park Exploration": "TASHA and the team continued exploring paths in the park, observing landscapes such as pavilions, rockeries, and rivers. They frequently checked the map to confirm their location and discussed with individuals like a boy in a pink T-shirt and gray shorts, and a girl in a white top and jeans. During the process, they noticed park elements like sanitation workers and tricycles.",
      "Arcade multiplayer collaborative gaming experience": "After entering the game arcade in the commercial district, TASHA joined the group in purchasing and distributing game tokens, trying out various equipment such as bowling simulators and claw machines. She cooperated with a boy in a pink T-shirt and gray shorts to operate the bowling ball launcher.",
      "Supermarket shopping": "TASHA and a boy in a pink short-sleeve shirt with gray shorts, along with a girl in a white top and jeans, are shopping for BBQ and dessert ingredients at the supermarket. They repeatedly compare beverage brands, pick fresh eggs, while intermittently checking product info on their phones and discussing decisions with their companions.",
      "Return to residence": "The team collectively completed product bagging, scan-and-pay transactions, and receipt verification before exiting via the mall escalator and boarding the return vehicle. During the journey, TASHA remained attentive to her phone messages and eventually returned to the residence with the purchased supplies.",
      "Making desserts": "TASHA led the entire process from ingredient preparation to baking: precisely measuring milk and flour, manually separating egg yolks, and using a microwave to bake the cake base in stages. During the process, she instructed the boy in a pink short-sleeve shirt and gray shorts on operating the mixer, collaborated with the girl in a white top and jeans to perfect the powdered sugar ratio, and finally cleaned all the kitchen utensils and equipment.",
      "Express package sorting and organizing": "TASHA completes the following tasks in the entryway-to-living room flow: unpacking parcels, sorting and storing daily essentials, and reorganizing grocery bags. During the process, she collaborates with a male wearing a white short-sleeve shirt and light-colored jeans to move heavy items while simultaneously checking the charging status of the AI glasses.",
      "Cake Baking and Decoration": "TASHA leads the entire cake-making process, including adjusting texture with cornstarch, instructing the girl in a white top and jeans to mix the cream batter, and overseeing multiple rounds of microwave baking. During the process, she collaborates with the boy in a pink T-shirt and gray shorts to plate the cake batter, decorating it with chocolate chips and strawberries.",
      "Attend the garden barbecue dinner": "TASHA participates in the backyard gathering, continuously engaging in multitasking social interactions: capturing barbecue scenes with her phone, sharing live photos and videos via WeChat, passing utensils and mixing drinks with the guy in a pink T-shirt and gray shorts/the girl in a white top and jeans."
    },
    "choice_a": "Supermarket shopping → Dessert making",
    "choice_b": "Supermarket shopping → Return to residence",
    "choice_c": "Return to residence → Sorting and organizing courier packages",
    "choice_d": "Parcel sorting and organization → Attend backyard barbecue dinner",
    "reason": "Park Exploration (15:12 - 15:53), followed by Arcade Multiplayer Game Experience (15:54 - 16:30), then Supermarket Shopping (16:30 - 17:14), and finally Return to Residence (17:15 - 18:06). Therefore, Option B is correct."
  },
  {
    "question_chinese": "TASHA描述自己有一串连续的动作为：公园探索 → 制作甜品 → 超市采购 → 参加庭院烧烤晚宴，但她的说法是错误的。正确的序列和错误分析是？",
    "events_description_chinese": {
      "矿泉水品牌盲测": "TASHA与参与者通过盲测不同品牌矿泉水，记录并讨论结果，使用白板笔在充电宝上标记字母编号，处理无法擦除的笔记。过程中包含多次品尝、与粉色短袖灰色短裤的男生协作标记ABCDE编号，擦除失败后改用湿巾清理充电宝等细节。",
      "午餐筹备与清理": "TASHA主导拆解披萨包装盒，分发一次性手套并与身穿白色上衣牛仔裤的女生、身穿白色上衣灰色裙子的女生协作调整披萨摆放位置。过程中包含手机拍照记录、处理微信群消息、清理食物残渣、整理剩余披萨盒等环节，最终完成垃圾分类和桌面清洁。",
      "公园探索": "TASHA与团队在公园内持续进行路径探索，观察到凉亭、假山、河流等景观，期间多次查看地图确定方位、与粉色短袖灰色短裤的男生、身穿白色上衣牛仔裤的女生等人讨论，过程中观察到环卫工人、三轮车等公园元素。",
      "街机厅多人协作游戏体验": "团队进入商业区游戏厅后，TASHA参与集体购买游戏币分配，尝试操作保龄球模拟机、抓娃娃机等多类设备。与粉色短袖灰色短裤的男生协作操作保龄球投射装置。",
      "超市采购": "TASHA与粉色短袖灰色短裤的男生、身穿白色上衣牛仔裤的女生等人在超市内采购烧烤及甜品食材，反复比对饮料品牌、挑选新鲜鸡蛋，过程中穿插手机查询商品信息和与同伴协商决策。",
      "返回住所": "团队集体完成商品装袋、扫码支付及小票核对后，通过商场扶梯离场并乘车返回。途中TASHA持续关注手机消息，最终携采购物资返回住所。",
      "制作甜品": "TASHA主导完成从原料准备到烘焙的全流程：精确称量牛奶与面粉，手工分离鸡蛋蛋黄，使用微波炉分阶段烘焙蛋糕胚。过程中指导粉色短袖灰色短裤的男生操作搅拌机，与身穿白色上衣牛仔裤的女生协作完成糖粉配比，最后清洁全部厨具设备。",
      "快递包裹分拣与整理": "TASHA在玄关至客厅动线内完成：拆解快递包裹，分类存储日用品，重新整理购物袋的食材。过程中与身着白色短袖浅色牛仔裤的男生协作搬运重物，同步检查AI眼镜充电状态。",
      "蛋糕制作与装饰": "TASHA主导蛋糕制作全流程，包括使用玉米淀粉调整质地、指导身穿白色上衣牛仔裤的女生搅拌奶油混合物、多轮微波炉烘焙监控。过程中与粉色短袖灰色短裤的男生协作处理蛋糕液装盘，用巧克力豆和草莓进行装饰。",
      "参加庭院烧烤晚宴": "TASHA参与庭院聚餐，持续进行多线程社交互动：用手机拍摄烧烤场景、通过微信实时分享现场照片视频、与粉色短袖灰色短裤的男生/身穿白色上衣牛仔裤的女生进行餐具传递和饮料调配。"
    },
    "choice_a_chinese": "正确序列：公园探索→街机厅多人协作游戏体验→超市采购→返回住所→制作甜品→参加庭院烧烤晚宴 错误原因：遗漏“街机厅多人协作游戏体验”和“返回住所”，顺序错误",
    "choice_b_chinese": "正确序列：公园探索→超市采购→制作甜品→参加庭院烧烤晚宴 错误原因：“制作甜品”和“超市采购”顺序错误",
    "choice_c_chinese": "正确序列：公园探索→街机厅多人协作游戏体验→制作甜品→超市采购→参加庭院烧烤晚宴 错误原因：遗漏“街机厅多人协作游戏体验”，“超市采购”和“制作甜品”顺序错误",
    "choice_d_chinese": "正确序列：公园探索→超市采购→返回住所→制作甜品→参加庭院烧烤晚宴 错误原因：遗漏“返回住所”，“制作甜品”和“超市采购”顺序错误",
    "answer": "A",
    "reason_chinese": "正确顺序应为：公园探索（15:12 - 15:53）、街机厅多人协作游戏体验（15:54 - 16:30）、超市采购（16:30 - 17:14）、返回住所（17:15 - 18:06）、制作甜品（20:01 - 20:56）、参加庭院烧烤晚宴（22:43 - 23:08）。所以选项A正确。",
    "question": "TASHA describes her sequence of actions as: park exploration → making desserts → supermarket shopping → attending a backyard barbecue dinner, but her statement is incorrect. What is the correct sequence and the error analysis?",
    "events_description": {
      "Blind taste test of bottled water brands": "TASHA conducted blind taste tests of different brands of mineral water with the participants, recorded and discussed the results, and used a whiteboard marker to label alphabetical codes on a power bank, dealing with unerasable notes. The process involved multiple tastings, collaborating with a boy in a pink T-shirt and gray shorts to mark codes ABCDE, and switching to wet wipes to clean the power bank after failing to erase the marks.",
      "Lunch preparation and cleanup": "TASHA took the lead in dismantling the pizza packaging box, distributed disposable gloves, and collaborated with a girl wearing a white top and jeans as well as a girl wearing a white top and a gray skirt to adjust the placement of the pizzas. The process included taking photos with a phone, handling WeChat group messages, cleaning up food debris, organizing the remaining pizza boxes, and finally completing waste sorting and table cleaning.",
      "Park Exploration": "TASHA and the team continued exploring paths in the park, observing landscapes such as pavilions, rockeries, and rivers. They frequently checked the map to confirm their location and discussed with individuals like a boy in a pink T-shirt and gray shorts, and a girl in a white top and jeans. During the process, they noticed park elements like sanitation workers and tricycles.",
      "Arcade multiplayer collaborative gaming experience": "After entering the game arcade in the commercial district, TASHA joined the group in purchasing and distributing game tokens, trying out various equipment such as bowling simulators and claw machines. She cooperated with a boy in a pink T-shirt and gray shorts to operate the bowling ball launcher.",
      "Supermarket shopping": "TASHA and a boy in a pink short-sleeve shirt with gray shorts, along with a girl in a white top and jeans, are shopping for BBQ and dessert ingredients at the supermarket. They repeatedly compare beverage brands, pick fresh eggs, while intermittently checking product info on their phones and discussing decisions with their companions.",
      "Return to residence": "The team collectively completed product bagging, scan-and-pay transactions, and receipt verification before exiting via the mall escalator and boarding the return vehicle. During the journey, TASHA remained attentive to her phone messages and eventually returned to the residence with the purchased supplies.",
      "Making desserts": "TASHA led the entire process from ingredient preparation to baking: precisely measuring milk and flour, manually separating egg yolks, and using a microwave to bake the cake base in stages. During the process, she instructed the boy in a pink short-sleeve shirt and gray shorts on operating the mixer, collaborated with the girl in a white top and jeans to perfect the powdered sugar ratio, and finally cleaned all the kitchen utensils and equipment.",
      "Express package sorting and organizing": "TASHA completes the following tasks in the entryway-to-living room flow: unpacking parcels, sorting and storing daily essentials, and reorganizing grocery bags. During the process, she collaborates with a male wearing a white short-sleeve shirt and light-colored jeans to move heavy items while simultaneously checking the charging status of the AI glasses.",
      "Cake Baking and Decoration": "TASHA leads the entire cake-making process, including adjusting texture with cornstarch, instructing the girl in a white top and jeans to mix the cream batter, and overseeing multiple rounds of microwave baking. During the process, she collaborates with the boy in a pink T-shirt and gray shorts to plate the cake batter, decorating it with chocolate chips and strawberries.",
      "Attend the garden barbecue dinner": "TASHA participates in the backyard gathering, continuously engaging in multitasking social interactions: capturing barbecue scenes with her phone, sharing live photos and videos via WeChat, passing utensils and mixing drinks with the guy in a pink T-shirt and gray shorts/the girl in a white top and jeans."
    },
    "choice_a": "Correct sequence: Park Exploration → Arcade Multiplayer Game Experience → Supermarket Shopping → Return to Residence → Dessert Making → Attend Backyard BBQ Dinner  \nError reason: Omitted \"Arcade Multiplayer Game Experience\" and \"Return to Residence,\" incorrect order",
    "choice_b": "Correct sequence: Park exploration → Supermarket shopping → Dessert making → Attending backyard BBQ banquet  \nError reason: Incorrect order of \"Dessert making\" and \"Supermarket shopping\"",
    "choice_c": "Correct sequence: Park exploration → Arcade multiplayer cooperative game experience → Dessert making → Supermarket shopping → Attending backyard barbecue dinner  \nError reason: Omitted \"Arcade multiplayer cooperative game experience\", incorrect order of \"Supermarket shopping\" and \"Dessert making\"",
    "choice_d": "Correct sequence: Park exploration → Supermarket shopping → Return to residence → Dessert making → Attend backyard BBQ dinner  \nError reason: Omitted \"Return to residence,\" incorrect order of \"Dessert making\" and \"Supermarket shopping\"",
    "reason": "The correct sequence should be: Park exploration (15:12 - 15:53), Arcade multiplayer game experience (15:54 - 16:30), Supermarket shopping (16:30 - 17:14), Return to residence (17:15 - 18:06), Dessert preparation (20:01 - 20:56), Attend backyard barbecue dinner (22:43 - 23:08). Therefore, option A is correct."
  },
  {
    "question_chinese": "TASHA一天的活动流程中，部分环节被遗漏如下: (?) → [超市采购] → (?) → [制作甜品] → (?) 。请从下列选项中补全三个缺失的环节 (每个环节可能包含多个动作) 。备选事件：\n矿泉水品牌盲测\n午餐筹备与清理\n公园探索\n街机厅多人协作游戏体验\n返回住所\n快递包裹分拣与整理\n参加庭院烧烤晚宴",
    "events_description_chinese": {
      "矿泉水品牌盲测": "TASHA与参与者通过盲测不同品牌矿泉水，记录并讨论结果，使用白板笔在充电宝上标记字母编号，处理无法擦除的笔记。过程中包含多次品尝、与粉色短袖灰色短裤的男生协作标记ABCDE编号，擦除失败后改用湿巾清理充电宝等细节。",
      "午餐筹备与清理": "TASHA主导拆解披萨包装盒，分发一次性手套并与身穿白色上衣牛仔裤的女生、身穿白色上衣灰色裙子的女生协作调整披萨摆放位置。过程中包含手机拍照记录、处理微信群消息、清理食物残渣、整理剩余披萨盒等环节，最终完成垃圾分类和桌面清洁。",
      "公园探索": "TASHA与团队在公园内持续进行路径探索，观察到凉亭、假山、河流等景观，期间多次查看地图确定方位、与粉色短袖灰色短裤的男生、身穿白色上衣牛仔裤的女生等人讨论，过程中观察到环卫工人、三轮车等公园元素。",
      "街机厅多人协作游戏体验": "团队进入商业区游戏厅后，TASHA参与集体购买游戏币分配，尝试操作保龄球模拟机、抓娃娃机等多类设备。与粉色短袖灰色短裤的男生协作操作保龄球投射装置。",
      "超市采购": "TASHA与粉色短袖灰色短裤的男生、身穿白色上衣牛仔裤的女生等人在超市内采购烧烤及甜品食材，反复比对饮料品牌、挑选新鲜鸡蛋，过程中穿插手机查询商品信息和与同伴协商决策。",
      "返回住所": "团队集体完成商品装袋、扫码支付及小票核对后，通过商场扶梯离场并乘车返回。途中TASHA持续关注手机消息，最终携采购物资返回住所。",
      "制作甜品": "TASHA主导完成从原料准备到烘焙的全流程：精确称量牛奶与面粉，手工分离鸡蛋蛋黄，使用微波炉分阶段烘焙蛋糕胚。过程中指导粉色短袖灰色短裤的男生操作搅拌机，与身穿白色上衣牛仔裤的女生协作完成糖粉配比，最后清洁全部厨具设备。",
      "快递包裹分拣与整理": "TASHA在玄关至客厅动线内完成：拆解快递包裹，分类存储日用品，重新整理购物袋的食材。过程中与身着白色短袖浅色牛仔裤的男生协作搬运重物，同步检查AI眼镜充电状态。",
      "蛋糕制作与装饰": "TASHA主导蛋糕制作全流程，包括使用玉米淀粉调整质地、指导身穿白色上衣牛仔裤的女生搅拌奶油混合物、多轮微波炉烘焙监控。过程中与粉色短袖灰色短裤的男生协作处理蛋糕液装盘，用巧克力豆和草莓进行装饰。",
      "参加庭院烧烤晚宴": "TASHA参与庭院聚餐，持续进行多线程社交互动：用手机拍摄烧烤场景、通过微信实时分享现场照片视频、与粉色短袖灰色短裤的男生/身穿白色上衣牛仔裤的女生进行餐具传递和饮料调配。"
    },
    "choice_a_chinese": "公园探索 / 街机厅多人协作游戏体验 / 参加庭院烧烤晚宴",
    "choice_b_chinese": "矿泉水品牌盲测 / 午餐筹备与清理 / 返回住所",
    "choice_c_chinese": "午餐筹备与清理 / 公园探索 / 快递包裹分拣与整理",
    "choice_d_chinese": "街机厅多人协作游戏体验 / 返回住所 / 快递包裹分拣与整理",
    "answer": "C",
    "reason_chinese": "午餐筹备与清理（12:59 - 14:48）、超市采购（16:30 - 17:14）、公园探索（15:12 - 15:53）、制作甜品（20:01 - 20:56）、快递包裹分拣与整理（18:06 - 20:01）。所以选项C正确，即午餐筹备与清理 → 超市采购 → 公园探索 → 制作甜品 → 快递包裹分拣与整理。",
    "question": "In TASHA's daily activity flow, some steps were omitted as follows: (?) → [Grocery shopping] → (?) → [Dessert making] → (?). Please fill in the three missing steps (each may include multiple actions) from the options below. Candidate events:  \nBlind taste test of bottled water brands  \nLunch preparation and cleanup  \nPark exploration  \nMultiplayer arcade game experience  \nReturn to residence  \nParcel sorting and organization  \nAttending backyard barbecue dinner",
    "events_description": {
      "Blind taste test of bottled water brands": "TASHA conducted blind taste tests of different brands of mineral water with the participants, recorded and discussed the results, and used a whiteboard marker to label alphabetical codes on a power bank, dealing with unerasable notes. The process involved multiple tastings, collaborating with a boy in a pink T-shirt and gray shorts to mark codes ABCDE, and switching to wet wipes to clean the power bank after failing to erase the marks.",
      "Lunch preparation and cleanup": "TASHA took the lead in dismantling the pizza packaging box, distributed disposable gloves, and collaborated with a girl wearing a white top and jeans as well as a girl wearing a white top and a gray skirt to adjust the placement of the pizzas. The process included taking photos with a phone, handling WeChat group messages, cleaning up food debris, organizing the remaining pizza boxes, and finally completing waste sorting and table cleaning.",
      "Park Exploration": "TASHA and the team continued exploring paths in the park, observing landscapes such as pavilions, rockeries, and rivers. They frequently checked the map to confirm their location and discussed with individuals like a boy in a pink T-shirt and gray shorts, and a girl in a white top and jeans. During the process, they noticed park elements like sanitation workers and tricycles.",
      "Arcade multiplayer collaborative gaming experience": "After entering the game arcade in the commercial district, TASHA joined the group in purchasing and distributing game tokens, trying out various equipment such as bowling simulators and claw machines. She cooperated with a boy in a pink T-shirt and gray shorts to operate the bowling ball launcher.",
      "Supermarket shopping": "TASHA and a boy in a pink short-sleeve shirt with gray shorts, along with a girl in a white top and jeans, are shopping for BBQ and dessert ingredients at the supermarket. They repeatedly compare beverage brands, pick fresh eggs, while intermittently checking product info on their phones and discussing decisions with their companions.",
      "Return to residence": "The team collectively completed product bagging, scan-and-pay transactions, and receipt verification before exiting via the mall escalator and boarding the return vehicle. During the journey, TASHA remained attentive to her phone messages and eventually returned to the residence with the purchased supplies.",
      "Making desserts": "TASHA led the entire process from ingredient preparation to baking: precisely measuring milk and flour, manually separating egg yolks, and using a microwave to bake the cake base in stages. During the process, she instructed the boy in a pink short-sleeve shirt and gray shorts on operating the mixer, collaborated with the girl in a white top and jeans to perfect the powdered sugar ratio, and finally cleaned all the kitchen utensils and equipment.",
      "Express package sorting and organizing": "TASHA completes the following tasks in the entryway-to-living room flow: unpacking parcels, sorting and storing daily essentials, and reorganizing grocery bags. During the process, she collaborates with a male wearing a white short-sleeve shirt and light-colored jeans to move heavy items while simultaneously checking the charging status of the AI glasses.",
      "Cake Baking and Decoration": "TASHA leads the entire cake-making process, including adjusting texture with cornstarch, instructing the girl in a white top and jeans to mix the cream batter, and overseeing multiple rounds of microwave baking. During the process, she collaborates with the boy in a pink T-shirt and gray shorts to plate the cake batter, decorating it with chocolate chips and strawberries.",
      "Attend the garden barbecue dinner": "TASHA participates in the backyard gathering, continuously engaging in multitasking social interactions: capturing barbecue scenes with her phone, sharing live photos and videos via WeChat, passing utensils and mixing drinks with the guy in a pink T-shirt and gray shorts/the girl in a white top and jeans."
    },
    "choice_a": "Park Exploration / Multiplayer Arcade Game Experience / Attending Backyard BBQ Dinner",
    "choice_b": "Blind taste test of mineral water brands / Lunch preparation and cleanup / Return to residence",
    "choice_c": "Lunch Preparation and Cleanup / Park Exploration / Package Sorting and Organization",
    "choice_d": "Arcade multiplayer cooperative gaming experience / Return to residence / Package sorting and organizing",
    "reason": "Lunch preparation and cleanup (12:59 - 14:48), supermarket shopping (16:30 - 17:14), park exploration (15:12 - 15:53), dessert making (20:01 - 20:56), parcel sorting and organizing (18:06 - 20:01). Therefore, option C is correct, which is lunch preparation and cleanup → supermarket shopping → park exploration → dessert making → parcel sorting and organizing."
  }
]