[
  {
    "question_chinese": "TASHA想回顾自己在DAY6上午10:00到下午16:00之间的活动，以下事件：\na. 取快递\nb. 个人物品整理\nc. 派对甜品装饰与摆盘协作\nd. 房间装饰布置\ne. 物品整理与社交互动\nf. 蛋挞制作\n正确的时间排序是？",
    "events_description_chinese": {
      "个人物品整理": "TASHA在厨房接水、清洁杯子，随后在客厅与身穿浅绿色短袖灰色短裤的男生等人进行间歇性聊天。期间完成护肤流程并多次浏览手机，涉及微信、淘宝等应用操作。在客厅区域初步拆解快递包装，寻找剪刀等工具未形成完整工作流。",
      "取快递": "与身穿浅绿色短袖灰色短裤的男生、身穿白色短袖白色短裤的男生共同前往快递站取件。返回后在户外庭院集中拆解大量快递包裹，包含假花等物品的验收与分类，期间多次调整快递摆放位置并与同伴协调搬运方式。",
      "房间装饰布置": "TASHA持续拆解多个快递包裹，取出系列玩偶及装饰品，与身穿浅绿色短袖灰色短裤的男生协作将玩偶系在特定位置。过程中包含墙面画作调整、窗帘固定、床单铺设等细节操作，并多次往返于二楼房间与院子之间运输物品。",
      "物品整理与社交互动": "TASHA持续整理物品，包含快递盒分类、数据线收纳及垃圾分类。期间与身穿浅绿色短袖灰色短裤的男生、身穿白色短袖白色短裤的男生等多人协作完成手机装饰贴膜，参与饮料制备与冰块添加，并多次处理外卖接收与食物拆箱。观察到钢琴演奏、镜子整理等场景，同时穿插手机消息处理与社交媒体浏览。",
      "蛋挞制作": "TASHA在餐桌和厨房之间持续进行蛋挞制作，包含分离蛋黄蛋清、搅拌蛋液、过滤残渣、使用模具装填蛋挞液等完整工序。过程中与身着白色上衣灰色裙子的女生协作分工，使用电子秤精确配比原料，遇到蛋液过滤困难时反复调整操作手法。最终将装好的蛋挞液放入微波炉烘烤，清洁烘烤过程中使用的器具。",
      "派对甜品装饰与摆盘协作": "TASHA与身着白色上衣灰色裙子的女生等人共同完成甜点装饰，包括使用漏勺均匀撒糖粉、手工摆放蓝莓和薄荷叶装饰、挤奶油造型等精细化操作。期间多次调整装饰方案，与身穿浅绿色短袖灰色短裤的男生配合处理烘烤成品的脱模工作，并最终完成蛋挞锡纸壳拆除和摆盘。",
      "旁听活动与社交互动": "TASHA进入放松状态，与身穿黑色外套白色短裤的男生身着黑色外套浅蓝色牛仔裤的女生等人在沙发区进行交流，涉及手机消息处理、饮用水补给、楼梯间行走等行为。观察到白色短袖男生在主持活动。",
      "主题房间创意展示与宾客导览": "TASHA跟随宾客参观团队成员精心布置的环保主题房间，展示行李箱内回收材料制作的装饰品。过程中与身穿浅绿色短袖灰色短裤的男生讨论，协助身着白色上衣白色印花裙子的女生拍摄房间陈设。",
      "派对社交互动": "TASHA从下楼开始，在院子中观察朋友们使用补光灯拍摄，与身穿黑色外套白色短裤的男生等人愉快聊天，参与集体拍照，并间歇性使用手机回复消息。期间多次观察朋友们的拍摄工作。TASHA和身穿黑色外套牛仔裤的女生以及绿色短袖灰色短裤的男生在补光灯前自拍合照。",
      "参与音乐会": "TASHA在持续的音乐会氛围中，使用手机回复消息，观看身着蓝色短袖牛仔长裤的男生、绿色短袖牛仔长裤男生等人的乐器演奏和歌唱表演，保持对派对动态的基础关注。期间到一楼餐厅区域及户外院子巡视，喝饮料。"
    },
    "choice_a_chinese": "(b)(a)(d)(e)(f)(c)",
    "choice_b_chinese": "(a)(b)(d)(e)(c)(f)",
    "choice_c_chinese": "(b)(d)(a)(f)(e)(c)",
    "choice_d_chinese": "(d)(a)(b)(e)(c)(f)",
    "choice_e_chinese": "(b)(e)(a)(d)(f)(c)",
    "answer": "A",
    "reason_chinese": "正确顺序为：个人物品整理（10:13 - 10:48）、取快递（10:48 - 11:47）、房间装饰布置（11:47 - 12:30）、物品整理与社交互动（12:57 - 14:57）、蛋挞制作（14:57 - 15:44）、派对甜品装饰与摆盘协作（15:44 - 16:02）。干扰项：无，选项A符合正确顺序。",
    "question": "TASHA wants to review her activities between 10:00 AM and 4:00 PM on DAY6. The following events are listed:  \na. Picking up a package  \nb. Organizing personal belongings  \nc. Collaborating on party dessert decoration and plating  \nd. Room decoration setup  \ne. Organizing items and social interaction  \nf. Making egg tarts  \nWhat is the correct chronological order?",
    "events_description": {
      "Organizing personal belongings": "TASHA fetches water and cleans cups in the kitchen, then engages in intermittent chats in the living room with a male wearing a light green short-sleeved shirt and gray shorts, among others. During this time, she completes her skincare routine and frequently browses her phone, operating apps like WeChat and Taobao. In the living area, she initially unpacks a parcel, searching for scissors and other tools but does not establish a complete workflow.",
      "Pick up the package": "Went to the express delivery station with a boy wearing a light green short-sleeve shirt and gray shorts, and another boy wearing a white short-sleeve shirt and white shorts to pick up packages. After returning, gathered in the outdoor courtyard to unpack a large number of express packages, including the inspection and sorting of items like artificial flowers. During this process, adjusted the placement of packages multiple times and coordinated with companions on handling methods.",
      "Room decoration and layout": "TASHA continues unpacking multiple delivery packages, retrieving a series of dolls and decorations. She collaborates with a boy wearing a light green short-sleeved shirt and gray shorts to tie the dolls in specific locations. The process includes adjusting wall paintings, securing curtains, laying out bed sheets, and other detailed tasks. She makes multiple trips between the second-floor room and the yard to transport items.",
      "Item Organization and Social Interaction": "TASHA continued organizing items, including sorting delivery boxes, arranging charging cables, and separating garbage. During this time, she collaborated with multiple people—such as a boy in a light green T-shirt and gray shorts, and another boy in a white T-shirt and white shorts—to complete phone decoration and screen protector application. She also participated in beverage preparation and ice replenishment, while frequently handling food deliveries and unboxing meals. Instances of piano playing and mirror tidying were observed, interspersed with responding to phone messages and browsing social media.",
      "Egg tart making": "TASHA continuously works between the dining table and the kitchen to make egg tarts, completing the entire process including separating egg yolks from whites, whisking the egg mixture, filtering residues, and filling the tart molds with the mixture. During this process, she collaborates with a girl wearing a white top and gray skirt, dividing tasks and using an electronic scale to measure ingredients precisely. When encountering difficulties in filtering the egg mixture, she repeatedly adjusts her technique. Finally, she places the filled tart molds into the microwave for baking and cleans the utensils used during the process.",
      "Party Dessert Decoration and Plating Collaboration": "TASHA and the girl in a white top and gray skirt worked together to decorate desserts, including sifting powdered sugar evenly with a strainer, manually placing blueberries and mint leaves as garnishes, and piping cream for intricate designs. They made multiple adjustments to the decoration plans and coordinated with the boy in a light green short-sleeved shirt and gray shorts to handle the demolding of baked goods. Finally, they completed the removal of tart foil shells and plated the desserts.",
      "Observation activities and social interactions": "TASHA entered a relaxed state and engaged in conversation with individuals in the sofa area, including a male in a black jacket and white shorts, a female in a black jacket and light blue jeans, among others. The interactions involved handling phone messages, replenishing drinking water, and walking in the stairwell. A male in a white short-sleeved shirt was observed hosting the activity.",
      "Theme Room Creative Showcase and Guest Tour": "TASHA accompanied the guests to tour the environmentally-themed rooms meticulously arranged by the team, showcasing ornaments made from recycled materials in the suitcases. During the process, she discussed with a boy in a light green short-sleeved shirt and gray shorts, and assisted a girl in a white top with a patterned white skirt in photographing the room setup.",
      "Party social interaction": "TASHA has been observing friends using fill lights for photography since coming downstairs, chatting cheerfully with a guy in a black jacket and white shorts, joining group photos, and intermittently replying to messages on her phone. She frequently watched her friends' shooting sessions during this time. TASHA took selfie group photos with a girl in a black jacket and jeans as well as a guy in a green short-sleeved shirt and gray shorts in front of the fill lights.",
      "Participate in the concert": "TASHA, immersed in the ongoing concert atmosphere, uses her phone to reply to messages while watching performances by a guy in a blue short-sleeve shirt and denim pants, another in a green short-sleeve shirt and denim pants, and others playing instruments and singing—maintaining basic awareness of the party's dynamics. During this time, she checks the first-floor dining area and the outdoor yard while sipping a drink."
    },
    "choice_a": "(b)(a)(d)(e)(f)(c)",
    "choice_b": "(a)(b)(d)(e)(c)(f)",
    "choice_c": "(b)(d)(a)(f)(e)(c)",
    "choice_d": "(d)(a)(b)(e)(c)(f)",
    "choice_e": "(b)(e)(a)(d)(f)(c)",
    "reason": "The correct sequence is: Organizing personal belongings (10:13 - 10:48), picking up packages (10:48 - 11:47), room decoration and setup (11:47 - 12:30), tidying items and social interaction (12:57 - 14:57), making egg tarts (14:57 - 15:44), party dessert decoration and plating collaboration (15:44 - 16:02). Distractors: None, option A matches the correct sequence."
  },
  {
    "question_chinese": "TASHA进行了蛋挞制作，随后与他人共同完成甜点装饰和摆盘，这些事件发生在什么时间段？",
    "events_description_chinese": {
      "个人物品整理": "TASHA在厨房接水、清洁杯子，随后在客厅与身穿浅绿色短袖灰色短裤的男生等人进行间歇性聊天。期间完成护肤流程并多次浏览手机，涉及微信、淘宝等应用操作。在客厅区域初步拆解快递包装，寻找剪刀等工具未形成完整工作流。",
      "取快递": "与身穿浅绿色短袖灰色短裤的男生、身穿白色短袖白色短裤的男生共同前往快递站取件。返回后在户外庭院集中拆解大量快递包裹，包含假花等物品的验收与分类，期间多次调整快递摆放位置并与同伴协调搬运方式。",
      "房间装饰布置": "TASHA持续拆解多个快递包裹，取出系列玩偶及装饰品，与身穿浅绿色短袖灰色短裤的男生协作将玩偶系在特定位置。过程中包含墙面画作调整、窗帘固定、床单铺设等细节操作，并多次往返于二楼房间与院子之间运输物品。",
      "物品整理与社交互动": "TASHA持续整理物品，包含快递盒分类、数据线收纳及垃圾分类。期间与身穿浅绿色短袖灰色短裤的男生、身穿白色短袖白色短裤的男生等多人协作完成手机装饰贴膜，参与饮料制备与冰块添加，并多次处理外卖接收与食物拆箱。观察到钢琴演奏、镜子整理等场景，同时穿插手机消息处理与社交媒体浏览。",
      "蛋挞制作": "TASHA在餐桌和厨房之间持续进行蛋挞制作，包含分离蛋黄蛋清、搅拌蛋液、过滤残渣、使用模具装填蛋挞液等完整工序。过程中与身着白色上衣灰色裙子的女生协作分工，使用电子秤精确配比原料，遇到蛋液过滤困难时反复调整操作手法。最终将装好的蛋挞液放入微波炉烘烤，清洁烘烤过程中使用的器具。",
      "派对甜品装饰与摆盘协作": "TASHA与身着白色上衣灰色裙子的女生等人共同完成甜点装饰，包括使用漏勺均匀撒糖粉、手工摆放蓝莓和薄荷叶装饰、挤奶油造型等精细化操作。期间多次调整装饰方案，与身穿浅绿色短袖灰色短裤的男生配合处理烘烤成品的脱模工作，并最终完成蛋挞锡纸壳拆除和摆盘。",
      "旁听活动与社交互动": "TASHA进入放松状态，与身穿黑色外套白色短裤的男生身着黑色外套浅蓝色牛仔裤的女生等人在沙发区进行交流，涉及手机消息处理、饮用水补给、楼梯间行走等行为。观察到白色短袖男生在主持活动。",
      "主题房间创意展示与宾客导览": "TASHA跟随宾客参观团队成员精心布置的环保主题房间，展示行李箱内回收材料制作的装饰品。过程中与身穿浅绿色短袖灰色短裤的男生讨论，协助身着白色上衣白色印花裙子的女生拍摄房间陈设。",
      "派对社交互动": "TASHA从下楼开始，在院子中观察朋友们使用补光灯拍摄，与身穿黑色外套白色短裤的男生等人愉快聊天，参与集体拍照，并间歇性使用手机回复消息。期间多次观察朋友们的拍摄工作。TASHA和身穿黑色外套牛仔裤的女生以及绿色短袖灰色短裤的男生在补光灯前自拍合照。",
      "参与音乐会": "TASHA在持续的音乐会氛围中，使用手机回复消息，观看身着蓝色短袖牛仔长裤的男生、绿色短袖牛仔长裤男生等人的乐器演奏和歌唱表演，保持对派对动态的基础关注。期间到一楼餐厅区域及户外院子巡视，喝饮料。"
    },
    "choice_a_chinese": "DAY6: 14:00~16:00",
    "choice_b_chinese": "DAY6: 14:57~16:02",
    "choice_c_chinese": "DAY6: 15:00~16:30",
    "choice_d_chinese": "DAY6: 15:44~17:00",
    "choice_e_chinese": "DAY6: 14:50~16:10",
    "answer": "B",
    "reason_chinese": "蛋挞制作（14:57 - 15:44）、派对甜品装饰与摆盘协作（15:44 - 16:02），总时间跨度为14:57 - 16:02，与选项B匹配。",
    "question": "TASHA prepared egg tarts, then collaborated with others on dessert decoration and plating. During which time period did these events occur?",
    "events_description": {
      "Organizing personal belongings": "TASHA fetches water and cleans cups in the kitchen, then engages in intermittent chats in the living room with a male wearing a light green short-sleeved shirt and gray shorts, among others. During this time, she completes her skincare routine and frequently browses her phone, operating apps like WeChat and Taobao. In the living area, she initially unpacks a parcel, searching for scissors and other tools but does not establish a complete workflow.",
      "Pick up the package": "Went to the express delivery station with a boy wearing a light green short-sleeve shirt and gray shorts, and another boy wearing a white short-sleeve shirt and white shorts to pick up packages. After returning, gathered in the outdoor courtyard to unpack a large number of express packages, including the inspection and sorting of items like artificial flowers. During this process, adjusted the placement of packages multiple times and coordinated with companions on handling methods.",
      "Room decoration and layout": "TASHA continues unpacking multiple delivery packages, retrieving a series of dolls and decorations. She collaborates with a boy wearing a light green short-sleeved shirt and gray shorts to tie the dolls in specific locations. The process includes adjusting wall paintings, securing curtains, laying out bed sheets, and other detailed tasks. She makes multiple trips between the second-floor room and the yard to transport items.",
      "Item Organization and Social Interaction": "TASHA continued organizing items, including sorting delivery boxes, arranging charging cables, and separating garbage. During this time, she collaborated with multiple people—such as a boy in a light green T-shirt and gray shorts, and another boy in a white T-shirt and white shorts—to complete phone decoration and screen protector application. She also participated in beverage preparation and ice replenishment, while frequently handling food deliveries and unboxing meals. Instances of piano playing and mirror tidying were observed, interspersed with responding to phone messages and browsing social media.",
      "Egg tart making": "TASHA continuously works between the dining table and the kitchen to make egg tarts, completing the entire process including separating egg yolks from whites, whisking the egg mixture, filtering residues, and filling the tart molds with the mixture. During this process, she collaborates with a girl wearing a white top and gray skirt, dividing tasks and using an electronic scale to measure ingredients precisely. When encountering difficulties in filtering the egg mixture, she repeatedly adjusts her technique. Finally, she places the filled tart molds into the microwave for baking and cleans the utensils used during the process.",
      "Party Dessert Decoration and Plating Collaboration": "TASHA and the girl in a white top and gray skirt worked together to decorate desserts, including sifting powdered sugar evenly with a strainer, manually placing blueberries and mint leaves as garnishes, and piping cream for intricate designs. They made multiple adjustments to the decoration plans and coordinated with the boy in a light green short-sleeved shirt and gray shorts to handle the demolding of baked goods. Finally, they completed the removal of tart foil shells and plated the desserts.",
      "Observation activities and social interactions": "TASHA entered a relaxed state and engaged in conversation with individuals in the sofa area, including a male in a black jacket and white shorts, a female in a black jacket and light blue jeans, among others. The interactions involved handling phone messages, replenishing drinking water, and walking in the stairwell. A male in a white short-sleeved shirt was observed hosting the activity.",
      "Theme Room Creative Showcase and Guest Tour": "TASHA accompanied the guests to tour the environmentally-themed rooms meticulously arranged by the team, showcasing ornaments made from recycled materials in the suitcases. During the process, she discussed with a boy in a light green short-sleeved shirt and gray shorts, and assisted a girl in a white top with a patterned white skirt in photographing the room setup.",
      "Party social interaction": "TASHA has been observing friends using fill lights for photography since coming downstairs, chatting cheerfully with a guy in a black jacket and white shorts, joining group photos, and intermittently replying to messages on her phone. She frequently watched her friends' shooting sessions during this time. TASHA took selfie group photos with a girl in a black jacket and jeans as well as a guy in a green short-sleeved shirt and gray shorts in front of the fill lights.",
      "Participate in the concert": "TASHA, immersed in the ongoing concert atmosphere, uses her phone to reply to messages while watching performances by a guy in a blue short-sleeve shirt and denim pants, another in a green short-sleeve shirt and denim pants, and others playing instruments and singing—maintaining basic awareness of the party's dynamics. During this time, she checks the first-floor dining area and the outdoor yard while sipping a drink."
    },
    "choice_a": "DAY6: 14:00~16:00",
    "choice_b": "DAY6: 14:57~16:02",
    "choice_c": "DAY6: 15:00~16:30",
    "choice_d": "DAY6: 15:44~17:00",
    "choice_e": "DAY6: 14:50~16:10",
    "reason": "Egg Tart Making (14:57 - 15:44), Party Dessert Decoration and Plating Collaboration (15:44 - 16:02), with a total duration from 14:57 - 16:02, matching option B."
  },
  {
    "question_chinese": "TASHA记录了一些活动，但忘记了对应的时间，活动序列：\n1. 取快递\n2. 物品整理与社交互动\n3. 派对社交互动\n4. 参与音乐会\n时间选项：\na. 10:00~10:30\nb. 10:48~11:47\nc. 12:57~14:57\nd. 17:00~18:00\ne. 19:30~19:39\nf. 19:39~20:43\ng. 14:00~15:00\nh. 11:00~12:00",
    "events_description_chinese": {
      "个人物品整理": "TASHA在厨房接水、清洁杯子，随后在客厅与身穿浅绿色短袖灰色短裤的男生等人进行间歇性聊天。期间完成护肤流程并多次浏览手机，涉及微信、淘宝等应用操作。在客厅区域初步拆解快递包装，寻找剪刀等工具未形成完整工作流。",
      "取快递": "与身穿浅绿色短袖灰色短裤的男生、身穿白色短袖白色短裤的男生共同前往快递站取件。返回后在户外庭院集中拆解大量快递包裹，包含假花等物品的验收与分类，期间多次调整快递摆放位置并与同伴协调搬运方式。",
      "房间装饰布置": "TASHA持续拆解多个快递包裹，取出系列玩偶及装饰品，与身穿浅绿色短袖灰色短裤的男生协作将玩偶系在特定位置。过程中包含墙面画作调整、窗帘固定、床单铺设等细节操作，并多次往返于二楼房间与院子之间运输物品。",
      "物品整理与社交互动": "TASHA持续整理物品，包含快递盒分类、数据线收纳及垃圾分类。期间与身穿浅绿色短袖灰色短裤的男生、身穿白色短袖白色短裤的男生等多人协作完成手机装饰贴膜，参与饮料制备与冰块添加，并多次处理外卖接收与食物拆箱。观察到钢琴演奏、镜子整理等场景，同时穿插手机消息处理与社交媒体浏览。",
      "蛋挞制作": "TASHA在餐桌和厨房之间持续进行蛋挞制作，包含分离蛋黄蛋清、搅拌蛋液、过滤残渣、使用模具装填蛋挞液等完整工序。过程中与身着白色上衣灰色裙子的女生协作分工，使用电子秤精确配比原料，遇到蛋液过滤困难时反复调整操作手法。最终将装好的蛋挞液放入微波炉烘烤，清洁烘烤过程中使用的器具。",
      "派对甜品装饰与摆盘协作": "TASHA与身着白色上衣灰色裙子的女生等人共同完成甜点装饰，包括使用漏勺均匀撒糖粉、手工摆放蓝莓和薄荷叶装饰、挤奶油造型等精细化操作。期间多次调整装饰方案，与身穿浅绿色短袖灰色短裤的男生配合处理烘烤成品的脱模工作，并最终完成蛋挞锡纸壳拆除和摆盘。",
      "旁听活动与社交互动": "TASHA进入放松状态，与身穿黑色外套白色短裤的男生身着黑色外套浅蓝色牛仔裤的女生等人在沙发区进行交流，涉及手机消息处理、饮用水补给、楼梯间行走等行为。观察到白色短袖男生在主持活动。",
      "主题房间创意展示与宾客导览": "TASHA跟随宾客参观团队成员精心布置的环保主题房间，展示行李箱内回收材料制作的装饰品。过程中与身穿浅绿色短袖灰色短裤的男生讨论，协助身着白色上衣白色印花裙子的女生拍摄房间陈设。",
      "派对社交互动": "TASHA从下楼开始，在院子中观察朋友们使用补光灯拍摄，与身穿黑色外套白色短裤的男生等人愉快聊天，参与集体拍照，并间歇性使用手机回复消息。期间多次观察朋友们的拍摄工作。TASHA和身穿黑色外套牛仔裤的女生以及绿色短袖灰色短裤的男生在补光灯前自拍合照。",
      "参与音乐会": "TASHA在持续的音乐会氛围中，使用手机回复消息，观看身着蓝色短袖牛仔长裤的男生、绿色短袖牛仔长裤男生等人的乐器演奏和歌唱表演，保持对派对动态的基础关注。期间到一楼餐厅区域及户外院子巡视，喝饮料。"
    },
    "choice_a_chinese": "1→a / 2→c / 3→e / 4→f",
    "choice_b_chinese": "1→b / 2→g / 3→d / 4→f",
    "choice_c_chinese": "1→b / 2→c / 3→e / 4→f",
    "choice_d_chinese": "1→h / 2→c / 3→e / 4→d",
    "answer": "C",
    "reason_chinese": "取快递（10:48 - 11:47）对应b；物品整理与社交互动（12:57 - 14:57）对应c；派对社交互动（19:30 - 19:39）对应e；参与音乐会（19:39 - 20:43）对应f。所以选项C正确。",
    "question": "TASHA recorded some activities but forgot the corresponding times. The sequence of activities is:  \n1. Pick up package  \n2. Organizing items and social interaction  \n3. Party social interaction  \n4. Attend concert  \n\nTime options:  \na. 10:00~10:30  \nb. 10:48~11:47  \nc. 12:57~14:57  \nd. 17:00~18:00  \ne. 19:30~19:39  \nf. 19:39~20:43  \ng. 14:00~15:00  \nh. 11:00~12:00",
    "events_description": {
      "Organizing personal belongings": "TASHA fetches water and cleans cups in the kitchen, then engages in intermittent chats in the living room with a male wearing a light green short-sleeved shirt and gray shorts, among others. During this time, she completes her skincare routine and frequently browses her phone, operating apps like WeChat and Taobao. In the living area, she initially unpacks a parcel, searching for scissors and other tools but does not establish a complete workflow.",
      "Pick up the package": "Went to the express delivery station with a boy wearing a light green short-sleeve shirt and gray shorts, and another boy wearing a white short-sleeve shirt and white shorts to pick up packages. After returning, gathered in the outdoor courtyard to unpack a large number of express packages, including the inspection and sorting of items like artificial flowers. During this process, adjusted the placement of packages multiple times and coordinated with companions on handling methods.",
      "Room decoration and layout": "TASHA continues unpacking multiple delivery packages, retrieving a series of dolls and decorations. She collaborates with a boy wearing a light green short-sleeved shirt and gray shorts to tie the dolls in specific locations. The process includes adjusting wall paintings, securing curtains, laying out bed sheets, and other detailed tasks. She makes multiple trips between the second-floor room and the yard to transport items.",
      "Item Organization and Social Interaction": "TASHA continued organizing items, including sorting delivery boxes, arranging charging cables, and separating garbage. During this time, she collaborated with multiple people—such as a boy in a light green T-shirt and gray shorts, and another boy in a white T-shirt and white shorts—to complete phone decoration and screen protector application. She also participated in beverage preparation and ice replenishment, while frequently handling food deliveries and unboxing meals. Instances of piano playing and mirror tidying were observed, interspersed with responding to phone messages and browsing social media.",
      "Egg tart making": "TASHA continuously works between the dining table and the kitchen to make egg tarts, completing the entire process including separating egg yolks from whites, whisking the egg mixture, filtering residues, and filling the tart molds with the mixture. During this process, she collaborates with a girl wearing a white top and gray skirt, dividing tasks and using an electronic scale to measure ingredients precisely. When encountering difficulties in filtering the egg mixture, she repeatedly adjusts her technique. Finally, she places the filled tart molds into the microwave for baking and cleans the utensils used during the process.",
      "Party Dessert Decoration and Plating Collaboration": "TASHA and the girl in a white top and gray skirt worked together to decorate desserts, including sifting powdered sugar evenly with a strainer, manually placing blueberries and mint leaves as garnishes, and piping cream for intricate designs. They made multiple adjustments to the decoration plans and coordinated with the boy in a light green short-sleeved shirt and gray shorts to handle the demolding of baked goods. Finally, they completed the removal of tart foil shells and plated the desserts.",
      "Observation activities and social interactions": "TASHA entered a relaxed state and engaged in conversation with individuals in the sofa area, including a male in a black jacket and white shorts, a female in a black jacket and light blue jeans, among others. The interactions involved handling phone messages, replenishing drinking water, and walking in the stairwell. A male in a white short-sleeved shirt was observed hosting the activity.",
      "Theme Room Creative Showcase and Guest Tour": "TASHA accompanied the guests to tour the environmentally-themed rooms meticulously arranged by the team, showcasing ornaments made from recycled materials in the suitcases. During the process, she discussed with a boy in a light green short-sleeved shirt and gray shorts, and assisted a girl in a white top with a patterned white skirt in photographing the room setup.",
      "Party social interaction": "TASHA has been observing friends using fill lights for photography since coming downstairs, chatting cheerfully with a guy in a black jacket and white shorts, joining group photos, and intermittently replying to messages on her phone. She frequently watched her friends' shooting sessions during this time. TASHA took selfie group photos with a girl in a black jacket and jeans as well as a guy in a green short-sleeved shirt and gray shorts in front of the fill lights.",
      "Participate in the concert": "TASHA, immersed in the ongoing concert atmosphere, uses her phone to reply to messages while watching performances by a guy in a blue short-sleeve shirt and denim pants, another in a green short-sleeve shirt and denim pants, and others playing instruments and singing—maintaining basic awareness of the party's dynamics. During this time, she checks the first-floor dining area and the outdoor yard while sipping a drink."
    },
    "choice_a": "1→a / 2→c / 3→e / 4→f",
    "choice_b": "1→b / 2→g / 3→d / 4→f",
    "choice_c": "1→b / 2→c / 3→e / 4→f",
    "choice_d": "1→h / 2→c / 3→e / 4→d",
    "reason": "Picking up package (10:48 - 11:47) corresponds to b; Item organization and social interaction (12:57 - 14:57) corresponds to c; Party social interaction (19:30 - 19:39) corresponds to e; Attending concert (19:39 - 20:43) corresponds to f. Therefore, option C is correct."
  },
  {
    "question_chinese": "TASHA在完成物品整理与社交互动后，紧接着进行了哪两个活动？",
    "events_description_chinese": {
      "个人物品整理": "TASHA在厨房接水、清洁杯子，随后在客厅与身穿浅绿色短袖灰色短裤的男生等人进行间歇性聊天。期间完成护肤流程并多次浏览手机，涉及微信、淘宝等应用操作。在客厅区域初步拆解快递包装，寻找剪刀等工具未形成完整工作流。",
      "取快递": "与身穿浅绿色短袖灰色短裤的男生、身穿白色短袖白色短裤的男生共同前往快递站取件。返回后在户外庭院集中拆解大量快递包裹，包含假花等物品的验收与分类，期间多次调整快递摆放位置并与同伴协调搬运方式。",
      "房间装饰布置": "TASHA持续拆解多个快递包裹，取出系列玩偶及装饰品，与身穿浅绿色短袖灰色短裤的男生协作将玩偶系在特定位置。过程中包含墙面画作调整、窗帘固定、床单铺设等细节操作，并多次往返于二楼房间与院子之间运输物品。",
      "物品整理与社交互动": "TASHA持续整理物品，包含快递盒分类、数据线收纳及垃圾分类。期间与身穿浅绿色短袖灰色短裤的男生、身穿白色短袖白色短裤的男生等多人协作完成手机装饰贴膜，参与饮料制备与冰块添加，并多次处理外卖接收与食物拆箱。观察到钢琴演奏、镜子整理等场景，同时穿插手机消息处理与社交媒体浏览。",
      "蛋挞制作": "TASHA在餐桌和厨房之间持续进行蛋挞制作，包含分离蛋黄蛋清、搅拌蛋液、过滤残渣、使用模具装填蛋挞液等完整工序。过程中与身着白色上衣灰色裙子的女生协作分工，使用电子秤精确配比原料，遇到蛋液过滤困难时反复调整操作手法。最终将装好的蛋挞液放入微波炉烘烤，清洁烘烤过程中使用的器具。",
      "派对甜品装饰与摆盘协作": "TASHA与身着白色上衣灰色裙子的女生等人共同完成甜点装饰，包括使用漏勺均匀撒糖粉、手工摆放蓝莓和薄荷叶装饰、挤奶油造型等精细化操作。期间多次调整装饰方案，与身穿浅绿色短袖灰色短裤的男生配合处理烘烤成品的脱模工作，并最终完成蛋挞锡纸壳拆除和摆盘。",
      "旁听活动与社交互动": "TASHA进入放松状态，与身穿黑色外套白色短裤的男生身着黑色外套浅蓝色牛仔裤的女生等人在沙发区进行交流，涉及手机消息处理、饮用水补给、楼梯间行走等行为。观察到白色短袖男生在主持活动。",
      "主题房间创意展示与宾客导览": "TASHA跟随宾客参观团队成员精心布置的环保主题房间，展示行李箱内回收材料制作的装饰品。过程中与身穿浅绿色短袖灰色短裤的男生讨论，协助身着白色上衣白色印花裙子的女生拍摄房间陈设。",
      "派对社交互动": "TASHA从下楼开始，在院子中观察朋友们使用补光灯拍摄，与身穿黑色外套白色短裤的男生等人愉快聊天，参与集体拍照，并间歇性使用手机回复消息。期间多次观察朋友们的拍摄工作。TASHA和身穿黑色外套牛仔裤的女生以及绿色短袖灰色短裤的男生在补光灯前自拍合照。",
      "参与音乐会": "TASHA在持续的音乐会氛围中，使用手机回复消息，观看身着蓝色短袖牛仔长裤的男生、绿色短袖牛仔长裤男生等人的乐器演奏和歌唱表演，保持对派对动态的基础关注。期间到一楼餐厅区域及户外院子巡视，喝饮料。"
    },
    "choice_a_chinese": "蛋挞制作 → 派对甜品装饰与摆盘协作",
    "choice_b_chinese": "取快递 → 房间装饰布置",
    "choice_c_chinese": "旁听活动与社交互动 → 主题房间创意展示与宾客导览",
    "choice_d_chinese": "个人物品整理 → 取快递",
    "answer": "A",
    "reason_chinese": "物品整理与社交互动（12:57 - 14:57）之后，依次进行的是蛋挞制作（14:57 - 15:44）和派对甜品装饰与摆盘协作（15:44 - 16:02），所以答案是A。",
    "question": "After completing the organization of items and social interactions, what two activities did TASHA proceed with next?",
    "events_description": {
      "Organizing personal belongings": "TASHA fetches water and cleans cups in the kitchen, then engages in intermittent chats in the living room with a male wearing a light green short-sleeved shirt and gray shorts, among others. During this time, she completes her skincare routine and frequently browses her phone, operating apps like WeChat and Taobao. In the living area, she initially unpacks a parcel, searching for scissors and other tools but does not establish a complete workflow.",
      "Pick up the package": "Went to the express delivery station with a boy wearing a light green short-sleeve shirt and gray shorts, and another boy wearing a white short-sleeve shirt and white shorts to pick up packages. After returning, gathered in the outdoor courtyard to unpack a large number of express packages, including the inspection and sorting of items like artificial flowers. During this process, adjusted the placement of packages multiple times and coordinated with companions on handling methods.",
      "Room decoration and layout": "TASHA continues unpacking multiple delivery packages, retrieving a series of dolls and decorations. She collaborates with a boy wearing a light green short-sleeved shirt and gray shorts to tie the dolls in specific locations. The process includes adjusting wall paintings, securing curtains, laying out bed sheets, and other detailed tasks. She makes multiple trips between the second-floor room and the yard to transport items.",
      "Item Organization and Social Interaction": "TASHA continued organizing items, including sorting delivery boxes, arranging charging cables, and separating garbage. During this time, she collaborated with multiple people—such as a boy in a light green T-shirt and gray shorts, and another boy in a white T-shirt and white shorts—to complete phone decoration and screen protector application. She also participated in beverage preparation and ice replenishment, while frequently handling food deliveries and unboxing meals. Instances of piano playing and mirror tidying were observed, interspersed with responding to phone messages and browsing social media.",
      "Egg tart making": "TASHA continuously works between the dining table and the kitchen to make egg tarts, completing the entire process including separating egg yolks from whites, whisking the egg mixture, filtering residues, and filling the tart molds with the mixture. During this process, she collaborates with a girl wearing a white top and gray skirt, dividing tasks and using an electronic scale to measure ingredients precisely. When encountering difficulties in filtering the egg mixture, she repeatedly adjusts her technique. Finally, she places the filled tart molds into the microwave for baking and cleans the utensils used during the process.",
      "Party Dessert Decoration and Plating Collaboration": "TASHA and the girl in a white top and gray skirt worked together to decorate desserts, including sifting powdered sugar evenly with a strainer, manually placing blueberries and mint leaves as garnishes, and piping cream for intricate designs. They made multiple adjustments to the decoration plans and coordinated with the boy in a light green short-sleeved shirt and gray shorts to handle the demolding of baked goods. Finally, they completed the removal of tart foil shells and plated the desserts.",
      "Observation activities and social interactions": "TASHA entered a relaxed state and engaged in conversation with individuals in the sofa area, including a male in a black jacket and white shorts, a female in a black jacket and light blue jeans, among others. The interactions involved handling phone messages, replenishing drinking water, and walking in the stairwell. A male in a white short-sleeved shirt was observed hosting the activity.",
      "Theme Room Creative Showcase and Guest Tour": "TASHA accompanied the guests to tour the environmentally-themed rooms meticulously arranged by the team, showcasing ornaments made from recycled materials in the suitcases. During the process, she discussed with a boy in a light green short-sleeved shirt and gray shorts, and assisted a girl in a white top with a patterned white skirt in photographing the room setup.",
      "Party social interaction": "TASHA has been observing friends using fill lights for photography since coming downstairs, chatting cheerfully with a guy in a black jacket and white shorts, joining group photos, and intermittently replying to messages on her phone. She frequently watched her friends' shooting sessions during this time. TASHA took selfie group photos with a girl in a black jacket and jeans as well as a guy in a green short-sleeved shirt and gray shorts in front of the fill lights.",
      "Participate in the concert": "TASHA, immersed in the ongoing concert atmosphere, uses her phone to reply to messages while watching performances by a guy in a blue short-sleeve shirt and denim pants, another in a green short-sleeve shirt and denim pants, and others playing instruments and singing—maintaining basic awareness of the party's dynamics. During this time, she checks the first-floor dining area and the outdoor yard while sipping a drink."
    },
    "choice_a": "Egg tart making → Party dessert decoration and plating collaboration",
    "choice_b": "Pick up packages → Room decoration setup",
    "choice_c": "Observing Activities and Social Interaction → Theme Room Creative Display and Guest Tour Guide",
    "choice_d": "Organize personal belongings → Pick up parcels",
    "reason": "After organizing items and social interaction (12:57 - 14:57), the subsequent activities were making egg tarts (14:57 - 15:44) and collaborating on party dessert decoration and plating (15:44 - 16:02), so the answer is A."
  },
  {
    "question_chinese": "TASHA描述自己在DAY6的活动顺序为：取快递、个人物品整理、房间装饰布置、蛋挞制作、物品整理与社交互动，这个顺序存在错误。正确的序列和错误分析是？",
    "events_description_chinese": {
      "个人物品整理": "TASHA在厨房接水、清洁杯子，随后在客厅与身穿浅绿色短袖灰色短裤的男生等人进行间歇性聊天。期间完成护肤流程并多次浏览手机，涉及微信、淘宝等应用操作。在客厅区域初步拆解快递包装，寻找剪刀等工具未形成完整工作流。",
      "取快递": "与身穿浅绿色短袖灰色短裤的男生、身穿白色短袖白色短裤的男生共同前往快递站取件。返回后在户外庭院集中拆解大量快递包裹，包含假花等物品的验收与分类，期间多次调整快递摆放位置并与同伴协调搬运方式。",
      "房间装饰布置": "TASHA持续拆解多个快递包裹，取出系列玩偶及装饰品，与身穿浅绿色短袖灰色短裤的男生协作将玩偶系在特定位置。过程中包含墙面画作调整、窗帘固定、床单铺设等细节操作，并多次往返于二楼房间与院子之间运输物品。",
      "物品整理与社交互动": "TASHA持续整理物品，包含快递盒分类、数据线收纳及垃圾分类。期间与身穿浅绿色短袖灰色短裤的男生、身穿白色短袖白色短裤的男生等多人协作完成手机装饰贴膜，参与饮料制备与冰块添加，并多次处理外卖接收与食物拆箱。观察到钢琴演奏、镜子整理等场景，同时穿插手机消息处理与社交媒体浏览。",
      "蛋挞制作": "TASHA在餐桌和厨房之间持续进行蛋挞制作，包含分离蛋黄蛋清、搅拌蛋液、过滤残渣、使用模具装填蛋挞液等完整工序。过程中与身着白色上衣灰色裙子的女生协作分工，使用电子秤精确配比原料，遇到蛋液过滤困难时反复调整操作手法。最终将装好的蛋挞液放入微波炉烘烤，清洁烘烤过程中使用的器具。",
      "派对甜品装饰与摆盘协作": "TASHA与身着白色上衣灰色裙子的女生等人共同完成甜点装饰，包括使用漏勺均匀撒糖粉、手工摆放蓝莓和薄荷叶装饰、挤奶油造型等精细化操作。期间多次调整装饰方案，与身穿浅绿色短袖灰色短裤的男生配合处理烘烤成品的脱模工作，并最终完成蛋挞锡纸壳拆除和摆盘。",
      "旁听活动与社交互动": "TASHA进入放松状态，与身穿黑色外套白色短裤的男生身着黑色外套浅蓝色牛仔裤的女生等人在沙发区进行交流，涉及手机消息处理、饮用水补给、楼梯间行走等行为。观察到白色短袖男生在主持活动。",
      "主题房间创意展示与宾客导览": "TASHA跟随宾客参观团队成员精心布置的环保主题房间，展示行李箱内回收材料制作的装饰品。过程中与身穿浅绿色短袖灰色短裤的男生讨论，协助身着白色上衣白色印花裙子的女生拍摄房间陈设。",
      "派对社交互动": "TASHA从下楼开始，在院子中观察朋友们使用补光灯拍摄，与身穿黑色外套白色短裤的男生等人愉快聊天，参与集体拍照，并间歇性使用手机回复消息。期间多次观察朋友们的拍摄工作。TASHA和身穿黑色外套牛仔裤的女生以及绿色短袖灰色短裤的男生在补光灯前自拍合照。",
      "参与音乐会": "TASHA在持续的音乐会氛围中，使用手机回复消息，观看身着蓝色短袖牛仔长裤的男生、绿色短袖牛仔长裤男生等人的乐器演奏和歌唱表演，保持对派对动态的基础关注。期间到一楼餐厅区域及户外院子巡视，喝饮料。"
    },
    "choice_a_chinese": "正确序列：个人物品整理、取快递、房间装饰布置、物品整理与社交互动、蛋挞制作 错误原因：‘个人物品整理’和‘取快递’顺序颠倒，‘蛋挞制作’与‘物品整理与社交互动’顺序错误",
    "choice_b_chinese": "正确序列：个人物品整理、取快递、房间装饰布置、蛋挞制作、物品整理与社交互动 错误原因：遗漏‘派对甜品装饰与摆盘协作’",
    "choice_c_chinese": "正确序列：取快递、个人物品整理、房间装饰布置、物品整理与社交互动、蛋挞制作 错误原因：整体顺序混乱",
    "choice_d_chinese": "正确序列：个人物品整理、房间装饰布置、取快递、蛋挞制作、物品整理与社交互动 错误原因：‘取快递’和‘房间装饰布置’顺序颠倒，且遗漏多个事件",
    "answer": "A",
    "reason_chinese": "正确顺序应为：个人物品整理（10:13 - 10:48）、取快递（10:48 - 11:47）、房间装饰布置（11:47 - 12:30）、物品整理与社交互动（12:57 - 14:57）、蛋挞制作（14:57 - 15:44），选项A指出的错误原因与正确序列相符。",
    "question": "TASHA described her activity sequence on DAY6 as: picking up packages, organizing personal items, decorating the room, making egg tarts, arranging items, and socializing. This order is incorrect. What is the correct sequence and the error analysis?",
    "events_description": {
      "Organizing personal belongings": "TASHA fetches water and cleans cups in the kitchen, then engages in intermittent chats in the living room with a male wearing a light green short-sleeved shirt and gray shorts, among others. During this time, she completes her skincare routine and frequently browses her phone, operating apps like WeChat and Taobao. In the living area, she initially unpacks a parcel, searching for scissors and other tools but does not establish a complete workflow.",
      "Pick up the package": "Went to the express delivery station with a boy wearing a light green short-sleeve shirt and gray shorts, and another boy wearing a white short-sleeve shirt and white shorts to pick up packages. After returning, gathered in the outdoor courtyard to unpack a large number of express packages, including the inspection and sorting of items like artificial flowers. During this process, adjusted the placement of packages multiple times and coordinated with companions on handling methods.",
      "Room decoration and layout": "TASHA continues unpacking multiple delivery packages, retrieving a series of dolls and decorations. She collaborates with a boy wearing a light green short-sleeved shirt and gray shorts to tie the dolls in specific locations. The process includes adjusting wall paintings, securing curtains, laying out bed sheets, and other detailed tasks. She makes multiple trips between the second-floor room and the yard to transport items.",
      "Item Organization and Social Interaction": "TASHA continued organizing items, including sorting delivery boxes, arranging charging cables, and separating garbage. During this time, she collaborated with multiple people—such as a boy in a light green T-shirt and gray shorts, and another boy in a white T-shirt and white shorts—to complete phone decoration and screen protector application. She also participated in beverage preparation and ice replenishment, while frequently handling food deliveries and unboxing meals. Instances of piano playing and mirror tidying were observed, interspersed with responding to phone messages and browsing social media.",
      "Egg tart making": "TASHA continuously works between the dining table and the kitchen to make egg tarts, completing the entire process including separating egg yolks from whites, whisking the egg mixture, filtering residues, and filling the tart molds with the mixture. During this process, she collaborates with a girl wearing a white top and gray skirt, dividing tasks and using an electronic scale to measure ingredients precisely. When encountering difficulties in filtering the egg mixture, she repeatedly adjusts her technique. Finally, she places the filled tart molds into the microwave for baking and cleans the utensils used during the process.",
      "Party Dessert Decoration and Plating Collaboration": "TASHA and the girl in a white top and gray skirt worked together to decorate desserts, including sifting powdered sugar evenly with a strainer, manually placing blueberries and mint leaves as garnishes, and piping cream for intricate designs. They made multiple adjustments to the decoration plans and coordinated with the boy in a light green short-sleeved shirt and gray shorts to handle the demolding of baked goods. Finally, they completed the removal of tart foil shells and plated the desserts.",
      "Observation activities and social interactions": "TASHA entered a relaxed state and engaged in conversation with individuals in the sofa area, including a male in a black jacket and white shorts, a female in a black jacket and light blue jeans, among others. The interactions involved handling phone messages, replenishing drinking water, and walking in the stairwell. A male in a white short-sleeved shirt was observed hosting the activity.",
      "Theme Room Creative Showcase and Guest Tour": "TASHA accompanied the guests to tour the environmentally-themed rooms meticulously arranged by the team, showcasing ornaments made from recycled materials in the suitcases. During the process, she discussed with a boy in a light green short-sleeved shirt and gray shorts, and assisted a girl in a white top with a patterned white skirt in photographing the room setup.",
      "Party social interaction": "TASHA has been observing friends using fill lights for photography since coming downstairs, chatting cheerfully with a guy in a black jacket and white shorts, joining group photos, and intermittently replying to messages on her phone. She frequently watched her friends' shooting sessions during this time. TASHA took selfie group photos with a girl in a black jacket and jeans as well as a guy in a green short-sleeved shirt and gray shorts in front of the fill lights.",
      "Participate in the concert": "TASHA, immersed in the ongoing concert atmosphere, uses her phone to reply to messages while watching performances by a guy in a blue short-sleeve shirt and denim pants, another in a green short-sleeve shirt and denim pants, and others playing instruments and singing—maintaining basic awareness of the party's dynamics. During this time, she checks the first-floor dining area and the outdoor yard while sipping a drink."
    },
    "choice_a": "Correct sequence: Personal belongings organizing, picking up parcels, room decoration and arrangement, organizing items with social interaction, egg tart making  \nError reason: 'Personal belongings organizing' and 'picking up parcels' are in reverse order, 'egg tart making' is misplaced with 'organizing items with social interaction'",
    "choice_b": "Correct sequence: Personal item organization, package pickup, room decoration, egg tart making, item sorting and social interaction  \nError reason: Omission of 'party dessert decoration and plating collaboration'",
    "choice_c": "Correct sequence: Pick up package, Personal item organization, Room decoration setup, Item arrangement and social interaction, Egg tart making  \nError reason: Overall sequence is disordered",
    "choice_d": "Correct sequence: Organize personal belongings, decorate and arrange the room, pick up packages, make egg tarts, organize items and socialize.  \nError reason: The order of 'pick up packages' and 'decorate and arrange the room' is reversed, and multiple events are omitted.",
    "reason": "The correct sequence should be: Organizing personal belongings (10:13 - 10:48), picking up packages (10:48 - 11:47), room decoration setup (11:47 - 12:30), sorting items and social interaction (12:57 - 14:57), making egg tarts (14:57 - 15:44). The error reason indicated by option A aligns with the correct sequence."
  },
  {
    "question_chinese": "TASHA在DAY6的活动序列部分内容被遮盖：[取快递] → (?) → [物品整理与社交互动] → (?) 。请从下列选项中按顺序补全缺失环节：\n备选事件：\n房间装饰布置\n蛋挞制作\n派对甜品装饰与摆盘协作\n个人物品整理\n旁听活动与社交互动",
    "events_description_chinese": {
      "个人物品整理": "TASHA在厨房接水、清洁杯子，随后在客厅与身穿浅绿色短袖灰色短裤的男生等人进行间歇性聊天。期间完成护肤流程并多次浏览手机，涉及微信、淘宝等应用操作。在客厅区域初步拆解快递包装，寻找剪刀等工具未形成完整工作流。",
      "取快递": "与身穿浅绿色短袖灰色短裤的男生、身穿白色短袖白色短裤的男生共同前往快递站取件。返回后在户外庭院集中拆解大量快递包裹，包含假花等物品的验收与分类，期间多次调整快递摆放位置并与同伴协调搬运方式。",
      "房间装饰布置": "TASHA持续拆解多个快递包裹，取出系列玩偶及装饰品，与身穿浅绿色短袖灰色短裤的男生协作将玩偶系在特定位置。过程中包含墙面画作调整、窗帘固定、床单铺设等细节操作，并多次往返于二楼房间与院子之间运输物品。",
      "物品整理与社交互动": "TASHA持续整理物品，包含快递盒分类、数据线收纳及垃圾分类。期间与身穿浅绿色短袖灰色短裤的男生、身穿白色短袖白色短裤的男生等多人协作完成手机装饰贴膜，参与饮料制备与冰块添加，并多次处理外卖接收与食物拆箱。观察到钢琴演奏、镜子整理等场景，同时穿插手机消息处理与社交媒体浏览。",
      "蛋挞制作": "TASHA在餐桌和厨房之间持续进行蛋挞制作，包含分离蛋黄蛋清、搅拌蛋液、过滤残渣、使用模具装填蛋挞液等完整工序。过程中与身着白色上衣灰色裙子的女生协作分工，使用电子秤精确配比原料，遇到蛋液过滤困难时反复调整操作手法。最终将装好的蛋挞液放入微波炉烘烤，清洁烘烤过程中使用的器具。",
      "派对甜品装饰与摆盘协作": "TASHA与身着白色上衣灰色裙子的女生等人共同完成甜点装饰，包括使用漏勺均匀撒糖粉、手工摆放蓝莓和薄荷叶装饰、挤奶油造型等精细化操作。期间多次调整装饰方案，与身穿浅绿色短袖灰色短裤的男生配合处理烘烤成品的脱模工作，并最终完成蛋挞锡纸壳拆除和摆盘。",
      "旁听活动与社交互动": "TASHA进入放松状态，与身穿黑色外套白色短裤的男生身着黑色外套浅蓝色牛仔裤的女生等人在沙发区进行交流，涉及手机消息处理、饮用水补给、楼梯间行走等行为。观察到白色短袖男生在主持活动。",
      "主题房间创意展示与宾客导览": "TASHA跟随宾客参观团队成员精心布置的环保主题房间，展示行李箱内回收材料制作的装饰品。过程中与身穿浅绿色短袖灰色短裤的男生讨论，协助身着白色上衣白色印花裙子的女生拍摄房间陈设。",
      "派对社交互动": "TASHA从下楼开始，在院子中观察朋友们使用补光灯拍摄，与身穿黑色外套白色短裤的男生等人愉快聊天，参与集体拍照，并间歇性使用手机回复消息。期间多次观察朋友们的拍摄工作。TASHA和身穿黑色外套牛仔裤的女生以及绿色短袖灰色短裤的男生在补光灯前自拍合照。",
      "参与音乐会": "TASHA在持续的音乐会氛围中，使用手机回复消息，观看身着蓝色短袖牛仔长裤的男生、绿色短袖牛仔长裤男生等人的乐器演奏和歌唱表演，保持对派对动态的基础关注。期间到一楼餐厅区域及户外院子巡视，喝饮料。"
    },
    "choice_a_chinese": "房间装饰布置、蛋挞制作",
    "choice_b_chinese": "蛋挞制作、派对甜品装饰与摆盘协作",
    "choice_c_chinese": "个人物品整理、旁听活动与社交互动",
    "choice_d_chinese": "派对甜品装饰与摆盘协作、房间装饰布置",
    "answer": "A",
    "reason_chinese": "正确顺序为：取快递（10:48 - 11:47）、房间装饰布置（11:47 - 12:30）、物品整理与社交互动（12:57 - 14:57）、蛋挞制作（14:57 - 15:44），所以应选A。",
    "question": "TASHA's activity sequence on DAY6 was partially obscured: [Picking up parcels] → (?) → [Organizing items and social interaction] → (?). Please sequentially complete the missing segments from the following options:  \nAlternative events:  \nRoom decoration  \nEgg tart making  \nParty dessert decoration and plating collaboration  \nPersonal item organization  \nObserving activities and social interaction",
    "events_description": {
      "Organizing personal belongings": "TASHA fetches water and cleans cups in the kitchen, then engages in intermittent chats in the living room with a male wearing a light green short-sleeved shirt and gray shorts, among others. During this time, she completes her skincare routine and frequently browses her phone, operating apps like WeChat and Taobao. In the living area, she initially unpacks a parcel, searching for scissors and other tools but does not establish a complete workflow.",
      "Pick up the package": "Went to the express delivery station with a boy wearing a light green short-sleeve shirt and gray shorts, and another boy wearing a white short-sleeve shirt and white shorts to pick up packages. After returning, gathered in the outdoor courtyard to unpack a large number of express packages, including the inspection and sorting of items like artificial flowers. During this process, adjusted the placement of packages multiple times and coordinated with companions on handling methods.",
      "Room decoration and layout": "TASHA continues unpacking multiple delivery packages, retrieving a series of dolls and decorations. She collaborates with a boy wearing a light green short-sleeved shirt and gray shorts to tie the dolls in specific locations. The process includes adjusting wall paintings, securing curtains, laying out bed sheets, and other detailed tasks. She makes multiple trips between the second-floor room and the yard to transport items.",
      "Item Organization and Social Interaction": "TASHA continued organizing items, including sorting delivery boxes, arranging charging cables, and separating garbage. During this time, she collaborated with multiple people—such as a boy in a light green T-shirt and gray shorts, and another boy in a white T-shirt and white shorts—to complete phone decoration and screen protector application. She also participated in beverage preparation and ice replenishment, while frequently handling food deliveries and unboxing meals. Instances of piano playing and mirror tidying were observed, interspersed with responding to phone messages and browsing social media.",
      "Egg tart making": "TASHA continuously works between the dining table and the kitchen to make egg tarts, completing the entire process including separating egg yolks from whites, whisking the egg mixture, filtering residues, and filling the tart molds with the mixture. During this process, she collaborates with a girl wearing a white top and gray skirt, dividing tasks and using an electronic scale to measure ingredients precisely. When encountering difficulties in filtering the egg mixture, she repeatedly adjusts her technique. Finally, she places the filled tart molds into the microwave for baking and cleans the utensils used during the process.",
      "Party Dessert Decoration and Plating Collaboration": "TASHA and the girl in a white top and gray skirt worked together to decorate desserts, including sifting powdered sugar evenly with a strainer, manually placing blueberries and mint leaves as garnishes, and piping cream for intricate designs. They made multiple adjustments to the decoration plans and coordinated with the boy in a light green short-sleeved shirt and gray shorts to handle the demolding of baked goods. Finally, they completed the removal of tart foil shells and plated the desserts.",
      "Observation activities and social interactions": "TASHA entered a relaxed state and engaged in conversation with individuals in the sofa area, including a male in a black jacket and white shorts, a female in a black jacket and light blue jeans, among others. The interactions involved handling phone messages, replenishing drinking water, and walking in the stairwell. A male in a white short-sleeved shirt was observed hosting the activity.",
      "Theme Room Creative Showcase and Guest Tour": "TASHA accompanied the guests to tour the environmentally-themed rooms meticulously arranged by the team, showcasing ornaments made from recycled materials in the suitcases. During the process, she discussed with a boy in a light green short-sleeved shirt and gray shorts, and assisted a girl in a white top with a patterned white skirt in photographing the room setup.",
      "Party social interaction": "TASHA has been observing friends using fill lights for photography since coming downstairs, chatting cheerfully with a guy in a black jacket and white shorts, joining group photos, and intermittently replying to messages on her phone. She frequently watched her friends' shooting sessions during this time. TASHA took selfie group photos with a girl in a black jacket and jeans as well as a guy in a green short-sleeved shirt and gray shorts in front of the fill lights.",
      "Participate in the concert": "TASHA, immersed in the ongoing concert atmosphere, uses her phone to reply to messages while watching performances by a guy in a blue short-sleeve shirt and denim pants, another in a green short-sleeve shirt and denim pants, and others playing instruments and singing—maintaining basic awareness of the party's dynamics. During this time, she checks the first-floor dining area and the outdoor yard while sipping a drink."
    },
    "choice_a": "Room decoration setup, egg tart making",
    "choice_b": "Egg tart making, party dessert decoration and plating collaboration",
    "choice_c": "Organizing personal belongings, observing activities, and social interactions",
    "choice_d": "Party Dessert Decoration and Plating Collaboration, Room Decoration and Setup",
    "reason": "The correct order is: Pick up package (10:48 - 11:47), Room decoration setup (11:47 - 12:30), Item organization and social interaction (12:57 - 14:57), Egg tart making (14:57 - 15:44), so the answer should be A."
  }
]