[
  {
    "question_chinese": "TASHA想要梳理自己在DAY5中午11:30到18:30之间的活动顺序，以下事件：\na. 吃午餐\nb. 放松休息\nc. 甜点制作\nd. 超市采购\ne. 装饰画包装拆解\nf. 闲聊与社交互动\ng. 团队讨论\n正确的时间排序是？",
    "events_description_chinese": {
      "放松休息": "TASHA在沙发上休息，刷手机短视频，期间与身穿紫色短袖灰色短裤的男生交谈闲聊。观察到浅粉色短袖牛仔裤的男生为TASHA泡了一杯咖啡，TASHA端着咖啡下楼从冰箱内取出冰块和牛奶加入咖啡中。TASHA和白色短袖白色短裤的男生等人闲聊。TASHA将餐桌上的花拿到二楼。",
      "装饰画包装拆解": "TASHA与身着白色上衣灰色休闲裤的女生在户外餐桌旁拆解装饰画包装，通过手机查看安装说明并联系商家客服。期间多次对比零件与图示，与身着白色上衣灰色休闲裤的女生讨论。",
      "休闲社交": "TASHA与身着紫色短袖灰色短裤的男生讨论。TASHA与身着红色连衣裙的女生等人闲聊。TASHA在一楼户外巡视。在午餐前TASHA使用手机处理微信消息，躺在卧室刷短视频。",
      "吃午餐": "TASHA在厨房与客厅间穿梭，参与AD钙奶拆箱、吸管分配等。与身穿紫色短袖灰色短裤的男生协作搬运饮料，期间持续处理餐桌布置并参与相关讨论。",
      "团队讨论": "TASHA深度参与白板前的团队讨论规划，协助身着深蓝色连衣裙的女生标注关键节点。期间多次查看手机补充相关信息。",
      "超市采购": "TASHA与身穿紫色短袖灰色短裤的男生、身着酒红色连衣裙的女生等团队成员在超市内进行采购。期间包含多次设备使用（查看拼多多订单、微信沟通）、商品质量评估（反复提起榴莲观察）、团队协商（与身穿紫色短袖灰色短裤的男生讨论）等子环节。",
      "闲聊与社交互动": "TASHA与团队成员在餐桌旁进行闲聊，TASHA和白色上衣白色短裤的男生进行了愉快的沟通。观察到身穿紫色短袖灰色短裤的男生在帮身着酒红色连衣裙的女生修复她的智能眼镜。",
      "甜点食材准备": "TASHA与团队成员在厨房处理烘焙材料，包括拆解快递中的淀粉、分离鸡蛋的蛋清蛋黄，使用厨房秤精确配比面粉/糖分。观察到身着蓝色短袖牛仔长裤的男生持续搅拌蛋液、身穿紫色短袖灰色短裤的男生协助裁剪烘焙模具，过程中穿插多次查看手机中的甜点教程。",
      "甜点制作": "TASHA主导奶油打发与烤箱操作，使用滤网过滤蛋液杂质，与身着蓝色短袖牛仔长裤的男生协作将混合物注入地球形状模具。期间通过手机完成团队外卖订购，最终将模具送入烤箱，并清理厨具。",
      "个人事务处理": "TASHA在客厅及房间内观察同事烹饪与设备调试活动，期间使用微信处理通讯、浏览朋友圈、操作手机应用。与身穿紫色短袖灰色短裤的男生、身着蓝色短袖牛仔长裤的男生进行间歇性对话。"
    },
    "choice_a_chinese": "(b)(e)(a)(g)(d)(f)(c)",
    "choice_b_chinese": "(e)(b)(a)(d)(g)(f)(c)",
    "choice_c_chinese": "(b)(g)(e)(a)(f)(d)(c)",
    "choice_d_chinese": "(a)(b)(e)(g)(d)(c)(f)",
    "choice_e_chinese": "(b)(e)(g)(a)(d)(c)(f)",
    "answer": "A",
    "reason_chinese": "正确顺序为：放松休息（11:39 - 11:51）、装饰画包装拆解（11:51 - 11:56）、吃午餐（12:09 - 12:33）、团队讨论（14:54 - 15:14）、超市采购（15:52 - 16:40）、闲聊与社交互动（17:59 - 18:03）、甜点制作（18:22 - 19:38）。干扰项：无，选项A符合正确顺序。",
    "question": "TASHA wants to organize the sequence of her activities from 11:30 to 18:30 on DAY5. Here are the events:  \na. Have lunch  \nb. Relax and rest  \nc. Make desserts  \nd. Go grocery shopping  \ne. Unpack decorative paintings  \nf. Chat and socialize  \ng. Team discussion  \nWhat is the correct chronological order?",
    "events_description": {
      "Relax and rest": "TASHA rests on the sofa, scrolling through short videos on her phone, during which she chats casually with a boy wearing a purple short-sleeved shirt and gray shorts. It is observed that a boy in a light pink short-sleeved shirt and jeans prepares a cup of coffee for TASHA. TASHA takes the coffee downstairs and retrieves ice cubes and milk from the fridge to add to the coffee. TASHA converses with a boy in a white short-sleeved shirt and white shorts, among others. TASHA takes the flowers from the dining table to the second floor.",
      "Disassembly of decorative painting packaging": "TASHA and a girl in a white top and gray casual pants unpack the decorative painting packaging at an outdoor dining table, checking the assembly instructions via phone and contacting the merchant's customer service. They repeatedly compare the parts with the diagram and discuss with the girl in the white top and gray casual pants.",
      "Casual socializing": "TASHA discusses with a boy wearing a purple short-sleeved shirt and gray shorts. TASHA chats with a girl in a red dress and others. TASHA patrols outdoors on the first floor. Before lunch, TASHA uses her phone to handle WeChat messages and lies in bed scrolling through short videos.",
      "having lunch": "TASHA shuttles between the kitchen and the living room, participating in the unboxing of AD calcium milk and the distribution of straws. She collaborates with a boy wearing a purple short-sleeved shirt and gray shorts to move beverages, while continuously handling table arrangements and engaging in related discussions.",
      "Team discussion": "TASHA actively participates in the whiteboard team discussion, assisting the girl in the dark blue dress in marking key milestones. She frequently checks her phone to supplement relevant information.",
      "Grocery shopping": "TASHA and the team members, including a boy in a purple short-sleeved shirt and gray shorts and a girl in a burgundy dress, conducted shopping in the supermarket. The process involved multiple sub-tasks such as device usage (checking Pinduoduo orders, communicating via WeChat), product quality assessment (repeatedly inspecting the durian), and team discussions (consulting with the boy in the purple short-sleeved shirt and gray shorts).",
      "Small talk and social interactions": "TASHA engages in casual conversation with team members at the dining table, having a pleasant exchange with the guy in a white top and white shorts. It's observed that the boy in a purple short-sleeve shirt and gray shorts is helping the girl in a burgundy dress repair her smart glasses.",
      "Preparation of dessert ingredients": "TASHA and team members worked in the kitchen handling baking ingredients, including unpacking starch from parcels, separating egg whites from yolks, and precisely measuring flour/sugar using a kitchen scale. Observed a male in a blue short-sleeve shirt and jeans continuously stirring the egg mixture, while another male in a purple short-sleeve shirt and gray shorts assisted in trimming baking molds. The process was intermittently interrupted by checking dessert tutorials on their phones.",
      "Dessert making": "TASHA took charge of whipping the cream and operating the oven, using a sieve to filter impurities from the egg mixture, and collaborated with a boy in a blue short-sleeve shirt and jeans to pour the mixture into an Earth-shaped mold. During the process, she placed a team food order via her phone, ultimately placed the mold into the oven, and cleaned the cooking utensils.",
      "Personal matters handling": "TASHA observed colleagues' cooking and equipment debugging activities in the living room and bedroom, while using WeChat for communication, browsing Moments, and operating mobile apps. Engaged in intermittent conversations with a boy wearing a purple short-sleeve shirt and gray shorts, and a boy dressed in a blue short-sleeve shirt with denim jeans."
    },
    "choice_a": "(b)(e)(a)(g)(d)(f)(c)",
    "choice_b": "(e)(b)(a)(d)(g)(f)(c)",
    "choice_c": "(b)(g)(e)(a)(f)(d)(c)",
    "choice_d": "(a)(b)(e)(g)(d)(c)(f)",
    "choice_e": "(a)(b)(c)(d)(e)(f)(g)",
    "reason": "The correct order is: Rest and relaxation (11:39 - 11:51), Unpacking decorative paintings (11:51 - 11:56), Lunch (12:09 - 12:33), Team discussion (14:54 - 15:14), Supermarket shopping (15:52 - 16:40), Casual chat and social interaction (17:59 - 18:03), Dessert preparation (18:22 - 19:38). Distraction: None, Option A matches the correct order."
  },
  {
    "question_chinese": "TASHA进行了超市采购，随后在餐桌旁闲聊，接着处理烘焙材料准备甜点食材，这些事件发生在什么时间段？",
    "events_description_chinese": {
      "放松休息": "TASHA在沙发上休息，刷手机短视频，期间与身穿紫色短袖灰色短裤的男生交谈闲聊。观察到浅粉色短袖牛仔裤的男生为TASHA泡了一杯咖啡，TASHA端着咖啡下楼从冰箱内取出冰块和牛奶加入咖啡中。TASHA和白色短袖白色短裤的男生等人闲聊。TASHA将餐桌上的花拿到二楼。",
      "装饰画包装拆解": "TASHA与身着白色上衣灰色休闲裤的女生在户外餐桌旁拆解装饰画包装，通过手机查看安装说明并联系商家客服。期间多次对比零件与图示，与身着白色上衣灰色休闲裤的女生讨论。",
      "休闲社交": "TASHA与身着紫色短袖灰色短裤的男生讨论。TASHA与身着红色连衣裙的女生等人闲聊。TASHA在一楼户外巡视。在午餐前TASHA使用手机处理微信消息，躺在卧室刷短视频。",
      "吃午餐": "TASHA在厨房与客厅间穿梭，参与AD钙奶拆箱、吸管分配等。与身穿紫色短袖灰色短裤的男生协作搬运饮料，期间持续处理餐桌布置并参与相关讨论。",
      "团队讨论": "TASHA深度参与白板前的团队讨论规划，协助身着深蓝色连衣裙的女生标注关键节点。期间多次查看手机补充相关信息。",
      "超市采购": "TASHA与身穿紫色短袖灰色短裤的男生、身着酒红色连衣裙的女生等团队成员在超市内进行采购。期间包含多次设备使用（查看拼多多订单、微信沟通）、商品质量评估（反复提起榴莲观察）、团队协商（与身穿紫色短袖灰色短裤的男生讨论）等子环节。",
      "闲聊与社交互动": "TASHA与团队成员在餐桌旁进行闲聊，TASHA和白色上衣白色短裤的男生进行了愉快的沟通。观察到身穿紫色短袖灰色短裤的男生在帮身着酒红色连衣裙的女生修复她的智能眼镜。",
      "甜点食材准备": "TASHA与团队成员在厨房处理烘焙材料，包括拆解快递中的淀粉、分离鸡蛋的蛋清蛋黄，使用厨房秤精确配比面粉/糖分。观察到身着蓝色短袖牛仔长裤的男生持续搅拌蛋液、身穿紫色短袖灰色短裤的男生协助裁剪烘焙模具，过程中穿插多次查看手机中的甜点教程。",
      "甜点制作": "TASHA主导奶油打发与烤箱操作，使用滤网过滤蛋液杂质，与身着蓝色短袖牛仔长裤的男生协作将混合物注入地球形状模具。期间通过手机完成团队外卖订购，最终将模具送入烤箱，并清理厨具。",
      "个人事务处理": "TASHA在客厅及房间内观察同事烹饪与设备调试活动，期间使用微信处理通讯、浏览朋友圈、操作手机应用。与身穿紫色短袖灰色短裤的男生、身着蓝色短袖牛仔长裤的男生进行间歇性对话。"
    },
    "choice_a_chinese": "DAY5: 15:00~18:00",
    "choice_b_chinese": "DAY5: 15:50~18:20",
    "choice_c_chinese": "DAY5: 15:52~18:22",
    "choice_d_chinese": "DAY5: 16:00~19:00",
    "choice_e_chinese": "DAY5: 17:00~19:30",
    "answer": "C",
    "reason_chinese": "超市采购（15:52 - 16:40）、闲聊与社交互动（17:59 - 18:03）、甜点食材准备（18:04 - 18:22），总时间跨度为15:52 - 18:22，与选项C匹配。",
    "question": "TASHA went grocery shopping, then chatted at the dining table, and later handled baking ingredients to prepare dessert materials. During what time period did these events occur?",
    "events_description": {
      "Relax and rest": "TASHA rests on the sofa, scrolling through short videos on her phone, during which she chats casually with a boy wearing a purple short-sleeved shirt and gray shorts. It is observed that a boy in a light pink short-sleeved shirt and jeans prepares a cup of coffee for TASHA. TASHA takes the coffee downstairs and retrieves ice cubes and milk from the fridge to add to the coffee. TASHA converses with a boy in a white short-sleeved shirt and white shorts, among others. TASHA takes the flowers from the dining table to the second floor.",
      "Disassembly of decorative painting packaging": "TASHA and a girl in a white top and gray casual pants unpack the decorative painting packaging at an outdoor dining table, checking the assembly instructions via phone and contacting the merchant's customer service. They repeatedly compare the parts with the diagram and discuss with the girl in the white top and gray casual pants.",
      "Casual socializing": "TASHA discusses with a boy wearing a purple short-sleeved shirt and gray shorts. TASHA chats with a girl in a red dress and others. TASHA patrols outdoors on the first floor. Before lunch, TASHA uses her phone to handle WeChat messages and lies in bed scrolling through short videos.",
      "having lunch": "TASHA shuttles between the kitchen and the living room, participating in the unboxing of AD calcium milk and the distribution of straws. She collaborates with a boy wearing a purple short-sleeved shirt and gray shorts to move beverages, while continuously handling table arrangements and engaging in related discussions.",
      "Team discussion": "TASHA actively participates in the whiteboard team discussion, assisting the girl in the dark blue dress in marking key milestones. She frequently checks her phone to supplement relevant information.",
      "Grocery shopping": "TASHA and the team members, including a boy in a purple short-sleeved shirt and gray shorts and a girl in a burgundy dress, conducted shopping in the supermarket. The process involved multiple sub-tasks such as device usage (checking Pinduoduo orders, communicating via WeChat), product quality assessment (repeatedly inspecting the durian), and team discussions (consulting with the boy in the purple short-sleeved shirt and gray shorts).",
      "Small talk and social interactions": "TASHA engages in casual conversation with team members at the dining table, having a pleasant exchange with the guy in a white top and white shorts. It's observed that the boy in a purple short-sleeve shirt and gray shorts is helping the girl in a burgundy dress repair her smart glasses.",
      "Preparation of dessert ingredients": "TASHA and team members worked in the kitchen handling baking ingredients, including unpacking starch from parcels, separating egg whites from yolks, and precisely measuring flour/sugar using a kitchen scale. Observed a male in a blue short-sleeve shirt and jeans continuously stirring the egg mixture, while another male in a purple short-sleeve shirt and gray shorts assisted in trimming baking molds. The process was intermittently interrupted by checking dessert tutorials on their phones.",
      "Dessert making": "TASHA took charge of whipping the cream and operating the oven, using a sieve to filter impurities from the egg mixture, and collaborated with a boy in a blue short-sleeve shirt and jeans to pour the mixture into an Earth-shaped mold. During the process, she placed a team food order via her phone, ultimately placed the mold into the oven, and cleaned the cooking utensils.",
      "Personal matters handling": "TASHA observed colleagues' cooking and equipment debugging activities in the living room and bedroom, while using WeChat for communication, browsing Moments, and operating mobile apps. Engaged in intermittent conversations with a boy wearing a purple short-sleeve shirt and gray shorts, and a boy dressed in a blue short-sleeve shirt with denim jeans."
    },
    "choice_a": "DAY5: 15:00~18:00",
    "choice_b": "DAY5: 15:50~18:20",
    "choice_c": "DAY5: 15:52~18:22",
    "choice_d": "DAY5: 16:00~19:00",
    "choice_e": "DAY5: 17:00~19:30",
    "reason": "Supermarket shopping (15:52 - 16:40), casual conversation and social interaction (17:59 - 18:03), dessert ingredient preparation (18:04 - 18:22). Total time span: 15:52 - 18:22, matching option C."
  },
  {
    "question_chinese": "TASHA记录了自己的一些活动，但忘记了对应的时间，活动序列：\n1. 装饰画包装拆解\n2. 团队讨论\n3. 甜点制作\n4. 个人事务处理\n时间选项：\na. 11:00~11:30\nb. 11:51~11:56\nc. 14:30~15:00\nd. 14:54~15:14\ne. 18:00~19:00\nf. 18:22~19:38\ng. 21:30~22:00\nh. 22:01~22:33",
    "events_description_chinese": {
      "放松休息": "TASHA在沙发上休息，刷手机短视频，期间与身穿紫色短袖灰色短裤的男生交谈闲聊。观察到浅粉色短袖牛仔裤的男生为TASHA泡了一杯咖啡，TASHA端着咖啡下楼从冰箱内取出冰块和牛奶加入咖啡中。TASHA和白色短袖白色短裤的男生等人闲聊。TASHA将餐桌上的花拿到二楼。",
      "装饰画包装拆解": "TASHA与身着白色上衣灰色休闲裤的女生在户外餐桌旁拆解装饰画包装，通过手机查看安装说明并联系商家客服。期间多次对比零件与图示，与身着白色上衣灰色休闲裤的女生讨论。",
      "休闲社交": "TASHA与身着紫色短袖灰色短裤的男生讨论。TASHA与身着红色连衣裙的女生等人闲聊。TASHA在一楼户外巡视。在午餐前TASHA使用手机处理微信消息，躺在卧室刷短视频。",
      "吃午餐": "TASHA在厨房与客厅间穿梭，参与AD钙奶拆箱、吸管分配等。与身穿紫色短袖灰色短裤的男生协作搬运饮料，期间持续处理餐桌布置并参与相关讨论。",
      "团队讨论": "TASHA深度参与白板前的团队讨论规划，协助身着深蓝色连衣裙的女生标注关键节点。期间多次查看手机补充相关信息。",
      "超市采购": "TASHA与身穿紫色短袖灰色短裤的男生、身着酒红色连衣裙的女生等团队成员在超市内进行采购。期间包含多次设备使用（查看拼多多订单、微信沟通）、商品质量评估（反复提起榴莲观察）、团队协商（与身穿紫色短袖灰色短裤的男生讨论）等子环节。",
      "闲聊与社交互动": "TASHA与团队成员在餐桌旁进行闲聊，TASHA和白色上衣白色短裤的男生进行了愉快的沟通。观察到身穿紫色短袖灰色短裤的男生在帮身着酒红色连衣裙的女生修复她的智能眼镜。",
      "甜点食材准备": "TASHA与团队成员在厨房处理烘焙材料，包括拆解快递中的淀粉、分离鸡蛋的蛋清蛋黄，使用厨房秤精确配比面粉/糖分。观察到身着蓝色短袖牛仔长裤的男生持续搅拌蛋液、身穿紫色短袖灰色短裤的男生协助裁剪烘焙模具，过程中穿插多次查看手机中的甜点教程。",
      "甜点制作": "TASHA主导奶油打发与烤箱操作，使用滤网过滤蛋液杂质，与身着蓝色短袖牛仔长裤的男生协作将混合物注入地球形状模具。期间通过手机完成团队外卖订购，最终将模具送入烤箱，并清理厨具。",
      "个人事务处理": "TASHA在客厅及房间内观察同事烹饪与设备调试活动，期间使用微信处理通讯、浏览朋友圈、操作手机应用。与身穿紫色短袖灰色短裤的男生、身着蓝色短袖牛仔长裤的男生进行间歇性对话。"
    },
    "choice_a_chinese": "1→a / 2→c / 3→e / 4→h",
    "choice_b_chinese": "1→b / 2→d / 3→f / 4→h",
    "choice_c_chinese": "1→b / 2→e / 3→f / 4→g",
    "choice_d_chinese": "1→c / 2→d / 3→e / 4→h",
    "answer": "B",
    "reason_chinese": "装饰画包装拆解（11:51 - 11:56）对应b；团队讨论（14:54 - 15:14）对应d；甜点制作（18:22 - 19:38）对应f；个人事务处理（22:01 - 22:33）对应h。所以选项B正确。",
    "question": "TASHA recorded some of her activities but forgot the corresponding times. The sequence of activities is as follows:  \n1. Unpacking decorative paintings  \n2. Team discussion  \n3. Dessert preparation  \n4. Handling personal matters  \n\nTime options:  \na. 11:00~11:30  \nb. 11:51~11:56  \nc. 14:30~15:00  \nd. 14:54~15:14  \ne. 18:00~19:00  \nf. 18:22~19:38  \ng. 21:30~22:00  \nh. 22:01~22:33",
    "events_description": {
      "Relax and rest": "TASHA rests on the sofa, scrolling through short videos on her phone, during which she chats casually with a boy wearing a purple short-sleeved shirt and gray shorts. It is observed that a boy in a light pink short-sleeved shirt and jeans prepares a cup of coffee for TASHA. TASHA takes the coffee downstairs and retrieves ice cubes and milk from the fridge to add to the coffee. TASHA converses with a boy in a white short-sleeved shirt and white shorts, among others. TASHA takes the flowers from the dining table to the second floor.",
      "Disassembly of decorative painting packaging": "TASHA and a girl in a white top and gray casual pants unpack the decorative painting packaging at an outdoor dining table, checking the assembly instructions via phone and contacting the merchant's customer service. They repeatedly compare the parts with the diagram and discuss with the girl in the white top and gray casual pants.",
      "Casual socializing": "TASHA discusses with a boy wearing a purple short-sleeved shirt and gray shorts. TASHA chats with a girl in a red dress and others. TASHA patrols outdoors on the first floor. Before lunch, TASHA uses her phone to handle WeChat messages and lies in bed scrolling through short videos.",
      "having lunch": "TASHA shuttles between the kitchen and the living room, participating in the unboxing of AD calcium milk and the distribution of straws. She collaborates with a boy wearing a purple short-sleeved shirt and gray shorts to move beverages, while continuously handling table arrangements and engaging in related discussions.",
      "Team discussion": "TASHA actively participates in the whiteboard team discussion, assisting the girl in the dark blue dress in marking key milestones. She frequently checks her phone to supplement relevant information.",
      "Grocery shopping": "TASHA and the team members, including a boy in a purple short-sleeved shirt and gray shorts and a girl in a burgundy dress, conducted shopping in the supermarket. The process involved multiple sub-tasks such as device usage (checking Pinduoduo orders, communicating via WeChat), product quality assessment (repeatedly inspecting the durian), and team discussions (consulting with the boy in the purple short-sleeved shirt and gray shorts).",
      "Small talk and social interactions": "TASHA engages in casual conversation with team members at the dining table, having a pleasant exchange with the guy in a white top and white shorts. It's observed that the boy in a purple short-sleeve shirt and gray shorts is helping the girl in a burgundy dress repair her smart glasses.",
      "Preparation of dessert ingredients": "TASHA and team members worked in the kitchen handling baking ingredients, including unpacking starch from parcels, separating egg whites from yolks, and precisely measuring flour/sugar using a kitchen scale. Observed a male in a blue short-sleeve shirt and jeans continuously stirring the egg mixture, while another male in a purple short-sleeve shirt and gray shorts assisted in trimming baking molds. The process was intermittently interrupted by checking dessert tutorials on their phones.",
      "Dessert making": "TASHA took charge of whipping the cream and operating the oven, using a sieve to filter impurities from the egg mixture, and collaborated with a boy in a blue short-sleeve shirt and jeans to pour the mixture into an Earth-shaped mold. During the process, she placed a team food order via her phone, ultimately placed the mold into the oven, and cleaned the cooking utensils.",
      "Personal matters handling": "TASHA observed colleagues' cooking and equipment debugging activities in the living room and bedroom, while using WeChat for communication, browsing Moments, and operating mobile apps. Engaged in intermittent conversations with a boy wearing a purple short-sleeve shirt and gray shorts, and a boy dressed in a blue short-sleeve shirt with denim jeans."
    },
    "choice_a": "1→a / 2→c / 3→e / 4→h",
    "choice_b": "1→b / 2→d / 3→f / 4→h",
    "choice_c": "1→b / 2→e / 3→f / 4→g",
    "choice_d": "1→c / 2→d / 3→e / 4→h",
    "reason": "Decorative painting unpacking (11:51 - 11:56) corresponds to b; team discussion (14:54 - 15:14) corresponds to d; dessert making (18:22 - 19:38) corresponds to f; personal errands (22:01 - 22:33) corresponds to h. So option B is correct."
  },
  {
    "question_chinese": "TASHA在进行完团队讨论后，紧接着进行了哪两个活动？",
    "events_description_chinese": {
      "放松休息": "TASHA在沙发上休息，刷手机短视频，期间与身穿紫色短袖灰色短裤的男生交谈闲聊。观察到浅粉色短袖牛仔裤的男生为TASHA泡了一杯咖啡，TASHA端着咖啡下楼从冰箱内取出冰块和牛奶加入咖啡中。TASHA和白色短袖白色短裤的男生等人闲聊。TASHA将餐桌上的花拿到二楼。",
      "装饰画包装拆解": "TASHA与身着白色上衣灰色休闲裤的女生在户外餐桌旁拆解装饰画包装，通过手机查看安装说明并联系商家客服。期间多次对比零件与图示，与身着白色上衣灰色休闲裤的女生讨论。",
      "休闲社交": "TASHA与身着紫色短袖灰色短裤的男生讨论。TASHA与身着红色连衣裙的女生等人闲聊。TASHA在一楼户外巡视。在午餐前TASHA使用手机处理微信消息，躺在卧室刷短视频。",
      "吃午餐": "TASHA在厨房与客厅间穿梭，参与AD钙奶拆箱、吸管分配等。与身穿紫色短袖灰色短裤的男生协作搬运饮料，期间持续处理餐桌布置并参与相关讨论。",
      "团队讨论": "TASHA深度参与白板前的团队讨论规划，协助身着深蓝色连衣裙的女生标注关键节点。期间多次查看手机补充相关信息。",
      "超市采购": "TASHA与身穿紫色短袖灰色短裤的男生、身着酒红色连衣裙的女生等团队成员在超市内进行采购。期间包含多次设备使用（查看拼多多订单、微信沟通）、商品质量评估（反复提起榴莲观察）、团队协商（与身穿紫色短袖灰色短裤的男生讨论）等子环节。",
      "闲聊与社交互动": "TASHA与团队成员在餐桌旁进行闲聊，TASHA和白色上衣白色短裤的男生进行了愉快的沟通。观察到身穿紫色短袖灰色短裤的男生在帮身着酒红色连衣裙的女生修复她的智能眼镜。",
      "甜点食材准备": "TASHA与团队成员在厨房处理烘焙材料，包括拆解快递中的淀粉、分离鸡蛋的蛋清蛋黄，使用厨房秤精确配比面粉/糖分。观察到身着蓝色短袖牛仔长裤的男生持续搅拌蛋液、身穿紫色短袖灰色短裤的男生协助裁剪烘焙模具，过程中穿插多次查看手机中的甜点教程。",
      "甜点制作": "TASHA主导奶油打发与烤箱操作，使用滤网过滤蛋液杂质，与身着蓝色短袖牛仔长裤的男生协作将混合物注入地球形状模具。期间通过手机完成团队外卖订购，最终将模具送入烤箱，并清理厨具。",
      "个人事务处理": "TASHA在客厅及房间内观察同事烹饪与设备调试活动，期间使用微信处理通讯、浏览朋友圈、操作手机应用。与身穿紫色短袖灰色短裤的男生、身着蓝色短袖牛仔长裤的男生进行间歇性对话。"
    },
    "choice_a_chinese": "超市采购 → 闲聊与社交互动",
    "choice_b_chinese": "装饰画包装拆解 → 吃午餐",
    "choice_c_chinese": "甜点食材准备 → 甜点制作",
    "choice_d_chinese": "放松休息 → 装饰画包装拆解",
    "answer": "A",
    "reason_chinese": "团队讨论（14:54 - 15:14）之后，依次进行的是超市采购（15:52 - 16:40）和闲聊与社交互动（17:59 - 18:03），所以答案是A。",
    "question": "After the team discussion, what two activities did TASHA proceed with?",
    "events_description": {
      "Relax and rest": "TASHA rests on the sofa, scrolling through short videos on her phone, during which she chats casually with a boy wearing a purple short-sleeved shirt and gray shorts. It is observed that a boy in a light pink short-sleeved shirt and jeans prepares a cup of coffee for TASHA. TASHA takes the coffee downstairs and retrieves ice cubes and milk from the fridge to add to the coffee. TASHA converses with a boy in a white short-sleeved shirt and white shorts, among others. TASHA takes the flowers from the dining table to the second floor.",
      "Disassembly of decorative painting packaging": "TASHA and a girl in a white top and gray casual pants unpack the decorative painting packaging at an outdoor dining table, checking the assembly instructions via phone and contacting the merchant's customer service. They repeatedly compare the parts with the diagram and discuss with the girl in the white top and gray casual pants.",
      "Casual socializing": "TASHA discusses with a boy wearing a purple short-sleeved shirt and gray shorts. TASHA chats with a girl in a red dress and others. TASHA patrols outdoors on the first floor. Before lunch, TASHA uses her phone to handle WeChat messages and lies in bed scrolling through short videos.",
      "having lunch": "TASHA shuttles between the kitchen and the living room, participating in the unboxing of AD calcium milk and the distribution of straws. She collaborates with a boy wearing a purple short-sleeved shirt and gray shorts to move beverages, while continuously handling table arrangements and engaging in related discussions.",
      "Team discussion": "TASHA actively participates in the whiteboard team discussion, assisting the girl in the dark blue dress in marking key milestones. She frequently checks her phone to supplement relevant information.",
      "Grocery shopping": "TASHA and the team members, including a boy in a purple short-sleeved shirt and gray shorts and a girl in a burgundy dress, conducted shopping in the supermarket. The process involved multiple sub-tasks such as device usage (checking Pinduoduo orders, communicating via WeChat), product quality assessment (repeatedly inspecting the durian), and team discussions (consulting with the boy in the purple short-sleeved shirt and gray shorts).",
      "Small talk and social interactions": "TASHA engages in casual conversation with team members at the dining table, having a pleasant exchange with the guy in a white top and white shorts. It's observed that the boy in a purple short-sleeve shirt and gray shorts is helping the girl in a burgundy dress repair her smart glasses.",
      "Preparation of dessert ingredients": "TASHA and team members worked in the kitchen handling baking ingredients, including unpacking starch from parcels, separating egg whites from yolks, and precisely measuring flour/sugar using a kitchen scale. Observed a male in a blue short-sleeve shirt and jeans continuously stirring the egg mixture, while another male in a purple short-sleeve shirt and gray shorts assisted in trimming baking molds. The process was intermittently interrupted by checking dessert tutorials on their phones.",
      "Dessert making": "TASHA took charge of whipping the cream and operating the oven, using a sieve to filter impurities from the egg mixture, and collaborated with a boy in a blue short-sleeve shirt and jeans to pour the mixture into an Earth-shaped mold. During the process, she placed a team food order via her phone, ultimately placed the mold into the oven, and cleaned the cooking utensils.",
      "Personal matters handling": "TASHA observed colleagues' cooking and equipment debugging activities in the living room and bedroom, while using WeChat for communication, browsing Moments, and operating mobile apps. Engaged in intermittent conversations with a boy wearing a purple short-sleeve shirt and gray shorts, and a boy dressed in a blue short-sleeve shirt with denim jeans."
    },
    "choice_a": "Supermarket shopping → Casual conversations and social interactions",
    "choice_b": "Decorative painting packaging breakdown → Lunch break",
    "choice_c": "Dessert Ingredients Preparation → Dessert Making",
    "choice_d": "Relax and unwind → Unpacking the decorative paintings",
    "reason": "After the team discussion (14:54 - 15:14), the subsequent activities were supermarket shopping (15:52 - 16:40) and casual chat with social interaction (17:59 - 18:03), so the answer is A."
  },
  {
    "question_chinese": "TASHA描述自己的活动顺序为：吃午餐、团队讨论、装饰画包装拆解、超市采购，这个顺序存在错误。正确的序列和错误分析是？",
    "events_description_chinese": {
      "放松休息": "TASHA在沙发上休息，刷手机短视频，期间与身穿紫色短袖灰色短裤的男生交谈闲聊。观察到浅粉色短袖牛仔裤的男生为TASHA泡了一杯咖啡，TASHA端着咖啡下楼从冰箱内取出冰块和牛奶加入咖啡中。TASHA和白色短袖白色短裤的男生等人闲聊。TASHA将餐桌上的花拿到二楼。",
      "装饰画包装拆解": "TASHA与身着白色上衣灰色休闲裤的女生在户外餐桌旁拆解装饰画包装，通过手机查看安装说明并联系商家客服。期间多次对比零件与图示，与身着白色上衣灰色休闲裤的女生讨论。",
      "休闲社交": "TASHA与身着紫色短袖灰色短裤的男生讨论。TASHA与身着红色连衣裙的女生等人闲聊。TASHA在一楼户外巡视。在午餐前TASHA使用手机处理微信消息，躺在卧室刷短视频。",
      "吃午餐": "TASHA在厨房与客厅间穿梭，参与AD钙奶拆箱、吸管分配等。与身穿紫色短袖灰色短裤的男生协作搬运饮料，期间持续处理餐桌布置并参与相关讨论。",
      "团队讨论": "TASHA深度参与白板前的团队讨论规划，协助身着深蓝色连衣裙的女生标注关键节点。期间多次查看手机补充相关信息。",
      "超市采购": "TASHA与身穿紫色短袖灰色短裤的男生、身着酒红色连衣裙的女生等团队成员在超市内进行采购。期间包含多次设备使用（查看拼多多订单、微信沟通）、商品质量评估（反复提起榴莲观察）、团队协商（与身穿紫色短袖灰色短裤的男生讨论）等子环节。",
      "闲聊与社交互动": "TASHA与团队成员在餐桌旁进行闲聊，TASHA和白色上衣白色短裤的男生进行了愉快的沟通。观察到身穿紫色短袖灰色短裤的男生在帮身着酒红色连衣裙的女生修复她的智能眼镜。",
      "甜点食材准备": "TASHA与团队成员在厨房处理烘焙材料，包括拆解快递中的淀粉、分离鸡蛋的蛋清蛋黄，使用厨房秤精确配比面粉/糖分。观察到身着蓝色短袖牛仔长裤的男生持续搅拌蛋液、身穿紫色短袖灰色短裤的男生协助裁剪烘焙模具，过程中穿插多次查看手机中的甜点教程。",
      "甜点制作": "TASHA主导奶油打发与烤箱操作，使用滤网过滤蛋液杂质，与身着蓝色短袖牛仔长裤的男生协作将混合物注入地球形状模具。期间通过手机完成团队外卖订购，最终将模具送入烤箱，并清理厨具。",
      "个人事务处理": "TASHA在客厅及房间内观察同事烹饪与设备调试活动，期间使用微信处理通讯、浏览朋友圈、操作手机应用。与身穿紫色短袖灰色短裤的男生、身着蓝色短袖牛仔长裤的男生进行间歇性对话。"
    },
    "choice_a_chinese": "正确序列：装饰画包装拆解、吃午餐、团队讨论、超市采购 错误原因：‘吃午餐’和‘装饰画包装拆解’顺序颠倒",
    "choice_b_chinese": "正确序列：放松休息、装饰画包装拆解、吃午餐、团队讨论、超市采购 错误原因：遗漏‘放松休息’，且顺序错误",
    "choice_c_chinese": "正确序列：装饰画包装拆解、团队讨论、吃午餐、超市采购 错误原因：‘团队讨论’和‘吃午餐’顺序错误",
    "choice_d_chinese": "正确序列：吃午餐、装饰画包装拆解、团队讨论、超市采购 错误原因：‘装饰画包装拆解’顺序错误",
    "answer": "B",
    "reason_chinese": "正确顺序应为：放松休息（11:39 - 11:51）、装饰画包装拆解（11:51 - 11:56）、吃午餐（12:09 - 12:33）、团队讨论（14:54 - 15:14）、超市采购（15:52 - 16:40），选项B指出的错误原因与正确序列相符。",
    "question": "TASHA describes her activity sequence as: having lunch, team discussion, unwrapping decorative paintings, and supermarket shopping. This order contains inaccuracies. What is the correct sequence and error analysis?",
    "events_description": {
      "Relax and rest": "TASHA rests on the sofa, scrolling through short videos on her phone, during which she chats casually with a boy wearing a purple short-sleeved shirt and gray shorts. It is observed that a boy in a light pink short-sleeved shirt and jeans prepares a cup of coffee for TASHA. TASHA takes the coffee downstairs and retrieves ice cubes and milk from the fridge to add to the coffee. TASHA converses with a boy in a white short-sleeved shirt and white shorts, among others. TASHA takes the flowers from the dining table to the second floor.",
      "Disassembly of decorative painting packaging": "TASHA and a girl in a white top and gray casual pants unpack the decorative painting packaging at an outdoor dining table, checking the assembly instructions via phone and contacting the merchant's customer service. They repeatedly compare the parts with the diagram and discuss with the girl in the white top and gray casual pants.",
      "Casual socializing": "TASHA discusses with a boy wearing a purple short-sleeved shirt and gray shorts. TASHA chats with a girl in a red dress and others. TASHA patrols outdoors on the first floor. Before lunch, TASHA uses her phone to handle WeChat messages and lies in bed scrolling through short videos.",
      "having lunch": "TASHA shuttles between the kitchen and the living room, participating in the unboxing of AD calcium milk and the distribution of straws. She collaborates with a boy wearing a purple short-sleeved shirt and gray shorts to move beverages, while continuously handling table arrangements and engaging in related discussions.",
      "Team discussion": "TASHA actively participates in the whiteboard team discussion, assisting the girl in the dark blue dress in marking key milestones. She frequently checks her phone to supplement relevant information.",
      "Grocery shopping": "TASHA and the team members, including a boy in a purple short-sleeved shirt and gray shorts and a girl in a burgundy dress, conducted shopping in the supermarket. The process involved multiple sub-tasks such as device usage (checking Pinduoduo orders, communicating via WeChat), product quality assessment (repeatedly inspecting the durian), and team discussions (consulting with the boy in the purple short-sleeved shirt and gray shorts).",
      "Small talk and social interactions": "TASHA engages in casual conversation with team members at the dining table, having a pleasant exchange with the guy in a white top and white shorts. It's observed that the boy in a purple short-sleeve shirt and gray shorts is helping the girl in a burgundy dress repair her smart glasses.",
      "Preparation of dessert ingredients": "TASHA and team members worked in the kitchen handling baking ingredients, including unpacking starch from parcels, separating egg whites from yolks, and precisely measuring flour/sugar using a kitchen scale. Observed a male in a blue short-sleeve shirt and jeans continuously stirring the egg mixture, while another male in a purple short-sleeve shirt and gray shorts assisted in trimming baking molds. The process was intermittently interrupted by checking dessert tutorials on their phones.",
      "Dessert making": "TASHA took charge of whipping the cream and operating the oven, using a sieve to filter impurities from the egg mixture, and collaborated with a boy in a blue short-sleeve shirt and jeans to pour the mixture into an Earth-shaped mold. During the process, she placed a team food order via her phone, ultimately placed the mold into the oven, and cleaned the cooking utensils.",
      "Personal matters handling": "TASHA observed colleagues' cooking and equipment debugging activities in the living room and bedroom, while using WeChat for communication, browsing Moments, and operating mobile apps. Engaged in intermittent conversations with a boy wearing a purple short-sleeve shirt and gray shorts, and a boy dressed in a blue short-sleeve shirt with denim jeans."
    },
    "choice_a": "Correct sequence: Unpacking decorative paintings, Lunch break, Team discussion, Supermarket shopping  \nError reason: The order of \"Lunch break\" and \"Unpacking decorative paintings\" was reversed",
    "choice_b": "Correct sequence: Relax, Unpack decorative paintings, Have lunch, Team discussion, Supermarket shopping  \nError reason: \"Relax\" was omitted and the order was incorrect",
    "choice_c": "Correct sequence: Unpacking decorative paintings, Team discussion, Having lunch, Supermarket shopping  \nError reason: 'Team discussion' and 'Having lunch' are in the wrong order",
    "choice_d": "Correct sequence: Lunch, Unpacking decorative paintings, Team discussion, Supermarket shopping  \nError reason: Incorrect order of 'Unpacking decorative paintings'",
    "reason": "The correct sequence should be: Rest and relaxation (11:39 - 11:51), Unpacking decorative paintings (11:51 - 11:56), Eating lunch (12:09 - 12:33), Team discussion (14:54 - 15:14), Supermarket shopping (15:52 - 16:40). The error reason pointed out in option B matches the correct sequence."
  },
  {
    "question_chinese": "TASHA在DAY5的活动序列部分内容被遮盖：[放松休息] → (?) → [休闲社交] → (?) → [超市采购] 。请从下列选项中按顺序补全缺失环节：\n备选事件：\n装饰画包装拆解\n吃午餐\n团队讨论\n甜点食材准备\n闲聊与社交互动",
    "events_description_chinese": {
      "放松休息": "TASHA在沙发上休息，刷手机短视频，期间与身穿紫色短袖灰色短裤的男生交谈闲聊。观察到浅粉色短袖牛仔裤的男生为TASHA泡了一杯咖啡，TASHA端着咖啡下楼从冰箱内取出冰块和牛奶加入咖啡中。TASHA和白色短袖白色短裤的男生等人闲聊。TASHA将餐桌上的花拿到二楼。",
      "装饰画包装拆解": "TASHA与身着白色上衣灰色休闲裤的女生在户外餐桌旁拆解装饰画包装，通过手机查看安装说明并联系商家客服。期间多次对比零件与图示，与身着白色上衣灰色休闲裤的女生讨论。",
      "休闲社交": "TASHA与身着紫色短袖灰色短裤的男生讨论。TASHA与身着红色连衣裙的女生等人闲聊。TASHA在一楼户外巡视。在午餐前TASHA使用手机处理微信消息，躺在卧室刷短视频。",
      "吃午餐": "TASHA在厨房与客厅间穿梭，参与AD钙奶拆箱、吸管分配等。与身穿紫色短袖灰色短裤的男生协作搬运饮料，期间持续处理餐桌布置并参与相关讨论。",
      "团队讨论": "TASHA深度参与白板前的团队讨论规划，协助身着深蓝色连衣裙的女生标注关键节点。期间多次查看手机补充相关信息。",
      "超市采购": "TASHA与身穿紫色短袖灰色短裤的男生、身着酒红色连衣裙的女生等团队成员在超市内进行采购。期间包含多次设备使用（查看拼多多订单、微信沟通）、商品质量评估（反复提起榴莲观察）、团队协商（与身穿紫色短袖灰色短裤的男生讨论）等子环节。",
      "闲聊与社交互动": "TASHA与团队成员在餐桌旁进行闲聊，TASHA和白色上衣白色短裤的男生进行了愉快的沟通。观察到身穿紫色短袖灰色短裤的男生在帮身着酒红色连衣裙的女生修复她的智能眼镜。",
      "甜点食材准备": "TASHA与团队成员在厨房处理烘焙材料，包括拆解快递中的淀粉、分离鸡蛋的蛋清蛋黄，使用厨房秤精确配比面粉/糖分。观察到身着蓝色短袖牛仔长裤的男生持续搅拌蛋液、身穿紫色短袖灰色短裤的男生协助裁剪烘焙模具，过程中穿插多次查看手机中的甜点教程。",
      "甜点制作": "TASHA主导奶油打发与烤箱操作，使用滤网过滤蛋液杂质，与身着蓝色短袖牛仔长裤的男生协作将混合物注入地球形状模具。期间通过手机完成团队外卖订购，最终将模具送入烤箱，并清理厨具。",
      "个人事务处理": "TASHA在客厅及房间内观察同事烹饪与设备调试活动，期间使用微信处理通讯、浏览朋友圈、操作手机应用。与身穿紫色短袖灰色短裤的男生、身着蓝色短袖牛仔长裤的男生进行间歇性对话。"
    },
    "choice_a_chinese": "装饰画包装拆解、吃午餐",
    "choice_b_chinese": "吃午餐、团队讨论",
    "choice_c_chinese": "团队讨论、甜点食材准备",
    "choice_d_chinese": "闲聊与社交互动、装饰画包装拆解",
    "answer": "A",
    "reason_chinese": "正确顺序为：放松休息（11:39 - 11:51）、装饰画包装拆解（11:51 - 11:56）、休闲社交（11:56 - 12:08）、吃午餐（12:09 - 12:33）、超市采购（15:52 - 16:40），所以应选A。",
    "question": "A portion of TASHA's activity sequence on DAY5 was obscured: [Relaxation] → (?) → [Leisure and Socializing] → (?) → [Supermarket Shopping]. Please fill in the missing steps in order from the following options:  \nCandidate events:  \nUnpacking decorative paintings  \nHaving lunch  \nTeam discussion  \nPreparing dessert ingredients  \nCasual chatting and social interaction",
    "events_description": {
      "Relax and rest": "TASHA rests on the sofa, scrolling through short videos on her phone, during which she chats casually with a boy wearing a purple short-sleeved shirt and gray shorts. It is observed that a boy in a light pink short-sleeved shirt and jeans prepares a cup of coffee for TASHA. TASHA takes the coffee downstairs and retrieves ice cubes and milk from the fridge to add to the coffee. TASHA converses with a boy in a white short-sleeved shirt and white shorts, among others. TASHA takes the flowers from the dining table to the second floor.",
      "Disassembly of decorative painting packaging": "TASHA and a girl in a white top and gray casual pants unpack the decorative painting packaging at an outdoor dining table, checking the assembly instructions via phone and contacting the merchant's customer service. They repeatedly compare the parts with the diagram and discuss with the girl in the white top and gray casual pants.",
      "Casual socializing": "TASHA discusses with a boy wearing a purple short-sleeved shirt and gray shorts. TASHA chats with a girl in a red dress and others. TASHA patrols outdoors on the first floor. Before lunch, TASHA uses her phone to handle WeChat messages and lies in bed scrolling through short videos.",
      "having lunch": "TASHA shuttles between the kitchen and the living room, participating in the unboxing of AD calcium milk and the distribution of straws. She collaborates with a boy wearing a purple short-sleeved shirt and gray shorts to move beverages, while continuously handling table arrangements and engaging in related discussions.",
      "Team discussion": "TASHA actively participates in the whiteboard team discussion, assisting the girl in the dark blue dress in marking key milestones. She frequently checks her phone to supplement relevant information.",
      "Grocery shopping": "TASHA and the team members, including a boy in a purple short-sleeved shirt and gray shorts and a girl in a burgundy dress, conducted shopping in the supermarket. The process involved multiple sub-tasks such as device usage (checking Pinduoduo orders, communicating via WeChat), product quality assessment (repeatedly inspecting the durian), and team discussions (consulting with the boy in the purple short-sleeved shirt and gray shorts).",
      "Small talk and social interactions": "TASHA engages in casual conversation with team members at the dining table, having a pleasant exchange with the guy in a white top and white shorts. It's observed that the boy in a purple short-sleeve shirt and gray shorts is helping the girl in a burgundy dress repair her smart glasses.",
      "Preparation of dessert ingredients": "TASHA and team members worked in the kitchen handling baking ingredients, including unpacking starch from parcels, separating egg whites from yolks, and precisely measuring flour/sugar using a kitchen scale. Observed a male in a blue short-sleeve shirt and jeans continuously stirring the egg mixture, while another male in a purple short-sleeve shirt and gray shorts assisted in trimming baking molds. The process was intermittently interrupted by checking dessert tutorials on their phones.",
      "Dessert making": "TASHA took charge of whipping the cream and operating the oven, using a sieve to filter impurities from the egg mixture, and collaborated with a boy in a blue short-sleeve shirt and jeans to pour the mixture into an Earth-shaped mold. During the process, she placed a team food order via her phone, ultimately placed the mold into the oven, and cleaned the cooking utensils.",
      "Personal matters handling": "TASHA observed colleagues' cooking and equipment debugging activities in the living room and bedroom, while using WeChat for communication, browsing Moments, and operating mobile apps. Engaged in intermittent conversations with a boy wearing a purple short-sleeve shirt and gray shorts, and a boy dressed in a blue short-sleeve shirt with denim jeans."
    },
    "choice_a": "Unpacking decorative paintings, having lunch",
    "choice_b": "Having lunch, team discussion",
    "choice_c": "Team discussion, dessert ingredient preparation",
    "choice_d": "Casual conversation and social interaction, unpacking decorative painting packaging",
    "reason": "The correct sequence is: Rest and relaxation (11:39 - 11:51), Unpacking decorative paintings (11:51 - 11:56), Leisure and socializing (11:56 - 12:08), Lunch (12:09 - 12:33), Supermarket shopping (15:52 - 16:40). Therefore, option A should be selected."
  }
]