[
  {
    "question_chinese": "有人询问LUCIA在DAY1的11:00到21:00之间都做了以下活动中的哪些：\na. 设备组装与介绍\nb. 点外卖与午餐准备\nc. 超市采购\nd. 制作纸杯蛋糕\ne. 厨房用品收纳整理\nf. 团队讨论与物品整理\n如果LUCIA想要按照正确的时间顺序回答，LUCIA应该回答下列选项中的哪一个？",
    "events_description_chinese": {
      "设备组装与介绍": "LUCIA参与电子设备组装流程，协助身着白色上衣灰蓝色裙子的女生正确组装零件。LUCIA和身着浅橙色短袖灰色长裤的男生一起在房间门口听身着蓝色短袖灰色短裤的男生对设备进行介绍。",
      "团队讨论与物品整理": "LUCIA和团队成员一起进行讨论，观察到身着浅橙色短袖灰色长裤的男生在白板上对讨论内容进行记录。期间观察到身着白色上衣蓝灰色裙子的女生在对鲜花进行整理，身着白色短袖蓝色牛仔裤的女生对卡片进行整理。",
      "合作完成拼图": "LUCIA与身着黑色上衣的女生以及身着白色上衣灰蓝色裙子的女生等人持续进行拼图协作，期间经历多次试错，最终完成包含动物图案的完整拼图并固定于底盘。",
      "厨房用品收纳整理": "LUCIA深度参与厨房用品收纳整理工作，包含拆解搅拌机刀片、组装分层模具、整理包装废弃物等操作，期间与身着白色上衣蓝灰色裙子的女生以及身着黑色外套蓝色牛仔裤的女生等人进行协作，最终完成厨房用品的收纳整理。",
      "点外卖与午餐准备": "LUCIA使用身穿蓝色短袖灰色短裤的男生的手机选择外卖，等待外卖送达的过程中参与团队讨论、物品收纳等工作，观察到身穿白色短袖蓝色牛仔裤的女生在白板上对讨论内容进行记录。外卖送达后，LUCIA与团队成员一起对户外庭院的桌椅进行清理并进行分发。",
      "超市采购": "LUCIA与身穿黑白格子外套的女生、身穿牛仔外套灰色长裤的男生组成采购小组，在超市内与其他团队成员分头挑选气泡酒、速溶咖啡、牛肉卷及火锅蘸料等物品。",
      "食材运输与收纳": "LUCI与团队成员一起打车将采购的食材运回住所，在住处厨房与团队成员共同拆解购物袋，将肉类、蔬菜、饮料等分类存放并对开放式厨房区域进行整理。",
      "外卖选购": "LUCIA与身穿白色上衣灰蓝色裙子的女生等人使用手机外卖应用挑选晚餐。随后手部清洁后参与厨房准备工作，包括清洗厨具、处理鸡蛋分离、协助准备烘焙材料等。",
      "制作纸杯蛋糕": "LUCIA参与烘焙流程，包含蛋清打发、面糊调配、烤箱预热监控等环节。在制作过程中，LUCIA与身穿白色上衣蓝色牛仔裤的女生等人进行协作，清洗处理草莓、添加奶油，最终完成纸杯蛋糕的制作，并和团队成员一起品尝。",
      "休闲聊天": "LUCIA餐后使用手机浏览社交媒体，期间与身穿白色上衣蓝灰色裙子的女生等人进行轻松聊天。收拾整理洗衣机周围区域，查看洗衣机状况"
    },
    "choice_a_chinese": "(a)(f)(e)(b)(c)(d)",
    "choice_b_chinese": "(f)(a)(b)(e)(d)(c)",
    "choice_c_chinese": "(a)(e)(f)(c)(d)(b)",
    "choice_d_chinese": "(f)(a)(e)(c)(b)(d)",
    "choice_e_chinese": "(a)(f)(b)(e)(c)(d)",
    "answer": "A",
    "reason_chinese": "正确顺序为：设备组装与介绍（11:09 - 11:24）、团队讨论与物品整理（11:24 - 12:26）、厨房用品收纳整理（13:24 - 13:45）、点外卖与午餐准备（13:45 - 14:18）、超市采购（17:19 - 18:28）、制作纸杯蛋糕（21:27 - 21:53）。干扰选项分析：选项B顺序错误；选项C中团队讨论与物品整理顺序错误；选项D中点外卖与午餐准备顺序错误；选项E中厨房用品收纳整理和点外卖与午餐准备顺序错误。",
    "question": "Someone asked LUCIA which of the following activities she did between 11:00 and 21:00 on DAY1:  \na. Equipment assembly and introduction  \nb. Ordering takeout and lunch preparation  \nc. Grocery shopping at the supermarket  \nd. Making paper cup cakes  \ne. Organizing and storing kitchenware  \nf. Team discussion and item organization  \nIf LUCIA wants to answer in the correct chronological order, which of the following options should she choose?",
    "events_description": {
      "Equipment Assembly and Introduction": "LUCIA participates in the electronic device assembly process, assisting a girl wearing a white top and gray-blue skirt in correctly assembling the components. LUCIA and a boy dressed in a light orange short-sleeve shirt and gray pants listen to a boy in a blue short-sleeve shirt and gray shorts introduce the device at the room entrance.",
      "Team discussion and item organization": "LUCIA and the team members engaged in a discussion, observing a boy in a light orange short-sleeved shirt and gray pants taking notes on a whiteboard. During this time, a girl in a white top and bluish-gray skirt was seen arranging flowers, while another girl in a white short-sleeved shirt and blue jeans was organizing cards.",
      "Complete the puzzle together": "LUCIA collaborated continuously with the girl in the black top and the girl in the white top and gray-blue skirt, among others, on the jigsaw puzzle. After several rounds of trial and error, they successfully completed the animal-themed puzzle and secured it onto the base.",
      "Kitchenware organization and storage": "LUCIA was deeply involved in the organization of kitchen supplies, including tasks such as disassembling blender blades, assembling layered molds, and sorting packaging waste. During this process, she collaborated with a girl wearing a white top and a blue-gray skirt, as well as a girl in a black jacket and blue jeans, ultimately completing the kitchen organization.",
      "Ordering takeout vs. preparing lunch": "LUCIA uses the phone of a boy wearing a blue short-sleeved shirt and gray shorts to order takeout. While waiting for the food to arrive, she participates in team discussions and organizes items, observing a girl in a white short-sleeved shirt and blue jeans taking notes on a whiteboard. After the takeout arrives, LUCIA and the team members clean the outdoor courtyard tables and chairs and proceed with distribution.",
      "Grocery Shopping": "LUCIA formed a shopping team with a girl in a black-and-white checkered coat and a boy in a denim jacket and gray pants. They split up with other team members in the supermarket to select items such as sparkling wine, instant coffee, beef rolls, and hot pot dipping sauces.",
      "Ingredient Transportation and Storage": "LUCI took a taxi with the team members to transport the purchased ingredients back to the residence. In the kitchen at the residence, they unpacked the shopping bags together, categorized and stored the meat, vegetables, drinks, etc., and organized the open kitchen area.",
      "Takeout food selection": "LUCIA and a girl wearing a white top with a gray-blue skirt used a mobile food delivery app to choose their dinner. After washing their hands, they participated in kitchen preparations, including cleaning utensils, separating egg yolks from whites, and assisting in preparing baking ingredients.",
      "Making cupcakes": "LUCIA participated in the baking process, which included steps such as whipping egg whites, mixing batter, and monitoring oven preheating. During the production, LUCIA collaborated with a girl wearing a white top and blue jeans, among others, to wash and prepare strawberries, add cream, and ultimately complete the cupcake-making process before tasting the results with the team members.",
      "Casual chat": "LUCIA used her phone to browse social media after the meal, having a casual chat with a girl wearing a white top and a blue-gray skirt among others. She tidied up the area around the washing machine and checked its condition."
    },
    "choice_a": "(a)(f)(e)(b)(c)(d)",
    "choice_b": "(f)(a)(b)(e)(d)(c)",
    "choice_c": "(a)(e)(f)(c)(d)(b)",
    "choice_d": "(f)(a)(e)(c)(b)(d)",
    "choice_e": "(a)(f)(b)(e)(c)(d)",
    "reason": "The correct order is: Equipment assembly and introduction (11:09 - 11:24), Team discussion and item organization (11:24 - 12:26), Kitchenware storage and tidying (13:24 - 13:45), Ordering takeout and lunch preparation (13:45 - 14:18), Supermarket shopping (17:19 - 18:28), Making cupcakes (21:27 - 21:53). Analysis of distracting options: Option B has incorrect order; Option C incorrectly sequences team discussion and item organization; Option D misorders takeout and lunch preparation; Option E incorrectly sequences kitchenware storage and takeout/lunch preparation."
  },
  {
    "question_chinese": "有人问LUCIA什么时候做了下面这些事：团队讨论与物品整理、合作完成拼图、厨房用品收纳整理、点外卖与午餐准备",
    "events_description_chinese": {
      "设备组装与介绍": "LUCIA参与电子设备组装流程，协助身着白色上衣灰蓝色裙子的女生正确组装零件。LUCIA和身着浅橙色短袖灰色长裤的男生一起在房间门口听身着蓝色短袖灰色短裤的男生对设备进行介绍。",
      "团队讨论与物品整理": "LUCIA和团队成员一起进行讨论，观察到身着浅橙色短袖灰色长裤的男生在白板上对讨论内容进行记录。期间观察到身着白色上衣蓝灰色裙子的女生在对鲜花进行整理，身着白色短袖蓝色牛仔裤的女生对卡片进行整理。",
      "合作完成拼图": "LUCIA与身着黑色上衣的女生以及身着白色上衣灰蓝色裙子的女生等人持续进行拼图协作，期间经历多次试错，最终完成包含动物图案的完整拼图并固定于底盘。",
      "厨房用品收纳整理": "LUCIA深度参与厨房用品收纳整理工作，包含拆解搅拌机刀片、组装分层模具、整理包装废弃物等操作，期间与身着白色上衣蓝灰色裙子的女生以及身着黑色外套蓝色牛仔裤的女生等人进行协作，最终完成厨房用品的收纳整理。",
      "点外卖与午餐准备": "LUCIA使用身穿蓝色短袖灰色短裤的男生的手机选择外卖，等待外卖送达的过程中参与团队讨论、物品收纳等工作，观察到身穿白色短袖蓝色牛仔裤的女生在白板上对讨论内容进行记录。外卖送达后，LUCIA与团队成员一起对户外庭院的桌椅进行清理并进行分发。",
      "超市采购": "LUCIA与身穿黑白格子外套的女生、身穿牛仔外套灰色长裤的男生组成采购小组，在超市内与其他团队成员分头挑选气泡酒、速溶咖啡、牛肉卷及火锅蘸料等物品。",
      "食材运输与收纳": "LUCI与团队成员一起打车将采购的食材运回住所，在住处厨房与团队成员共同拆解购物袋，将肉类、蔬菜、饮料等分类存放并对开放式厨房区域进行整理。",
      "外卖选购": "LUCIA与身穿白色上衣灰蓝色裙子的女生等人使用手机外卖应用挑选晚餐。随后手部清洁后参与厨房准备工作，包括清洗厨具、处理鸡蛋分离、协助准备烘焙材料等。",
      "制作纸杯蛋糕": "LUCIA参与烘焙流程，包含蛋清打发、面糊调配、烤箱预热监控等环节。在制作过程中，LUCIA与身穿白色上衣蓝色牛仔裤的女生等人进行协作，清洗处理草莓、添加奶油，最终完成纸杯蛋糕的制作，并和团队成员一起品尝。",
      "休闲聊天": "LUCIA餐后使用手机浏览社交媒体，期间与身穿白色上衣蓝灰色裙子的女生等人进行轻松聊天。收拾整理洗衣机周围区域，查看洗衣机状况"
    },
    "choice_a_chinese": "DAY1: 11:00~13:00",
    "choice_b_chinese": "DAY1: 11:24~14:18",
    "choice_c_chinese": "DAY1: 12:00~15:00",
    "choice_d_chinese": "DAY1: 13:24~15:00",
    "choice_e_chinese": "DAY1: 11:24~13:45",
    "answer": "B",
    "reason_chinese": "团队讨论与物品整理（11:24 - 12:26）、合作完成拼图（12:26 - 13:24）、厨房用品收纳整理（13:24 - 13:45）、点外卖与午餐准备（13:45 - 14:18）。总时间跨度为11:24 - 14:18，匹配选项B（11:24~14:18）。",
    "question": "Someone asked LUCIA when she did the following things: team discussion and item organization, collaborating to complete a jigsaw puzzle, kitchenware storage and arrangement, ordering takeout and preparing lunch.",
    "events_description": {
      "Equipment Assembly and Introduction": "LUCIA participates in the electronic device assembly process, assisting a girl wearing a white top and gray-blue skirt in correctly assembling the components. LUCIA and a boy dressed in a light orange short-sleeve shirt and gray pants listen to a boy in a blue short-sleeve shirt and gray shorts introduce the device at the room entrance.",
      "Team discussion and item organization": "LUCIA and the team members engaged in a discussion, observing a boy in a light orange short-sleeved shirt and gray pants taking notes on a whiteboard. During this time, a girl in a white top and bluish-gray skirt was seen arranging flowers, while another girl in a white short-sleeved shirt and blue jeans was organizing cards.",
      "Complete the puzzle together": "LUCIA collaborated continuously with the girl in the black top and the girl in the white top and gray-blue skirt, among others, on the jigsaw puzzle. After several rounds of trial and error, they successfully completed the animal-themed puzzle and secured it onto the base.",
      "Kitchenware organization and storage": "LUCIA was deeply involved in the organization of kitchen supplies, including tasks such as disassembling blender blades, assembling layered molds, and sorting packaging waste. During this process, she collaborated with a girl wearing a white top and a blue-gray skirt, as well as a girl in a black jacket and blue jeans, ultimately completing the kitchen organization.",
      "Ordering takeout vs. preparing lunch": "LUCIA uses the phone of a boy wearing a blue short-sleeved shirt and gray shorts to order takeout. While waiting for the food to arrive, she participates in team discussions and organizes items, observing a girl in a white short-sleeved shirt and blue jeans taking notes on a whiteboard. After the takeout arrives, LUCIA and the team members clean the outdoor courtyard tables and chairs and proceed with distribution.",
      "Grocery Shopping": "LUCIA formed a shopping team with a girl in a black-and-white checkered coat and a boy in a denim jacket and gray pants. They split up with other team members in the supermarket to select items such as sparkling wine, instant coffee, beef rolls, and hot pot dipping sauces.",
      "Ingredient Transportation and Storage": "LUCI took a taxi with the team members to transport the purchased ingredients back to the residence. In the kitchen at the residence, they unpacked the shopping bags together, categorized and stored the meat, vegetables, drinks, etc., and organized the open kitchen area.",
      "Takeout food selection": "LUCIA and a girl wearing a white top with a gray-blue skirt used a mobile food delivery app to choose their dinner. After washing their hands, they participated in kitchen preparations, including cleaning utensils, separating egg yolks from whites, and assisting in preparing baking ingredients.",
      "Making cupcakes": "LUCIA participated in the baking process, which included steps such as whipping egg whites, mixing batter, and monitoring oven preheating. During the production, LUCIA collaborated with a girl wearing a white top and blue jeans, among others, to wash and prepare strawberries, add cream, and ultimately complete the cupcake-making process before tasting the results with the team members.",
      "Casual chat": "LUCIA used her phone to browse social media after the meal, having a casual chat with a girl wearing a white top and a blue-gray skirt among others. She tidied up the area around the washing machine and checked its condition."
    },
    "choice_a": "DAY1: 11:00~13:00",
    "choice_b": "DAY1: 11:24~14:18",
    "choice_c": "DAY1: 12:00~15:00",
    "choice_d": "DAY1: 13:24~15:00",
    "choice_e": "DAY1: 11:24~13:45",
    "reason": "Team discussion and item organization (11:24 - 12:26), collaborative puzzle completion (12:26 - 13:24), kitchenware storage and arrangement (13:24 - 13:45), ordering takeout and lunch preparation (13:45 - 14:18). Total time span is 11:24 - 14:18, matching Option B (11:24~14:18)."
  },
  {
    "question_chinese": "有人问LUCIA参与的以下活动中，每个活动的起止时间。事件序列：\n1. 超市采购\n2. 食材运输与收纳\n3. 外卖选购\n4. 休闲聊天\n时间选项：\na. 19:31~20:20\nb. 21:53~22:02\nc. 18:28~19:20\nd. 17:19~18:28\ne. 13:45~14:18\nf. 11:24~12:26\ng. 13:24~13:45\nh. 21:27~21:53",
    "events_description_chinese": {
      "设备组装与介绍": "LUCIA参与电子设备组装流程，协助身着白色上衣灰蓝色裙子的女生正确组装零件。LUCIA和身着浅橙色短袖灰色长裤的男生一起在房间门口听身着蓝色短袖灰色短裤的男生对设备进行介绍。",
      "团队讨论与物品整理": "LUCIA和团队成员一起进行讨论，观察到身着浅橙色短袖灰色长裤的男生在白板上对讨论内容进行记录。期间观察到身着白色上衣蓝灰色裙子的女生在对鲜花进行整理，身着白色短袖蓝色牛仔裤的女生对卡片进行整理。",
      "合作完成拼图": "LUCIA与身着黑色上衣的女生以及身着白色上衣灰蓝色裙子的女生等人持续进行拼图协作，期间经历多次试错，最终完成包含动物图案的完整拼图并固定于底盘。",
      "厨房用品收纳整理": "LUCIA深度参与厨房用品收纳整理工作，包含拆解搅拌机刀片、组装分层模具、整理包装废弃物等操作，期间与身着白色上衣蓝灰色裙子的女生以及身着黑色外套蓝色牛仔裤的女生等人进行协作，最终完成厨房用品的收纳整理。",
      "点外卖与午餐准备": "LUCIA使用身穿蓝色短袖灰色短裤的男生的手机选择外卖，等待外卖送达的过程中参与团队讨论、物品收纳等工作，观察到身穿白色短袖蓝色牛仔裤的女生在白板上对讨论内容进行记录。外卖送达后，LUCIA与团队成员一起对户外庭院的桌椅进行清理并进行分发。",
      "超市采购": "LUCIA与身穿黑白格子外套的女生、身穿牛仔外套灰色长裤的男生组成采购小组，在超市内与其他团队成员分头挑选气泡酒、速溶咖啡、牛肉卷及火锅蘸料等物品。",
      "食材运输与收纳": "LUCI与团队成员一起打车将采购的食材运回住所，在住处厨房与团队成员共同拆解购物袋，将肉类、蔬菜、饮料等分类存放并对开放式厨房区域进行整理。",
      "外卖选购": "LUCIA与身穿白色上衣灰蓝色裙子的女生等人使用手机外卖应用挑选晚餐。随后手部清洁后参与厨房准备工作，包括清洗厨具、处理鸡蛋分离、协助准备烘焙材料等。",
      "制作纸杯蛋糕": "LUCIA参与烘焙流程，包含蛋清打发、面糊调配、烤箱预热监控等环节。在制作过程中，LUCIA与身穿白色上衣蓝色牛仔裤的女生等人进行协作，清洗处理草莓、添加奶油，最终完成纸杯蛋糕的制作，并和团队成员一起品尝。",
      "休闲聊天": "LUCIA餐后使用手机浏览社交媒体，期间与身穿白色上衣蓝灰色裙子的女生等人进行轻松聊天。收拾整理洗衣机周围区域，查看洗衣机状况"
    },
    "choice_a_chinese": "1→d / 2→c / 3→a / 4→b",
    "choice_b_chinese": "1→c / 2→d / 3→h / 4→a",
    "choice_c_chinese": "1→d / 2→e / 3→a / 4→h",
    "choice_d_chinese": "1→c / 2→b / 3→a / 4→d",
    "answer": "A",
    "reason_chinese": "超市采购（d）：17:19 - 18:28；食材运输与收纳（c）：18:28 - 19:20；外卖选购（a）：19:31 - 20:20；休闲聊天（b）：21:53 - 22:02。选项B中超市采购和食材运输与收纳时间对应错误；选项C中食材运输与收纳时间对应错误；选项D中食材运输与收纳、休闲聊天时间对应错误。",
    "question": "Someone asked about the start and end times of each activity that LUCIA participated in. Event sequence:  \n1. Grocery shopping  \n2. Ingredient transportation and storage  \n3. Takeout ordering  \n4. Leisure chat  \n\nTime options:  \na. 19:31~20:20  \nb. 21:53~22:02  \nc. 18:28~19:20  \nd. 17:19~18:28  \ne. 13:45~14:18  \nf. 11:24~12:26  \ng. 13:24~13:45  \nh. 21:27~21:53",
    "events_description": {
      "Equipment Assembly and Introduction": "LUCIA participates in the electronic device assembly process, assisting a girl wearing a white top and gray-blue skirt in correctly assembling the components. LUCIA and a boy dressed in a light orange short-sleeve shirt and gray pants listen to a boy in a blue short-sleeve shirt and gray shorts introduce the device at the room entrance.",
      "Team discussion and item organization": "LUCIA and the team members engaged in a discussion, observing a boy in a light orange short-sleeved shirt and gray pants taking notes on a whiteboard. During this time, a girl in a white top and bluish-gray skirt was seen arranging flowers, while another girl in a white short-sleeved shirt and blue jeans was organizing cards.",
      "Complete the puzzle together": "LUCIA collaborated continuously with the girl in the black top and the girl in the white top and gray-blue skirt, among others, on the jigsaw puzzle. After several rounds of trial and error, they successfully completed the animal-themed puzzle and secured it onto the base.",
      "Kitchenware organization and storage": "LUCIA was deeply involved in the organization of kitchen supplies, including tasks such as disassembling blender blades, assembling layered molds, and sorting packaging waste. During this process, she collaborated with a girl wearing a white top and a blue-gray skirt, as well as a girl in a black jacket and blue jeans, ultimately completing the kitchen organization.",
      "Ordering takeout vs. preparing lunch": "LUCIA uses the phone of a boy wearing a blue short-sleeved shirt and gray shorts to order takeout. While waiting for the food to arrive, she participates in team discussions and organizes items, observing a girl in a white short-sleeved shirt and blue jeans taking notes on a whiteboard. After the takeout arrives, LUCIA and the team members clean the outdoor courtyard tables and chairs and proceed with distribution.",
      "Grocery Shopping": "LUCIA formed a shopping team with a girl in a black-and-white checkered coat and a boy in a denim jacket and gray pants. They split up with other team members in the supermarket to select items such as sparkling wine, instant coffee, beef rolls, and hot pot dipping sauces.",
      "Ingredient Transportation and Storage": "LUCI took a taxi with the team members to transport the purchased ingredients back to the residence. In the kitchen at the residence, they unpacked the shopping bags together, categorized and stored the meat, vegetables, drinks, etc., and organized the open kitchen area.",
      "Takeout food selection": "LUCIA and a girl wearing a white top with a gray-blue skirt used a mobile food delivery app to choose their dinner. After washing their hands, they participated in kitchen preparations, including cleaning utensils, separating egg yolks from whites, and assisting in preparing baking ingredients.",
      "Making cupcakes": "LUCIA participated in the baking process, which included steps such as whipping egg whites, mixing batter, and monitoring oven preheating. During the production, LUCIA collaborated with a girl wearing a white top and blue jeans, among others, to wash and prepare strawberries, add cream, and ultimately complete the cupcake-making process before tasting the results with the team members.",
      "Casual chat": "LUCIA used her phone to browse social media after the meal, having a casual chat with a girl wearing a white top and a blue-gray skirt among others. She tidied up the area around the washing machine and checked its condition."
    },
    "choice_a": "1→d / 2→c / 3→a / 4→b",
    "choice_b": "1→c / 2→d / 3→h / 4→a",
    "choice_c": "1→d / 2→e / 3→a / 4→h",
    "choice_d": "1→c / 2→b / 3→a / 4→d",
    "reason": "Supermarket shopping (d): 17:19 - 18:28; Ingredient transport and storage (c): 18:28 - 19:20; Takeout selection (a): 19:31 - 20:20; Casual chat (b): 21:53 - 22:02. In Option B, the times for supermarket shopping and ingredient transport and storage are mismatched; in Option C, the time for ingredient transport and storage is incorrect; in Option D, the times for ingredient transport and storage and casual chat are wrong."
  },
  {
    "question_chinese": "LUCIA完成了这些活动：超市采购 → 食材运输与收纳，在这之后LUCIA参与的下一个事件是什么？",
    "events_description_chinese": {
      "设备组装与介绍": "LUCIA参与电子设备组装流程，协助身着白色上衣灰蓝色裙子的女生正确组装零件。LUCIA和身着浅橙色短袖灰色长裤的男生一起在房间门口听身着蓝色短袖灰色短裤的男生对设备进行介绍。",
      "团队讨论与物品整理": "LUCIA和团队成员一起进行讨论，观察到身着浅橙色短袖灰色长裤的男生在白板上对讨论内容进行记录。期间观察到身着白色上衣蓝灰色裙子的女生在对鲜花进行整理，身着白色短袖蓝色牛仔裤的女生对卡片进行整理。",
      "合作完成拼图": "LUCIA与身着黑色上衣的女生以及身着白色上衣灰蓝色裙子的女生等人持续进行拼图协作，期间经历多次试错，最终完成包含动物图案的完整拼图并固定于底盘。",
      "厨房用品收纳整理": "LUCIA深度参与厨房用品收纳整理工作，包含拆解搅拌机刀片、组装分层模具、整理包装废弃物等操作，期间与身着白色上衣蓝灰色裙子的女生以及身着黑色外套蓝色牛仔裤的女生等人进行协作，最终完成厨房用品的收纳整理。",
      "点外卖与午餐准备": "LUCIA使用身穿蓝色短袖灰色短裤的男生的手机选择外卖，等待外卖送达的过程中参与团队讨论、物品收纳等工作，观察到身穿白色短袖蓝色牛仔裤的女生在白板上对讨论内容进行记录。外卖送达后，LUCIA与团队成员一起对户外庭院的桌椅进行清理并进行分发。",
      "超市采购": "LUCIA与身穿黑白格子外套的女生、身穿牛仔外套灰色长裤的男生组成采购小组，在超市内与其他团队成员分头挑选气泡酒、速溶咖啡、牛肉卷及火锅蘸料等物品。",
      "食材运输与收纳": "LUCI与团队成员一起打车将采购的食材运回住所，在住处厨房与团队成员共同拆解购物袋，将肉类、蔬菜、饮料等分类存放并对开放式厨房区域进行整理。",
      "外卖选购": "LUCIA与身穿白色上衣灰蓝色裙子的女生等人使用手机外卖应用挑选晚餐。随后手部清洁后参与厨房准备工作，包括清洗厨具、处理鸡蛋分离、协助准备烘焙材料等。",
      "制作纸杯蛋糕": "LUCIA参与烘焙流程，包含蛋清打发、面糊调配、烤箱预热监控等环节。在制作过程中，LUCIA与身穿白色上衣蓝色牛仔裤的女生等人进行协作，清洗处理草莓、添加奶油，最终完成纸杯蛋糕的制作，并和团队成员一起品尝。",
      "休闲聊天": "LUCIA餐后使用手机浏览社交媒体，期间与身穿白色上衣蓝灰色裙子的女生等人进行轻松聊天。收拾整理洗衣机周围区域，查看洗衣机状况"
    },
    "choice_a_chinese": "外卖选购",
    "choice_b_chinese": "设备组装与介绍",
    "choice_c_chinese": "合作完成拼图",
    "choice_d_chinese": "休闲聊天",
    "choice_e_chinese": "制作纸杯蛋糕",
    "answer": "A",
    "reason_chinese": "超市采购（17:19 - 18:28）、食材运输与收纳（18:28 - 19:20）、外卖选购（19:31 - 20:20）、制作纸杯蛋糕（21:27 - 21:53）、休闲聊天（21:53 - 22:02）、设备组装与介绍（11:09 - 11:24）、合作完成拼图（12:26 - 13:24）。所以在超市采购和食材运输与收纳之后的事件是外卖选购。",
    "question": "LUCIA completed the following activities: Supermarket shopping → Ingredient transportation and storage. What is the next event LUCIA participated in after this?",
    "events_description": {
      "Equipment Assembly and Introduction": "LUCIA participates in the electronic device assembly process, assisting a girl wearing a white top and gray-blue skirt in correctly assembling the components. LUCIA and a boy dressed in a light orange short-sleeve shirt and gray pants listen to a boy in a blue short-sleeve shirt and gray shorts introduce the device at the room entrance.",
      "Team discussion and item organization": "LUCIA and the team members engaged in a discussion, observing a boy in a light orange short-sleeved shirt and gray pants taking notes on a whiteboard. During this time, a girl in a white top and bluish-gray skirt was seen arranging flowers, while another girl in a white short-sleeved shirt and blue jeans was organizing cards.",
      "Complete the puzzle together": "LUCIA collaborated continuously with the girl in the black top and the girl in the white top and gray-blue skirt, among others, on the jigsaw puzzle. After several rounds of trial and error, they successfully completed the animal-themed puzzle and secured it onto the base.",
      "Kitchenware organization and storage": "LUCIA was deeply involved in the organization of kitchen supplies, including tasks such as disassembling blender blades, assembling layered molds, and sorting packaging waste. During this process, she collaborated with a girl wearing a white top and a blue-gray skirt, as well as a girl in a black jacket and blue jeans, ultimately completing the kitchen organization.",
      "Ordering takeout vs. preparing lunch": "LUCIA uses the phone of a boy wearing a blue short-sleeved shirt and gray shorts to order takeout. While waiting for the food to arrive, she participates in team discussions and organizes items, observing a girl in a white short-sleeved shirt and blue jeans taking notes on a whiteboard. After the takeout arrives, LUCIA and the team members clean the outdoor courtyard tables and chairs and proceed with distribution.",
      "Grocery Shopping": "LUCIA formed a shopping team with a girl in a black-and-white checkered coat and a boy in a denim jacket and gray pants. They split up with other team members in the supermarket to select items such as sparkling wine, instant coffee, beef rolls, and hot pot dipping sauces.",
      "Ingredient Transportation and Storage": "LUCI took a taxi with the team members to transport the purchased ingredients back to the residence. In the kitchen at the residence, they unpacked the shopping bags together, categorized and stored the meat, vegetables, drinks, etc., and organized the open kitchen area.",
      "Takeout food selection": "LUCIA and a girl wearing a white top with a gray-blue skirt used a mobile food delivery app to choose their dinner. After washing their hands, they participated in kitchen preparations, including cleaning utensils, separating egg yolks from whites, and assisting in preparing baking ingredients.",
      "Making cupcakes": "LUCIA participated in the baking process, which included steps such as whipping egg whites, mixing batter, and monitoring oven preheating. During the production, LUCIA collaborated with a girl wearing a white top and blue jeans, among others, to wash and prepare strawberries, add cream, and ultimately complete the cupcake-making process before tasting the results with the team members.",
      "Casual chat": "LUCIA used her phone to browse social media after the meal, having a casual chat with a girl wearing a white top and a blue-gray skirt among others. She tidied up the area around the washing machine and checked its condition."
    },
    "choice_a": "Takeout shopping",
    "choice_b": "Equipment Assembly and Introduction",
    "choice_c": "Complete the puzzle together",
    "choice_d": "Casual chat",
    "choice_e": "Making cupcakes",
    "reason": "Supermarket shopping (17:19 - 18:28), ingredient transportation and storage (18:28 - 19:20), takeout selection (19:31 - 20:20), making cupcakes (21:27 - 21:53), casual chatting (21:53 - 22:02), equipment assembly and introduction (11:09 - 11:24), collaborative puzzle completion (12:26 - 13:24). So the event after supermarket shopping and ingredient transportation and storage is takeout selection."
  },
  {
    "question_chinese": "LUCIA 描述自己有一串连续的动作为：食材运输与收纳 → 外卖选购 → 超市采购 → 休闲聊天，但她的说法是错误的。正确的序列和错误分析是？",
    "events_description_chinese": {
      "设备组装与介绍": "LUCIA参与电子设备组装流程，协助身着白色上衣灰蓝色裙子的女生正确组装零件。LUCIA和身着浅橙色短袖灰色长裤的男生一起在房间门口听身着蓝色短袖灰色短裤的男生对设备进行介绍。",
      "团队讨论与物品整理": "LUCIA和团队成员一起进行讨论，观察到身着浅橙色短袖灰色长裤的男生在白板上对讨论内容进行记录。期间观察到身着白色上衣蓝灰色裙子的女生在对鲜花进行整理，身着白色短袖蓝色牛仔裤的女生对卡片进行整理。",
      "合作完成拼图": "LUCIA与身着黑色上衣的女生以及身着白色上衣灰蓝色裙子的女生等人持续进行拼图协作，期间经历多次试错，最终完成包含动物图案的完整拼图并固定于底盘。",
      "厨房用品收纳整理": "LUCIA深度参与厨房用品收纳整理工作，包含拆解搅拌机刀片、组装分层模具、整理包装废弃物等操作，期间与身着白色上衣蓝灰色裙子的女生以及身着黑色外套蓝色牛仔裤的女生等人进行协作，最终完成厨房用品的收纳整理。",
      "点外卖与午餐准备": "LUCIA使用身穿蓝色短袖灰色短裤的男生的手机选择外卖，等待外卖送达的过程中参与团队讨论、物品收纳等工作，观察到身穿白色短袖蓝色牛仔裤的女生在白板上对讨论内容进行记录。外卖送达后，LUCIA与团队成员一起对户外庭院的桌椅进行清理并进行分发。",
      "超市采购": "LUCIA与身穿黑白格子外套的女生、身穿牛仔外套灰色长裤的男生组成采购小组，在超市内与其他团队成员分头挑选气泡酒、速溶咖啡、牛肉卷及火锅蘸料等物品。",
      "食材运输与收纳": "LUCI与团队成员一起打车将采购的食材运回住所，在住处厨房与团队成员共同拆解购物袋，将肉类、蔬菜、饮料等分类存放并对开放式厨房区域进行整理。",
      "外卖选购": "LUCIA与身穿白色上衣灰蓝色裙子的女生等人使用手机外卖应用挑选晚餐。随后手部清洁后参与厨房准备工作，包括清洗厨具、处理鸡蛋分离、协助准备烘焙材料等。",
      "制作纸杯蛋糕": "LUCIA参与烘焙流程，包含蛋清打发、面糊调配、烤箱预热监控等环节。在制作过程中，LUCIA与身穿白色上衣蓝色牛仔裤的女生等人进行协作，清洗处理草莓、添加奶油，最终完成纸杯蛋糕的制作，并和团队成员一起品尝。",
      "休闲聊天": "LUCIA餐后使用手机浏览社交媒体，期间与身穿白色上衣蓝灰色裙子的女生等人进行轻松聊天。收拾整理洗衣机周围区域，查看洗衣机状况"
    },
    "choice_a_chinese": "正确序列：超市采购→食材运输与收纳→外卖选购→休闲聊天 错误原因：顺序错误，超市采购应在食材运输与收纳之前",
    "choice_b_chinese": "正确序列：超市采购→外卖选购→食材运输与收纳→休闲聊天 错误原因：外卖选购和食材运输与收纳顺序错误",
    "choice_c_chinese": "正确序列：食材运输与收纳→超市采购→外卖选购→休闲聊天 错误原因：超市采购和食材运输与收纳顺序错误",
    "choice_d_chinese": "正确序列：超市采购→食材运输与收纳→休闲聊天→外卖选购 错误原因：休闲聊天和外卖选购顺序错误",
    "choice_e_chinese": "正确序列：外卖选购→超市采购→食材运输与收纳→休闲聊天 错误原因：外卖选购应在超市采购之后",
    "answer": "A",
    "reason_chinese": "正确顺序应为：超市采购（17:19 - 18:28）、食材运输与收纳（18:28 - 19:20）、外卖选购（19:31 - 20:20）、休闲聊天（21:53 - 22:02），所以选项A正确，其他选项顺序错误。",
    "question": "LUCIA describes her sequence of actions as: Ingredient Transport & Storage → Takeout Ordering → Supermarket Shopping → Casual Chatting, but her statement is incorrect. What is the correct sequence and the error analysis?",
    "events_description": {
      "Equipment Assembly and Introduction": "LUCIA participates in the electronic device assembly process, assisting a girl wearing a white top and gray-blue skirt in correctly assembling the components. LUCIA and a boy dressed in a light orange short-sleeve shirt and gray pants listen to a boy in a blue short-sleeve shirt and gray shorts introduce the device at the room entrance.",
      "Team discussion and item organization": "LUCIA and the team members engaged in a discussion, observing a boy in a light orange short-sleeved shirt and gray pants taking notes on a whiteboard. During this time, a girl in a white top and bluish-gray skirt was seen arranging flowers, while another girl in a white short-sleeved shirt and blue jeans was organizing cards.",
      "Complete the puzzle together": "LUCIA collaborated continuously with the girl in the black top and the girl in the white top and gray-blue skirt, among others, on the jigsaw puzzle. After several rounds of trial and error, they successfully completed the animal-themed puzzle and secured it onto the base.",
      "Kitchenware organization and storage": "LUCIA was deeply involved in the organization of kitchen supplies, including tasks such as disassembling blender blades, assembling layered molds, and sorting packaging waste. During this process, she collaborated with a girl wearing a white top and a blue-gray skirt, as well as a girl in a black jacket and blue jeans, ultimately completing the kitchen organization.",
      "Ordering takeout vs. preparing lunch": "LUCIA uses the phone of a boy wearing a blue short-sleeved shirt and gray shorts to order takeout. While waiting for the food to arrive, she participates in team discussions and organizes items, observing a girl in a white short-sleeved shirt and blue jeans taking notes on a whiteboard. After the takeout arrives, LUCIA and the team members clean the outdoor courtyard tables and chairs and proceed with distribution.",
      "Grocery Shopping": "LUCIA formed a shopping team with a girl in a black-and-white checkered coat and a boy in a denim jacket and gray pants. They split up with other team members in the supermarket to select items such as sparkling wine, instant coffee, beef rolls, and hot pot dipping sauces.",
      "Ingredient Transportation and Storage": "LUCI took a taxi with the team members to transport the purchased ingredients back to the residence. In the kitchen at the residence, they unpacked the shopping bags together, categorized and stored the meat, vegetables, drinks, etc., and organized the open kitchen area.",
      "Takeout food selection": "LUCIA and a girl wearing a white top with a gray-blue skirt used a mobile food delivery app to choose their dinner. After washing their hands, they participated in kitchen preparations, including cleaning utensils, separating egg yolks from whites, and assisting in preparing baking ingredients.",
      "Making cupcakes": "LUCIA participated in the baking process, which included steps such as whipping egg whites, mixing batter, and monitoring oven preheating. During the production, LUCIA collaborated with a girl wearing a white top and blue jeans, among others, to wash and prepare strawberries, add cream, and ultimately complete the cupcake-making process before tasting the results with the team members.",
      "Casual chat": "LUCIA used her phone to browse social media after the meal, having a casual chat with a girl wearing a white top and a blue-gray skirt among others. She tidied up the area around the washing machine and checked its condition."
    },
    "choice_a": "Correct sequence: Supermarket shopping → Ingredient transportation and storage → Takeout selection → Casual chatting  \nError reason: Wrong order, supermarket shopping should come before ingredient transportation and storage",
    "choice_b": "Correct sequence: Grocery shopping → Takeout selection → Ingredient transportation & storage → Casual chatting  \nError reason: Takeout selection and Ingredient transportation & storage were in the wrong order",
    "choice_c": "Correct sequence: Ingredient transportation and storage → Supermarket shopping → Takeout selection → Casual chatting  \nError reason: The order of supermarket shopping and ingredient transportation and storage is incorrect",
    "choice_d": "Correct sequence: Grocery shopping → Ingredient transportation & storage → Casual chatting → Takeout ordering  \nError reason: The order of casual chatting and takeout ordering was incorrect",
    "choice_e": "Correct sequence: Takeout order → Supermarket purchase → Ingredient transportation & storage → Casual chat  \nError reason: Takeout order should come after supermarket purchase",
    "reason": "The correct sequence should be: supermarket shopping (17:19 - 18:28), ingredient transportation and storage (18:28 - 19:20), takeout selection (19:31 - 20:20), leisure chat (21:53 - 22:02). Therefore, option A is correct, while the other options are in the wrong order."
  },
  {
    "question_chinese": "LUCIA的日记中关于她参与活动顺序的记录看不清了：[团队讨论与物品整理] → (?) → [厨房用品收纳整理] → (?) → [超市采购]。下列事件中哪些可以用于填补无法确认的部分？备选事件：\n合作完成拼图\n点外卖与午餐准备\n设备组装与介绍\n食材运输与收纳\n外卖选购\n休闲聊天",
    "events_description_chinese": {
      "设备组装与介绍": "LUCIA参与电子设备组装流程，协助身着白色上衣灰蓝色裙子的女生正确组装零件。LUCIA和身着浅橙色短袖灰色长裤的男生一起在房间门口听身着蓝色短袖灰色短裤的男生对设备进行介绍。",
      "团队讨论与物品整理": "LUCIA和团队成员一起进行讨论，观察到身着浅橙色短袖灰色长裤的男生在白板上对讨论内容进行记录。期间观察到身着白色上衣蓝灰色裙子的女生在对鲜花进行整理，身着白色短袖蓝色牛仔裤的女生对卡片进行整理。",
      "合作完成拼图": "LUCIA与身着黑色上衣的女生以及身着白色上衣灰蓝色裙子的女生等人持续进行拼图协作，期间经历多次试错，最终完成包含动物图案的完整拼图并固定于底盘。",
      "厨房用品收纳整理": "LUCIA深度参与厨房用品收纳整理工作，包含拆解搅拌机刀片、组装分层模具、整理包装废弃物等操作，期间与身着白色上衣蓝灰色裙子的女生以及身着黑色外套蓝色牛仔裤的女生等人进行协作，最终完成厨房用品的收纳整理。",
      "点外卖与午餐准备": "LUCIA使用身穿蓝色短袖灰色短裤的男生的手机选择外卖，等待外卖送达的过程中参与团队讨论、物品收纳等工作，观察到身穿白色短袖蓝色牛仔裤的女生在白板上对讨论内容进行记录。外卖送达后，LUCIA与团队成员一起对户外庭院的桌椅进行清理并进行分发。",
      "超市采购": "LUCIA与身穿黑白格子外套的女生、身穿牛仔外套灰色长裤的男生组成采购小组，在超市内与其他团队成员分头挑选气泡酒、速溶咖啡、牛肉卷及火锅蘸料等物品。",
      "食材运输与收纳": "LUCI与团队成员一起打车将采购的食材运回住所，在住处厨房与团队成员共同拆解购物袋，将肉类、蔬菜、饮料等分类存放并对开放式厨房区域进行整理。",
      "外卖选购": "LUCIA与身穿白色上衣灰蓝色裙子的女生等人使用手机外卖应用挑选晚餐。随后手部清洁后参与厨房准备工作，包括清洗厨具、处理鸡蛋分离、协助准备烘焙材料等。",
      "制作纸杯蛋糕": "LUCIA参与烘焙流程，包含蛋清打发、面糊调配、烤箱预热监控等环节。在制作过程中，LUCIA与身穿白色上衣蓝色牛仔裤的女生等人进行协作，清洗处理草莓、添加奶油，最终完成纸杯蛋糕的制作，并和团队成员一起品尝。",
      "休闲聊天": "LUCIA餐后使用手机浏览社交媒体，期间与身穿白色上衣蓝灰色裙子的女生等人进行轻松聊天。收拾整理洗衣机周围区域，查看洗衣机状况"
    },
    "choice_a_chinese": "合作完成拼图 / 点外卖与午餐准备",
    "choice_b_chinese": "设备组装与介绍 / 外卖选购",
    "choice_c_chinese": "食材运输与收纳 / 休闲聊天",
    "choice_d_chinese": "合作完成拼图 / 食材运输与收纳",
    "choice_e_chinese": "点外卖与午餐准备 / 休闲聊天",
    "answer": "A",
    "reason_chinese": "团队讨论与物品整理（11:24 - 12:26）、合作完成拼图（12:26 - 13:24）、厨房用品收纳整理（13:24 - 13:45）、点外卖与午餐准备（13:45 - 14:18）、超市采购（17:19 - 18:28）。所以可以用合作完成拼图和点外卖与午餐准备填补空白，其他选项时间顺序不符合。",
    "question": "The illegible part in LUCIA's diary regarding the order of her activities reads: [Team discussion and item organization] → (?) → [Kitchenware storage arrangement] → (?) → [Supermarket shopping]. Which of the following events could fill the unconfirmed parts? Candidate events:  \nCompleting a puzzle together  \nOrdering takeout and preparing lunch  \nDevice assembly and introduction  \nIngredient transportation and storage  \nTakeout selection  \nCasual chatting",
    "events_description": {
      "Equipment Assembly and Introduction": "LUCIA participates in the electronic device assembly process, assisting a girl wearing a white top and gray-blue skirt in correctly assembling the components. LUCIA and a boy dressed in a light orange short-sleeve shirt and gray pants listen to a boy in a blue short-sleeve shirt and gray shorts introduce the device at the room entrance.",
      "Team discussion and item organization": "LUCIA and the team members engaged in a discussion, observing a boy in a light orange short-sleeved shirt and gray pants taking notes on a whiteboard. During this time, a girl in a white top and bluish-gray skirt was seen arranging flowers, while another girl in a white short-sleeved shirt and blue jeans was organizing cards.",
      "Complete the puzzle together": "LUCIA collaborated continuously with the girl in the black top and the girl in the white top and gray-blue skirt, among others, on the jigsaw puzzle. After several rounds of trial and error, they successfully completed the animal-themed puzzle and secured it onto the base.",
      "Kitchenware organization and storage": "LUCIA was deeply involved in the organization of kitchen supplies, including tasks such as disassembling blender blades, assembling layered molds, and sorting packaging waste. During this process, she collaborated with a girl wearing a white top and a blue-gray skirt, as well as a girl in a black jacket and blue jeans, ultimately completing the kitchen organization.",
      "Ordering takeout vs. preparing lunch": "LUCIA uses the phone of a boy wearing a blue short-sleeved shirt and gray shorts to order takeout. While waiting for the food to arrive, she participates in team discussions and organizes items, observing a girl in a white short-sleeved shirt and blue jeans taking notes on a whiteboard. After the takeout arrives, LUCIA and the team members clean the outdoor courtyard tables and chairs and proceed with distribution.",
      "Grocery Shopping": "LUCIA formed a shopping team with a girl in a black-and-white checkered coat and a boy in a denim jacket and gray pants. They split up with other team members in the supermarket to select items such as sparkling wine, instant coffee, beef rolls, and hot pot dipping sauces.",
      "Ingredient Transportation and Storage": "LUCI took a taxi with the team members to transport the purchased ingredients back to the residence. In the kitchen at the residence, they unpacked the shopping bags together, categorized and stored the meat, vegetables, drinks, etc., and organized the open kitchen area.",
      "Takeout food selection": "LUCIA and a girl wearing a white top with a gray-blue skirt used a mobile food delivery app to choose their dinner. After washing their hands, they participated in kitchen preparations, including cleaning utensils, separating egg yolks from whites, and assisting in preparing baking ingredients.",
      "Making cupcakes": "LUCIA participated in the baking process, which included steps such as whipping egg whites, mixing batter, and monitoring oven preheating. During the production, LUCIA collaborated with a girl wearing a white top and blue jeans, among others, to wash and prepare strawberries, add cream, and ultimately complete the cupcake-making process before tasting the results with the team members.",
      "Casual chat": "LUCIA used her phone to browse social media after the meal, having a casual chat with a girl wearing a white top and a blue-gray skirt among others. She tidied up the area around the washing machine and checked its condition."
    },
    "choice_a": "Complete the puzzle together / Order takeout and prepare lunch",
    "choice_b": "Equipment Assembly and Introduction / Takeout Selection",
    "choice_c": "Ingredient Transportation and Storage / Casual Chatting",
    "choice_d": "Complete the puzzle together / Ingredient transportation and storage",
    "choice_e": "Ordering takeout and lunch preparation / Casual chat",
    "reason": "Team discussion and item organization (11:24 - 12:26), collaborative puzzle completion (12:26 - 13:24), kitchenware storage and arrangement (13:24 - 13:45), ordering takeout and lunch preparation (13:45 - 14:18), supermarket shopping (17:19 - 18:28). Therefore, collaborative puzzle completion and ordering takeout with lunch preparation can fill the gaps, while other options do not fit the chronological order."
  }
]