[
  {
    "question_chinese": "LUCIA忘记了自己在DAY6的10:50到17:50之间所做的经历事件，如果让你来对这期间发生的事件进行排序，那么正确顺序是？发生的事件:\na. 蛋挞制作\nb. 主题房间装饰\nc. 休闲及个人物品整理\nd. 参与主题活动与拍卖会\ne. 卧室装饰完善\nf. 水母灯手工制作",
    "events_description_chinese": {
      "早餐及厨房清洁整理": "LUCIA在厨房洗碗并观察他人用餐状态，随后LUCIA也吃完早餐。LUCIA检查食物包装信息并持续整理餐具。观察到身着绿色短袖灰色短裤的男生、身着白色上衣白色碎花裙子的女生等人在公共区域活动。",
      "主题房间装饰": "LUCIA在二楼集中处理装饰用贴纸材料，期间包含多楼层寻找剪刀（涉及庭院、厨房、浴室等区域）并最终在庭院找到，完成灯塔、星星等主题贴纸的精细化修剪。LUCIA使用准备好的贴纸等材料对卧室进行装饰。",
      "休闲及个人物品整理": "LUCIA在客厅调试电子琴音效，通过手机查找乐谱进行即兴演奏。LUCIA对个人物品进行整理，期间使用手机处理消息。",
      "水母灯手工制作": "LUCIA使用溶胶棒反复烧制胶水，分多批次将触手粘合到水母灯主体。最终完成带有可调节弧度触手和装饰串珠的水母灯，并将其整合到纸箱小狗装置中。包括剪裁调整触手造型、测试粘合牢固度、使用纸巾填充内部结构等完整制作流程。",
      "蛋挞制作": "LUCIA和身着绿色短袖灰色短裤的男生等人协作制作蛋挞。",
      "卧室装饰完善": "LUCIA对卧室内装饰进行完善。整理床上物品，使用双面胶对灯带，剪纸进行固定，粘贴纸袋。收纳摆放床头柜、窗台上的物品",
      "参与主题活动与拍卖会": "LUCIA在活动主会场旁听。期间吃了冰激凌、蛋糕等零食，与身着白色上衣白色碎花裙的女生等人闲聊。LUCIA下楼从户外庭院将灯带水母和纸盒小狗带至二楼活动现场。观察到身着白色短袖灰色裤子的男生主持活动，身着白色上衣白色碎花裙子的女生等人在活动现场进行手工制品的展示与讲解。活动间隙身着白色短袖灰色裤子的男生使用相机进行拍照留念。",
      "主题房间参观": "LUCIA和大家一起参观各个团队成员设计的主题房间。LUCIA向大家展示并介绍自己设计装饰的房间，期间观察到身着白色短袖灰色裤子的男生进行拍照。",
      "合影与社交": "LUCIA在户外庭院与大家进行合影和社交。期间与使用手机进行拍照并查看筛选照片。",
      "欣赏团队成员音乐表演": "LUCIA在二楼客厅欣赏身着白色短袖灰色裤子的男生等人的乐器演唱，期间多次与身着白色上衣的女生等人互动讨论。使用手机阅读小说。"
    },
    "choice_a_chinese": "(b)(c)(f)(a)(e)(d)",
    "choice_b_chinese": "(a)(d)(e)(b)(c)(f)",
    "choice_c_chinese": "(b)(f)(c)(a)(e)(d)",
    "choice_d_chinese": "(c)(b)(f)(e)(a)(d)",
    "choice_e_chinese": "(b)(c)(a)(f)(e)(d)",
    "answer": "C",
    "reason_chinese": "正确顺序为：主题房间装饰（10:51 - 13:19）、水母灯手工制作（15:06 - 15:38）、休闲及个人物品整理（13:19 - 15:06）、蛋挞制作（15:48 - 16:12）、卧室装饰完善（16:12 - 16:24）、参与主题活动与拍卖会（16:24 - 17:44）。干扰项不存在，这里只是对正确顺序进行判断。",
    "question": "LUCIA has forgotten the sequence of events she experienced between 10:50 and 17:50 on DAY6. If you were to arrange the events that occurred during this period in the correct order, what would it be? The events are:  \na. Making egg tarts  \nb. Decorating the themed room  \nc. Leisure time and organizing personal items  \nd. Participating in the themed activity and auction  \ne. Finishing bedroom decorations  \nf. Crafting jellyfish lamps",
    "events_description": {
      "Breakfast and kitchen cleanup": "LUCIA washes dishes in the kitchen and observes others' dining status, then LUCIA finishes breakfast as well. LUCIA checks the food packaging information and continues organizing tableware. Observes a male in green short sleeves and gray shorts, a female in a white top and white floral dress, and others moving around the common area.",
      "Themed Room Decoration": "LUCIA focused on processing decorative sticker materials on the second floor, which involved searching for scissors across multiple floors (including the courtyard, kitchen, bathroom, etc.) and eventually finding them in the courtyard. She completed the fine trimming of themed stickers such as lighthouses and stars. LUCIA then used the prepared stickers and other materials to decorate the bedroom.",
      "Leisure and personal items organization": "LUCIA is adjusting the sound effects of the electronic keyboard in the living room, looking up sheet music on her phone for an impromptu performance. LUCIA organizes her personal belongings while attending to messages on her phone.",
      "Jellyfish Lamp Handmade": "LUCIA repeatedly heated glue with a hot glue gun, bonding the tentacles to the jellyfish lamp body in multiple batches. Finally, a jellyfish lamp with adjustable curved tentacles and decorative beads was completed and integrated into the cardboard box dog installation. The entire production process included trimming and adjusting the tentacle shapes, testing bond strength, and using tissue paper to fill the internal structure.",
      "Egg tart making": "LUCIA and a boy wearing a green short-sleeved shirt and gray shorts collaborate to make egg tarts.",
      "The bedroom decoration is complete.": "LUCIA improved the bedroom decorations. Organized the items on the bed, used double-sided tape to secure the light strips and paper cuttings, and attached the paper bags. Stored and arranged the items on the nightstand and windowsill.",
      "Participate in themed activities and auctions": "LUCIA attended the event as a non-participating observer at the main venue. She consumed snacks such as ice cream and cake during this time and engaged in casual conversation with individuals including a girl wearing a white top with a white floral-print skirt. LUCIA went downstairs to retrieve the LED jellyfish and cardboard-box dog from the outdoor courtyard and brought them to the event space on the second floor. Observations included a male host dressed in a white short-sleeved shirt and gray pants conducting the event, while the aforementioned girl in the white floral-print skirt and others demonstrated and explained handmade crafts. During breaks, the male host in white short sleeves and gray pants used a camera to take commemorative photos.",
      "Themed Room Tour": "LUCIA toured the themed rooms designed by team members with everyone. LUCIA showcased and introduced her own decorated room, during which she noticed a male in a white short-sleeved shirt and gray pants taking photos.",
      "Group Photos and Socializing": "LUCIA is in the outdoor courtyard taking group photos and socializing with everyone. During this time, she uses her phone to take pictures and review the selected photos.",
      "Enjoy the team members' musical performance": "LUCIA enjoys the instrumental performance by the guy in a white short-sleeve shirt and gray pants among others in the second-floor living room, frequently interacting and discussing with the girl in white and others during the show. Reads novels on her phone."
    },
    "choice_a": "(b)(c)(f)(a)(e)(d)",
    "choice_b": "(a)(d)(e)(b)(c)(f)",
    "choice_c": "(b)(f)(c)(a)(e)(d)",
    "choice_d": "(c)(b)(f)(e)(a)(d)",
    "choice_e": "(b)(c)(a)(f)(e)(d)",
    "reason": "The correct sequence is: Theme room decoration (10:51 - 13:19), Jellyfish lamp DIY (15:06 - 15:38), Leisure time and personal item organization (13:19 - 15:06), Egg tart making (15:48 - 16:12), Bedroom decoration finalization (16:12 - 16:24), Participation in theme activities and auction (16:24 - 17:44). The distractor does not exist; this is solely a judgment of the correct sequence."
  },
  {
    "question_chinese": "LUCIA在总结自己的工作的时候，写下了如下序列：休闲及个人物品整理、水母灯手工制作、蛋挞制作、卧室装饰完善， LUCIA应该标注这些事件的发生时间为？",
    "events_description_chinese": {
      "早餐及厨房清洁整理": "LUCIA在厨房洗碗并观察他人用餐状态，随后LUCIA也吃完早餐。LUCIA检查食物包装信息并持续整理餐具。观察到身着绿色短袖灰色短裤的男生、身着白色上衣白色碎花裙子的女生等人在公共区域活动。",
      "主题房间装饰": "LUCIA在二楼集中处理装饰用贴纸材料，期间包含多楼层寻找剪刀（涉及庭院、厨房、浴室等区域）并最终在庭院找到，完成灯塔、星星等主题贴纸的精细化修剪。LUCIA使用准备好的贴纸等材料对卧室进行装饰。",
      "休闲及个人物品整理": "LUCIA在客厅调试电子琴音效，通过手机查找乐谱进行即兴演奏。LUCIA对个人物品进行整理，期间使用手机处理消息。",
      "水母灯手工制作": "LUCIA使用溶胶棒反复烧制胶水，分多批次将触手粘合到水母灯主体。最终完成带有可调节弧度触手和装饰串珠的水母灯，并将其整合到纸箱小狗装置中。包括剪裁调整触手造型、测试粘合牢固度、使用纸巾填充内部结构等完整制作流程。",
      "蛋挞制作": "LUCIA和身着绿色短袖灰色短裤的男生等人协作制作蛋挞。",
      "卧室装饰完善": "LUCIA对卧室内装饰进行完善。整理床上物品，使用双面胶对灯带，剪纸进行固定，粘贴纸袋。收纳摆放床头柜、窗台上的物品",
      "参与主题活动与拍卖会": "LUCIA在活动主会场旁听。期间吃了冰激凌、蛋糕等零食，与身着白色上衣白色碎花裙的女生等人闲聊。LUCIA下楼从户外庭院将灯带水母和纸盒小狗带至二楼活动现场。观察到身着白色短袖灰色裤子的男生主持活动，身着白色上衣白色碎花裙子的女生等人在活动现场进行手工制品的展示与讲解。活动间隙身着白色短袖灰色裤子的男生使用相机进行拍照留念。",
      "主题房间参观": "LUCIA和大家一起参观各个团队成员设计的主题房间。LUCIA向大家展示并介绍自己设计装饰的房间，期间观察到身着白色短袖灰色裤子的男生进行拍照。",
      "合影与社交": "LUCIA在户外庭院与大家进行合影和社交。期间与使用手机进行拍照并查看筛选照片。",
      "欣赏团队成员音乐表演": "LUCIA在二楼客厅欣赏身着白色短袖灰色裤子的男生等人的乐器演唱，期间多次与身着白色上衣的女生等人互动讨论。使用手机阅读小说。"
    },
    "choice_a_chinese": "DAY6: 13:20~16:30",
    "choice_b_chinese": "DAY6: 13:19~16:24",
    "choice_c_chinese": "DAY6: 15:00~16:30",
    "choice_d_chinese": "DAY6: 15:06~16:12",
    "choice_e_chinese": "DAY6: 13:19~16:12",
    "answer": "A",
    "reason_chinese": "休闲及个人物品整理（13:19 - 15:06）、水母灯手工制作（15:06 - 15:38）、蛋挞制作（15:48 - 16:12）、卧室装饰完善（16:12 - 16:24）。总时间跨度为13:19 - 16:24，选项A的13:20 - 16:30与之最接近。",
    "question": "When summarizing her tasks, LUCIA wrote down the following sequence: leisure and personal item organization, jellyfish lamp crafting, egg tart making, bedroom decoration refinement. What time should LUCIA mark for these events?",
    "events_description": {
      "Breakfast and kitchen cleanup": "LUCIA washes dishes in the kitchen and observes others' dining status, then LUCIA finishes breakfast as well. LUCIA checks the food packaging information and continues organizing tableware. Observes a male in green short sleeves and gray shorts, a female in a white top and white floral dress, and others moving around the common area.",
      "Themed Room Decoration": "LUCIA focused on processing decorative sticker materials on the second floor, which involved searching for scissors across multiple floors (including the courtyard, kitchen, bathroom, etc.) and eventually finding them in the courtyard. She completed the fine trimming of themed stickers such as lighthouses and stars. LUCIA then used the prepared stickers and other materials to decorate the bedroom.",
      "Leisure and personal items organization": "LUCIA is adjusting the sound effects of the electronic keyboard in the living room, looking up sheet music on her phone for an impromptu performance. LUCIA organizes her personal belongings while attending to messages on her phone.",
      "Jellyfish Lamp Handmade": "LUCIA repeatedly heated glue with a hot glue gun, bonding the tentacles to the jellyfish lamp body in multiple batches. Finally, a jellyfish lamp with adjustable curved tentacles and decorative beads was completed and integrated into the cardboard box dog installation. The entire production process included trimming and adjusting the tentacle shapes, testing bond strength, and using tissue paper to fill the internal structure.",
      "Egg tart making": "LUCIA and a boy wearing a green short-sleeved shirt and gray shorts collaborate to make egg tarts.",
      "The bedroom decoration is complete.": "LUCIA improved the bedroom decorations. Organized the items on the bed, used double-sided tape to secure the light strips and paper cuttings, and attached the paper bags. Stored and arranged the items on the nightstand and windowsill.",
      "Participate in themed activities and auctions": "LUCIA attended the event as a non-participating observer at the main venue. She consumed snacks such as ice cream and cake during this time and engaged in casual conversation with individuals including a girl wearing a white top with a white floral-print skirt. LUCIA went downstairs to retrieve the LED jellyfish and cardboard-box dog from the outdoor courtyard and brought them to the event space on the second floor. Observations included a male host dressed in a white short-sleeved shirt and gray pants conducting the event, while the aforementioned girl in the white floral-print skirt and others demonstrated and explained handmade crafts. During breaks, the male host in white short sleeves and gray pants used a camera to take commemorative photos.",
      "Themed Room Tour": "LUCIA toured the themed rooms designed by team members with everyone. LUCIA showcased and introduced her own decorated room, during which she noticed a male in a white short-sleeved shirt and gray pants taking photos.",
      "Group Photos and Socializing": "LUCIA is in the outdoor courtyard taking group photos and socializing with everyone. During this time, she uses her phone to take pictures and review the selected photos.",
      "Enjoy the team members' musical performance": "LUCIA enjoys the instrumental performance by the guy in a white short-sleeve shirt and gray pants among others in the second-floor living room, frequently interacting and discussing with the girl in white and others during the show. Reads novels on her phone."
    },
    "choice_a": "DAY6: 13:20~16:30",
    "choice_b": "DAY6: 13:19~16:24",
    "choice_c": "DAY6: 15:00~16:30",
    "choice_d": "DAY6: 15:06~16:12",
    "choice_e": "DAY6: 13:19~16:12",
    "reason": "Organizing leisure and personal items (13:19 - 15:06), crafting jellyfish lamps (15:06 - 15:38), making egg tarts (15:48 - 16:12), and bedroom decoration refinements (16:12 - 16:24). The total time span is from 13:19 to 16:24, with Option A's 13:20 - 16:30 being the closest match."
  },
  {
    "question_chinese": "LUCIA只记录了自己做了什么事，但是没有记录每件事的起止时间。现在有一些时间段供LUCIA进行选择。\n事件序列：\n1. 主题房间装饰\n2. 参与主题活动与拍卖会\n3. 水母灯手工制作\n4. 卧室装饰完善\n时间选项：\na. 10:28~10:47\nb. 10:51~13:19\nc. 15:06~15:38\nd. 16:24~17:44\ne. 16:12~16:24\nf. 15:48~16:12\ng. 17:44~18:00\nh. 19:22~19:38\n你能帮助LUCIA找到每个事件对应的正确时间段吗？",
    "events_description_chinese": {
      "早餐及厨房清洁整理": "LUCIA在厨房洗碗并观察他人用餐状态，随后LUCIA也吃完早餐。LUCIA检查食物包装信息并持续整理餐具。观察到身着绿色短袖灰色短裤的男生、身着白色上衣白色碎花裙子的女生等人在公共区域活动。",
      "主题房间装饰": "LUCIA在二楼集中处理装饰用贴纸材料，期间包含多楼层寻找剪刀（涉及庭院、厨房、浴室等区域）并最终在庭院找到，完成灯塔、星星等主题贴纸的精细化修剪。LUCIA使用准备好的贴纸等材料对卧室进行装饰。",
      "休闲及个人物品整理": "LUCIA在客厅调试电子琴音效，通过手机查找乐谱进行即兴演奏。LUCIA对个人物品进行整理，期间使用手机处理消息。",
      "水母灯手工制作": "LUCIA使用溶胶棒反复烧制胶水，分多批次将触手粘合到水母灯主体。最终完成带有可调节弧度触手和装饰串珠的水母灯，并将其整合到纸箱小狗装置中。包括剪裁调整触手造型、测试粘合牢固度、使用纸巾填充内部结构等完整制作流程。",
      "蛋挞制作": "LUCIA和身着绿色短袖灰色短裤的男生等人协作制作蛋挞。",
      "卧室装饰完善": "LUCIA对卧室内装饰进行完善。整理床上物品，使用双面胶对灯带，剪纸进行固定，粘贴纸袋。收纳摆放床头柜、窗台上的物品",
      "参与主题活动与拍卖会": "LUCIA在活动主会场旁听。期间吃了冰激凌、蛋糕等零食，与身着白色上衣白色碎花裙的女生等人闲聊。LUCIA下楼从户外庭院将灯带水母和纸盒小狗带至二楼活动现场。观察到身着白色短袖灰色裤子的男生主持活动，身着白色上衣白色碎花裙子的女生等人在活动现场进行手工制品的展示与讲解。活动间隙身着白色短袖灰色裤子的男生使用相机进行拍照留念。",
      "主题房间参观": "LUCIA和大家一起参观各个团队成员设计的主题房间。LUCIA向大家展示并介绍自己设计装饰的房间，期间观察到身着白色短袖灰色裤子的男生进行拍照。",
      "合影与社交": "LUCIA在户外庭院与大家进行合影和社交。期间与使用手机进行拍照并查看筛选照片。",
      "欣赏团队成员音乐表演": "LUCIA在二楼客厅欣赏身着白色短袖灰色裤子的男生等人的乐器演唱，期间多次与身着白色上衣的女生等人互动讨论。使用手机阅读小说。"
    },
    "choice_a_chinese": "1→a / 2→d / 3→c / 4→e",
    "choice_b_chinese": "1→b / 2→d / 3→c / 4→e",
    "choice_c_chinese": "1→b / 2→g / 3→c / 4→f",
    "choice_d_chinese": "1→b / 2→d / 3→h / 4→e",
    "answer": "B",
    "reason_chinese": "主题房间装饰（b）：时间为10:51 - 13:19；参与主题活动与拍卖会（d）：时间为16:24 - 17:44；水母灯手工制作（c）：时间为15:06 - 15:38；卧室装饰完善（e）：时间为16:12 - 16:24。所以选项B正确，其他选项中存在时间匹配错误的情况。",
    "question": "LUCIA only recorded what she did but did not note the start and end times of each activity. Now there are some time slots for LUCIA to choose from.  \nSequence of events:  \n1. Themed room decoration  \n2. Participation in themed activities and auction  \n3. Jellyfish lamp crafting  \n4. Bedroom decoration finishing  \n\nTime options:  \na. 10:28~10:47  \nb. 10:51~13:19  \nc. 15:06~15:38  \nd. 16:24~17:44  \ne. 16:12~16:24  \nf. 15:48~16:12  \ng. 17:44~18:00  \nh. 19:22~19:38  \n\nCan you help LUCIA match each event to the correct time slot?",
    "events_description": {
      "Breakfast and kitchen cleanup": "LUCIA washes dishes in the kitchen and observes others' dining status, then LUCIA finishes breakfast as well. LUCIA checks the food packaging information and continues organizing tableware. Observes a male in green short sleeves and gray shorts, a female in a white top and white floral dress, and others moving around the common area.",
      "Themed Room Decoration": "LUCIA focused on processing decorative sticker materials on the second floor, which involved searching for scissors across multiple floors (including the courtyard, kitchen, bathroom, etc.) and eventually finding them in the courtyard. She completed the fine trimming of themed stickers such as lighthouses and stars. LUCIA then used the prepared stickers and other materials to decorate the bedroom.",
      "Leisure and personal items organization": "LUCIA is adjusting the sound effects of the electronic keyboard in the living room, looking up sheet music on her phone for an impromptu performance. LUCIA organizes her personal belongings while attending to messages on her phone.",
      "Jellyfish Lamp Handmade": "LUCIA repeatedly heated glue with a hot glue gun, bonding the tentacles to the jellyfish lamp body in multiple batches. Finally, a jellyfish lamp with adjustable curved tentacles and decorative beads was completed and integrated into the cardboard box dog installation. The entire production process included trimming and adjusting the tentacle shapes, testing bond strength, and using tissue paper to fill the internal structure.",
      "Egg tart making": "LUCIA and a boy wearing a green short-sleeved shirt and gray shorts collaborate to make egg tarts.",
      "The bedroom decoration is complete.": "LUCIA improved the bedroom decorations. Organized the items on the bed, used double-sided tape to secure the light strips and paper cuttings, and attached the paper bags. Stored and arranged the items on the nightstand and windowsill.",
      "Participate in themed activities and auctions": "LUCIA attended the event as a non-participating observer at the main venue. She consumed snacks such as ice cream and cake during this time and engaged in casual conversation with individuals including a girl wearing a white top with a white floral-print skirt. LUCIA went downstairs to retrieve the LED jellyfish and cardboard-box dog from the outdoor courtyard and brought them to the event space on the second floor. Observations included a male host dressed in a white short-sleeved shirt and gray pants conducting the event, while the aforementioned girl in the white floral-print skirt and others demonstrated and explained handmade crafts. During breaks, the male host in white short sleeves and gray pants used a camera to take commemorative photos.",
      "Themed Room Tour": "LUCIA toured the themed rooms designed by team members with everyone. LUCIA showcased and introduced her own decorated room, during which she noticed a male in a white short-sleeved shirt and gray pants taking photos.",
      "Group Photos and Socializing": "LUCIA is in the outdoor courtyard taking group photos and socializing with everyone. During this time, she uses her phone to take pictures and review the selected photos.",
      "Enjoy the team members' musical performance": "LUCIA enjoys the instrumental performance by the guy in a white short-sleeve shirt and gray pants among others in the second-floor living room, frequently interacting and discussing with the girl in white and others during the show. Reads novels on her phone."
    },
    "choice_a": "1→a / 2→d / 3→c / 4→e",
    "choice_b": "1→b / 2→d / 3→c / 4→e",
    "choice_c": "1→b / 2→g / 3→c / 4→f",
    "choice_d": "1→b / 2→d / 3→h / 4→e",
    "reason": "Theme room decoration (b): Time is 10:51 - 13:19; Participate in theme activities and auction (d): Time is 16:24 - 17:44; Jellyfish lamp crafting (c): Time is 15:06 - 15:38; Bedroom decoration finalization (e): Time is 16:12 - 16:24. Therefore, option B is correct, while other options contain incorrect time matches."
  },
  {
    "question_chinese": "LUCIA忘记了自己先“水母灯手工制作”然后“蛋挞制作”之后紧接着发生的两件事情，你能提醒LUCIA吗？",
    "events_description_chinese": {
      "早餐及厨房清洁整理": "LUCIA在厨房洗碗并观察他人用餐状态，随后LUCIA也吃完早餐。LUCIA检查食物包装信息并持续整理餐具。观察到身着绿色短袖灰色短裤的男生、身着白色上衣白色碎花裙子的女生等人在公共区域活动。",
      "主题房间装饰": "LUCIA在二楼集中处理装饰用贴纸材料，期间包含多楼层寻找剪刀（涉及庭院、厨房、浴室等区域）并最终在庭院找到，完成灯塔、星星等主题贴纸的精细化修剪。LUCIA使用准备好的贴纸等材料对卧室进行装饰。",
      "休闲及个人物品整理": "LUCIA在客厅调试电子琴音效，通过手机查找乐谱进行即兴演奏。LUCIA对个人物品进行整理，期间使用手机处理消息。",
      "水母灯手工制作": "LUCIA使用溶胶棒反复烧制胶水，分多批次将触手粘合到水母灯主体。最终完成带有可调节弧度触手和装饰串珠的水母灯，并将其整合到纸箱小狗装置中。包括剪裁调整触手造型、测试粘合牢固度、使用纸巾填充内部结构等完整制作流程。",
      "蛋挞制作": "LUCIA和身着绿色短袖灰色短裤的男生等人协作制作蛋挞。",
      "卧室装饰完善": "LUCIA对卧室内装饰进行完善。整理床上物品，使用双面胶对灯带，剪纸进行固定，粘贴纸袋。收纳摆放床头柜、窗台上的物品",
      "参与主题活动与拍卖会": "LUCIA在活动主会场旁听。期间吃了冰激凌、蛋糕等零食，与身着白色上衣白色碎花裙的女生等人闲聊。LUCIA下楼从户外庭院将灯带水母和纸盒小狗带至二楼活动现场。观察到身着白色短袖灰色裤子的男生主持活动，身着白色上衣白色碎花裙子的女生等人在活动现场进行手工制品的展示与讲解。活动间隙身着白色短袖灰色裤子的男生使用相机进行拍照留念。",
      "主题房间参观": "LUCIA和大家一起参观各个团队成员设计的主题房间。LUCIA向大家展示并介绍自己设计装饰的房间，期间观察到身着白色短袖灰色裤子的男生进行拍照。",
      "合影与社交": "LUCIA在户外庭院与大家进行合影和社交。期间与使用手机进行拍照并查看筛选照片。",
      "欣赏团队成员音乐表演": "LUCIA在二楼客厅欣赏身着白色短袖灰色裤子的男生等人的乐器演唱，期间多次与身着白色上衣的女生等人互动讨论。使用手机阅读小说。"
    },
    "choice_a_chinese": "卧室装饰完善 → 参与主题活动与拍卖会",
    "choice_b_chinese": "参与主题活动与拍卖会 → 主题房间参观",
    "choice_c_chinese": "休闲及个人物品整理 → 卧室装饰完善",
    "choice_d_chinese": "主题房间参观 → 合影与社交",
    "answer": "A",
    "reason_chinese": "水母灯手工制作（15:06 - 15:38）→ 蛋挞制作（15:48 - 16:12）的后续是卧室装饰完善（16:12 - 16:24）、参与主题活动与拍卖会（16:24 - 17:44）。所以选项A正确。",
    "question": "LUCIA forgot the two things that happened right after \"Jellyfish Lamp Handicraft\" and \"Egg Tart Making.\" Can you remind LUCIA?",
    "events_description": {
      "Breakfast and kitchen cleanup": "LUCIA washes dishes in the kitchen and observes others' dining status, then LUCIA finishes breakfast as well. LUCIA checks the food packaging information and continues organizing tableware. Observes a male in green short sleeves and gray shorts, a female in a white top and white floral dress, and others moving around the common area.",
      "Themed Room Decoration": "LUCIA focused on processing decorative sticker materials on the second floor, which involved searching for scissors across multiple floors (including the courtyard, kitchen, bathroom, etc.) and eventually finding them in the courtyard. She completed the fine trimming of themed stickers such as lighthouses and stars. LUCIA then used the prepared stickers and other materials to decorate the bedroom.",
      "Leisure and personal items organization": "LUCIA is adjusting the sound effects of the electronic keyboard in the living room, looking up sheet music on her phone for an impromptu performance. LUCIA organizes her personal belongings while attending to messages on her phone.",
      "Jellyfish Lamp Handmade": "LUCIA repeatedly heated glue with a hot glue gun, bonding the tentacles to the jellyfish lamp body in multiple batches. Finally, a jellyfish lamp with adjustable curved tentacles and decorative beads was completed and integrated into the cardboard box dog installation. The entire production process included trimming and adjusting the tentacle shapes, testing bond strength, and using tissue paper to fill the internal structure.",
      "Egg tart making": "LUCIA and a boy wearing a green short-sleeved shirt and gray shorts collaborate to make egg tarts.",
      "The bedroom decoration is complete.": "LUCIA improved the bedroom decorations. Organized the items on the bed, used double-sided tape to secure the light strips and paper cuttings, and attached the paper bags. Stored and arranged the items on the nightstand and windowsill.",
      "Participate in themed activities and auctions": "LUCIA attended the event as a non-participating observer at the main venue. She consumed snacks such as ice cream and cake during this time and engaged in casual conversation with individuals including a girl wearing a white top with a white floral-print skirt. LUCIA went downstairs to retrieve the LED jellyfish and cardboard-box dog from the outdoor courtyard and brought them to the event space on the second floor. Observations included a male host dressed in a white short-sleeved shirt and gray pants conducting the event, while the aforementioned girl in the white floral-print skirt and others demonstrated and explained handmade crafts. During breaks, the male host in white short sleeves and gray pants used a camera to take commemorative photos.",
      "Themed Room Tour": "LUCIA toured the themed rooms designed by team members with everyone. LUCIA showcased and introduced her own decorated room, during which she noticed a male in a white short-sleeved shirt and gray pants taking photos.",
      "Group Photos and Socializing": "LUCIA is in the outdoor courtyard taking group photos and socializing with everyone. During this time, she uses her phone to take pictures and review the selected photos.",
      "Enjoy the team members' musical performance": "LUCIA enjoys the instrumental performance by the guy in a white short-sleeve shirt and gray pants among others in the second-floor living room, frequently interacting and discussing with the girl in white and others during the show. Reads novels on her phone."
    },
    "choice_a": "Bedroom decoration completed → Participate in themed events and auctions",
    "choice_b": "Participate in themed activities and auctions → Themed room visits",
    "choice_c": "Leisure and personal belongings organization → Bedroom decoration refinement",
    "choice_d": "Theme room tour → Group photo & socializing",
    "reason": "Jellyfish lamp handmade (15:06 - 15:38) → Followed by egg tart making (15:48 - 16:12), then bedroom decoration completion (16:12 - 16:24), and participation in themed activities and auction (16:24 - 17:44). Therefore, option A is correct."
  },
  {
    "question_chinese": "LUCIA描述自己有一串连续的动作为：休闲及个人物品整理 → 卧室装饰完善 → 水母灯手工制作 → 蛋挞制作，但她的说法是错误的。正确的序列和错误分析是？",
    "events_description_chinese": {
      "早餐及厨房清洁整理": "LUCIA在厨房洗碗并观察他人用餐状态，随后LUCIA也吃完早餐。LUCIA检查食物包装信息并持续整理餐具。观察到身着绿色短袖灰色短裤的男生、身着白色上衣白色碎花裙子的女生等人在公共区域活动。",
      "主题房间装饰": "LUCIA在二楼集中处理装饰用贴纸材料，期间包含多楼层寻找剪刀（涉及庭院、厨房、浴室等区域）并最终在庭院找到，完成灯塔、星星等主题贴纸的精细化修剪。LUCIA使用准备好的贴纸等材料对卧室进行装饰。",
      "休闲及个人物品整理": "LUCIA在客厅调试电子琴音效，通过手机查找乐谱进行即兴演奏。LUCIA对个人物品进行整理，期间使用手机处理消息。",
      "水母灯手工制作": "LUCIA使用溶胶棒反复烧制胶水，分多批次将触手粘合到水母灯主体。最终完成带有可调节弧度触手和装饰串珠的水母灯，并将其整合到纸箱小狗装置中。包括剪裁调整触手造型、测试粘合牢固度、使用纸巾填充内部结构等完整制作流程。",
      "蛋挞制作": "LUCIA和身着绿色短袖灰色短裤的男生等人协作制作蛋挞。",
      "卧室装饰完善": "LUCIA对卧室内装饰进行完善。整理床上物品，使用双面胶对灯带，剪纸进行固定，粘贴纸袋。收纳摆放床头柜、窗台上的物品",
      "参与主题活动与拍卖会": "LUCIA在活动主会场旁听。期间吃了冰激凌、蛋糕等零食，与身着白色上衣白色碎花裙的女生等人闲聊。LUCIA下楼从户外庭院将灯带水母和纸盒小狗带至二楼活动现场。观察到身着白色短袖灰色裤子的男生主持活动，身着白色上衣白色碎花裙子的女生等人在活动现场进行手工制品的展示与讲解。活动间隙身着白色短袖灰色裤子的男生使用相机进行拍照留念。",
      "主题房间参观": "LUCIA和大家一起参观各个团队成员设计的主题房间。LUCIA向大家展示并介绍自己设计装饰的房间，期间观察到身着白色短袖灰色裤子的男生进行拍照。",
      "合影与社交": "LUCIA在户外庭院与大家进行合影和社交。期间与使用手机进行拍照并查看筛选照片。",
      "欣赏团队成员音乐表演": "LUCIA在二楼客厅欣赏身着白色短袖灰色裤子的男生等人的乐器演唱，期间多次与身着白色上衣的女生等人互动讨论。使用手机阅读小说。"
    },
    "choice_a_chinese": "正确序列：休闲及个人物品整理 → 水母灯手工制作 → 蛋挞制作 → 卧室装饰完善 错误原因：调整了“水母灯手工制作”和“卧室装饰完善”的顺序，且“蛋挞制作”顺序错误",
    "choice_b_chinese": "正确序列：水母灯手工制作 → 休闲及个人物品整理 → 蛋挞制作 → 卧室装饰完善 错误原因：顺序完全错误",
    "choice_c_chinese": "正确序列：休闲及个人物品整理 → 水母灯手工制作 → 卧室装饰完善 → 蛋挞制作 错误原因：“卧室装饰完善”和“蛋挞制作”顺序错误",
    "choice_d_chinese": "正确序列：水母灯手工制作 → 卧室装饰完善 → 休闲及个人物品整理 → 蛋挞制作 错误原因：“休闲及个人物品整理”位置错误",
    "answer": "A",
    "reason_chinese": "正确顺序应为：休闲及个人物品整理（13:19 - 15:06）、水母灯手工制作（15:06 - 15:38）、蛋挞制作（15:48 - 16:12）、卧室装饰完善（16:12 - 16:24）。所以选项A的序列和错误分析正确。",
    "question": "LUCIA describes her sequence of consecutive actions as: Leisure & Personal Item Organization → Bedroom Decoration Completion → Jellyfish Lamp Crafting → Egg Tart Making, but her statement is incorrect. What is the correct sequence and the error analysis?",
    "events_description": {
      "Breakfast and kitchen cleanup": "LUCIA washes dishes in the kitchen and observes others' dining status, then LUCIA finishes breakfast as well. LUCIA checks the food packaging information and continues organizing tableware. Observes a male in green short sleeves and gray shorts, a female in a white top and white floral dress, and others moving around the common area.",
      "Themed Room Decoration": "LUCIA focused on processing decorative sticker materials on the second floor, which involved searching for scissors across multiple floors (including the courtyard, kitchen, bathroom, etc.) and eventually finding them in the courtyard. She completed the fine trimming of themed stickers such as lighthouses and stars. LUCIA then used the prepared stickers and other materials to decorate the bedroom.",
      "Leisure and personal items organization": "LUCIA is adjusting the sound effects of the electronic keyboard in the living room, looking up sheet music on her phone for an impromptu performance. LUCIA organizes her personal belongings while attending to messages on her phone.",
      "Jellyfish Lamp Handmade": "LUCIA repeatedly heated glue with a hot glue gun, bonding the tentacles to the jellyfish lamp body in multiple batches. Finally, a jellyfish lamp with adjustable curved tentacles and decorative beads was completed and integrated into the cardboard box dog installation. The entire production process included trimming and adjusting the tentacle shapes, testing bond strength, and using tissue paper to fill the internal structure.",
      "Egg tart making": "LUCIA and a boy wearing a green short-sleeved shirt and gray shorts collaborate to make egg tarts.",
      "The bedroom decoration is complete.": "LUCIA improved the bedroom decorations. Organized the items on the bed, used double-sided tape to secure the light strips and paper cuttings, and attached the paper bags. Stored and arranged the items on the nightstand and windowsill.",
      "Participate in themed activities and auctions": "LUCIA attended the event as a non-participating observer at the main venue. She consumed snacks such as ice cream and cake during this time and engaged in casual conversation with individuals including a girl wearing a white top with a white floral-print skirt. LUCIA went downstairs to retrieve the LED jellyfish and cardboard-box dog from the outdoor courtyard and brought them to the event space on the second floor. Observations included a male host dressed in a white short-sleeved shirt and gray pants conducting the event, while the aforementioned girl in the white floral-print skirt and others demonstrated and explained handmade crafts. During breaks, the male host in white short sleeves and gray pants used a camera to take commemorative photos.",
      "Themed Room Tour": "LUCIA toured the themed rooms designed by team members with everyone. LUCIA showcased and introduced her own decorated room, during which she noticed a male in a white short-sleeved shirt and gray pants taking photos.",
      "Group Photos and Socializing": "LUCIA is in the outdoor courtyard taking group photos and socializing with everyone. During this time, she uses her phone to take pictures and review the selected photos.",
      "Enjoy the team members' musical performance": "LUCIA enjoys the instrumental performance by the guy in a white short-sleeve shirt and gray pants among others in the second-floor living room, frequently interacting and discussing with the girl in white and others during the show. Reads novels on her phone."
    },
    "choice_a": "Correct sequence: Leisure and personal items organization → Jellyfish lamp handicraft → Egg tart making → Bedroom decoration finalization  \nError reason: Switched the order of \"Jellyfish lamp handicraft\" and \"Bedroom decoration finalization,\" with \"Egg tart making\" also placed incorrectly",
    "choice_b": "Correct sequence: Jellyfish lamp DIY → Leisure & personal item organization → Egg tart making → Bedroom decoration refinement  \nError reason: Entirely incorrect order",
    "choice_c": "Correct sequence: Leisure and personal item organization → Jellyfish lamp crafting → Bedroom decoration completion → Egg tart making  \nError reason: Incorrect order between \"Bedroom decoration completion\" and \"Egg tart making\"",
    "choice_d": "Correct sequence: Jellyfish lamp handicraft → Bedroom decoration completion → Leisure and personal items organization → Egg tart making  \nError reason: Incorrect placement of \"Leisure and personal items organization\"",
    "reason": "The correct order should be: Leisure and personal item organization (13:19 - 15:06), Jellyfish lamp crafting (15:06 - 15:38), Egg tart making (15:48 - 16:12), Bedroom decoration refinement (16:12 - 16:24). Thus, the sequence and error analysis in Option A are correct."
  },
  {
    "question_chinese": "LUCIA的日记中关于她参与活动顺序的记录看不清了：[主题房间装饰] → (?) → [蛋挞制作] → (?) → [参与主题活动与拍卖会]。下列事件中哪些可以用于填补无法确认的部分？备选事件：\n休闲及个人物品整理\n卧室装饰完善\n水母灯手工制作\n合影与社交\n主题房间参观\n休闲及个人物品整理",
    "events_description_chinese": {
      "早餐及厨房清洁整理": "LUCIA在厨房洗碗并观察他人用餐状态，随后LUCIA也吃完早餐。LUCIA检查食物包装信息并持续整理餐具。观察到身着绿色短袖灰色短裤的男生、身着白色上衣白色碎花裙子的女生等人在公共区域活动。",
      "主题房间装饰": "LUCIA在二楼集中处理装饰用贴纸材料，期间包含多楼层寻找剪刀（涉及庭院、厨房、浴室等区域）并最终在庭院找到，完成灯塔、星星等主题贴纸的精细化修剪。LUCIA使用准备好的贴纸等材料对卧室进行装饰。",
      "休闲及个人物品整理": "LUCIA在客厅调试电子琴音效，通过手机查找乐谱进行即兴演奏。LUCIA对个人物品进行整理，期间使用手机处理消息。",
      "水母灯手工制作": "LUCIA使用溶胶棒反复烧制胶水，分多批次将触手粘合到水母灯主体。最终完成带有可调节弧度触手和装饰串珠的水母灯，并将其整合到纸箱小狗装置中。包括剪裁调整触手造型、测试粘合牢固度、使用纸巾填充内部结构等完整制作流程。",
      "蛋挞制作": "LUCIA和身着绿色短袖灰色短裤的男生等人协作制作蛋挞。",
      "卧室装饰完善": "LUCIA对卧室内装饰进行完善。整理床上物品，使用双面胶对灯带，剪纸进行固定，粘贴纸袋。收纳摆放床头柜、窗台上的物品",
      "参与主题活动与拍卖会": "LUCIA在活动主会场旁听。期间吃了冰激凌、蛋糕等零食，与身着白色上衣白色碎花裙的女生等人闲聊。LUCIA下楼从户外庭院将灯带水母和纸盒小狗带至二楼活动现场。观察到身着白色短袖灰色裤子的男生主持活动，身着白色上衣白色碎花裙子的女生等人在活动现场进行手工制品的展示与讲解。活动间隙身着白色短袖灰色裤子的男生使用相机进行拍照留念。",
      "主题房间参观": "LUCIA和大家一起参观各个团队成员设计的主题房间。LUCIA向大家展示并介绍自己设计装饰的房间，期间观察到身着白色短袖灰色裤子的男生进行拍照。",
      "合影与社交": "LUCIA在户外庭院与大家进行合影和社交。期间与使用手机进行拍照并查看筛选照片。",
      "欣赏团队成员音乐表演": "LUCIA在二楼客厅欣赏身着白色短袖灰色裤子的男生等人的乐器演唱，期间多次与身着白色上衣的女生等人互动讨论。使用手机阅读小说。"
    },
    "choice_a_chinese": "休闲及个人物品整理 / 卧室装饰完善",
    "choice_b_chinese": "水母灯手工制作 / 主题房间参观",
    "choice_c_chinese": "休闲及个人物品整理 / 合影与社交",
    "choice_d_chinese": "水母灯手工制作 / 合影与社交",
    "answer": "A",
    "reason_chinese": "主题房间装饰（10:51 - 13:19）→ 休闲及个人物品整理（13:19 - 15:06）→ 水母灯手工制作（15:06 - 15:38）→ 蛋挞制作（15:48 - 16:12）→ 卧室装饰完善（16:12 - 16:24）→ 参与主题活动与拍卖会（16:24 - 17:44）。所以选项A正确，其他选项存在时间顺序或事件不匹配的情况。",
    "question": "The unclear sequence of events in LUCIA's diary regarding her participation is: [Theme Room Decoration] → (?) → [Egg Tart Making] → (?) → [Theme Event Participation & Auction]. Which of the following events can fill in the unconfirmed parts? Optional events:  \nLeisure & Personal Item Organization  \nBedroom Decoration Completion  \nJellyfish Lamp Crafting  \nGroup Photo & Socializing  \nTheme Room Tour  \nLeisure & Personal Item Organization",
    "events_description": {
      "Breakfast and kitchen cleanup": "LUCIA washes dishes in the kitchen and observes others' dining status, then LUCIA finishes breakfast as well. LUCIA checks the food packaging information and continues organizing tableware. Observes a male in green short sleeves and gray shorts, a female in a white top and white floral dress, and others moving around the common area.",
      "Themed Room Decoration": "LUCIA focused on processing decorative sticker materials on the second floor, which involved searching for scissors across multiple floors (including the courtyard, kitchen, bathroom, etc.) and eventually finding them in the courtyard. She completed the fine trimming of themed stickers such as lighthouses and stars. LUCIA then used the prepared stickers and other materials to decorate the bedroom.",
      "Leisure and personal items organization": "LUCIA is adjusting the sound effects of the electronic keyboard in the living room, looking up sheet music on her phone for an impromptu performance. LUCIA organizes her personal belongings while attending to messages on her phone.",
      "Jellyfish Lamp Handmade": "LUCIA repeatedly heated glue with a hot glue gun, bonding the tentacles to the jellyfish lamp body in multiple batches. Finally, a jellyfish lamp with adjustable curved tentacles and decorative beads was completed and integrated into the cardboard box dog installation. The entire production process included trimming and adjusting the tentacle shapes, testing bond strength, and using tissue paper to fill the internal structure.",
      "Egg tart making": "LUCIA and a boy wearing a green short-sleeved shirt and gray shorts collaborate to make egg tarts.",
      "The bedroom decoration is complete.": "LUCIA improved the bedroom decorations. Organized the items on the bed, used double-sided tape to secure the light strips and paper cuttings, and attached the paper bags. Stored and arranged the items on the nightstand and windowsill.",
      "Participate in themed activities and auctions": "LUCIA attended the event as a non-participating observer at the main venue. She consumed snacks such as ice cream and cake during this time and engaged in casual conversation with individuals including a girl wearing a white top with a white floral-print skirt. LUCIA went downstairs to retrieve the LED jellyfish and cardboard-box dog from the outdoor courtyard and brought them to the event space on the second floor. Observations included a male host dressed in a white short-sleeved shirt and gray pants conducting the event, while the aforementioned girl in the white floral-print skirt and others demonstrated and explained handmade crafts. During breaks, the male host in white short sleeves and gray pants used a camera to take commemorative photos.",
      "Themed Room Tour": "LUCIA toured the themed rooms designed by team members with everyone. LUCIA showcased and introduced her own decorated room, during which she noticed a male in a white short-sleeved shirt and gray pants taking photos.",
      "Group Photos and Socializing": "LUCIA is in the outdoor courtyard taking group photos and socializing with everyone. During this time, she uses her phone to take pictures and review the selected photos.",
      "Enjoy the team members' musical performance": "LUCIA enjoys the instrumental performance by the guy in a white short-sleeve shirt and gray pants among others in the second-floor living room, frequently interacting and discussing with the girl in white and others during the show. Reads novels on her phone."
    },
    "choice_a": "Leisure and personal items organization / Bedroom decoration refinement",
    "choice_b": "Jellyfish Lamp Handmade / Themed Room Tour",
    "choice_c": "Leisure and Personal Belongings Organization / Group Photos and Socializing",
    "choice_d": "Jellyfish Lamp Handmade / Photo Opportunity & Socializing",
    "reason": "Themed room decoration (10:51 - 13:19) → Leisure time and personal item organization (13:19 - 15:06) → Jellyfish lamp crafting (15:06 - 15:38) → Egg tart making (15:48 - 16:12) → Bedroom decoration finalization (16:12 - 16:24) → Participation in themed activities and auction (16:24 - 17:44). Thus, option A is correct, while other options have mismatched timelines or events."
  }
]