[
  {
    "question_chinese": "有人问LUCIA在DAY2的12:00到18:00之间做了以下哪些事并请按时间排序：\na. 化妆\nb. 舞蹈动作练习\nc. 餐后清洁与整理\nd. 舞蹈视频观看与讨论\ne. 火锅晚餐筹备\nf. 熟悉设备操作\ng. 装饰品在线选购与讨论\n正确的排序选项是？",
    "events_description_chinese": {
      "舞蹈视屏观看与讨论": "LUCIA与身穿蓝色短袖深蓝色百褶裙的女生共同观看多个舞蹈视频并进行讨论。和身穿白色短袖牛仔裤的女生以及身穿白色上衣灰蓝色裙子的女生一同观看视频并讨论。",
      "化妆": "LUCIA与团队成员一起化妆，期间观察到身穿白色短袖蓝色牛仔裤的女生和身穿白色上衣灰蓝色裙子的女生互相帮助化妆，身穿酒红色短袖灰色短裤的男生也参与了讨论。期间LUCIA在餐桌旁的白板上画了一只小猫。",
      "舞蹈动作练习": "LUCIA与身着蓝色短袖深蓝色格子百褶裙的女生等人练习舞蹈动作，期间和团队成员一起讨论，观察到身着酒红色短袖灰色短裤的男生不时移动摄像头并讨论摄像头摆放位置。LUCIA在镜子前进行动作分解练习。",
      "花瓶装饰品制作": "LUCIA与团队成员一起对花瓶中花的搭配摆放进行完善。期间观察到身穿白色上衣灰蓝色裙子的女生在进行花瓶装饰品的制作。LUCIA将花瓶和场记板一起摆放在小桌子上拍照留念。",
      "装饰品在线选购与讨论": "LUCIA持续在淘宝反复搜索置物架、照片墙、星光灯等装饰商品，包含放大查看商品细节、对比规格尺寸、加入购物车等操作。",
      "熟悉设备操作": "LUCIA在身着酒红色短袖灰色短裤男生的指导下学习电子设备的相关操作。",
      "火锅晚餐筹备": "LUCIA与团队成员协作完成晚餐筹备，包括跨楼层收集碗具（从二楼到一楼厨房多次往返）、拆解火锅底料包装、协助处理娃娃菜等食材，期间持续观察同伴清洗食材、调试灯光设备，并参与餐具摆放与餐桌布置。。",
      "餐后清洁与整理": "LUCIA参与餐后整理，包括用湿巾多轮擦拭锅中油渍、协助身着酒红色短袖灰色短裤的男生清洗堆积餐具、处理厨余垃圾、洗碗。期间观察到身着白色上衣灰蓝色裙子的女生在清洗餐具。",
      "线上采购": "LUCIA持续进行线上购物决策流程，使用淘宝客户端反复搜索'桌布'、'置物架'等关键词，浏览多个商品页面，包含查看商品详情、对比价格规格、阅读用户评价等环节。",
      "房间查看与讨论": "LUCIA与团队成员在不同房间查看交流，听取身着蓝色短袖深蓝色百褶裙的女生等人对房间的讨论。期间使用手势比划辅助说明想法。"
    },
    "choice_a_chinese": "(d)(a)(b)(g)(f)(e)",
    "choice_b_chinese": "(a)(b)(e)(d)(f)(g)",
    "choice_c_chinese": "(d)(b)(a)(g)(e)(f)",
    "choice_d_chinese": "(a)(d)(g)(b)(f)(e)",
    "choice_e_chinese": "(d)(a)(f)(g)(b)(e)",
    "answer": "A",
    "reason_chinese": "正确顺序为：舞蹈视频观看与讨论（10:50 - 12:15）、化妆（12:41 - 13:13）、舞蹈动作练习（15:37 - 16:11）、装饰品在线选购与讨论（16:26 - 17:18）、熟悉设备操作（17:26 - 17:35）、火锅晚餐筹备（17:48 - 18:37）。在12:00 - 18:00之间的正确顺序是(d)(a)(b)(g)(f)(e) ，其他选项顺序均存在错误。",
    "question": "Someone asked LUCIA what she did between 12:00 and 18:00 on DAY2 and requested the following activities to be sorted chronologically:  \na. Makeup  \nb. Dance rehearsal  \nc. Post-meal cleanup and tidying  \nd. Watching and discussing dance videos  \ne. Preparing for hotpot dinner  \nf. Familiarizing with equipment operation  \ng. Online shopping and discussion of decorations  \nWhat is the correct chronological order?",
    "events_description": {
      "Dance video viewing and discussion": "LUCIA watched and discussed multiple dance videos with a girl wearing a blue short-sleeve top and a navy blue pleated skirt. She also watched videos and talked with a girl in a white short-sleeve top and jeans, as well as a girl dressed in a white top and a gray-blue skirt.",
      "makeup": "LUCIA was putting on makeup with the team members. During this time, she observed a girl in a white short-sleeve top and blue jeans and a girl in a white top and gray-blue skirt helping each other with their makeup. A boy in burgundy short sleeves and gray shorts also joined the discussion. Meanwhile, LUCIA drew a kitten on the whiteboard near the dining table.",
      "Dance movement practice": "LUCIA and a girl wearing a blue short-sleeve shirt with a dark blue plaid pleated skirt practiced dance moves together, discussing with team members during the session. It was observed that a boy in a burgundy short-sleeve shirt and gray shorts occasionally moved the camera and discussed its placement. LUCIA then broke down the moves in front of the mirror.",
      "Vase decoration craft": "LUCIA worked with the team to refine the floral arrangement in the vase. During the process, she noticed a girl in a white top and gray-blue skirt making decorative accessories for the vase. LUCIA placed the vase along with the clapperboard on a small table for a commemorative photo.",
      "Online Shopping and Discussion for Decorative Items": "LUCIA continuously searches for decorative items such as shelves, photo walls, and star lights on Taobao, including actions like zooming in to view product details, comparing specifications and sizes, and adding items to the cart.",
      "Familiarize with equipment operation": "LUCIA learns the operation of electronic devices under the guidance of a male wearing a burgundy short-sleeve shirt and gray shorts.",
      "Hotpot Dinner Preparation": "LUCIA collaborated with team members to prepare dinner, including collecting tableware across floors (multiple trips between the second floor and the first-floor kitchen), unpacking hotpot base ingredients, assisting with handling ingredients like baby bok choy, while continuously observing teammates washing ingredients and adjusting lighting equipment, and participating in tableware arrangement and dining table setup.",
      "Post-meal cleanup and organization": "LUCIA participated in post-meal cleanup, including multiple rounds of wiping oil stains from pots with wet wipes, assisting a boy in a wine-red short-sleeved shirt and gray shorts to wash stacked tableware, handling food waste, and washing dishes. During this time, a girl in a white top and gray-blue skirt was observed washing tableware.",
      "Online procurement": "LUCIA continued the online shopping decision-making process, repeatedly searching for keywords like 'tablecloth' and 'shelves' on the Taobao app, browsing multiple product pages, including viewing product details, comparing prices and specifications, and reading user reviews.",
      "Room inspection and discussion": "LUCIA discusses with team members in different rooms, listening to opinions about the space from a girl in a blue short-sleeved shirt and dark blue pleated skirt, among others. Hand gestures are used to reinforce ideas during the conversation."
    },
    "choice_a": "(d)(a)(b)(g)(f)(e)",
    "choice_b": "(a)(b)(e)(d)(f)(g)",
    "choice_c": "(d)(b)(a)(g)(e)(f)",
    "choice_d": "(a)(d)(g)(b)(f)(e)",
    "choice_e": "(d)(a)(f)(g)(b)(e)",
    "reason": "The correct sequence is: Watch and discuss dance videos (10:50 - 12:15), makeup (12:41 - 13:13), dance movement practice (15:37 - 16:11), online accessory shopping and discussion (16:26 - 17:18), familiarization with equipment operation (17:26 - 17:35), hotpot dinner preparation (17:48 - 18:37). The correct order between 12:00 - 18:00 is (d)(a)(b)(g)(f)(e), all other options have incorrect sequences."
  },
  {
    "question_chinese": "LUCIA在一天中做了舞蹈动作练习、花瓶装饰品制作、装饰品在线选购与讨论这些事，请问这些事发生在什么时间段？",
    "events_description_chinese": {
      "舞蹈视屏观看与讨论": "LUCIA与身穿蓝色短袖深蓝色百褶裙的女生共同观看多个舞蹈视频并进行讨论。和身穿白色短袖牛仔裤的女生以及身穿白色上衣灰蓝色裙子的女生一同观看视频并讨论。",
      "化妆": "LUCIA与团队成员一起化妆，期间观察到身穿白色短袖蓝色牛仔裤的女生和身穿白色上衣灰蓝色裙子的女生互相帮助化妆，身穿酒红色短袖灰色短裤的男生也参与了讨论。期间LUCIA在餐桌旁的白板上画了一只小猫。",
      "舞蹈动作练习": "LUCIA与身着蓝色短袖深蓝色格子百褶裙的女生等人练习舞蹈动作，期间和团队成员一起讨论，观察到身着酒红色短袖灰色短裤的男生不时移动摄像头并讨论摄像头摆放位置。LUCIA在镜子前进行动作分解练习。",
      "花瓶装饰品制作": "LUCIA与团队成员一起对花瓶中花的搭配摆放进行完善。期间观察到身穿白色上衣灰蓝色裙子的女生在进行花瓶装饰品的制作。LUCIA将花瓶和场记板一起摆放在小桌子上拍照留念。",
      "装饰品在线选购与讨论": "LUCIA持续在淘宝反复搜索置物架、照片墙、星光灯等装饰商品，包含放大查看商品细节、对比规格尺寸、加入购物车等操作。",
      "熟悉设备操作": "LUCIA在身着酒红色短袖灰色短裤男生的指导下学习电子设备的相关操作。",
      "火锅晚餐筹备": "LUCIA与团队成员协作完成晚餐筹备，包括跨楼层收集碗具（从二楼到一楼厨房多次往返）、拆解火锅底料包装、协助处理娃娃菜等食材，期间持续观察同伴清洗食材、调试灯光设备，并参与餐具摆放与餐桌布置。。",
      "餐后清洁与整理": "LUCIA参与餐后整理，包括用湿巾多轮擦拭锅中油渍、协助身着酒红色短袖灰色短裤的男生清洗堆积餐具、处理厨余垃圾、洗碗。期间观察到身着白色上衣灰蓝色裙子的女生在清洗餐具。",
      "线上采购": "LUCIA持续进行线上购物决策流程，使用淘宝客户端反复搜索'桌布'、'置物架'等关键词，浏览多个商品页面，包含查看商品详情、对比价格规格、阅读用户评价等环节。",
      "房间查看与讨论": "LUCIA与团队成员在不同房间查看交流，听取身着蓝色短袖深蓝色百褶裙的女生等人对房间的讨论。期间使用手势比划辅助说明想法。"
    },
    "choice_a_chinese": "DAY2: 15:00~17:00",
    "choice_b_chinese": "DAY2: 15:37~17:18",
    "choice_c_chinese": "DAY2: 16:00~17:30",
    "choice_d_chinese": "DAY2: 15:37~17:35",
    "choice_e_chinese": "DAY2: 16:11~17:18",
    "answer": "B",
    "reason_chinese": "舞蹈动作练习（15:37 - 16:11）、花瓶装饰品制作（16:11 - 16:36）、装饰品在线选购与讨论（16:26 - 17:18），总时间跨度为15:37 - 17:18，所以选B。",
    "question": "LUCIA engaged in dance movement practice, vase ornament crafting, and online ornament shopping and discussion during the day. May I ask during which time period these activities took place?",
    "events_description": {
      "Dance video viewing and discussion": "LUCIA watched and discussed multiple dance videos with a girl wearing a blue short-sleeve top and a navy blue pleated skirt. She also watched videos and talked with a girl in a white short-sleeve top and jeans, as well as a girl dressed in a white top and a gray-blue skirt.",
      "makeup": "LUCIA was putting on makeup with the team members. During this time, she observed a girl in a white short-sleeve top and blue jeans and a girl in a white top and gray-blue skirt helping each other with their makeup. A boy in burgundy short sleeves and gray shorts also joined the discussion. Meanwhile, LUCIA drew a kitten on the whiteboard near the dining table.",
      "Dance movement practice": "LUCIA and a girl wearing a blue short-sleeve shirt with a dark blue plaid pleated skirt practiced dance moves together, discussing with team members during the session. It was observed that a boy in a burgundy short-sleeve shirt and gray shorts occasionally moved the camera and discussed its placement. LUCIA then broke down the moves in front of the mirror.",
      "Vase decoration craft": "LUCIA worked with the team to refine the floral arrangement in the vase. During the process, she noticed a girl in a white top and gray-blue skirt making decorative accessories for the vase. LUCIA placed the vase along with the clapperboard on a small table for a commemorative photo.",
      "Online Shopping and Discussion for Decorative Items": "LUCIA continuously searches for decorative items such as shelves, photo walls, and star lights on Taobao, including actions like zooming in to view product details, comparing specifications and sizes, and adding items to the cart.",
      "Familiarize with equipment operation": "LUCIA learns the operation of electronic devices under the guidance of a male wearing a burgundy short-sleeve shirt and gray shorts.",
      "Hotpot Dinner Preparation": "LUCIA collaborated with team members to prepare dinner, including collecting tableware across floors (multiple trips between the second floor and the first-floor kitchen), unpacking hotpot base ingredients, assisting with handling ingredients like baby bok choy, while continuously observing teammates washing ingredients and adjusting lighting equipment, and participating in tableware arrangement and dining table setup.",
      "Post-meal cleanup and organization": "LUCIA participated in post-meal cleanup, including multiple rounds of wiping oil stains from pots with wet wipes, assisting a boy in a wine-red short-sleeved shirt and gray shorts to wash stacked tableware, handling food waste, and washing dishes. During this time, a girl in a white top and gray-blue skirt was observed washing tableware.",
      "Online procurement": "LUCIA continued the online shopping decision-making process, repeatedly searching for keywords like 'tablecloth' and 'shelves' on the Taobao app, browsing multiple product pages, including viewing product details, comparing prices and specifications, and reading user reviews.",
      "Room inspection and discussion": "LUCIA discusses with team members in different rooms, listening to opinions about the space from a girl in a blue short-sleeved shirt and dark blue pleated skirt, among others. Hand gestures are used to reinforce ideas during the conversation."
    },
    "choice_a": "DAY2: 15:00~17:00",
    "choice_b": "DAY2: 15:37~17:18",
    "choice_c": "DAY2: 16:00~17:30",
    "choice_d": "DAY2: 15:37~17:35",
    "choice_e": "DAY2: 16:11~17:18",
    "reason": "Dance movement practice (15:37 - 16:11), vase decoration making (16:11 - 16:36), online decoration shopping and discussion (16:26 - 17:18). The total time span is 15:37 - 17:18, so choose B."
  },
  {
    "question_chinese": "LUCIA记录了自己做的一些事，但忘记了对应的时间，以下是事件序列和时间选项，请将事件与正确时间匹配：\n事件序列：\n1. 舞蹈视频观看与讨论\n2. 化妆\n3. 火锅晚餐筹备\n4. 线上采购\n时间选项：\na. 10:00~11:30\nb. 12:30~13:30\nc. 17:30~18:30\nd. 18:30~19:30\ne. 21:00~22:00\nf. 21:52~22:48\ng. 17:48~18:37\nh. 10:50~12:15\n选项中正确的匹配是？",
    "events_description_chinese": {
      "舞蹈视屏观看与讨论": "LUCIA与身穿蓝色短袖深蓝色百褶裙的女生共同观看多个舞蹈视频并进行讨论。和身穿白色短袖牛仔裤的女生以及身穿白色上衣灰蓝色裙子的女生一同观看视频并讨论。",
      "化妆": "LUCIA与团队成员一起化妆，期间观察到身穿白色短袖蓝色牛仔裤的女生和身穿白色上衣灰蓝色裙子的女生互相帮助化妆，身穿酒红色短袖灰色短裤的男生也参与了讨论。期间LUCIA在餐桌旁的白板上画了一只小猫。",
      "舞蹈动作练习": "LUCIA与身着蓝色短袖深蓝色格子百褶裙的女生等人练习舞蹈动作，期间和团队成员一起讨论，观察到身着酒红色短袖灰色短裤的男生不时移动摄像头并讨论摄像头摆放位置。LUCIA在镜子前进行动作分解练习。",
      "花瓶装饰品制作": "LUCIA与团队成员一起对花瓶中花的搭配摆放进行完善。期间观察到身穿白色上衣灰蓝色裙子的女生在进行花瓶装饰品的制作。LUCIA将花瓶和场记板一起摆放在小桌子上拍照留念。",
      "装饰品在线选购与讨论": "LUCIA持续在淘宝反复搜索置物架、照片墙、星光灯等装饰商品，包含放大查看商品细节、对比规格尺寸、加入购物车等操作。",
      "熟悉设备操作": "LUCIA在身着酒红色短袖灰色短裤男生的指导下学习电子设备的相关操作。",
      "火锅晚餐筹备": "LUCIA与团队成员协作完成晚餐筹备，包括跨楼层收集碗具（从二楼到一楼厨房多次往返）、拆解火锅底料包装、协助处理娃娃菜等食材，期间持续观察同伴清洗食材、调试灯光设备，并参与餐具摆放与餐桌布置。。",
      "餐后清洁与整理": "LUCIA参与餐后整理，包括用湿巾多轮擦拭锅中油渍、协助身着酒红色短袖灰色短裤的男生清洗堆积餐具、处理厨余垃圾、洗碗。期间观察到身着白色上衣灰蓝色裙子的女生在清洗餐具。",
      "线上采购": "LUCIA持续进行线上购物决策流程，使用淘宝客户端反复搜索'桌布'、'置物架'等关键词，浏览多个商品页面，包含查看商品详情、对比价格规格、阅读用户评价等环节。",
      "房间查看与讨论": "LUCIA与团队成员在不同房间查看交流，听取身着蓝色短袖深蓝色百褶裙的女生等人对房间的讨论。期间使用手势比划辅助说明想法。"
    },
    "choice_a_chinese": "1→a / 2→b / 3→g / 4→f",
    "choice_b_chinese": "1→h / 2→b / 3→g / 4→f",
    "choice_c_chinese": "1→h / 2→c / 3→d / 4→e",
    "choice_d_chinese": "1→a / 2→d / 3→g / 4→e",
    "answer": "B",
    "reason_chinese": "舞蹈视频观看与讨论（h：10:50 - 12:15）；化妆（b：12:41 - 13:13）；火锅晚餐筹备（g：17:48 - 18:37）；线上采购（f：21:52 - 22:48）。A选项中1对应错误；C选项中2、3、4对应错误；D选项中1、2、4对应错误。",
    "question": "LUCIA recorded some of her activities but forgot the corresponding times. Below are the sequence of events and time options. Please match each event with the correct time:\n\nSequence of Events:\n1. Watching and discussing dance videos\n2. Applying makeup\n3. Preparing for hotpot dinner\n4. Online shopping\n\nTime Options:\na. 10:00~11:30\nb. 12:30~13:30\nc. 17:30~18:30\nd. 18:30~19:30\ne. 21:00~22:00\nf. 21:52~22:48\ng. 17:48~18:37\nh. 10:50~12:15\n\nWhich option is the correct match?",
    "events_description": {
      "Dance video viewing and discussion": "LUCIA watched and discussed multiple dance videos with a girl wearing a blue short-sleeve top and a navy blue pleated skirt. She also watched videos and talked with a girl in a white short-sleeve top and jeans, as well as a girl dressed in a white top and a gray-blue skirt.",
      "makeup": "LUCIA was putting on makeup with the team members. During this time, she observed a girl in a white short-sleeve top and blue jeans and a girl in a white top and gray-blue skirt helping each other with their makeup. A boy in burgundy short sleeves and gray shorts also joined the discussion. Meanwhile, LUCIA drew a kitten on the whiteboard near the dining table.",
      "Dance movement practice": "LUCIA and a girl wearing a blue short-sleeve shirt with a dark blue plaid pleated skirt practiced dance moves together, discussing with team members during the session. It was observed that a boy in a burgundy short-sleeve shirt and gray shorts occasionally moved the camera and discussed its placement. LUCIA then broke down the moves in front of the mirror.",
      "Vase decoration craft": "LUCIA worked with the team to refine the floral arrangement in the vase. During the process, she noticed a girl in a white top and gray-blue skirt making decorative accessories for the vase. LUCIA placed the vase along with the clapperboard on a small table for a commemorative photo.",
      "Online Shopping and Discussion for Decorative Items": "LUCIA continuously searches for decorative items such as shelves, photo walls, and star lights on Taobao, including actions like zooming in to view product details, comparing specifications and sizes, and adding items to the cart.",
      "Familiarize with equipment operation": "LUCIA learns the operation of electronic devices under the guidance of a male wearing a burgundy short-sleeve shirt and gray shorts.",
      "Hotpot Dinner Preparation": "LUCIA collaborated with team members to prepare dinner, including collecting tableware across floors (multiple trips between the second floor and the first-floor kitchen), unpacking hotpot base ingredients, assisting with handling ingredients like baby bok choy, while continuously observing teammates washing ingredients and adjusting lighting equipment, and participating in tableware arrangement and dining table setup.",
      "Post-meal cleanup and organization": "LUCIA participated in post-meal cleanup, including multiple rounds of wiping oil stains from pots with wet wipes, assisting a boy in a wine-red short-sleeved shirt and gray shorts to wash stacked tableware, handling food waste, and washing dishes. During this time, a girl in a white top and gray-blue skirt was observed washing tableware.",
      "Online procurement": "LUCIA continued the online shopping decision-making process, repeatedly searching for keywords like 'tablecloth' and 'shelves' on the Taobao app, browsing multiple product pages, including viewing product details, comparing prices and specifications, and reading user reviews.",
      "Room inspection and discussion": "LUCIA discusses with team members in different rooms, listening to opinions about the space from a girl in a blue short-sleeved shirt and dark blue pleated skirt, among others. Hand gestures are used to reinforce ideas during the conversation."
    },
    "choice_a": "1→a / 2→b / 3→g / 4→f",
    "choice_b": "1→h / 2→b / 3→g / 4→f",
    "choice_c": "1→h / 2→c / 3→d / 4→e",
    "choice_d": "1→a / 2→d / 3→g / 4→e",
    "reason": "Watch and discuss dance videos (h: 10:50 - 12:15); Makeup (b: 12:41 - 13:13); Hotpot dinner preparation (g: 17:48 - 18:37); Online shopping (f: 21:52 - 22:48). Option A has 1 corresponding to an error; Option C has 2, 3, 4 corresponding to errors; Option D has 1, 2, 4 corresponding to errors."
  },
  {
    "question_chinese": "LUCIA完成了舞蹈动作练习、花瓶装饰品制作这两件事，在这之前和之后分别发生了什么事？",
    "events_description_chinese": {
      "舞蹈视屏观看与讨论": "LUCIA与身穿蓝色短袖深蓝色百褶裙的女生共同观看多个舞蹈视频并进行讨论。和身穿白色短袖牛仔裤的女生以及身穿白色上衣灰蓝色裙子的女生一同观看视频并讨论。",
      "化妆": "LUCIA与团队成员一起化妆，期间观察到身穿白色短袖蓝色牛仔裤的女生和身穿白色上衣灰蓝色裙子的女生互相帮助化妆，身穿酒红色短袖灰色短裤的男生也参与了讨论。期间LUCIA在餐桌旁的白板上画了一只小猫。",
      "舞蹈动作练习": "LUCIA与身着蓝色短袖深蓝色格子百褶裙的女生等人练习舞蹈动作，期间和团队成员一起讨论，观察到身着酒红色短袖灰色短裤的男生不时移动摄像头并讨论摄像头摆放位置。LUCIA在镜子前进行动作分解练习。",
      "花瓶装饰品制作": "LUCIA与团队成员一起对花瓶中花的搭配摆放进行完善。期间观察到身穿白色上衣灰蓝色裙子的女生在进行花瓶装饰品的制作。LUCIA将花瓶和场记板一起摆放在小桌子上拍照留念。",
      "装饰品在线选购与讨论": "LUCIA持续在淘宝反复搜索置物架、照片墙、星光灯等装饰商品，包含放大查看商品细节、对比规格尺寸、加入购物车等操作。",
      "熟悉设备操作": "LUCIA在身着酒红色短袖灰色短裤男生的指导下学习电子设备的相关操作。",
      "火锅晚餐筹备": "LUCIA与团队成员协作完成晚餐筹备，包括跨楼层收集碗具（从二楼到一楼厨房多次往返）、拆解火锅底料包装、协助处理娃娃菜等食材，期间持续观察同伴清洗食材、调试灯光设备，并参与餐具摆放与餐桌布置。。",
      "餐后清洁与整理": "LUCIA参与餐后整理，包括用湿巾多轮擦拭锅中油渍、协助身着酒红色短袖灰色短裤的男生清洗堆积餐具、处理厨余垃圾、洗碗。期间观察到身着白色上衣灰蓝色裙子的女生在清洗餐具。",
      "线上采购": "LUCIA持续进行线上购物决策流程，使用淘宝客户端反复搜索'桌布'、'置物架'等关键词，浏览多个商品页面，包含查看商品详情、对比价格规格、阅读用户评价等环节。",
      "房间查看与讨论": "LUCIA与团队成员在不同房间查看交流，听取身着蓝色短袖深蓝色百褶裙的女生等人对房间的讨论。期间使用手势比划辅助说明想法。"
    },
    "choice_a_chinese": "之前：化妆；之后：装饰品在线选购与讨论",
    "choice_b_chinese": "之前：舞蹈视频观看与讨论；之后：熟悉设备操作",
    "choice_c_chinese": "之前：化妆；之后：火锅晚餐筹备",
    "choice_d_chinese": "之前：舞蹈视频观看与讨论；之后：餐后清洁与整理",
    "answer": "A",
    "reason_chinese": "化妆（12:41 - 13:13）、舞蹈动作练习（15:37 - 16:11）、花瓶装饰品制作（16:11 - 16:36）、装饰品在线选购与讨论（16:26 - 17:18），所以在舞蹈动作练习和花瓶装饰品制作之前是化妆，之后是装饰品在线选购与讨论 。",
    "question": "LUCIA completed dance movement practice and vase decoration making. What happened before and after these two events?",
    "events_description": {
      "Dance video viewing and discussion": "LUCIA watched and discussed multiple dance videos with a girl wearing a blue short-sleeve top and a navy blue pleated skirt. She also watched videos and talked with a girl in a white short-sleeve top and jeans, as well as a girl dressed in a white top and a gray-blue skirt.",
      "makeup": "LUCIA was putting on makeup with the team members. During this time, she observed a girl in a white short-sleeve top and blue jeans and a girl in a white top and gray-blue skirt helping each other with their makeup. A boy in burgundy short sleeves and gray shorts also joined the discussion. Meanwhile, LUCIA drew a kitten on the whiteboard near the dining table.",
      "Dance movement practice": "LUCIA and a girl wearing a blue short-sleeve shirt with a dark blue plaid pleated skirt practiced dance moves together, discussing with team members during the session. It was observed that a boy in a burgundy short-sleeve shirt and gray shorts occasionally moved the camera and discussed its placement. LUCIA then broke down the moves in front of the mirror.",
      "Vase decoration craft": "LUCIA worked with the team to refine the floral arrangement in the vase. During the process, she noticed a girl in a white top and gray-blue skirt making decorative accessories for the vase. LUCIA placed the vase along with the clapperboard on a small table for a commemorative photo.",
      "Online Shopping and Discussion for Decorative Items": "LUCIA continuously searches for decorative items such as shelves, photo walls, and star lights on Taobao, including actions like zooming in to view product details, comparing specifications and sizes, and adding items to the cart.",
      "Familiarize with equipment operation": "LUCIA learns the operation of electronic devices under the guidance of a male wearing a burgundy short-sleeve shirt and gray shorts.",
      "Hotpot Dinner Preparation": "LUCIA collaborated with team members to prepare dinner, including collecting tableware across floors (multiple trips between the second floor and the first-floor kitchen), unpacking hotpot base ingredients, assisting with handling ingredients like baby bok choy, while continuously observing teammates washing ingredients and adjusting lighting equipment, and participating in tableware arrangement and dining table setup.",
      "Post-meal cleanup and organization": "LUCIA participated in post-meal cleanup, including multiple rounds of wiping oil stains from pots with wet wipes, assisting a boy in a wine-red short-sleeved shirt and gray shorts to wash stacked tableware, handling food waste, and washing dishes. During this time, a girl in a white top and gray-blue skirt was observed washing tableware.",
      "Online procurement": "LUCIA continued the online shopping decision-making process, repeatedly searching for keywords like 'tablecloth' and 'shelves' on the Taobao app, browsing multiple product pages, including viewing product details, comparing prices and specifications, and reading user reviews.",
      "Room inspection and discussion": "LUCIA discusses with team members in different rooms, listening to opinions about the space from a girl in a blue short-sleeved shirt and dark blue pleated skirt, among others. Hand gestures are used to reinforce ideas during the conversation."
    },
    "choice_a": "Before: Makeup; After: Online Jewelry Shopping & Discussion",
    "choice_b": "Before: Watching and discussing dance videos; After: Familiarizing with equipment operation",
    "choice_c": "Before: Makeup; After: Preparing hotpot dinner",
    "choice_d": "Before: Dance video viewing and discussion; After: Post-meal cleanup and tidying",
    "reason": "Makeup (12:41 - 13:13), Dance move practice (15:37 - 16:11), Vase decoration making (16:11 - 16:36), Online decoration shopping and discussion (16:26 - 17:18). So before dance move practice and vase decoration making is makeup, and after that is online decoration shopping and discussion."
  },
  {
    "question_chinese": "LUCIA说自己在DAY2的活动顺序是：舞蹈视频观看与讨论、舞蹈动作练习、化妆、火锅晚餐筹备、餐后清洁与整理。这个说法有误，正确的顺序和错误分析是？",
    "events_description_chinese": {
      "舞蹈视屏观看与讨论": "LUCIA与身穿蓝色短袖深蓝色百褶裙的女生共同观看多个舞蹈视频并进行讨论。和身穿白色短袖牛仔裤的女生以及身穿白色上衣灰蓝色裙子的女生一同观看视频并讨论。",
      "化妆": "LUCIA与团队成员一起化妆，期间观察到身穿白色短袖蓝色牛仔裤的女生和身穿白色上衣灰蓝色裙子的女生互相帮助化妆，身穿酒红色短袖灰色短裤的男生也参与了讨论。期间LUCIA在餐桌旁的白板上画了一只小猫。",
      "舞蹈动作练习": "LUCIA与身着蓝色短袖深蓝色格子百褶裙的女生等人练习舞蹈动作，期间和团队成员一起讨论，观察到身着酒红色短袖灰色短裤的男生不时移动摄像头并讨论摄像头摆放位置。LUCIA在镜子前进行动作分解练习。",
      "花瓶装饰品制作": "LUCIA与团队成员一起对花瓶中花的搭配摆放进行完善。期间观察到身穿白色上衣灰蓝色裙子的女生在进行花瓶装饰品的制作。LUCIA将花瓶和场记板一起摆放在小桌子上拍照留念。",
      "装饰品在线选购与讨论": "LUCIA持续在淘宝反复搜索置物架、照片墙、星光灯等装饰商品，包含放大查看商品细节、对比规格尺寸、加入购物车等操作。",
      "熟悉设备操作": "LUCIA在身着酒红色短袖灰色短裤男生的指导下学习电子设备的相关操作。",
      "火锅晚餐筹备": "LUCIA与团队成员协作完成晚餐筹备，包括跨楼层收集碗具（从二楼到一楼厨房多次往返）、拆解火锅底料包装、协助处理娃娃菜等食材，期间持续观察同伴清洗食材、调试灯光设备，并参与餐具摆放与餐桌布置。。",
      "餐后清洁与整理": "LUCIA参与餐后整理，包括用湿巾多轮擦拭锅中油渍、协助身着酒红色短袖灰色短裤的男生清洗堆积餐具、处理厨余垃圾、洗碗。期间观察到身着白色上衣灰蓝色裙子的女生在清洗餐具。",
      "线上采购": "LUCIA持续进行线上购物决策流程，使用淘宝客户端反复搜索'桌布'、'置物架'等关键词，浏览多个商品页面，包含查看商品详情、对比价格规格、阅读用户评价等环节。",
      "房间查看与讨论": "LUCIA与团队成员在不同房间查看交流，听取身着蓝色短袖深蓝色百褶裙的女生等人对房间的讨论。期间使用手势比划辅助说明想法。"
    },
    "choice_a_chinese": "正确顺序：舞蹈视频观看与讨论、化妆、舞蹈动作练习、火锅晚餐筹备、餐后清洁与整理；错误原因：“化妆”和“舞蹈动作练习”顺序颠倒",
    "choice_b_chinese": "正确顺序：舞蹈视频观看与讨论、化妆、舞蹈动作练习、餐后清洁与整理、火锅晚餐筹备；错误原因：“火锅晚餐筹备”和“餐后清洁与整理”顺序颠倒且插入错误事件",
    "choice_c_chinese": "正确顺序：舞蹈视频观看与讨论、舞蹈动作练习、餐后清洁与整理、化妆、火锅晚餐筹备；错误原因：顺序全部混乱",
    "choice_d_chinese": "正确顺序：舞蹈视频观看与讨论、舞蹈动作练习、化妆、餐后清洁与整理；错误原因：遗漏“火锅晚餐筹备”且顺序错误",
    "answer": "A",
    "reason_chinese": "正确顺序为舞蹈视频观看与讨论（10:50 - 12:15）、化妆（12:41 - 13:13）、舞蹈动作练习（15:37 - 16:11）、火锅晚餐筹备（17:48 - 18:37）、餐后清洁与整理（21:08 - 21:40），原说法中“化妆”和“舞蹈动作练习”顺序颠倒 。",
    "question": "LUCIA said her activity sequence on DAY2 was: dance video viewing and discussion, dance practice, makeup, hotpot dinner preparation, post-meal cleanup and organization. This statement is incorrect. What is the correct order and error analysis?",
    "events_description": {
      "Dance video viewing and discussion": "LUCIA watched and discussed multiple dance videos with a girl wearing a blue short-sleeve top and a navy blue pleated skirt. She also watched videos and talked with a girl in a white short-sleeve top and jeans, as well as a girl dressed in a white top and a gray-blue skirt.",
      "makeup": "LUCIA was putting on makeup with the team members. During this time, she observed a girl in a white short-sleeve top and blue jeans and a girl in a white top and gray-blue skirt helping each other with their makeup. A boy in burgundy short sleeves and gray shorts also joined the discussion. Meanwhile, LUCIA drew a kitten on the whiteboard near the dining table.",
      "Dance movement practice": "LUCIA and a girl wearing a blue short-sleeve shirt with a dark blue plaid pleated skirt practiced dance moves together, discussing with team members during the session. It was observed that a boy in a burgundy short-sleeve shirt and gray shorts occasionally moved the camera and discussed its placement. LUCIA then broke down the moves in front of the mirror.",
      "Vase decoration craft": "LUCIA worked with the team to refine the floral arrangement in the vase. During the process, she noticed a girl in a white top and gray-blue skirt making decorative accessories for the vase. LUCIA placed the vase along with the clapperboard on a small table for a commemorative photo.",
      "Online Shopping and Discussion for Decorative Items": "LUCIA continuously searches for decorative items such as shelves, photo walls, and star lights on Taobao, including actions like zooming in to view product details, comparing specifications and sizes, and adding items to the cart.",
      "Familiarize with equipment operation": "LUCIA learns the operation of electronic devices under the guidance of a male wearing a burgundy short-sleeve shirt and gray shorts.",
      "Hotpot Dinner Preparation": "LUCIA collaborated with team members to prepare dinner, including collecting tableware across floors (multiple trips between the second floor and the first-floor kitchen), unpacking hotpot base ingredients, assisting with handling ingredients like baby bok choy, while continuously observing teammates washing ingredients and adjusting lighting equipment, and participating in tableware arrangement and dining table setup.",
      "Post-meal cleanup and organization": "LUCIA participated in post-meal cleanup, including multiple rounds of wiping oil stains from pots with wet wipes, assisting a boy in a wine-red short-sleeved shirt and gray shorts to wash stacked tableware, handling food waste, and washing dishes. During this time, a girl in a white top and gray-blue skirt was observed washing tableware.",
      "Online procurement": "LUCIA continued the online shopping decision-making process, repeatedly searching for keywords like 'tablecloth' and 'shelves' on the Taobao app, browsing multiple product pages, including viewing product details, comparing prices and specifications, and reading user reviews.",
      "Room inspection and discussion": "LUCIA discusses with team members in different rooms, listening to opinions about the space from a girl in a blue short-sleeved shirt and dark blue pleated skirt, among others. Hand gestures are used to reinforce ideas during the conversation."
    },
    "choice_a": "Correct sequence: Watch and discuss dance videos, makeup, dance movement practice, hot pot dinner preparation, post-meal cleaning and organizing; Error reason: \"Makeup\" and \"Dance movement practice\" were reversed in order.",
    "choice_b": "Correct sequence: Dance video viewing and discussion, makeup, dance movement practice, post-meal cleaning and tidying up, hot pot dinner preparation; Error reason: \"Hot pot dinner preparation\" and \"post-meal cleaning and tidying up\" are in reversed order with an incorrectly inserted event",
    "choice_c": "Correct order: Watch and discuss dance videos, practice dance moves, post-meal cleaning and tidying, makeup, hot pot dinner preparation; Error reason: Entire sequence is out of order",
    "choice_d": "Correct sequence: Watch and discuss dance videos, practice dance moves, apply makeup, post-meal cleanup and organization;  \nError reason: Omitted \"hotpot dinner preparation\" and incorrect order",
    "reason": "The correct sequence is: Watch and discuss dance videos (10:50 - 12:15), makeup (12:41 - 13:13), dance move practice (15:37 - 16:11), hot pot dinner preparation (17:48 - 18:37), and post-meal cleanup and tidying (21:08 - 21:40). The original statement had the order of \"makeup\" and \"dance move practice\" reversed."
  },
  {
    "question_chinese": "LUCIA的活动记录部分内容缺失：[舞蹈视频观看与讨论] → (?) → [装饰品在线选购与讨论] → (?) → [餐后清洁与整理]。从以下事件中选择能按顺序填补空白的选项。\n备选事件：\n化妆\n舞蹈动作练习\n花瓶装饰品制作\n熟悉设备操作\n火锅晚餐筹备\n房间查看与讨论\n线上采购",
    "events_description_chinese": {
      "舞蹈视屏观看与讨论": "LUCIA与身穿蓝色短袖深蓝色百褶裙的女生共同观看多个舞蹈视频并进行讨论。和身穿白色短袖牛仔裤的女生以及身穿白色上衣灰蓝色裙子的女生一同观看视频并讨论。",
      "化妆": "LUCIA与团队成员一起化妆，期间观察到身穿白色短袖蓝色牛仔裤的女生和身穿白色上衣灰蓝色裙子的女生互相帮助化妆，身穿酒红色短袖灰色短裤的男生也参与了讨论。期间LUCIA在餐桌旁的白板上画了一只小猫。",
      "舞蹈动作练习": "LUCIA与身着蓝色短袖深蓝色格子百褶裙的女生等人练习舞蹈动作，期间和团队成员一起讨论，观察到身着酒红色短袖灰色短裤的男生不时移动摄像头并讨论摄像头摆放位置。LUCIA在镜子前进行动作分解练习。",
      "花瓶装饰品制作": "LUCIA与团队成员一起对花瓶中花的搭配摆放进行完善。期间观察到身穿白色上衣灰蓝色裙子的女生在进行花瓶装饰品的制作。LUCIA将花瓶和场记板一起摆放在小桌子上拍照留念。",
      "装饰品在线选购与讨论": "LUCIA持续在淘宝反复搜索置物架、照片墙、星光灯等装饰商品，包含放大查看商品细节、对比规格尺寸、加入购物车等操作。",
      "熟悉设备操作": "LUCIA在身着酒红色短袖灰色短裤男生的指导下学习电子设备的相关操作。",
      "火锅晚餐筹备": "LUCIA与团队成员协作完成晚餐筹备，包括跨楼层收集碗具（从二楼到一楼厨房多次往返）、拆解火锅底料包装、协助处理娃娃菜等食材，期间持续观察同伴清洗食材、调试灯光设备，并参与餐具摆放与餐桌布置。。",
      "餐后清洁与整理": "LUCIA参与餐后整理，包括用湿巾多轮擦拭锅中油渍、协助身着酒红色短袖灰色短裤的男生清洗堆积餐具、处理厨余垃圾、洗碗。期间观察到身着白色上衣灰蓝色裙子的女生在清洗餐具。",
      "线上采购": "LUCIA持续进行线上购物决策流程，使用淘宝客户端反复搜索'桌布'、'置物架'等关键词，浏览多个商品页面，包含查看商品详情、对比价格规格、阅读用户评价等环节。",
      "房间查看与讨论": "LUCIA与团队成员在不同房间查看交流，听取身着蓝色短袖深蓝色百褶裙的女生等人对房间的讨论。期间使用手势比划辅助说明想法。"
    },
    "choice_a_chinese": "化妆、花瓶装饰品制作",
    "choice_b_chinese": "舞蹈动作练习、熟悉设备操作",
    "choice_c_chinese": "化妆、火锅晚餐筹备",
    "choice_d_chinese": "舞蹈动作练习、火锅晚餐筹备",
    "answer": "D",
    "reason_chinese": "舞蹈视频观看与讨论（10:50 - 12:15）、舞蹈动作练习（15:37 - 16:11）、装饰品在线选购与讨论（16:26 - 17:18）、火锅晚餐筹备（17:48 - 18:37）、餐后清洁与整理（21:08 - 21:40），所以正确的填补事件是舞蹈动作练习和火锅晚餐筹备。",
    "question": "LUCIA's activity log has missing sections: [Dancing video viewing and discussion] → (?) → [Online selection and discussion of decorations] → (?) → [Post-meal cleaning and tidying]. Choose from the following events to sequentially fill in the blanks.\n\nOptional events:\nMakeup\nDance movement practice\nVase decoration making\nFamiliarization with equipment operation\nHotpot dinner preparation\nRoom inspection and discussion\nOnline shopping",
    "events_description": {
      "Dance video viewing and discussion": "LUCIA watched and discussed multiple dance videos with a girl wearing a blue short-sleeve top and a navy blue pleated skirt. She also watched videos and talked with a girl in a white short-sleeve top and jeans, as well as a girl dressed in a white top and a gray-blue skirt.",
      "makeup": "LUCIA was putting on makeup with the team members. During this time, she observed a girl in a white short-sleeve top and blue jeans and a girl in a white top and gray-blue skirt helping each other with their makeup. A boy in burgundy short sleeves and gray shorts also joined the discussion. Meanwhile, LUCIA drew a kitten on the whiteboard near the dining table.",
      "Dance movement practice": "LUCIA and a girl wearing a blue short-sleeve shirt with a dark blue plaid pleated skirt practiced dance moves together, discussing with team members during the session. It was observed that a boy in a burgundy short-sleeve shirt and gray shorts occasionally moved the camera and discussed its placement. LUCIA then broke down the moves in front of the mirror.",
      "Vase decoration craft": "LUCIA worked with the team to refine the floral arrangement in the vase. During the process, she noticed a girl in a white top and gray-blue skirt making decorative accessories for the vase. LUCIA placed the vase along with the clapperboard on a small table for a commemorative photo.",
      "Online Shopping and Discussion for Decorative Items": "LUCIA continuously searches for decorative items such as shelves, photo walls, and star lights on Taobao, including actions like zooming in to view product details, comparing specifications and sizes, and adding items to the cart.",
      "Familiarize with equipment operation": "LUCIA learns the operation of electronic devices under the guidance of a male wearing a burgundy short-sleeve shirt and gray shorts.",
      "Hotpot Dinner Preparation": "LUCIA collaborated with team members to prepare dinner, including collecting tableware across floors (multiple trips between the second floor and the first-floor kitchen), unpacking hotpot base ingredients, assisting with handling ingredients like baby bok choy, while continuously observing teammates washing ingredients and adjusting lighting equipment, and participating in tableware arrangement and dining table setup.",
      "Post-meal cleanup and organization": "LUCIA participated in post-meal cleanup, including multiple rounds of wiping oil stains from pots with wet wipes, assisting a boy in a wine-red short-sleeved shirt and gray shorts to wash stacked tableware, handling food waste, and washing dishes. During this time, a girl in a white top and gray-blue skirt was observed washing tableware.",
      "Online procurement": "LUCIA continued the online shopping decision-making process, repeatedly searching for keywords like 'tablecloth' and 'shelves' on the Taobao app, browsing multiple product pages, including viewing product details, comparing prices and specifications, and reading user reviews.",
      "Room inspection and discussion": "LUCIA discusses with team members in different rooms, listening to opinions about the space from a girl in a blue short-sleeved shirt and dark blue pleated skirt, among others. Hand gestures are used to reinforce ideas during the conversation."
    },
    "choice_a": "Makeup, flower vase ornament crafting",
    "choice_b": "Dance movement practice, familiarize with equipment operation",
    "choice_c": "Makeup, hot pot dinner preparation",
    "choice_d": "Dance moves practice, hotpot dinner preparation",
    "reason": "Watching and discussing dance videos (10:50 - 12:15), practicing dance moves (15:37 - 16:11), online shopping and discussion of decorations (16:26 - 17:18), preparing for hotpot dinner (17:48 - 18:37), post-dinner cleaning and tidying up (21:08 - 21:40). Therefore, the correct missing events are practicing dance moves and preparing for hotpot dinner."
  }
]