[
  {
    "question_chinese": "LUCIA忘记了自己在DAY7的13:00到15:30之间所做的经历事件，如果让你来对这期间发生的事件进行排序，那么正确顺序是？发生的事件:\na. 个人物品及卧室整理\nb. 草莓清洗与厨房社交互动\nc. 收拾个人行李\nd. 公共区域整理\ne. 扫地\nf. 使用手机进行娱乐",
    "events_description_chinese": {
      "草莓清洗与厨房社交互动": "LUCIA在厨房清洗草莓并与身着黄色短袖灰色裤子的男生、身着白色上衣黑色裙子的女生等人进行社交互动，期间将洗洁精涂抹在了灰色长裤上并放入洗衣机清洗油污。观察到身着黄色短袖灰色裤子的男生持续查看手机，LUCIA和身着白色上衣黑色裙子的女生一起吃瓜子。",
      "扫地": "LUCIA系统清扫一楼大厅及厨房区域，处理瓜子壳、纸屑等各类垃圾。",
      "个人物品及卧室整理": "LUCIA在二楼房间系统整理行李，完善房间装饰。重新粘贴脱落的剪纸装饰，重新布置床头玩偶位置，整理充电设备及化妆品个人物品放入背包及行李箱。整理结束后，LUCIA使用手机拍摄房间照片并对房间细节进行扫描。",
      "公共区域整理": "LUCIA在整理归纳公共区域物品。对冰箱进行清理，吃掉剩下的蛋糕。LUCIA拿起手工制作的灯带水母进行查看。接受了一个快递并在玄关区域查看地上的纸箱子。",
      "使用手机进行娱乐": "LUCIA在一楼餐桌旁玩手机，期间身着白色上衣白色碎花裙的女生坐在桌子对面玩手机。LUCIA后转移至户外庭院内，使用手机进行听音乐，看小说，浏览社交媒体等娱乐活动。期间与身着黑色上衣牛仔裤的女生及身着白色上衣黑色裙子的女生等人进行社交互动。",
      "庭院社交互动与微信好友添加（含果汁分享/微信扫码/话题讨论）": "LUCIA主动与Alice及其朋友展开持续对话，包含果汁倒取与分享、微信二维码扫描添加好友、讨论微信昵称变更缘由等互动行为。过程中观察到Jake多次进出场景，参与者们通过音乐播放和肢体语言营造轻松氛围。",
      "收拾个人行李": "LUCIA在二楼个人房间持续进行行李整理，包含床品抚平、纸箱小狗摄影存档、渔网装饰拆卸、衣物分类折叠，将小蓝鸟、楼梯小人摆件等收入个人行李中，拆卸床头储物柜。",
      "吃西瓜": "LUCIA在一楼餐桌与身着蓝色外套黑色裤子的男生、身着白色上衣灰色裤子的女生等人一起吃西瓜。观察到身着黄色上衣灰色裤子的男生扫描身着蓝色上衣黑色裤子男生手机上的二维码。期间大家进行讨论交流。",
      "花销统计": "LUCIA使用手机查看各个购物平台及外卖平台的花销。观察到黄色上衣的男生和白色上衣的女生等人在进行讨论",
      "住所复原": "LUCIA继续拆除储物柜，在身着红色背心黑色裤子的女生的帮助下对个人房间的装饰进行拆除（包括纱网、墙纸等），对房间进行复原。LUCIA和身着黄色短袖灰色短裤的男生一起对房间内的摄像头进行拆除"
    },
    "choice_a_chinese": "(b)(e)(a)(d)(f)",
    "choice_b_chinese": "(e)(b)(f)(a)(d)",
    "choice_c_chinese": "(a)(d)(f)(b)(e)",
    "choice_d_chinese": "(b)(a)(e)(f)(d)",
    "choice_e_chinese": "(f)(d)(a)(e)(b)",
    "answer": "A",
    "reason_chinese": "正确顺序为：草莓清洗与厨房社交互动（12:58 - 13:12）、扫地（13:12 - 13:21）、个人物品及卧室整理（13:25 - 14:16）、公共区域整理（14:16 - 14:26）、使用手机进行娱乐（14:26 - 15:07）。干扰项不存在，这里只是对正确顺序进行判断。",
    "question": "LUCIA cannot remember the events she experienced between 13:00 and 15:30 on DAY7. If you were to arrange the events that occurred during this period in the correct order, what would it be? The events are:  \na. Organizing personal belongings and tidying the bedroom  \nb. Washing strawberries and social interactions in the kitchen  \nc. Packing personal luggage  \nd. Tidying up the common area  \ne. Sweeping the floor  \nf. Using a phone for entertainment",
    "events_description": {
      "Strawberry Washing and Kitchen Social Interaction": "LUCIA is washing strawberries in the kitchen and socializing with a boy in a yellow T-shirt and gray pants, a girl in a white top and black skirt, and others. During this time, she applies detergent to the gray pants and puts them in the washing machine to clean the grease. It is observed that the boy in the yellow T-shirt and gray pants keeps checking his phone, while LUCIA and the girl in the white top and black skirt eat melon seeds together.",
      "sweep the floor": "LUCIA system cleans the first-floor lobby and kitchen area, handling various types of trash such as melon seed shells and paper scraps.",
      "Personal belongings and bedroom organization": "LUCIA systematically organizes luggage and refines room decorations in the second-floor bedroom. She reattaches loose paper-cut decorations, rearranges the plush toys by the bed, and packs charging devices, cosmetics, and personal items into her backpack and suitcase. After tidying up, LUCIA takes photos of the room with her phone and scans the room details.",
      "Common area tidying": "LUCIA is organizing and sorting items in the common area. She cleans out the refrigerator and eats the leftover cake. LUCIA picks up the handmade jellyfish with LED lights to examine it. She receives a package and checks the cardboard boxes on the floor in the entrance area.",
      "Using mobile phones for entertainment": "LUCIA is playing with her phone at the dining table on the first floor, during which a girl in a white top and white floral skirt sits across the table playing with her phone. LUCIA later moves to the outdoor courtyard, using her phone for entertainment activities such as listening to music, reading novels, and browsing social media. During this time, she engages in social interactions with girls including one in a black top and jeans and another in a white top and black skirt.",
      "Yard Social Interaction and WeChat Friend Adding (Including Juice Sharing/WeChat QR Code Scanning/Topic Discussion)": "LUCIA proactively initiated continuous conversations with Alice and her friends, including interactions such as pouring and sharing juice, scanning WeChat QR codes to add friends, and discussing the reasons for changing WeChat nicknames. During the process, it was observed that Jake repeatedly entered and exited the scene, while the participants created a relaxed atmosphere through music playback and body language.",
      "Pack personal luggage": "LUCIA continued organizing her luggage in the personal room on the second floor, including smoothing the bedding, photographing and archiving the paper box dog, removing the fishnet decorations, sorting and folding clothes, packing items like the little bluebird and staircase figurine into her personal luggage, and dismantling the bedside storage cabinet.",
      "eating watermelon": "LUCIA is eating watermelon at the dining table on the first floor with a guy wearing a blue jacket and black pants, a girl wearing a white top and gray pants, and others. Observed a guy in a yellow top and gray pants scanning the QR code on the phone of the guy in a blue top and black pants. Everyone engaged in discussion and conversation during this time.",
      "Expense Statistics": "LUCIA checks the spending on various shopping and food delivery platforms using her phone. She notices the guy in the yellow top and the girl in the white top, among others, having a discussion.",
      "Residence restoration": "LUCIA continued dismantling the storage locker, and with the help of a girl in a red vest and black pants, removed decorations from the personal room (including mesh fabric, wallpaper, etc.) to restore the room to its original state. LUCIA worked with a boy in a yellow short-sleeved shirt and gray shorts to dismantle the cameras inside the room."
    },
    "choice_a": "(b)(e)(a)(d)(f)",
    "choice_b": "(e)(b)(f)(a)(d)",
    "choice_c": "(a)(d)(f)(b)(e)",
    "choice_d": "(b)(a)(e)(f)(d)",
    "choice_e": "(f)(d)(a)(e)(b)",
    "reason": "The correct sequence is: strawberry washing and kitchen social interaction (12:58 - 13:12), sweeping the floor (13:12 - 13:21), organizing personal items and bedroom (13:25 - 14:16), tidying up the common area (14:16 - 14:26), using mobile phone for entertainment (14:26 - 15:07). There are no distractors, this is merely a judgment of the correct order."
  },
  {
    "question_chinese": "LUCIA想知道自己进行公共区域整理、使用手机进行娱乐、庭院社交互动与微信好友添加这些活动的发生时间段，以下哪个选项是正确的？",
    "events_description_chinese": {
      "草莓清洗与厨房社交互动": "LUCIA在厨房清洗草莓并与身着黄色短袖灰色裤子的男生、身着白色上衣黑色裙子的女生等人进行社交互动，期间将洗洁精涂抹在了灰色长裤上并放入洗衣机清洗油污。观察到身着黄色短袖灰色裤子的男生持续查看手机，LUCIA和身着白色上衣黑色裙子的女生一起吃瓜子。",
      "扫地": "LUCIA系统清扫一楼大厅及厨房区域，处理瓜子壳、纸屑等各类垃圾。",
      "个人物品及卧室整理": "LUCIA在二楼房间系统整理行李，完善房间装饰。重新粘贴脱落的剪纸装饰，重新布置床头玩偶位置，整理充电设备及化妆品个人物品放入背包及行李箱。整理结束后，LUCIA使用手机拍摄房间照片并对房间细节进行扫描。",
      "公共区域整理": "LUCIA在整理归纳公共区域物品。对冰箱进行清理，吃掉剩下的蛋糕。LUCIA拿起手工制作的灯带水母进行查看。接受了一个快递并在玄关区域查看地上的纸箱子。",
      "使用手机进行娱乐": "LUCIA在一楼餐桌旁玩手机，期间身着白色上衣白色碎花裙的女生坐在桌子对面玩手机。LUCIA后转移至户外庭院内，使用手机进行听音乐，看小说，浏览社交媒体等娱乐活动。期间与身着黑色上衣牛仔裤的女生及身着白色上衣黑色裙子的女生等人进行社交互动。",
      "庭院社交互动与微信好友添加（含果汁分享/微信扫码/话题讨论）": "LUCIA主动与Alice及其朋友展开持续对话，包含果汁倒取与分享、微信二维码扫描添加好友、讨论微信昵称变更缘由等互动行为。过程中观察到Jake多次进出场景，参与者们通过音乐播放和肢体语言营造轻松氛围。",
      "收拾个人行李": "LUCIA在二楼个人房间持续进行行李整理，包含床品抚平、纸箱小狗摄影存档、渔网装饰拆卸、衣物分类折叠，将小蓝鸟、楼梯小人摆件等收入个人行李中，拆卸床头储物柜。",
      "吃西瓜": "LUCIA在一楼餐桌与身着蓝色外套黑色裤子的男生、身着白色上衣灰色裤子的女生等人一起吃西瓜。观察到身着黄色上衣灰色裤子的男生扫描身着蓝色上衣黑色裤子男生手机上的二维码。期间大家进行讨论交流。",
      "花销统计": "LUCIA使用手机查看各个购物平台及外卖平台的花销。观察到黄色上衣的男生和白色上衣的女生等人在进行讨论",
      "住所复原": "LUCIA继续拆除储物柜，在身着红色背心黑色裤子的女生的帮助下对个人房间的装饰进行拆除（包括纱网、墙纸等），对房间进行复原。LUCIA和身着黄色短袖灰色短裤的男生一起对房间内的摄像头进行拆除"
    },
    "choice_a_chinese": "DAY7: 14:00~15:00",
    "choice_b_chinese": "DAY7: 14:16~15:07",
    "choice_c_chinese": "DAY7: 14:16~14:52",
    "choice_d_chinese": "DAY7: 14:26~15:00",
    "choice_e_chinese": "DAY7: 14:26~14:52",
    "answer": "C",
    "reason_chinese": "公共区域整理（14:16 - 14:26）、使用手机进行娱乐（14:26 - 15:07，其中庭院社交互动与微信好友添加在14:44:46 - 14:52:50 ），这些活动总时间跨度为14:16 - 14:52，所以选项C正确。",
    "question": "LUCIA wants to know the time periods when she engaged in activities such as public space tidying, using her phone for entertainment, courtyard social interactions, and adding WeChat friends. Which of the following options is correct?",
    "events_description": {
      "Strawberry Washing and Kitchen Social Interaction": "LUCIA is washing strawberries in the kitchen and socializing with a boy in a yellow T-shirt and gray pants, a girl in a white top and black skirt, and others. During this time, she applies detergent to the gray pants and puts them in the washing machine to clean the grease. It is observed that the boy in the yellow T-shirt and gray pants keeps checking his phone, while LUCIA and the girl in the white top and black skirt eat melon seeds together.",
      "sweep the floor": "LUCIA system cleans the first-floor lobby and kitchen area, handling various types of trash such as melon seed shells and paper scraps.",
      "Personal belongings and bedroom organization": "LUCIA systematically organizes luggage and refines room decorations in the second-floor bedroom. She reattaches loose paper-cut decorations, rearranges the plush toys by the bed, and packs charging devices, cosmetics, and personal items into her backpack and suitcase. After tidying up, LUCIA takes photos of the room with her phone and scans the room details.",
      "Common area tidying": "LUCIA is organizing and sorting items in the common area. She cleans out the refrigerator and eats the leftover cake. LUCIA picks up the handmade jellyfish with LED lights to examine it. She receives a package and checks the cardboard boxes on the floor in the entrance area.",
      "Using mobile phones for entertainment": "LUCIA is playing with her phone at the dining table on the first floor, during which a girl in a white top and white floral skirt sits across the table playing with her phone. LUCIA later moves to the outdoor courtyard, using her phone for entertainment activities such as listening to music, reading novels, and browsing social media. During this time, she engages in social interactions with girls including one in a black top and jeans and another in a white top and black skirt.",
      "Yard Social Interaction and WeChat Friend Adding (Including Juice Sharing/WeChat QR Code Scanning/Topic Discussion)": "LUCIA proactively initiated continuous conversations with Alice and her friends, including interactions such as pouring and sharing juice, scanning WeChat QR codes to add friends, and discussing the reasons for changing WeChat nicknames. During the process, it was observed that Jake repeatedly entered and exited the scene, while the participants created a relaxed atmosphere through music playback and body language.",
      "Pack personal luggage": "LUCIA continued organizing her luggage in the personal room on the second floor, including smoothing the bedding, photographing and archiving the paper box dog, removing the fishnet decorations, sorting and folding clothes, packing items like the little bluebird and staircase figurine into her personal luggage, and dismantling the bedside storage cabinet.",
      "eating watermelon": "LUCIA is eating watermelon at the dining table on the first floor with a guy wearing a blue jacket and black pants, a girl wearing a white top and gray pants, and others. Observed a guy in a yellow top and gray pants scanning the QR code on the phone of the guy in a blue top and black pants. Everyone engaged in discussion and conversation during this time.",
      "Expense Statistics": "LUCIA checks the spending on various shopping and food delivery platforms using her phone. She notices the guy in the yellow top and the girl in the white top, among others, having a discussion.",
      "Residence restoration": "LUCIA continued dismantling the storage locker, and with the help of a girl in a red vest and black pants, removed decorations from the personal room (including mesh fabric, wallpaper, etc.) to restore the room to its original state. LUCIA worked with a boy in a yellow short-sleeved shirt and gray shorts to dismantle the cameras inside the room."
    },
    "choice_a": "DAY7: 14:00~15:00",
    "choice_b": "DAY7: 14:16~15:07",
    "choice_c": "DAY7: 14:16~14:52",
    "choice_d": "DAY7: 14:26~15:00",
    "choice_e": "DAY7: 14:26~14:52",
    "reason": "Tidying up common areas (14:16 - 14:26), using mobile phone for entertainment (14:26 - 15:07, including courtyard social interaction and adding WeChat friends from 14:44:46 - 14:52:50). The total duration of these activities spans from 14:16 - 14:52, so option C is correct."
  },
  {
    "question_chinese": "LUCIA记录了自己做的一些事情，但没记录时间，现有以下时间段可供匹配。\n事件序列：\n1. 草莓清洗与厨房社交互动\n2. 个人物品及卧室整理\n3. 吃西瓜\n4. 住所复原\n时间选项：\na. 12:30~12:50\nb. 13:25~14:16\nc. 17:00~17:20\nd. 17:38~17:59\ne. 18:18~18:51\nf. 12:58~13:12\ng. 13:00~13:20\nh. 18:00~18:20",
    "events_description_chinese": {
      "草莓清洗与厨房社交互动": "LUCIA在厨房清洗草莓并与身着黄色短袖灰色裤子的男生、身着白色上衣黑色裙子的女生等人进行社交互动，期间将洗洁精涂抹在了灰色长裤上并放入洗衣机清洗油污。观察到身着黄色短袖灰色裤子的男生持续查看手机，LUCIA和身着白色上衣黑色裙子的女生一起吃瓜子。",
      "扫地": "LUCIA系统清扫一楼大厅及厨房区域，处理瓜子壳、纸屑等各类垃圾。",
      "个人物品及卧室整理": "LUCIA在二楼房间系统整理行李，完善房间装饰。重新粘贴脱落的剪纸装饰，重新布置床头玩偶位置，整理充电设备及化妆品个人物品放入背包及行李箱。整理结束后，LUCIA使用手机拍摄房间照片并对房间细节进行扫描。",
      "公共区域整理": "LUCIA在整理归纳公共区域物品。对冰箱进行清理，吃掉剩下的蛋糕。LUCIA拿起手工制作的灯带水母进行查看。接受了一个快递并在玄关区域查看地上的纸箱子。",
      "使用手机进行娱乐": "LUCIA在一楼餐桌旁玩手机，期间身着白色上衣白色碎花裙的女生坐在桌子对面玩手机。LUCIA后转移至户外庭院内，使用手机进行听音乐，看小说，浏览社交媒体等娱乐活动。期间与身着黑色上衣牛仔裤的女生及身着白色上衣黑色裙子的女生等人进行社交互动。",
      "庭院社交互动与微信好友添加（含果汁分享/微信扫码/话题讨论）": "LUCIA主动与Alice及其朋友展开持续对话，包含果汁倒取与分享、微信二维码扫描添加好友、讨论微信昵称变更缘由等互动行为。过程中观察到Jake多次进出场景，参与者们通过音乐播放和肢体语言营造轻松氛围。",
      "收拾个人行李": "LUCIA在二楼个人房间持续进行行李整理，包含床品抚平、纸箱小狗摄影存档、渔网装饰拆卸、衣物分类折叠，将小蓝鸟、楼梯小人摆件等收入个人行李中，拆卸床头储物柜。",
      "吃西瓜": "LUCIA在一楼餐桌与身着蓝色外套黑色裤子的男生、身着白色上衣灰色裤子的女生等人一起吃西瓜。观察到身着黄色上衣灰色裤子的男生扫描身着蓝色上衣黑色裤子男生手机上的二维码。期间大家进行讨论交流。",
      "花销统计": "LUCIA使用手机查看各个购物平台及外卖平台的花销。观察到黄色上衣的男生和白色上衣的女生等人在进行讨论",
      "住所复原": "LUCIA继续拆除储物柜，在身着红色背心黑色裤子的女生的帮助下对个人房间的装饰进行拆除（包括纱网、墙纸等），对房间进行复原。LUCIA和身着黄色短袖灰色短裤的男生一起对房间内的摄像头进行拆除"
    },
    "choice_a_chinese": "1→f / 2→b / 3→d / 4→e",
    "choice_b_chinese": "1→a / 2→g / 3→c / 4→h",
    "choice_c_chinese": "1→g / 2→b / 3→d / 4→e",
    "choice_d_chinese": "1→f / 2→c / 3→h / 4→e",
    "answer": "A",
    "reason_chinese": "草莓清洗与厨房社交互动（f）：时间为12:58 - 13:12；个人物品及卧室整理（b）：时间为13:25 - 14:16；吃西瓜（d）：时间为17:38 - 17:59；住所复原（e）：时间为18:18 - 18:51。所以选项A正确，其他选项存在时间匹配错误的情况。",
    "question": "LUCIA recorded a series of activities she did but did not note the time. Below are the available time slots for matching.  \n\nSequence of events:  \n1. Washing strawberries and social interaction in the kitchen  \n2. Organizing personal items and tidying the bedroom  \n3. Eating watermelon  \n4. Restoring the living space  \n\nTime options:  \na. 12:30~12:50  \nb. 13:25~14:16  \nc. 17:00~17:20  \nd. 17:38~17:59  \ne. 18:18~18:51  \nf. 12:58~13:12  \ng. 13:00~13:20  \nh. 18:00~18:20",
    "events_description": {
      "Strawberry Washing and Kitchen Social Interaction": "LUCIA is washing strawberries in the kitchen and socializing with a boy in a yellow T-shirt and gray pants, a girl in a white top and black skirt, and others. During this time, she applies detergent to the gray pants and puts them in the washing machine to clean the grease. It is observed that the boy in the yellow T-shirt and gray pants keeps checking his phone, while LUCIA and the girl in the white top and black skirt eat melon seeds together.",
      "sweep the floor": "LUCIA system cleans the first-floor lobby and kitchen area, handling various types of trash such as melon seed shells and paper scraps.",
      "Personal belongings and bedroom organization": "LUCIA systematically organizes luggage and refines room decorations in the second-floor bedroom. She reattaches loose paper-cut decorations, rearranges the plush toys by the bed, and packs charging devices, cosmetics, and personal items into her backpack and suitcase. After tidying up, LUCIA takes photos of the room with her phone and scans the room details.",
      "Common area tidying": "LUCIA is organizing and sorting items in the common area. She cleans out the refrigerator and eats the leftover cake. LUCIA picks up the handmade jellyfish with LED lights to examine it. She receives a package and checks the cardboard boxes on the floor in the entrance area.",
      "Using mobile phones for entertainment": "LUCIA is playing with her phone at the dining table on the first floor, during which a girl in a white top and white floral skirt sits across the table playing with her phone. LUCIA later moves to the outdoor courtyard, using her phone for entertainment activities such as listening to music, reading novels, and browsing social media. During this time, she engages in social interactions with girls including one in a black top and jeans and another in a white top and black skirt.",
      "Yard Social Interaction and WeChat Friend Adding (Including Juice Sharing/WeChat QR Code Scanning/Topic Discussion)": "LUCIA proactively initiated continuous conversations with Alice and her friends, including interactions such as pouring and sharing juice, scanning WeChat QR codes to add friends, and discussing the reasons for changing WeChat nicknames. During the process, it was observed that Jake repeatedly entered and exited the scene, while the participants created a relaxed atmosphere through music playback and body language.",
      "Pack personal luggage": "LUCIA continued organizing her luggage in the personal room on the second floor, including smoothing the bedding, photographing and archiving the paper box dog, removing the fishnet decorations, sorting and folding clothes, packing items like the little bluebird and staircase figurine into her personal luggage, and dismantling the bedside storage cabinet.",
      "eating watermelon": "LUCIA is eating watermelon at the dining table on the first floor with a guy wearing a blue jacket and black pants, a girl wearing a white top and gray pants, and others. Observed a guy in a yellow top and gray pants scanning the QR code on the phone of the guy in a blue top and black pants. Everyone engaged in discussion and conversation during this time.",
      "Expense Statistics": "LUCIA checks the spending on various shopping and food delivery platforms using her phone. She notices the guy in the yellow top and the girl in the white top, among others, having a discussion.",
      "Residence restoration": "LUCIA continued dismantling the storage locker, and with the help of a girl in a red vest and black pants, removed decorations from the personal room (including mesh fabric, wallpaper, etc.) to restore the room to its original state. LUCIA worked with a boy in a yellow short-sleeved shirt and gray shorts to dismantle the cameras inside the room."
    },
    "choice_a": "1→f / 2→b / 3→d / 4→e",
    "choice_b": "1→a / 2→g / 3→c / 4→h",
    "choice_c": "1→g / 2→b / 3→d / 4→e",
    "choice_d": "1→f / 2→c / 3→h / 4→e",
    "reason": "Washing strawberries and kitchen social interaction (f): time was 12:58 - 13:12; Personal items and bedroom tidying (b): time was 13:25 - 14:16; Eating watermelon (d): time was 17:38 - 17:59; Residence restoration (e): time was 18:18 - 18:51. Therefore, option A is correct, while other options have time mismatches."
  },
  {
    "question_chinese": "LUCIA完成了个人物品及卧室整理、公共区域整理后，接下来连续进行的两个活动是什么？",
    "events_description_chinese": {
      "草莓清洗与厨房社交互动": "LUCIA在厨房清洗草莓并与身着黄色短袖灰色裤子的男生、身着白色上衣黑色裙子的女生等人进行社交互动，期间将洗洁精涂抹在了灰色长裤上并放入洗衣机清洗油污。观察到身着黄色短袖灰色裤子的男生持续查看手机，LUCIA和身着白色上衣黑色裙子的女生一起吃瓜子。",
      "扫地": "LUCIA系统清扫一楼大厅及厨房区域，处理瓜子壳、纸屑等各类垃圾。",
      "个人物品及卧室整理": "LUCIA在二楼房间系统整理行李，完善房间装饰。重新粘贴脱落的剪纸装饰，重新布置床头玩偶位置，整理充电设备及化妆品个人物品放入背包及行李箱。整理结束后，LUCIA使用手机拍摄房间照片并对房间细节进行扫描。",
      "公共区域整理": "LUCIA在整理归纳公共区域物品。对冰箱进行清理，吃掉剩下的蛋糕。LUCIA拿起手工制作的灯带水母进行查看。接受了一个快递并在玄关区域查看地上的纸箱子。",
      "使用手机进行娱乐": "LUCIA在一楼餐桌旁玩手机，期间身着白色上衣白色碎花裙的女生坐在桌子对面玩手机。LUCIA后转移至户外庭院内，使用手机进行听音乐，看小说，浏览社交媒体等娱乐活动。期间与身着黑色上衣牛仔裤的女生及身着白色上衣黑色裙子的女生等人进行社交互动。",
      "庭院社交互动与微信好友添加（含果汁分享/微信扫码/话题讨论）": "LUCIA主动与Alice及其朋友展开持续对话，包含果汁倒取与分享、微信二维码扫描添加好友、讨论微信昵称变更缘由等互动行为。过程中观察到Jake多次进出场景，参与者们通过音乐播放和肢体语言营造轻松氛围。",
      "收拾个人行李": "LUCIA在二楼个人房间持续进行行李整理，包含床品抚平、纸箱小狗摄影存档、渔网装饰拆卸、衣物分类折叠，将小蓝鸟、楼梯小人摆件等收入个人行李中，拆卸床头储物柜。",
      "吃西瓜": "LUCIA在一楼餐桌与身着蓝色外套黑色裤子的男生、身着白色上衣灰色裤子的女生等人一起吃西瓜。观察到身着黄色上衣灰色裤子的男生扫描身着蓝色上衣黑色裤子男生手机上的二维码。期间大家进行讨论交流。",
      "花销统计": "LUCIA使用手机查看各个购物平台及外卖平台的花销。观察到黄色上衣的男生和白色上衣的女生等人在进行讨论",
      "住所复原": "LUCIA继续拆除储物柜，在身着红色背心黑色裤子的女生的帮助下对个人房间的装饰进行拆除（包括纱网、墙纸等），对房间进行复原。LUCIA和身着黄色短袖灰色短裤的男生一起对房间内的摄像头进行拆除"
    },
    "choice_a_chinese": "使用手机进行娱乐、收拾个人行李",
    "choice_b_chinese": "庭院社交互动与微信好友添加、吃西瓜",
    "choice_c_chinese": "使用手机进行娱乐、庭院社交互动与微信好友添加",
    "choice_d_chinese": "吃西瓜、花销统计",
    "answer": "C",
    "reason_chinese": "个人物品及卧室整理（13:25 - 14:16）、公共区域整理（14:16 - 14:26）之后，接下来连续进行的是使用手机进行娱乐（14:26 - 15:07，其中包含14:44:46 - 14:52:50的庭院社交互动与微信好友添加 ），所以选项C正确。",
    "question": "After LUCIA completed organizing personal belongings and her bedroom, as well as tidying the common areas, what were the next two consecutive activities?",
    "events_description": {
      "Strawberry Washing and Kitchen Social Interaction": "LUCIA is washing strawberries in the kitchen and socializing with a boy in a yellow T-shirt and gray pants, a girl in a white top and black skirt, and others. During this time, she applies detergent to the gray pants and puts them in the washing machine to clean the grease. It is observed that the boy in the yellow T-shirt and gray pants keeps checking his phone, while LUCIA and the girl in the white top and black skirt eat melon seeds together.",
      "sweep the floor": "LUCIA system cleans the first-floor lobby and kitchen area, handling various types of trash such as melon seed shells and paper scraps.",
      "Personal belongings and bedroom organization": "LUCIA systematically organizes luggage and refines room decorations in the second-floor bedroom. She reattaches loose paper-cut decorations, rearranges the plush toys by the bed, and packs charging devices, cosmetics, and personal items into her backpack and suitcase. After tidying up, LUCIA takes photos of the room with her phone and scans the room details.",
      "Common area tidying": "LUCIA is organizing and sorting items in the common area. She cleans out the refrigerator and eats the leftover cake. LUCIA picks up the handmade jellyfish with LED lights to examine it. She receives a package and checks the cardboard boxes on the floor in the entrance area.",
      "Using mobile phones for entertainment": "LUCIA is playing with her phone at the dining table on the first floor, during which a girl in a white top and white floral skirt sits across the table playing with her phone. LUCIA later moves to the outdoor courtyard, using her phone for entertainment activities such as listening to music, reading novels, and browsing social media. During this time, she engages in social interactions with girls including one in a black top and jeans and another in a white top and black skirt.",
      "Yard Social Interaction and WeChat Friend Adding (Including Juice Sharing/WeChat QR Code Scanning/Topic Discussion)": "LUCIA proactively initiated continuous conversations with Alice and her friends, including interactions such as pouring and sharing juice, scanning WeChat QR codes to add friends, and discussing the reasons for changing WeChat nicknames. During the process, it was observed that Jake repeatedly entered and exited the scene, while the participants created a relaxed atmosphere through music playback and body language.",
      "Pack personal luggage": "LUCIA continued organizing her luggage in the personal room on the second floor, including smoothing the bedding, photographing and archiving the paper box dog, removing the fishnet decorations, sorting and folding clothes, packing items like the little bluebird and staircase figurine into her personal luggage, and dismantling the bedside storage cabinet.",
      "eating watermelon": "LUCIA is eating watermelon at the dining table on the first floor with a guy wearing a blue jacket and black pants, a girl wearing a white top and gray pants, and others. Observed a guy in a yellow top and gray pants scanning the QR code on the phone of the guy in a blue top and black pants. Everyone engaged in discussion and conversation during this time.",
      "Expense Statistics": "LUCIA checks the spending on various shopping and food delivery platforms using her phone. She notices the guy in the yellow top and the girl in the white top, among others, having a discussion.",
      "Residence restoration": "LUCIA continued dismantling the storage locker, and with the help of a girl in a red vest and black pants, removed decorations from the personal room (including mesh fabric, wallpaper, etc.) to restore the room to its original state. LUCIA worked with a boy in a yellow short-sleeved shirt and gray shorts to dismantle the cameras inside the room."
    },
    "choice_a": "Using a mobile phone for entertainment, packing personal luggage",
    "choice_b": "Courtyard social interactions, adding WeChat friends, and eating watermelon",
    "choice_c": "Using mobile phones for entertainment, courtyard social interactions, and adding WeChat friends",
    "choice_d": "Eating watermelon, expense tracking",
    "reason": "After organizing personal items and tidying the bedroom (13:25 - 14:16) and cleaning the common area (14:16 - 14:26), the subsequent activity was continuous mobile entertainment (14:26 - 15:07, which included courtyard social interaction and adding WeChat friends from 14:44:46 - 14:52:50). Therefore, option C is correct."
  },
  {
    "question_chinese": "LUCIA描述自己有一串连续的动作为：扫地、个人物品及卧室整理、使用手机进行娱乐、草莓清洗与厨房社交互动，这个描述是错误的。正确的序列和错误原因是什么？",
    "events_description_chinese": {
      "草莓清洗与厨房社交互动": "LUCIA在厨房清洗草莓并与身着黄色短袖灰色裤子的男生、身着白色上衣黑色裙子的女生等人进行社交互动，期间将洗洁精涂抹在了灰色长裤上并放入洗衣机清洗油污。观察到身着黄色短袖灰色裤子的男生持续查看手机，LUCIA和身着白色上衣黑色裙子的女生一起吃瓜子。",
      "扫地": "LUCIA系统清扫一楼大厅及厨房区域，处理瓜子壳、纸屑等各类垃圾。",
      "个人物品及卧室整理": "LUCIA在二楼房间系统整理行李，完善房间装饰。重新粘贴脱落的剪纸装饰，重新布置床头玩偶位置，整理充电设备及化妆品个人物品放入背包及行李箱。整理结束后，LUCIA使用手机拍摄房间照片并对房间细节进行扫描。",
      "公共区域整理": "LUCIA在整理归纳公共区域物品。对冰箱进行清理，吃掉剩下的蛋糕。LUCIA拿起手工制作的灯带水母进行查看。接受了一个快递并在玄关区域查看地上的纸箱子。",
      "使用手机进行娱乐": "LUCIA在一楼餐桌旁玩手机，期间身着白色上衣白色碎花裙的女生坐在桌子对面玩手机。LUCIA后转移至户外庭院内，使用手机进行听音乐，看小说，浏览社交媒体等娱乐活动。期间与身着黑色上衣牛仔裤的女生及身着白色上衣黑色裙子的女生等人进行社交互动。",
      "庭院社交互动与微信好友添加（含果汁分享/微信扫码/话题讨论）": "LUCIA主动与Alice及其朋友展开持续对话，包含果汁倒取与分享、微信二维码扫描添加好友、讨论微信昵称变更缘由等互动行为。过程中观察到Jake多次进出场景，参与者们通过音乐播放和肢体语言营造轻松氛围。",
      "收拾个人行李": "LUCIA在二楼个人房间持续进行行李整理，包含床品抚平、纸箱小狗摄影存档、渔网装饰拆卸、衣物分类折叠，将小蓝鸟、楼梯小人摆件等收入个人行李中，拆卸床头储物柜。",
      "吃西瓜": "LUCIA在一楼餐桌与身着蓝色外套黑色裤子的男生、身着白色上衣灰色裤子的女生等人一起吃西瓜。观察到身着黄色上衣灰色裤子的男生扫描身着蓝色上衣黑色裤子男生手机上的二维码。期间大家进行讨论交流。",
      "花销统计": "LUCIA使用手机查看各个购物平台及外卖平台的花销。观察到黄色上衣的男生和白色上衣的女生等人在进行讨论",
      "住所复原": "LUCIA继续拆除储物柜，在身着红色背心黑色裤子的女生的帮助下对个人房间的装饰进行拆除（包括纱网、墙纸等），对房间进行复原。LUCIA和身着黄色短袖灰色短裤的男生一起对房间内的摄像头进行拆除"
    },
    "choice_a_chinese": "正确序列：草莓清洗与厨房社交互动、扫地、个人物品及卧室整理、使用手机进行娱乐 错误原因：交换了“草莓清洗与厨房社交互动”和“扫地”的顺序，且“使用手机进行娱乐”与“草莓清洗与厨房社交互动”顺序错误",
    "choice_b_chinese": "正确序列：个人物品及卧室整理、扫地、草莓清洗与厨房社交互动、使用手机进行娱乐 错误原因：整体顺序混乱",
    "choice_c_chinese": "正确序列：草莓清洗与厨房社交互动、个人物品及卧室整理、扫地、使用手机进行娱乐 错误原因：“扫地”和“个人物品及卧室整理”顺序错误",
    "choice_d_chinese": "正确序列：扫地、草莓清洗与厨房社交互动、个人物品及卧室整理、使用手机进行娱乐 错误原因：“草莓清洗与厨房社交互动”顺序错误",
    "answer": "A",
    "reason_chinese": "正确顺序应为：草莓清洗与厨房社交互动（12:58 - 13:12）、扫地（13:12 - 13:21）、个人物品及卧室整理（13:25 - 14:16）、使用手机进行娱乐（14:26 - 15:07）。所以选项A的序列和错误分析正确。",
    "question": "LUCIA described her sequence of actions as: sweeping the floor, tidying personal items and the bedroom, using her phone for entertainment, washing strawberries, and social interaction in the kitchen. This description is incorrect. What is the correct sequence and the reason for the error?",
    "events_description": {
      "Strawberry Washing and Kitchen Social Interaction": "LUCIA is washing strawberries in the kitchen and socializing with a boy in a yellow T-shirt and gray pants, a girl in a white top and black skirt, and others. During this time, she applies detergent to the gray pants and puts them in the washing machine to clean the grease. It is observed that the boy in the yellow T-shirt and gray pants keeps checking his phone, while LUCIA and the girl in the white top and black skirt eat melon seeds together.",
      "sweep the floor": "LUCIA system cleans the first-floor lobby and kitchen area, handling various types of trash such as melon seed shells and paper scraps.",
      "Personal belongings and bedroom organization": "LUCIA systematically organizes luggage and refines room decorations in the second-floor bedroom. She reattaches loose paper-cut decorations, rearranges the plush toys by the bed, and packs charging devices, cosmetics, and personal items into her backpack and suitcase. After tidying up, LUCIA takes photos of the room with her phone and scans the room details.",
      "Common area tidying": "LUCIA is organizing and sorting items in the common area. She cleans out the refrigerator and eats the leftover cake. LUCIA picks up the handmade jellyfish with LED lights to examine it. She receives a package and checks the cardboard boxes on the floor in the entrance area.",
      "Using mobile phones for entertainment": "LUCIA is playing with her phone at the dining table on the first floor, during which a girl in a white top and white floral skirt sits across the table playing with her phone. LUCIA later moves to the outdoor courtyard, using her phone for entertainment activities such as listening to music, reading novels, and browsing social media. During this time, she engages in social interactions with girls including one in a black top and jeans and another in a white top and black skirt.",
      "Yard Social Interaction and WeChat Friend Adding (Including Juice Sharing/WeChat QR Code Scanning/Topic Discussion)": "LUCIA proactively initiated continuous conversations with Alice and her friends, including interactions such as pouring and sharing juice, scanning WeChat QR codes to add friends, and discussing the reasons for changing WeChat nicknames. During the process, it was observed that Jake repeatedly entered and exited the scene, while the participants created a relaxed atmosphere through music playback and body language.",
      "Pack personal luggage": "LUCIA continued organizing her luggage in the personal room on the second floor, including smoothing the bedding, photographing and archiving the paper box dog, removing the fishnet decorations, sorting and folding clothes, packing items like the little bluebird and staircase figurine into her personal luggage, and dismantling the bedside storage cabinet.",
      "eating watermelon": "LUCIA is eating watermelon at the dining table on the first floor with a guy wearing a blue jacket and black pants, a girl wearing a white top and gray pants, and others. Observed a guy in a yellow top and gray pants scanning the QR code on the phone of the guy in a blue top and black pants. Everyone engaged in discussion and conversation during this time.",
      "Expense Statistics": "LUCIA checks the spending on various shopping and food delivery platforms using her phone. She notices the guy in the yellow top and the girl in the white top, among others, having a discussion.",
      "Residence restoration": "LUCIA continued dismantling the storage locker, and with the help of a girl in a red vest and black pants, removed decorations from the personal room (including mesh fabric, wallpaper, etc.) to restore the room to its original state. LUCIA worked with a boy in a yellow short-sleeved shirt and gray shorts to dismantle the cameras inside the room."
    },
    "choice_a": "Correct sequence: Strawberry washing & kitchen social interaction, sweeping the floor, organizing personal items & bedroom, using phone for entertainment  \nError reason: Swapped the order of \"Strawberry washing & kitchen social interaction\" and \"sweeping the floor,\" and the sequence between \"using phone for entertainment\" and \"Strawberry washing & kitchen social interaction\" was incorrect.",
    "choice_b": "Correct sequence: Organize personal belongings and bedroom, sweep the floor, wash strawberries and socialize in the kitchen, entertain oneself by using a phone. Error reason: Overall sequence is disordered",
    "choice_c": "Correct sequence: Strawberry washing and kitchen social interaction, personal belongings and bedroom tidying, floor sweeping, using mobile phone for entertainment  \nError reason: Incorrect order between \"floor sweeping\" and \"personal belongings and bedroom tidying\"",
    "choice_d": "Correct sequence: Sweeping, Strawberry washing and kitchen social interaction, Personal items and bedroom organization, Using mobile phone for entertainment  \nReason for error: Incorrect order of \"Strawberry washing and kitchen social interaction\"",
    "reason": "The correct sequence should be: Strawberry washing and kitchen social interaction (12:58 - 13:12), sweeping the floor (13:12 - 13:21), organizing personal items and bedroom (13:25 - 14:16), using phone for entertainment (14:26 - 15:07). Therefore, the sequence and error analysis in option A are correct."
  },
  {
    "question_chinese": "LUCIA的日记中关于她参与活动顺序的记录看不清了：[草莓清洗与厨房社交互动] → (?) → [公共区域整理] → (?) → [收拾个人行李]。下列事件中哪些可以用于填补无法确认的部分？备选事件：\n扫地\n使用手机进行娱乐\n吃西瓜\n花销统计\n个人物品及卧室整理\n庭院社交互动与微信好友添加",
    "events_description_chinese": {
      "草莓清洗与厨房社交互动": "LUCIA在厨房清洗草莓并与身着黄色短袖灰色裤子的男生、身着白色上衣黑色裙子的女生等人进行社交互动，期间将洗洁精涂抹在了灰色长裤上并放入洗衣机清洗油污。观察到身着黄色短袖灰色裤子的男生持续查看手机，LUCIA和身着白色上衣黑色裙子的女生一起吃瓜子。",
      "扫地": "LUCIA系统清扫一楼大厅及厨房区域，处理瓜子壳、纸屑等各类垃圾。",
      "个人物品及卧室整理": "LUCIA在二楼房间系统整理行李，完善房间装饰。重新粘贴脱落的剪纸装饰，重新布置床头玩偶位置，整理充电设备及化妆品个人物品放入背包及行李箱。整理结束后，LUCIA使用手机拍摄房间照片并对房间细节进行扫描。",
      "公共区域整理": "LUCIA在整理归纳公共区域物品。对冰箱进行清理，吃掉剩下的蛋糕。LUCIA拿起手工制作的灯带水母进行查看。接受了一个快递并在玄关区域查看地上的纸箱子。",
      "使用手机进行娱乐": "LUCIA在一楼餐桌旁玩手机，期间身着白色上衣白色碎花裙的女生坐在桌子对面玩手机。LUCIA后转移至户外庭院内，使用手机进行听音乐，看小说，浏览社交媒体等娱乐活动。期间与身着黑色上衣牛仔裤的女生及身着白色上衣黑色裙子的女生等人进行社交互动。",
      "庭院社交互动与微信好友添加（含果汁分享/微信扫码/话题讨论）": "LUCIA主动与Alice及其朋友展开持续对话，包含果汁倒取与分享、微信二维码扫描添加好友、讨论微信昵称变更缘由等互动行为。过程中观察到Jake多次进出场景，参与者们通过音乐播放和肢体语言营造轻松氛围。",
      "收拾个人行李": "LUCIA在二楼个人房间持续进行行李整理，包含床品抚平、纸箱小狗摄影存档、渔网装饰拆卸、衣物分类折叠，将小蓝鸟、楼梯小人摆件等收入个人行李中，拆卸床头储物柜。",
      "吃西瓜": "LUCIA在一楼餐桌与身着蓝色外套黑色裤子的男生、身着白色上衣灰色裤子的女生等人一起吃西瓜。观察到身着黄色上衣灰色裤子的男生扫描身着蓝色上衣黑色裤子男生手机上的二维码。期间大家进行讨论交流。",
      "花销统计": "LUCIA使用手机查看各个购物平台及外卖平台的花销。观察到黄色上衣的男生和白色上衣的女生等人在进行讨论",
      "住所复原": "LUCIA继续拆除储物柜，在身着红色背心黑色裤子的女生的帮助下对个人房间的装饰进行拆除（包括纱网、墙纸等），对房间进行复原。LUCIA和身着黄色短袖灰色短裤的男生一起对房间内的摄像头进行拆除"
    },
    "choice_a_chinese": "扫地、使用手机进行娱乐",
    "choice_b_chinese": "个人物品及卧室整理、庭院社交互动与微信好友添加",
    "choice_c_chinese": "使用手机进行娱乐、吃西瓜",
    "choice_d_chinese": "花销统计、个人物品及卧室整理",
    "answer": "B",
    "reason_chinese": "草莓清洗与厨房社交互动（12:58 - 13:12）→ 个人物品及卧室整理（13:25 - 14:16）→ 公共区域整理（14:16 - 14:26）→ 庭院社交互动与微信好友添加（14:44:46 - 14:52:50）→ 收拾个人行李（15:28 - 15:56）。所以选项B正确，其他选项存在时间顺序或事件不匹配的情况。",
    "question": "LUCIA's diary entry regarding the sequence of her activities is unclear: [Strawberry washing and kitchen social interaction] → (?) → [Common area tidying] → (?) → [Packing personal luggage]. Which of the following events can be used to fill in the unconfirmed parts? Candidate events:  \nSweeping the floor  \nUsing phone for entertainment  \nEating watermelon  \nExpense tracking  \nPersonal items and bedroom organization  \nYard social interaction and adding WeChat friends",
    "events_description": {
      "Strawberry Washing and Kitchen Social Interaction": "LUCIA is washing strawberries in the kitchen and socializing with a boy in a yellow T-shirt and gray pants, a girl in a white top and black skirt, and others. During this time, she applies detergent to the gray pants and puts them in the washing machine to clean the grease. It is observed that the boy in the yellow T-shirt and gray pants keeps checking his phone, while LUCIA and the girl in the white top and black skirt eat melon seeds together.",
      "sweep the floor": "LUCIA system cleans the first-floor lobby and kitchen area, handling various types of trash such as melon seed shells and paper scraps.",
      "Personal belongings and bedroom organization": "LUCIA systematically organizes luggage and refines room decorations in the second-floor bedroom. She reattaches loose paper-cut decorations, rearranges the plush toys by the bed, and packs charging devices, cosmetics, and personal items into her backpack and suitcase. After tidying up, LUCIA takes photos of the room with her phone and scans the room details.",
      "Common area tidying": "LUCIA is organizing and sorting items in the common area. She cleans out the refrigerator and eats the leftover cake. LUCIA picks up the handmade jellyfish with LED lights to examine it. She receives a package and checks the cardboard boxes on the floor in the entrance area.",
      "Using mobile phones for entertainment": "LUCIA is playing with her phone at the dining table on the first floor, during which a girl in a white top and white floral skirt sits across the table playing with her phone. LUCIA later moves to the outdoor courtyard, using her phone for entertainment activities such as listening to music, reading novels, and browsing social media. During this time, she engages in social interactions with girls including one in a black top and jeans and another in a white top and black skirt.",
      "Yard Social Interaction and WeChat Friend Adding (Including Juice Sharing/WeChat QR Code Scanning/Topic Discussion)": "LUCIA proactively initiated continuous conversations with Alice and her friends, including interactions such as pouring and sharing juice, scanning WeChat QR codes to add friends, and discussing the reasons for changing WeChat nicknames. During the process, it was observed that Jake repeatedly entered and exited the scene, while the participants created a relaxed atmosphere through music playback and body language.",
      "Pack personal luggage": "LUCIA continued organizing her luggage in the personal room on the second floor, including smoothing the bedding, photographing and archiving the paper box dog, removing the fishnet decorations, sorting and folding clothes, packing items like the little bluebird and staircase figurine into her personal luggage, and dismantling the bedside storage cabinet.",
      "eating watermelon": "LUCIA is eating watermelon at the dining table on the first floor with a guy wearing a blue jacket and black pants, a girl wearing a white top and gray pants, and others. Observed a guy in a yellow top and gray pants scanning the QR code on the phone of the guy in a blue top and black pants. Everyone engaged in discussion and conversation during this time.",
      "Expense Statistics": "LUCIA checks the spending on various shopping and food delivery platforms using her phone. She notices the guy in the yellow top and the girl in the white top, among others, having a discussion.",
      "Residence restoration": "LUCIA continued dismantling the storage locker, and with the help of a girl in a red vest and black pants, removed decorations from the personal room (including mesh fabric, wallpaper, etc.) to restore the room to its original state. LUCIA worked with a boy in a yellow short-sleeved shirt and gray shorts to dismantle the cameras inside the room."
    },
    "choice_a": "Sweeping the floor, using a mobile phone for entertainment",
    "choice_b": "Personal belongings and bedroom organization, courtyard social interactions, and WeChat friend additions",
    "choice_c": "Using a phone for entertainment, eating watermelon",
    "choice_d": "Expense Statistics, Personal Belongings & Bedroom Organization",
    "reason": "Strawberry washing and kitchen social interaction (12:58 - 13:12) → Organizing personal belongings and bedroom tidying (13:25 - 14:16) → Public area organization (14:16 - 14:26) → Garden social interaction and adding WeChat friends (14:44:46 - 14:52:50) → Packing personal luggage (15:28 - 15:56). Therefore, option B is correct, while other options have mismatched chronological order or events."
  }
]