[
  {
    "question_chinese": "LUCIA在回忆DAY5下午15:00到20:00之间做的事情时，只记得有以下这些活动，但顺序混乱了，正确的顺序应该是？\na. 吃午餐\nb. 快递验收与整理\nc. 物资采购\nd. 乘坐网约车返回住所\ne. 甜点制备\nf. 团队外出\ng. 吃晚餐\n",
    "events_description_chinese": {
      "休闲聊天": "LUCIA在一楼开放区域与身着白色上衣白色裤子的女生、身着白色上衣白色裤子的男生等人闲聊。期间LUCIA吃了一个山竹，观察到身着白色上衣白色裤子的女生围绕纸盒小狗装饰品进行细节调整，反复比对瓶子的摆放角度并进行手势比划。",
      "花艺调整": "LUCIA完成压花材料的密封处理，系统性地进行花瓶换水及跨楼层搬运。与身着紫色短袖灰色短裤的男生等人协同完成餐具称重等环节。",
      "吃午餐": "LUCIA与团队成员一起吃午餐并和身着白色上衣白色裤子的女生等人交流。期间还吃了青提等水果和饮料。餐后LUCIA和身着粉色上衣牛仔裤的男生等人利用投影仪在幕布上投影各种手势形状。",
      "物资采购": "LUCIA与团队成员在商场超市内完成物资采购，主要活动包括在酒水区、水果区比对商品价格与品质、挑选东方树叶饮料、蓝莓等食材、在家居区与身着紫色短袖灰色短裤的男生等人评估陶瓷碗的纹路与实用性等。",
      "乘坐网约车返回住所": "LUCIA与同伴们在商店选购德芙巧克力，乘坐网约车赶回住所并在途中进行讨论。",
      "甜点制备": "LUCIA参与清洗餐具、鸡蛋液分离、奶油搅拌及冷藏工序，期间多次使用称量器具并操作冰箱存储半成品，观察到身着灰色上衣牛仔裤的女生负责蛋黄过滤、身着白色上衣白色裤子的男生等人参与蛋清处理等协作细节。",
      "快递验收与整理": "LUCIA对快递包裹进行验收，与身着紫色短袖灰色短裤的男生等人进行交流。期间使用手机处理消息。",
      "团队外出": "LUCIA与身着灰色外套灰色裤子的男生及身着紫色短袖灰色短裤的男生等人共同步行前往快递点取快递并返回住处，LUCIA使用手机进行导航。途中进入彩票店参与即开型彩票活动。众人轮流刮奖并互动。",
      "吃晚餐": "LUCIA查看并分发外卖，和团队成员一起吃晚餐。",
      "派对物资整理": "LUCIA与参与者共同清理晚餐后的餐桌，持续整理派对所需物资。包括反复擦拭木板盒子、重新摆放餐具、处理食物残渣，期间观察到身着紫色短袖灰色短裤的男生持续进食、身着灰色上衣牛仔裤的女生传递装饰材料等协作行为。"
    },
    "choice_a_chinese": "(a)(c)(d)(e)(b)(f)(g)",
    "choice_b_chinese": "(c)(a)(b)(d)(e)(f)(g)",
    "choice_c_chinese": "(a)(c)(d)(b)(e)(f)(g)",
    "choice_d_chinese": "(c)(a)(d)(b)(e)(f)(g)",
    "choice_e_chinese": "(a)(d)(c)(b)(e)(f)(g)",
    "answer": "C",
    "reason_chinese": "正确顺序为：吃午餐（12:04 - 12:38）、物资采购（15:51 - 16:37）、乘坐网约车返回住所（16:37 - 16:52）、快递验收与整理（18:30 - 18:56）、甜点制备（18:10 - 18:44）、团队外出（18:56 - 19:57）、吃晚餐（19:59 - 20:12）。干扰项设计中，选项A中快递验收与整理和甜点制备顺序错误；选项B中吃午餐和物资采购顺序错误；选项D中吃午餐和物资采购顺序错误；选项E中物资采购和乘坐网约车返回住所顺序错误，只有C符合15:00到20:00间的正确顺序。",
    "question": "While recalling her activities between DAY5 15:00 and 20:00, LUCIA only remembered the following tasks but in a mixed-up order. What should the correct sequence be?\na. Having lunch\nb. Express delivery acceptance and organization\nc. Procurement of supplies\nd. Taking a ride-hailing car back to the residence\ne. Preparing desserts\nf. Team outing\ng. Having dinner",
    "events_description": {
      "casual conversation": "LUCIA chatted with a girl in a white top and white pants, a boy in a white top and white pants, and others in the open area on the first floor. During this time, LUCIA ate a mangosteen and observed the girl in the white top and white pants making detailed adjustments to the cardboard box dog decoration, repeatedly comparing the placement angle of the bottles and gesturing.",
      "Floral arrangement adjustment": "LUCIA completed the sealing process of embossed materials, systematically carried out vase water changes and cross-floor transportation. Collaborated with a male wearing a purple short-sleeve shirt and gray shorts, among others, to complete tasks such as tableware weighing.",
      "have lunch": "LUCIA had lunch with the team members and conversed with a girl wearing a white top and white pants, among others. During this time, they also ate green grapes and other fruits, along with beverages. After the meal, LUCIA and a boy in a pink top and jeans, along with others, used a projector to display various hand gesture shapes on the screen.",
      "Material Procurement": "LUCIA and team members completed the procurement of supplies in the mall supermarket. Main activities included comparing product prices and quality in the alcohol and fruit sections, selecting ingredients such as Oriental Leaf beverages and blueberries, as well as evaluating the patterns and practicality of ceramic bowls in the home goods section with a boy wearing a purple short-sleeve shirt and gray shorts, among others.",
      "Take a ride-hailing service back to the residence": "LUCIA and her companions shopped for Dove chocolates at the store, hailed a ride-hailing car to rush back to their residence, and held discussions along the way.",
      "Dessert preparation": "LUCIA participated in dishwashing, egg white separation, cream mixing, and refrigeration processes. She frequently used measuring tools and operated the refrigerator to store semi-finished products. It was observed that a girl in a gray top and jeans handled yolk filtering, while a boy in a white top and white pants, among others, assisted with egg white processing and other collaborative tasks.",
      "Parcel Acceptance and Organization": "LUCIA inspected the express package and communicated with a boy wearing a purple short-sleeve shirt and gray shorts, among others. During this time, she used her phone to handle messages.",
      "Team outing": "LUCIA walked to the parcel pickup point and back to the residence with a boy in a gray coat and gray pants, as well as a boy in a purple short-sleeved shirt and gray shorts, among others. LUCIA used her phone for navigation. They stopped by a lottery shop on the way to participate in scratch-off lottery activities. Everyone took turns scratching the tickets and interacting.",
      "Having dinner": "LUCIA checks and distributes the takeout, having dinner with the team members.",
      "Party supplies organization": "LUCIA and the participants cleaned up the dinner table together and continued organizing party supplies. This included repeatedly wiping the wooden boxes, rearrancing the utensils, and disposing of food scraps. During this process, they observed collaborative behaviors such as a boy in a purple short-sleeved shirt and gray shorts continuously eating, and a girl in a gray top and jeans passing decorative materials."
    },
    "choice_a": "(a)(c)(d)(e)(b)(f)(g)",
    "choice_b": "(c)(a)(b)(d)(e)(f)(g)",
    "choice_c": "(a)(c)(d)(b)(e)(f)(g)",
    "choice_d": "(c)(a)(d)(b)(e)(f)(g)",
    "choice_e": "(a)(d)(c)(b)(e)(f)(g)",
    "reason": "The correct sequence is: Lunch (12:04 - 12:38), Supplies procurement (15:51 - 16:37), Returning to residence via ride-hailing (16:37 - 16:52), Parcel acceptance and organization (18:30 - 18:56), Dessert preparation (18:10 - 18:44), Team outing (18:56 - 19:57), Dinner (19:59 - 20:12). For the interference options: Option A incorrectly swaps the order of parcel acceptance and organization with dessert preparation; Option B incorrectly swaps the order of lunch and supplies procurement; Option D incorrectly swaps the order of lunch and supplies procurement; Option E incorrectly swaps the order of supplies procurement and returning to residence via ride-hailing. Only Option C matches the correct sequence between 15:00 and 20:00."
  },
  {
    "question_chinese": "LUCIA记录了自己在某段时间内进行的一系列活动：物资采购、乘坐网约车返回住所、快递验收与整理，这段活动序列发生在以下哪个时间段？",
    "events_description_chinese": {
      "休闲聊天": "LUCIA在一楼开放区域与身着白色上衣白色裤子的女生、身着白色上衣白色裤子的男生等人闲聊。期间LUCIA吃了一个山竹，观察到身着白色上衣白色裤子的女生围绕纸盒小狗装饰品进行细节调整，反复比对瓶子的摆放角度并进行手势比划。",
      "花艺调整": "LUCIA完成压花材料的密封处理，系统性地进行花瓶换水及跨楼层搬运。与身着紫色短袖灰色短裤的男生等人协同完成餐具称重等环节。",
      "吃午餐": "LUCIA与团队成员一起吃午餐并和身着白色上衣白色裤子的女生等人交流。期间还吃了青提等水果和饮料。餐后LUCIA和身着粉色上衣牛仔裤的男生等人利用投影仪在幕布上投影各种手势形状。",
      "物资采购": "LUCIA与团队成员在商场超市内完成物资采购，主要活动包括在酒水区、水果区比对商品价格与品质、挑选东方树叶饮料、蓝莓等食材、在家居区与身着紫色短袖灰色短裤的男生等人评估陶瓷碗的纹路与实用性等。",
      "乘坐网约车返回住所": "LUCIA与同伴们在商店选购德芙巧克力，乘坐网约车赶回住所并在途中进行讨论。",
      "甜点制备": "LUCIA参与清洗餐具、鸡蛋液分离、奶油搅拌及冷藏工序，期间多次使用称量器具并操作冰箱存储半成品，观察到身着灰色上衣牛仔裤的女生负责蛋黄过滤、身着白色上衣白色裤子的男生等人参与蛋清处理等协作细节。",
      "快递验收与整理": "LUCIA对快递包裹进行验收，与身着紫色短袖灰色短裤的男生等人进行交流。期间使用手机处理消息。",
      "团队外出": "LUCIA与身着灰色外套灰色裤子的男生及身着紫色短袖灰色短裤的男生等人共同步行前往快递点取快递并返回住处，LUCIA使用手机进行导航。途中进入彩票店参与即开型彩票活动。众人轮流刮奖并互动。",
      "吃晚餐": "LUCIA查看并分发外卖，和团队成员一起吃晚餐。",
      "派对物资整理": "LUCIA与参与者共同清理晚餐后的餐桌，持续整理派对所需物资。包括反复擦拭木板盒子、重新摆放餐具、处理食物残渣，期间观察到身着紫色短袖灰色短裤的男生持续进食、身着灰色上衣牛仔裤的女生传递装饰材料等协作行为。"
    },
    "choice_a_chinese": "DAY5: 15:30 - 17:00",
    "choice_b_chinese": "DAY5: 15:51 - 18:56",
    "choice_c_chinese": "DAY5: 16:00 - 19:00",
    "choice_d_chinese": "DAY5: 15:00 - 18:30",
    "choice_e_chinese": "DAY5: 16:37 - 19:57",
    "answer": "B",
    "reason_chinese": "物资采购（15:51 - 16:37）、乘坐网约车返回住所（16:37 - 16:52）、快递验收与整理（18:30 - 18:56），总时间跨度为15:51 - 18:56，与选项B的时间段匹配。",
    "question": "LUCIA recorded a series of activities she performed over a certain period: material procurement, returning to her residence via ride-hailing, and receiving/sorting express deliveries. During which of the following time periods did this sequence of activities occur?",
    "events_description": {
      "casual conversation": "LUCIA chatted with a girl in a white top and white pants, a boy in a white top and white pants, and others in the open area on the first floor. During this time, LUCIA ate a mangosteen and observed the girl in the white top and white pants making detailed adjustments to the cardboard box dog decoration, repeatedly comparing the placement angle of the bottles and gesturing.",
      "Floral arrangement adjustment": "LUCIA completed the sealing process of embossed materials, systematically carried out vase water changes and cross-floor transportation. Collaborated with a male wearing a purple short-sleeve shirt and gray shorts, among others, to complete tasks such as tableware weighing.",
      "have lunch": "LUCIA had lunch with the team members and conversed with a girl wearing a white top and white pants, among others. During this time, they also ate green grapes and other fruits, along with beverages. After the meal, LUCIA and a boy in a pink top and jeans, along with others, used a projector to display various hand gesture shapes on the screen.",
      "Material Procurement": "LUCIA and team members completed the procurement of supplies in the mall supermarket. Main activities included comparing product prices and quality in the alcohol and fruit sections, selecting ingredients such as Oriental Leaf beverages and blueberries, as well as evaluating the patterns and practicality of ceramic bowls in the home goods section with a boy wearing a purple short-sleeve shirt and gray shorts, among others.",
      "Take a ride-hailing service back to the residence": "LUCIA and her companions shopped for Dove chocolates at the store, hailed a ride-hailing car to rush back to their residence, and held discussions along the way.",
      "Dessert preparation": "LUCIA participated in dishwashing, egg white separation, cream mixing, and refrigeration processes. She frequently used measuring tools and operated the refrigerator to store semi-finished products. It was observed that a girl in a gray top and jeans handled yolk filtering, while a boy in a white top and white pants, among others, assisted with egg white processing and other collaborative tasks.",
      "Parcel Acceptance and Organization": "LUCIA inspected the express package and communicated with a boy wearing a purple short-sleeve shirt and gray shorts, among others. During this time, she used her phone to handle messages.",
      "Team outing": "LUCIA walked to the parcel pickup point and back to the residence with a boy in a gray coat and gray pants, as well as a boy in a purple short-sleeved shirt and gray shorts, among others. LUCIA used her phone for navigation. They stopped by a lottery shop on the way to participate in scratch-off lottery activities. Everyone took turns scratching the tickets and interacting.",
      "Having dinner": "LUCIA checks and distributes the takeout, having dinner with the team members.",
      "Party supplies organization": "LUCIA and the participants cleaned up the dinner table together and continued organizing party supplies. This included repeatedly wiping the wooden boxes, rearrancing the utensils, and disposing of food scraps. During this process, they observed collaborative behaviors such as a boy in a purple short-sleeved shirt and gray shorts continuously eating, and a girl in a gray top and jeans passing decorative materials."
    },
    "choice_a": "DAY5: 15:30 - 17:00",
    "choice_b": "DAY5: 15:51 - 18:56",
    "choice_c": "DAY5: 16:00 - 19:00",
    "choice_d": "DAY5: 15:00 - 18:30",
    "choice_e": "DAY5: 16:37 - 19:57",
    "reason": "Procurement of supplies (15:51 - 16:37), returning to residence by ride-hailing (16:37 - 16:52), package inspection and organization (18:30 - 18:56). The total time span is 15:51 - 18:56, matching the time frame of option B."
  },
  {
    "question_chinese": "LUCIA对以下活动对应的时间有些混淆，你能帮她正确匹配吗？\n事件序列：\n1. 休闲聊天\n2. 吃午餐\n3. 甜点制备\n4. 派对物资整理\n时间选项：\na. 11:00 - 11:30\nb. 11:35 - 11:51\nc. 12:00 - 12:30\nd. 12:04 - 12:38\ne. 18:00 - 18:30\nf. 18:10 - 18:44\ng. 20:00 - 20:30\nh. 20:12 - 20:55",
    "events_description_chinese": {
      "休闲聊天": "LUCIA在一楼开放区域与身着白色上衣白色裤子的女生、身着白色上衣白色裤子的男生等人闲聊。期间LUCIA吃了一个山竹，观察到身着白色上衣白色裤子的女生围绕纸盒小狗装饰品进行细节调整，反复比对瓶子的摆放角度并进行手势比划。",
      "花艺调整": "LUCIA完成压花材料的密封处理，系统性地进行花瓶换水及跨楼层搬运。与身着紫色短袖灰色短裤的男生等人协同完成餐具称重等环节。",
      "吃午餐": "LUCIA与团队成员一起吃午餐并和身着白色上衣白色裤子的女生等人交流。期间还吃了青提等水果和饮料。餐后LUCIA和身着粉色上衣牛仔裤的男生等人利用投影仪在幕布上投影各种手势形状。",
      "物资采购": "LUCIA与团队成员在商场超市内完成物资采购，主要活动包括在酒水区、水果区比对商品价格与品质、挑选东方树叶饮料、蓝莓等食材、在家居区与身着紫色短袖灰色短裤的男生等人评估陶瓷碗的纹路与实用性等。",
      "乘坐网约车返回住所": "LUCIA与同伴们在商店选购德芙巧克力，乘坐网约车赶回住所并在途中进行讨论。",
      "甜点制备": "LUCIA参与清洗餐具、鸡蛋液分离、奶油搅拌及冷藏工序，期间多次使用称量器具并操作冰箱存储半成品，观察到身着灰色上衣牛仔裤的女生负责蛋黄过滤、身着白色上衣白色裤子的男生等人参与蛋清处理等协作细节。",
      "快递验收与整理": "LUCIA对快递包裹进行验收，与身着紫色短袖灰色短裤的男生等人进行交流。期间使用手机处理消息。",
      "团队外出": "LUCIA与身着灰色外套灰色裤子的男生及身着紫色短袖灰色短裤的男生等人共同步行前往快递点取快递并返回住处，LUCIA使用手机进行导航。途中进入彩票店参与即开型彩票活动。众人轮流刮奖并互动。",
      "吃晚餐": "LUCIA查看并分发外卖，和团队成员一起吃晚餐。",
      "派对物资整理": "LUCIA与参与者共同清理晚餐后的餐桌，持续整理派对所需物资。包括反复擦拭木板盒子、重新摆放餐具、处理食物残渣，期间观察到身着紫色短袖灰色短裤的男生持续进食、身着灰色上衣牛仔裤的女生传递装饰材料等协作行为。"
    },
    "choice_a_chinese": "1→a / 2→c / 3→e / 4→g",
    "choice_b_chinese": "1→b / 2→d / 3→f / 4→h",
    "choice_c_chinese": "1→b / 2→c / 3→f / 4→g",
    "choice_d_chinese": "1→a / 2→d / 3→e / 4→h",
    "answer": "B",
    "reason_chinese": "休闲聊天（b）：正确时间为11:35 - 11:51，只有b选项符合；吃午餐（d）：12:04 - 12:38，只有d选项符合；甜点制备（f）：18:10 - 18:44，只有f选项符合；派对物资整理（h）：20:12 - 20:55，只有h选项符合。所以答案是B。",
    "question": "LUCIA is a bit confused about the corresponding times for the following activities. Can you help her match them correctly?  \nEvent sequence:  \n1. Casual chatting  \n2. Having lunch  \n3. Preparing dessert  \n4. Organizing party supplies  \n\nTime options:  \na. 11:00 - 11:30  \nb. 11:35 - 11:51  \nc. 12:00 - 12:30  \nd. 12:04 - 12:38  \ne. 18:00 - 18:30  \nf. 18:10 - 18:44  \ng. 20:00 - 20:30  \nh. 20:12 - 20:55",
    "events_description": {
      "casual conversation": "LUCIA chatted with a girl in a white top and white pants, a boy in a white top and white pants, and others in the open area on the first floor. During this time, LUCIA ate a mangosteen and observed the girl in the white top and white pants making detailed adjustments to the cardboard box dog decoration, repeatedly comparing the placement angle of the bottles and gesturing.",
      "Floral arrangement adjustment": "LUCIA completed the sealing process of embossed materials, systematically carried out vase water changes and cross-floor transportation. Collaborated with a male wearing a purple short-sleeve shirt and gray shorts, among others, to complete tasks such as tableware weighing.",
      "have lunch": "LUCIA had lunch with the team members and conversed with a girl wearing a white top and white pants, among others. During this time, they also ate green grapes and other fruits, along with beverages. After the meal, LUCIA and a boy in a pink top and jeans, along with others, used a projector to display various hand gesture shapes on the screen.",
      "Material Procurement": "LUCIA and team members completed the procurement of supplies in the mall supermarket. Main activities included comparing product prices and quality in the alcohol and fruit sections, selecting ingredients such as Oriental Leaf beverages and blueberries, as well as evaluating the patterns and practicality of ceramic bowls in the home goods section with a boy wearing a purple short-sleeve shirt and gray shorts, among others.",
      "Take a ride-hailing service back to the residence": "LUCIA and her companions shopped for Dove chocolates at the store, hailed a ride-hailing car to rush back to their residence, and held discussions along the way.",
      "Dessert preparation": "LUCIA participated in dishwashing, egg white separation, cream mixing, and refrigeration processes. She frequently used measuring tools and operated the refrigerator to store semi-finished products. It was observed that a girl in a gray top and jeans handled yolk filtering, while a boy in a white top and white pants, among others, assisted with egg white processing and other collaborative tasks.",
      "Parcel Acceptance and Organization": "LUCIA inspected the express package and communicated with a boy wearing a purple short-sleeve shirt and gray shorts, among others. During this time, she used her phone to handle messages.",
      "Team outing": "LUCIA walked to the parcel pickup point and back to the residence with a boy in a gray coat and gray pants, as well as a boy in a purple short-sleeved shirt and gray shorts, among others. LUCIA used her phone for navigation. They stopped by a lottery shop on the way to participate in scratch-off lottery activities. Everyone took turns scratching the tickets and interacting.",
      "Having dinner": "LUCIA checks and distributes the takeout, having dinner with the team members.",
      "Party supplies organization": "LUCIA and the participants cleaned up the dinner table together and continued organizing party supplies. This included repeatedly wiping the wooden boxes, rearrancing the utensils, and disposing of food scraps. During this process, they observed collaborative behaviors such as a boy in a purple short-sleeved shirt and gray shorts continuously eating, and a girl in a gray top and jeans passing decorative materials."
    },
    "choice_a": "1→a / 2→c / 3→e / 4→g",
    "choice_b": "1→b / 2→d / 3→f / 4→h",
    "choice_c": "1→b / 2→c / 3→f / 4→g",
    "choice_d": "1→a / 2→d / 3→e / 4→h",
    "reason": "Casual chat (b): Correct time is 11:35 - 11:51, only option b matches; Lunch (d): 12:04 - 12:38, only option d matches; Dessert preparation (f): 18:10 - 18:44, only option f matches; Party supplies organization (h): 20:12 - 20:55, only option h matches. So the answer is B."
  },
  {
    "question_chinese": "LUCIA完成了物资采购、乘坐网约车返回住所这两个活动后，接下来最有可能连续进行的两个活动是什么？",
    "events_description_chinese": {
      "休闲聊天": "LUCIA在一楼开放区域与身着白色上衣白色裤子的女生、身着白色上衣白色裤子的男生等人闲聊。期间LUCIA吃了一个山竹，观察到身着白色上衣白色裤子的女生围绕纸盒小狗装饰品进行细节调整，反复比对瓶子的摆放角度并进行手势比划。",
      "花艺调整": "LUCIA完成压花材料的密封处理，系统性地进行花瓶换水及跨楼层搬运。与身着紫色短袖灰色短裤的男生等人协同完成餐具称重等环节。",
      "吃午餐": "LUCIA与团队成员一起吃午餐并和身着白色上衣白色裤子的女生等人交流。期间还吃了青提等水果和饮料。餐后LUCIA和身着粉色上衣牛仔裤的男生等人利用投影仪在幕布上投影各种手势形状。",
      "物资采购": "LUCIA与团队成员在商场超市内完成物资采购，主要活动包括在酒水区、水果区比对商品价格与品质、挑选东方树叶饮料、蓝莓等食材、在家居区与身着紫色短袖灰色短裤的男生等人评估陶瓷碗的纹路与实用性等。",
      "乘坐网约车返回住所": "LUCIA与同伴们在商店选购德芙巧克力，乘坐网约车赶回住所并在途中进行讨论。",
      "甜点制备": "LUCIA参与清洗餐具、鸡蛋液分离、奶油搅拌及冷藏工序，期间多次使用称量器具并操作冰箱存储半成品，观察到身着灰色上衣牛仔裤的女生负责蛋黄过滤、身着白色上衣白色裤子的男生等人参与蛋清处理等协作细节。",
      "快递验收与整理": "LUCIA对快递包裹进行验收，与身着紫色短袖灰色短裤的男生等人进行交流。期间使用手机处理消息。",
      "团队外出": "LUCIA与身着灰色外套灰色裤子的男生及身着紫色短袖灰色短裤的男生等人共同步行前往快递点取快递并返回住处，LUCIA使用手机进行导航。途中进入彩票店参与即开型彩票活动。众人轮流刮奖并互动。",
      "吃晚餐": "LUCIA查看并分发外卖，和团队成员一起吃晚餐。",
      "派对物资整理": "LUCIA与参与者共同清理晚餐后的餐桌，持续整理派对所需物资。包括反复擦拭木板盒子、重新摆放餐具、处理食物残渣，期间观察到身着紫色短袖灰色短裤的男生持续进食、身着灰色上衣牛仔裤的女生传递装饰材料等协作行为。"
    },
    "choice_a_chinese": "休闲聊天 → 花艺调整",
    "choice_b_chinese": "吃午餐 → 快递验收与整理",
    "choice_c_chinese": "快递验收与整理 → 甜点制备",
    "choice_d_chinese": "甜点制备 → 吃晚餐",
    "choice_e_chinese": "团队外出 → 派对物资整理",
    "answer": "C",
    "reason_chinese": "物资采购（15:51 - 16:37）、乘坐网约车返回住所（16:37 - 16:52）后，接下来是快递验收与整理（18:30 - 18:56）和甜点制备（18:10 - 18:44） ，虽然甜点制备时间更早，但从活动连贯性来看，快递验收与整理后进行甜点制备更符合逻辑顺序。所以答案是C。其他选项中的活动在时间顺序上均不符合。",
    "question": "After LUCIA completed the two activities—procuring supplies and taking a rideshare back to her residence—what are the two most likely activities she would do next in succession?",
    "events_description": {
      "casual conversation": "LUCIA chatted with a girl in a white top and white pants, a boy in a white top and white pants, and others in the open area on the first floor. During this time, LUCIA ate a mangosteen and observed the girl in the white top and white pants making detailed adjustments to the cardboard box dog decoration, repeatedly comparing the placement angle of the bottles and gesturing.",
      "Floral arrangement adjustment": "LUCIA completed the sealing process of embossed materials, systematically carried out vase water changes and cross-floor transportation. Collaborated with a male wearing a purple short-sleeve shirt and gray shorts, among others, to complete tasks such as tableware weighing.",
      "have lunch": "LUCIA had lunch with the team members and conversed with a girl wearing a white top and white pants, among others. During this time, they also ate green grapes and other fruits, along with beverages. After the meal, LUCIA and a boy in a pink top and jeans, along with others, used a projector to display various hand gesture shapes on the screen.",
      "Material Procurement": "LUCIA and team members completed the procurement of supplies in the mall supermarket. Main activities included comparing product prices and quality in the alcohol and fruit sections, selecting ingredients such as Oriental Leaf beverages and blueberries, as well as evaluating the patterns and practicality of ceramic bowls in the home goods section with a boy wearing a purple short-sleeve shirt and gray shorts, among others.",
      "Take a ride-hailing service back to the residence": "LUCIA and her companions shopped for Dove chocolates at the store, hailed a ride-hailing car to rush back to their residence, and held discussions along the way.",
      "Dessert preparation": "LUCIA participated in dishwashing, egg white separation, cream mixing, and refrigeration processes. She frequently used measuring tools and operated the refrigerator to store semi-finished products. It was observed that a girl in a gray top and jeans handled yolk filtering, while a boy in a white top and white pants, among others, assisted with egg white processing and other collaborative tasks.",
      "Parcel Acceptance and Organization": "LUCIA inspected the express package and communicated with a boy wearing a purple short-sleeve shirt and gray shorts, among others. During this time, she used her phone to handle messages.",
      "Team outing": "LUCIA walked to the parcel pickup point and back to the residence with a boy in a gray coat and gray pants, as well as a boy in a purple short-sleeved shirt and gray shorts, among others. LUCIA used her phone for navigation. They stopped by a lottery shop on the way to participate in scratch-off lottery activities. Everyone took turns scratching the tickets and interacting.",
      "Having dinner": "LUCIA checks and distributes the takeout, having dinner with the team members.",
      "Party supplies organization": "LUCIA and the participants cleaned up the dinner table together and continued organizing party supplies. This included repeatedly wiping the wooden boxes, rearrancing the utensils, and disposing of food scraps. During this process, they observed collaborative behaviors such as a boy in a purple short-sleeved shirt and gray shorts continuously eating, and a girl in a gray top and jeans passing decorative materials."
    },
    "choice_a": "Casual Chat → Floral Arrangement Adjustment",
    "choice_b": "Having lunch → Express delivery acceptance and organization",
    "choice_c": "Express Acceptance and Organization → Dessert Preparation",
    "choice_d": "Dessert preparation → Dinner",
    "choice_e": "Team Outing → Party Supplies Organization",
    "reason": "Procurement of supplies (15:51 - 16:37), after returning to the residence via ride-hailing (16:37 - 16:52), followed by express delivery acceptance and organization (18:30 - 18:56) and dessert preparation (18:10 - 18:44). Although dessert preparation starts earlier, in terms of activity continuity, performing dessert preparation after express delivery acceptance and organization is more logically sequential. Therefore, the answer is C. The activities in other options do not align chronologically."
  },
  {
    "question_chinese": "LUCIA描述自己在DAY5的活动顺序为：吃午餐、快递验收与整理、物资采购、乘坐网约车返回住所。这个描述存在错误，正确的顺序和错误分析是？",
    "events_description_chinese": {
      "休闲聊天": "LUCIA在一楼开放区域与身着白色上衣白色裤子的女生、身着白色上衣白色裤子的男生等人闲聊。期间LUCIA吃了一个山竹，观察到身着白色上衣白色裤子的女生围绕纸盒小狗装饰品进行细节调整，反复比对瓶子的摆放角度并进行手势比划。",
      "花艺调整": "LUCIA完成压花材料的密封处理，系统性地进行花瓶换水及跨楼层搬运。与身着紫色短袖灰色短裤的男生等人协同完成餐具称重等环节。",
      "吃午餐": "LUCIA与团队成员一起吃午餐并和身着白色上衣白色裤子的女生等人交流。期间还吃了青提等水果和饮料。餐后LUCIA和身着粉色上衣牛仔裤的男生等人利用投影仪在幕布上投影各种手势形状。",
      "物资采购": "LUCIA与团队成员在商场超市内完成物资采购，主要活动包括在酒水区、水果区比对商品价格与品质、挑选东方树叶饮料、蓝莓等食材、在家居区与身着紫色短袖灰色短裤的男生等人评估陶瓷碗的纹路与实用性等。",
      "乘坐网约车返回住所": "LUCIA与同伴们在商店选购德芙巧克力，乘坐网约车赶回住所并在途中进行讨论。",
      "甜点制备": "LUCIA参与清洗餐具、鸡蛋液分离、奶油搅拌及冷藏工序，期间多次使用称量器具并操作冰箱存储半成品，观察到身着灰色上衣牛仔裤的女生负责蛋黄过滤、身着白色上衣白色裤子的男生等人参与蛋清处理等协作细节。",
      "快递验收与整理": "LUCIA对快递包裹进行验收，与身着紫色短袖灰色短裤的男生等人进行交流。期间使用手机处理消息。",
      "团队外出": "LUCIA与身着灰色外套灰色裤子的男生及身着紫色短袖灰色短裤的男生等人共同步行前往快递点取快递并返回住处，LUCIA使用手机进行导航。途中进入彩票店参与即开型彩票活动。众人轮流刮奖并互动。",
      "吃晚餐": "LUCIA查看并分发外卖，和团队成员一起吃晚餐。",
      "派对物资整理": "LUCIA与参与者共同清理晚餐后的餐桌，持续整理派对所需物资。包括反复擦拭木板盒子、重新摆放餐具、处理食物残渣，期间观察到身着紫色短袖灰色短裤的男生持续进食、身着灰色上衣牛仔裤的女生传递装饰材料等协作行为。"
    },
    "choice_a_chinese": "正确顺序：吃午餐、物资采购、乘坐网约车返回住所、快递验收与整理 错误原因：“快递验收与整理”和“物资采购”顺序颠倒",
    "choice_b_chinese": "正确顺序：物资采购、乘坐网约车返回住所、吃午餐、快递验收与整理 错误原因：“吃午餐”顺序错误",
    "choice_c_chinese": "正确顺序：吃午餐、物资采购、快递验收与整理、乘坐网约车返回住所 错误原因：插入错误事件且顺序混乱",
    "choice_d_chinese": "正确顺序：乘坐网约车返回住所、吃午餐、物资采购、快递验收与整理 错误原因：所有事件顺序均错误",
    "choice_e_chinese": "正确顺序：吃午餐、乘坐网约车返回住所、物资采购、快递验收与整理 错误原因：“乘坐网约车返回住所”和“物资采购”顺序错误",
    "answer": "A",
    "reason_chinese": "正确顺序为吃午餐（12:04 - 12:38）、物资采购（15:51 - 16:37）、乘坐网约车返回住所（16:37 - 16:52）、快递验收与整理（18:30 - 18:56），原描述中“快递验收与整理”和“物资采购”顺序颠倒，所以答案是A。",
    "question": "LUCIA described her activity sequence on DAY5 as: having lunch, receiving and organizing the courier, purchasing supplies, and taking a rideshare back to her residence. This description contains errors. What are the correct sequence and the error analysis?",
    "events_description": {
      "casual conversation": "LUCIA chatted with a girl in a white top and white pants, a boy in a white top and white pants, and others in the open area on the first floor. During this time, LUCIA ate a mangosteen and observed the girl in the white top and white pants making detailed adjustments to the cardboard box dog decoration, repeatedly comparing the placement angle of the bottles and gesturing.",
      "Floral arrangement adjustment": "LUCIA completed the sealing process of embossed materials, systematically carried out vase water changes and cross-floor transportation. Collaborated with a male wearing a purple short-sleeve shirt and gray shorts, among others, to complete tasks such as tableware weighing.",
      "have lunch": "LUCIA had lunch with the team members and conversed with a girl wearing a white top and white pants, among others. During this time, they also ate green grapes and other fruits, along with beverages. After the meal, LUCIA and a boy in a pink top and jeans, along with others, used a projector to display various hand gesture shapes on the screen.",
      "Material Procurement": "LUCIA and team members completed the procurement of supplies in the mall supermarket. Main activities included comparing product prices and quality in the alcohol and fruit sections, selecting ingredients such as Oriental Leaf beverages and blueberries, as well as evaluating the patterns and practicality of ceramic bowls in the home goods section with a boy wearing a purple short-sleeve shirt and gray shorts, among others.",
      "Take a ride-hailing service back to the residence": "LUCIA and her companions shopped for Dove chocolates at the store, hailed a ride-hailing car to rush back to their residence, and held discussions along the way.",
      "Dessert preparation": "LUCIA participated in dishwashing, egg white separation, cream mixing, and refrigeration processes. She frequently used measuring tools and operated the refrigerator to store semi-finished products. It was observed that a girl in a gray top and jeans handled yolk filtering, while a boy in a white top and white pants, among others, assisted with egg white processing and other collaborative tasks.",
      "Parcel Acceptance and Organization": "LUCIA inspected the express package and communicated with a boy wearing a purple short-sleeve shirt and gray shorts, among others. During this time, she used her phone to handle messages.",
      "Team outing": "LUCIA walked to the parcel pickup point and back to the residence with a boy in a gray coat and gray pants, as well as a boy in a purple short-sleeved shirt and gray shorts, among others. LUCIA used her phone for navigation. They stopped by a lottery shop on the way to participate in scratch-off lottery activities. Everyone took turns scratching the tickets and interacting.",
      "Having dinner": "LUCIA checks and distributes the takeout, having dinner with the team members.",
      "Party supplies organization": "LUCIA and the participants cleaned up the dinner table together and continued organizing party supplies. This included repeatedly wiping the wooden boxes, rearrancing the utensils, and disposing of food scraps. During this process, they observed collaborative behaviors such as a boy in a purple short-sleeved shirt and gray shorts continuously eating, and a girl in a gray top and jeans passing decorative materials."
    },
    "choice_a": "Correct order: Lunch, supplies procurement, returning to the residence via ride-hailing, express delivery acceptance and organization  \nError reason: The sequence of \"express delivery acceptance and organization\" and \"supplies procurement\" was reversed",
    "choice_b": "Correct sequence: Material procurement, taking a rideshare back to residence, having lunch, express delivery acceptance and sorting  \nError reason: Incorrect order of \"having lunch\"",
    "choice_c": "Correct order: Lunch, supplies purchase, express delivery acceptance & organization, return to residence via ride-hailing  \nError reason: Incorrect event inserted and sequence out of order",
    "choice_d": "Correct sequence: Take a rideshare back to the residence, have lunch, purchase supplies, receive and organize packages  \nError reason: All events were in the wrong order",
    "choice_e": "Correct sequence: Eat lunch, take a rideshare back to residence, procure supplies, receive and organize parcels  \nMistake reason: The order of \"take a rideshare back to residence\" and \"procure supplies\" is incorrect",
    "reason": "The correct sequence is: having lunch (12:04 - 12:38), supplies procurement (15:51 - 16:37), taking a ride-hailing car back to the residence (16:37 - 16:52), and package acceptance and organization (18:30 - 18:56). The original description reversed the order of \"package acceptance and organization\" and \"supplies procurement,\" so the answer is A."
  },
  {
    "question_chinese": "LUCIA的活动记录中部分内容缺失：[物资采购] → (?) → [甜点制备] → (?) 。从以下选项中选择能正确填补空缺的活动序列是？\n备选活动：\n休闲聊天\n花艺调整\n乘坐网约车返回住所\n快递验收与整理\n吃午餐\n团队外出\n吃晚餐\n派对物资整理",
    "events_description_chinese": {
      "休闲聊天": "LUCIA在一楼开放区域与身着白色上衣白色裤子的女生、身着白色上衣白色裤子的男生等人闲聊。期间LUCIA吃了一个山竹，观察到身着白色上衣白色裤子的女生围绕纸盒小狗装饰品进行细节调整，反复比对瓶子的摆放角度并进行手势比划。",
      "花艺调整": "LUCIA完成压花材料的密封处理，系统性地进行花瓶换水及跨楼层搬运。与身着紫色短袖灰色短裤的男生等人协同完成餐具称重等环节。",
      "吃午餐": "LUCIA与团队成员一起吃午餐并和身着白色上衣白色裤子的女生等人交流。期间还吃了青提等水果和饮料。餐后LUCIA和身着粉色上衣牛仔裤的男生等人利用投影仪在幕布上投影各种手势形状。",
      "物资采购": "LUCIA与团队成员在商场超市内完成物资采购，主要活动包括在酒水区、水果区比对商品价格与品质、挑选东方树叶饮料、蓝莓等食材、在家居区与身着紫色短袖灰色短裤的男生等人评估陶瓷碗的纹路与实用性等。",
      "乘坐网约车返回住所": "LUCIA与同伴们在商店选购德芙巧克力，乘坐网约车赶回住所并在途中进行讨论。",
      "甜点制备": "LUCIA参与清洗餐具、鸡蛋液分离、奶油搅拌及冷藏工序，期间多次使用称量器具并操作冰箱存储半成品，观察到身着灰色上衣牛仔裤的女生负责蛋黄过滤、身着白色上衣白色裤子的男生等人参与蛋清处理等协作细节。",
      "快递验收与整理": "LUCIA对快递包裹进行验收，与身着紫色短袖灰色短裤的男生等人进行交流。期间使用手机处理消息。",
      "团队外出": "LUCIA与身着灰色外套灰色裤子的男生及身着紫色短袖灰色短裤的男生等人共同步行前往快递点取快递并返回住处，LUCIA使用手机进行导航。途中进入彩票店参与即开型彩票活动。众人轮流刮奖并互动。",
      "吃晚餐": "LUCIA查看并分发外卖，和团队成员一起吃晚餐。",
      "派对物资整理": "LUCIA与参与者共同清理晚餐后的餐桌，持续整理派对所需物资。包括反复擦拭木板盒子、重新摆放餐具、处理食物残渣，期间观察到身着紫色短袖灰色短裤的男生持续进食、身着灰色上衣牛仔裤的女生传递装饰材料等协作行为。"
    },
    "choice_a_chinese": "休闲聊天、吃午餐",
    "choice_b_chinese": "花艺调整、团队外出",
    "choice_c_chinese": "乘坐网约车返回住所、快递验收与整理",
    "choice_d_chinese": "吃晚餐、派对物资整理",
    "choice_e_chinese": "吃午餐、吃晚餐",
    "answer": "C",
    "reason_chinese": "物资采购（15:51 - 16:37）后，接下来是乘坐网约车返回住所（16:37 - 16:52）、快递验收与整理（18:30 - 18:56），然后是甜点制备（18:10 - 18:44），之后还有团队外出、吃晚餐、派对物资整理等活动。所以正确答案是C，其他选项中的活动在时间顺序上不符合。",
    "question": "Partial content is missing in LUCIA's activity log: [Supplies Procurement] → (?) → [Dessert Preparation] → (?). Which of the following options correctly fills in the missing activity sequence?  \nCandidate activities:  \nLeisure Chat  \nFloral Arrangement Adjustment  \nTaking Ride-hailing Service Back to Residence  \nParcel Receipt and Organization  \nHaving Lunch  \nTeam Outing  \nHaving Dinner  \nParty Supplies Organization",
    "events_description": {
      "casual conversation": "LUCIA chatted with a girl in a white top and white pants, a boy in a white top and white pants, and others in the open area on the first floor. During this time, LUCIA ate a mangosteen and observed the girl in the white top and white pants making detailed adjustments to the cardboard box dog decoration, repeatedly comparing the placement angle of the bottles and gesturing.",
      "Floral arrangement adjustment": "LUCIA completed the sealing process of embossed materials, systematically carried out vase water changes and cross-floor transportation. Collaborated with a male wearing a purple short-sleeve shirt and gray shorts, among others, to complete tasks such as tableware weighing.",
      "have lunch": "LUCIA had lunch with the team members and conversed with a girl wearing a white top and white pants, among others. During this time, they also ate green grapes and other fruits, along with beverages. After the meal, LUCIA and a boy in a pink top and jeans, along with others, used a projector to display various hand gesture shapes on the screen.",
      "Material Procurement": "LUCIA and team members completed the procurement of supplies in the mall supermarket. Main activities included comparing product prices and quality in the alcohol and fruit sections, selecting ingredients such as Oriental Leaf beverages and blueberries, as well as evaluating the patterns and practicality of ceramic bowls in the home goods section with a boy wearing a purple short-sleeve shirt and gray shorts, among others.",
      "Take a ride-hailing service back to the residence": "LUCIA and her companions shopped for Dove chocolates at the store, hailed a ride-hailing car to rush back to their residence, and held discussions along the way.",
      "Dessert preparation": "LUCIA participated in dishwashing, egg white separation, cream mixing, and refrigeration processes. She frequently used measuring tools and operated the refrigerator to store semi-finished products. It was observed that a girl in a gray top and jeans handled yolk filtering, while a boy in a white top and white pants, among others, assisted with egg white processing and other collaborative tasks.",
      "Parcel Acceptance and Organization": "LUCIA inspected the express package and communicated with a boy wearing a purple short-sleeve shirt and gray shorts, among others. During this time, she used her phone to handle messages.",
      "Team outing": "LUCIA walked to the parcel pickup point and back to the residence with a boy in a gray coat and gray pants, as well as a boy in a purple short-sleeved shirt and gray shorts, among others. LUCIA used her phone for navigation. They stopped by a lottery shop on the way to participate in scratch-off lottery activities. Everyone took turns scratching the tickets and interacting.",
      "Having dinner": "LUCIA checks and distributes the takeout, having dinner with the team members.",
      "Party supplies organization": "LUCIA and the participants cleaned up the dinner table together and continued organizing party supplies. This included repeatedly wiping the wooden boxes, rearrancing the utensils, and disposing of food scraps. During this process, they observed collaborative behaviors such as a boy in a purple short-sleeved shirt and gray shorts continuously eating, and a girl in a gray top and jeans passing decorative materials."
    },
    "choice_a": "Casual chat, eat lunch",
    "choice_b": "Floral arrangement adjustments, team outing",
    "choice_c": "Taking a rideshare back to the residence, checking and organizing delivered packages",
    "choice_d": "Dinner, party supplies organization",
    "choice_e": "Have lunch, have dinner",
    "reason": "After purchasing supplies (15:51 - 16:37), the next steps are taking a rideshare back to the residence (16:37 - 16:52), receiving and organizing the deliveries (18:30 - 18:56), followed by dessert preparation (18:10 - 18:44). Later activities include team outings, having dinner, and organizing party supplies. Therefore, the correct answer is C, as the other options do not match the chronological order of events."
  }
]