[
  {
    "question_chinese": "LUCIA忘记了自己在DAY3下午14:00到17:30之间所做的经历事件，如果让你来对这期间发生的事件进行排序，那么正确顺序是？发生的事件:\na. 户外散步\nb. 超市采购\nc. 购买饮料\nd. 电玩城游戏体验\ne. 吃午餐与餐后整理\nf. 食材运输收纳",
    "events_description_chinese": {
      "参与矿泉水盲测游戏": "LUCIA参与矿泉水盲测游戏，观察到身着粉色短袖灰色短裤的男生标记纸杯编号，LUCIA多次品尝不同水样、在纸板上记录猜测结果，并与团队成员讨论测试结果。",
      "吃午餐与餐后整理": "LUCIA协助灰色外套的男生拆解外卖包装袋、拆开披萨包装并和绿色外套蓝色帽子的女生一起摆放披萨盘。LUCIA佩戴一次性手套和团队成员一起吃披萨。",
      "户外散步": "LUCIA与团队成员进行户外散步，包括用手机记录锦鲤生态、与团队成员闲聊。",
      "购买饮料": "LUCIA与团队成员在便利店购买饮料，包含选择饮料、结账等环节。",
      "电玩城游戏体验": "LUCIA在商场游戏厅开展多元电子游戏体验，包含设备调试、游戏币分配、抓娃娃机操作、射击游戏、节奏类音乐游戏、赛车模拟等完整游戏流程。",
      "超市采购": "LUCIA与团队成员在超市完成食材采购。",
      "食材运输收纳": "LUCIA和团队成员一起将购买的食材提至商场门口，乘坐网约车返回住处，期间LUCIA使用手机浏览购物网站，返回住处后LUCIA和团队成员一起将购买的食材收纳整理。",
      "蛋糕与甜点制作": "LUCIA与团队成员协作完成甜点制作，包括分装酸奶碗、鸡蛋分离（身着粉色短袖灰色短裤的男生打蛋/身着绿色上衣牛仔长裤的女生分离蛋黄）、称量糖与面粉（使用克重秤精确到30-40克）、搅拌面糊、烤箱烘焙测试。",
      "宴前食材准备": "LUCIA完成生菜叶逐片清洗与摆盘、芒果切割协助（身着粉色短袖灰色短裤的男生主刀），同步进行厨余垃圾清理（处理芒果皮/生菜梗）和餐具归位（叠放纸杯/擦干克重秤）。期间LUCIA与团队成员共享零食。",
      "露天烧烤餐会": "LUCIA在露天庭院参与烧烤活动。"
    },
    "choice_a_chinese": "(e)(a)(c)(d)(b)(f)",
    "choice_b_chinese": "(a)(e)(c)(b)(d)(f)",
    "choice_c_chinese": "(e)(c)(a)(d)(b)(f)",
    "choice_d_chinese": "(a)(c)(e)(d)(b)(f)",
    "choice_e_chinese": "(e)(a)(d)(c)(b)(f)",
    "answer": "A",
    "reason_chinese": "正确顺序为：吃午餐与餐后整理（11:58 - 12:16）、户外散步（14:47 - 15:38）、购买饮料（15:38 - 15:41）、电玩城游戏体验（15:47 - 16:35）、超市采购（16:35 - 17:14）、食材运输收纳（17:14 - 20:05）。干扰项：其他事件在给定时间外的顺序，选项中只有A符合在14:00到17:30内的正确顺序。",
    "question": "LUCIA has forgotten her experiences and events between DAY3 14:00 to 17:30. If you were to arrange the events that occurred during this period in the correct order, what would it be? The events are:  \na. Outdoor walk  \nb. Supermarket shopping  \nc. Buying drinks  \nd. Arcade game experience  \ne. Having lunch and post-meal cleanup  \nf. Grocery delivery and storage",
    "events_description": {
      "Participate in the mineral water blind taste test game": "LUCIA participated in a blind taste test for mineral water, observing a male wearing a pink short-sleeve shirt and gray shorts labeling the numbers on paper cups. LUCIA repeatedly tasted different water samples, recorded her guesses on a cardboard, and discussed the test results with her team members.",
      "Having lunch and post-meal cleanup": "LUCIA assists the guy in the gray coat in unpacking the takeout bag, opening the pizza box, and arranging the pizza trays with the girl in the green coat and blue hat. LUCIA wears disposable gloves and eats pizza with the team members.",
      "Outdoor walk": "LUCIA takes a walk outdoors with the team members, including recording the ecology of koi fish with a mobile phone and chatting casually with the team.",
      "Purchase beverages": "LUCIA and the team members purchase drinks at a convenience store, including selecting beverages and checking out.",
      "Arcade game experience": "LUCIA conducts a diverse video game experience at the mall arcade, including device setup, token distribution, claw machine operation, shooting games, rhythm-based music games, racing simulations, and other complete gaming processes.",
      "Supermarket shopping": "LUCIA and the team members completed the grocery shopping at the supermarket.",
      "Ingredient Transportation and Storage": "LUCIA and team members carried the purchased groceries to the mall entrance, took a ride-hailing car back to the residence. During the ride, LUCIA browsed shopping websites on her phone. After returning, LUCIA and team members organized and stored the purchased groceries together.",
      "Cake and Dessert Making": "LUCIA collaborated with team members to complete dessert preparation, including portioning yogurt bowls, egg separation (a boy in a pink short-sleeve shirt and gray shorts whisking eggs / a girl in a green top and denim jeans separating egg yolks), measuring sugar and flour (using a digital scale for precise 30-40 grams), mixing the batter, and conducting oven baking tests.",
      "Pre-dinner ingredient preparation": "LUCIA completed the meticulous washing and plating of lettuce leaves, assisted in mango cutting (the male team member in a pink short-sleeve shirt and gray shorts was the main cutter), while simultaneously handling kitchen waste disposal (dealing with mango peels/lettuce stems) and utensil organization (stacking paper cups/drying the weighing scale). During this period, LUCIA shared snacks with the team members.",
      "Open-air barbecue party": "LUCIA is participating in a barbecue event in the open courtyard."
    },
    "choice_a": "(e)(a)(c)(d)(b)(f)",
    "choice_b": "(a)(e)(c)(b)(d)(f)",
    "choice_c": "(e)(c)(a)(d)(b)(f)",
    "choice_d": "(a)(c)(e)(d)(b)(f)",
    "choice_e": "(e)(a)(d)(c)(b)(f)",
    "reason": "The correct sequence is: Lunch and post-meal cleanup (11:58 - 12:16), outdoor walk (14:47 - 15:38), beverage purchase (15:38 - 15:41), arcade game experience (15:47 - 16:35), supermarket shopping (16:35 - 17:14), ingredient transportation and storage (17:14 - 20:05). Distractor: The sequence of other events outside the given time frame, with only option A matching the correct sequence between 14:00 and 17:30."
  },
  {
    "question_chinese": "LUCIA在总结自己的工作的时候，写下了如下序列：户外散步、购买饮料、电玩城游戏体验、超市采购， LUCIA应该标注这些事件的发生时间为？",
    "events_description_chinese": {
      "参与矿泉水盲测游戏": "LUCIA参与矿泉水盲测游戏，观察到身着粉色短袖灰色短裤的男生标记纸杯编号，LUCIA多次品尝不同水样、在纸板上记录猜测结果，并与团队成员讨论测试结果。",
      "吃午餐与餐后整理": "LUCIA协助灰色外套的男生拆解外卖包装袋、拆开披萨包装并和绿色外套蓝色帽子的女生一起摆放披萨盘。LUCIA佩戴一次性手套和团队成员一起吃披萨。",
      "户外散步": "LUCIA与团队成员进行户外散步，包括用手机记录锦鲤生态、与团队成员闲聊。",
      "购买饮料": "LUCIA与团队成员在便利店购买饮料，包含选择饮料、结账等环节。",
      "电玩城游戏体验": "LUCIA在商场游戏厅开展多元电子游戏体验，包含设备调试、游戏币分配、抓娃娃机操作、射击游戏、节奏类音乐游戏、赛车模拟等完整游戏流程。",
      "超市采购": "LUCIA与团队成员在超市完成食材采购。",
      "食材运输收纳": "LUCIA和团队成员一起将购买的食材提至商场门口，乘坐网约车返回住处，期间LUCIA使用手机浏览购物网站，返回住处后LUCIA和团队成员一起将购买的食材收纳整理。",
      "蛋糕与甜点制作": "LUCIA与团队成员协作完成甜点制作，包括分装酸奶碗、鸡蛋分离（身着粉色短袖灰色短裤的男生打蛋/身着绿色上衣牛仔长裤的女生分离蛋黄）、称量糖与面粉（使用克重秤精确到30-40克）、搅拌面糊、烤箱烘焙测试。",
      "宴前食材准备": "LUCIA完成生菜叶逐片清洗与摆盘、芒果切割协助（身着粉色短袖灰色短裤的男生主刀），同步进行厨余垃圾清理（处理芒果皮/生菜梗）和餐具归位（叠放纸杯/擦干克重秤）。期间LUCIA与团队成员共享零食。",
      "露天烧烤餐会": "LUCIA在露天庭院参与烧烤活动。"
    },
    "choice_a_chinese": "DAY3: 14:30~17:20",
    "choice_b_chinese": "DAY3: 15:00~17:00",
    "choice_c_chinese": "DAY3: 14:47~17:14",
    "choice_d_chinese": "DAY3: 15:38~17:30",
    "choice_e_chinese": "DAY3: 14:47~18:00",
    "answer": "C",
    "reason_chinese": "户外散步（14:47 - 15:38）、购买饮料（15:38 - 15:41）、电玩城游戏体验（15:47 - 16:35）、超市采购（16:35 - 17:14）。总时间跨度为14:47 - 17:14，匹配选项C的14:47 - 17:14。",
    "question": "When summarizing her activities, LUCIA noted the following sequence: outdoor walk, purchasing drinks, arcade game experience, supermarket shopping. What time should LUCIA mark for these events?",
    "events_description": {
      "Participate in the mineral water blind taste test game": "LUCIA participated in a blind taste test for mineral water, observing a male wearing a pink short-sleeve shirt and gray shorts labeling the numbers on paper cups. LUCIA repeatedly tasted different water samples, recorded her guesses on a cardboard, and discussed the test results with her team members.",
      "Having lunch and post-meal cleanup": "LUCIA assists the guy in the gray coat in unpacking the takeout bag, opening the pizza box, and arranging the pizza trays with the girl in the green coat and blue hat. LUCIA wears disposable gloves and eats pizza with the team members.",
      "Outdoor walk": "LUCIA takes a walk outdoors with the team members, including recording the ecology of koi fish with a mobile phone and chatting casually with the team.",
      "Purchase beverages": "LUCIA and the team members purchase drinks at a convenience store, including selecting beverages and checking out.",
      "Arcade game experience": "LUCIA conducts a diverse video game experience at the mall arcade, including device setup, token distribution, claw machine operation, shooting games, rhythm-based music games, racing simulations, and other complete gaming processes.",
      "Supermarket shopping": "LUCIA and the team members completed the grocery shopping at the supermarket.",
      "Ingredient Transportation and Storage": "LUCIA and team members carried the purchased groceries to the mall entrance, took a ride-hailing car back to the residence. During the ride, LUCIA browsed shopping websites on her phone. After returning, LUCIA and team members organized and stored the purchased groceries together.",
      "Cake and Dessert Making": "LUCIA collaborated with team members to complete dessert preparation, including portioning yogurt bowls, egg separation (a boy in a pink short-sleeve shirt and gray shorts whisking eggs / a girl in a green top and denim jeans separating egg yolks), measuring sugar and flour (using a digital scale for precise 30-40 grams), mixing the batter, and conducting oven baking tests.",
      "Pre-dinner ingredient preparation": "LUCIA completed the meticulous washing and plating of lettuce leaves, assisted in mango cutting (the male team member in a pink short-sleeve shirt and gray shorts was the main cutter), while simultaneously handling kitchen waste disposal (dealing with mango peels/lettuce stems) and utensil organization (stacking paper cups/drying the weighing scale). During this period, LUCIA shared snacks with the team members.",
      "Open-air barbecue party": "LUCIA is participating in a barbecue event in the open courtyard."
    },
    "choice_a": "DAY3: 14:30~17:20",
    "choice_b": "DAY3: 15:00~17:00",
    "choice_c": "DAY3: 14:47~17:14",
    "choice_d": "DAY3: 15:38~17:30",
    "choice_e": "DAY3: 14:47~18:00",
    "reason": "Outdoor walk (14:47 - 15:38), purchasing drinks (15:38 - 15:41), arcade game experience (15:47 - 16:35), supermarket shopping (16:35 - 17:14). The total time span is 14:47 - 17:14, matching option C's 14:47 - 17:14."
  },
  {
    "question_chinese": "LUCIA只记录了自己做了什么事，但是没有记录每件事的起止时间。现在有一些时间段供LUCIA进行选择。\n事件序列：\n1. 超市采购\n2. 食材运输收纳\n3. 户外散步\n4. 购买饮料\n时间选项：\na. 14:10~15:00\nb. 15:38~15:41\nc. 17:14~20:05\nd. 16:35~17:14\ne. 14:47~15:38\nf. 15:47~16:35\ng. 17:00~18:00\nh. 15:00~15:30\n你能帮助LUCIA找到每个事件对应的正确时间段吗？",
    "events_description_chinese": {
      "参与矿泉水盲测游戏": "LUCIA参与矿泉水盲测游戏，观察到身着粉色短袖灰色短裤的男生标记纸杯编号，LUCIA多次品尝不同水样、在纸板上记录猜测结果，并与团队成员讨论测试结果。",
      "吃午餐与餐后整理": "LUCIA协助灰色外套的男生拆解外卖包装袋、拆开披萨包装并和绿色外套蓝色帽子的女生一起摆放披萨盘。LUCIA佩戴一次性手套和团队成员一起吃披萨。",
      "户外散步": "LUCIA与团队成员进行户外散步，包括用手机记录锦鲤生态、与团队成员闲聊。",
      "购买饮料": "LUCIA与团队成员在便利店购买饮料，包含选择饮料、结账等环节。",
      "电玩城游戏体验": "LUCIA在商场游戏厅开展多元电子游戏体验，包含设备调试、游戏币分配、抓娃娃机操作、射击游戏、节奏类音乐游戏、赛车模拟等完整游戏流程。",
      "超市采购": "LUCIA与团队成员在超市完成食材采购。",
      "食材运输收纳": "LUCIA和团队成员一起将购买的食材提至商场门口，乘坐网约车返回住处，期间LUCIA使用手机浏览购物网站，返回住处后LUCIA和团队成员一起将购买的食材收纳整理。",
      "蛋糕与甜点制作": "LUCIA与团队成员协作完成甜点制作，包括分装酸奶碗、鸡蛋分离（身着粉色短袖灰色短裤的男生打蛋/身着绿色上衣牛仔长裤的女生分离蛋黄）、称量糖与面粉（使用克重秤精确到30-40克）、搅拌面糊、烤箱烘焙测试。",
      "宴前食材准备": "LUCIA完成生菜叶逐片清洗与摆盘、芒果切割协助（身着粉色短袖灰色短裤的男生主刀），同步进行厨余垃圾清理（处理芒果皮/生菜梗）和餐具归位（叠放纸杯/擦干克重秤）。期间LUCIA与团队成员共享零食。",
      "露天烧烤餐会": "LUCIA在露天庭院参与烧烤活动。"
    },
    "choice_a_chinese": "1→d / 2→c / 3→e / 4→b",
    "choice_b_chinese": "1→d / 2→g / 3→a / 4→h",
    "choice_c_chinese": "1→e / 2→c / 3→a / 4→b",
    "choice_d_chinese": "1→d / 2→c / 3→a / 4→h",
    "answer": "A",
    "reason_chinese": "超市采购（d）：16:35 - 17:14，只有d符合；食材运输收纳（c）：17:14 - 20:05，只有c符合；户外散步（e）：14:47 - 15:38，只有e符合；购买饮料（b）：15:38 - 15:41，只有b符合。所以正确的是A选项。",
    "question": "LUCIA only recorded what she did but did not note the start and end times of each activity. Now there are some time slots for LUCIA to choose from.  \nSequence of events:  \n1. Supermarket shopping  \n2. Ingredient transport and storage  \n3. Outdoor walk  \n4. Purchasing drinks  \n\nTime options:  \na. 14:10~15:00  \nb. 15:38~15:41  \nc. 17:14~20:05  \nd. 16:35~17:14  \ne. 14:47~15:38  \nf. 15:47~16:35  \ng. 17:00~18:00  \nh. 15:00~15:30  \n\nCan you help LUCIA find the correct time slot for each event?",
    "events_description": {
      "Participate in the mineral water blind taste test game": "LUCIA participated in a blind taste test for mineral water, observing a male wearing a pink short-sleeve shirt and gray shorts labeling the numbers on paper cups. LUCIA repeatedly tasted different water samples, recorded her guesses on a cardboard, and discussed the test results with her team members.",
      "Having lunch and post-meal cleanup": "LUCIA assists the guy in the gray coat in unpacking the takeout bag, opening the pizza box, and arranging the pizza trays with the girl in the green coat and blue hat. LUCIA wears disposable gloves and eats pizza with the team members.",
      "Outdoor walk": "LUCIA takes a walk outdoors with the team members, including recording the ecology of koi fish with a mobile phone and chatting casually with the team.",
      "Purchase beverages": "LUCIA and the team members purchase drinks at a convenience store, including selecting beverages and checking out.",
      "Arcade game experience": "LUCIA conducts a diverse video game experience at the mall arcade, including device setup, token distribution, claw machine operation, shooting games, rhythm-based music games, racing simulations, and other complete gaming processes.",
      "Supermarket shopping": "LUCIA and the team members completed the grocery shopping at the supermarket.",
      "Ingredient Transportation and Storage": "LUCIA and team members carried the purchased groceries to the mall entrance, took a ride-hailing car back to the residence. During the ride, LUCIA browsed shopping websites on her phone. After returning, LUCIA and team members organized and stored the purchased groceries together.",
      "Cake and Dessert Making": "LUCIA collaborated with team members to complete dessert preparation, including portioning yogurt bowls, egg separation (a boy in a pink short-sleeve shirt and gray shorts whisking eggs / a girl in a green top and denim jeans separating egg yolks), measuring sugar and flour (using a digital scale for precise 30-40 grams), mixing the batter, and conducting oven baking tests.",
      "Pre-dinner ingredient preparation": "LUCIA completed the meticulous washing and plating of lettuce leaves, assisted in mango cutting (the male team member in a pink short-sleeve shirt and gray shorts was the main cutter), while simultaneously handling kitchen waste disposal (dealing with mango peels/lettuce stems) and utensil organization (stacking paper cups/drying the weighing scale). During this period, LUCIA shared snacks with the team members.",
      "Open-air barbecue party": "LUCIA is participating in a barbecue event in the open courtyard."
    },
    "choice_a": "1→d / 2→c / 3→e / 4→b",
    "choice_b": "1→d / 2→g / 3→a / 4→h",
    "choice_c": "1→e / 2→c / 3→a / 4→b",
    "choice_d": "1→d / 2→c / 3→a / 4→h",
    "reason": "Supermarket shopping (d): 16:35 - 17:14, only d matches;  \nIngredient transport and storage (c): 17:14 - 20:05, only c matches;  \nOutdoor walk (e): 14:47 - 15:38, only e matches;  \nBeverage purchase (b): 15:38 - 15:41, only b matches.  \nSo the correct answer is option A."
  },
  {
    "question_chinese": "LUCIA完成了这些活动：购买饮料、电玩城游戏体验，在这之后LUCIA参与的下一个事件是什么？",
    "events_description_chinese": {
      "参与矿泉水盲测游戏": "LUCIA参与矿泉水盲测游戏，观察到身着粉色短袖灰色短裤的男生标记纸杯编号，LUCIA多次品尝不同水样、在纸板上记录猜测结果，并与团队成员讨论测试结果。",
      "吃午餐与餐后整理": "LUCIA协助灰色外套的男生拆解外卖包装袋、拆开披萨包装并和绿色外套蓝色帽子的女生一起摆放披萨盘。LUCIA佩戴一次性手套和团队成员一起吃披萨。",
      "户外散步": "LUCIA与团队成员进行户外散步，包括用手机记录锦鲤生态、与团队成员闲聊。",
      "购买饮料": "LUCIA与团队成员在便利店购买饮料，包含选择饮料、结账等环节。",
      "电玩城游戏体验": "LUCIA在商场游戏厅开展多元电子游戏体验，包含设备调试、游戏币分配、抓娃娃机操作、射击游戏、节奏类音乐游戏、赛车模拟等完整游戏流程。",
      "超市采购": "LUCIA与团队成员在超市完成食材采购。",
      "食材运输收纳": "LUCIA和团队成员一起将购买的食材提至商场门口，乘坐网约车返回住处，期间LUCIA使用手机浏览购物网站，返回住处后LUCIA和团队成员一起将购买的食材收纳整理。",
      "蛋糕与甜点制作": "LUCIA与团队成员协作完成甜点制作，包括分装酸奶碗、鸡蛋分离（身着粉色短袖灰色短裤的男生打蛋/身着绿色上衣牛仔长裤的女生分离蛋黄）、称量糖与面粉（使用克重秤精确到30-40克）、搅拌面糊、烤箱烘焙测试。",
      "宴前食材准备": "LUCIA完成生菜叶逐片清洗与摆盘、芒果切割协助（身着粉色短袖灰色短裤的男生主刀），同步进行厨余垃圾清理（处理芒果皮/生菜梗）和餐具归位（叠放纸杯/擦干克重秤）。期间LUCIA与团队成员共享零食。",
      "露天烧烤餐会": "LUCIA在露天庭院参与烧烤活动。"
    },
    "choice_a_chinese": "户外散步",
    "choice_b_chinese": "超市采购",
    "choice_c_chinese": "吃午餐与餐后整理",
    "choice_d_chinese": "食材运输收纳",
    "choice_e_chinese": "露天烧烤餐会",
    "answer": "B",
    "reason_chinese": "购买饮料（15:38 - 15:41）、电玩城游戏体验（15:47 - 16:35），之后是超市采购（16:35 - 17:14），所以正确答案是B。其他事件：户外散步（14:47 - 15:38）在购买饮料之前；吃午餐与餐后整理（11:58 - 12:16）在更早时间；食材运输收纳（17:14 - 20:05）在超市采购之后；露天烧烤餐会（22:43 - 22:50）在更晚时间。",
    "question": "LUCIA completed these activities: purchased drinks, arcade game experience. After this, what is the next event LUCIA participated in?",
    "events_description": {
      "Participate in the mineral water blind taste test game": "LUCIA participated in a blind taste test for mineral water, observing a male wearing a pink short-sleeve shirt and gray shorts labeling the numbers on paper cups. LUCIA repeatedly tasted different water samples, recorded her guesses on a cardboard, and discussed the test results with her team members.",
      "Having lunch and post-meal cleanup": "LUCIA assists the guy in the gray coat in unpacking the takeout bag, opening the pizza box, and arranging the pizza trays with the girl in the green coat and blue hat. LUCIA wears disposable gloves and eats pizza with the team members.",
      "Outdoor walk": "LUCIA takes a walk outdoors with the team members, including recording the ecology of koi fish with a mobile phone and chatting casually with the team.",
      "Purchase beverages": "LUCIA and the team members purchase drinks at a convenience store, including selecting beverages and checking out.",
      "Arcade game experience": "LUCIA conducts a diverse video game experience at the mall arcade, including device setup, token distribution, claw machine operation, shooting games, rhythm-based music games, racing simulations, and other complete gaming processes.",
      "Supermarket shopping": "LUCIA and the team members completed the grocery shopping at the supermarket.",
      "Ingredient Transportation and Storage": "LUCIA and team members carried the purchased groceries to the mall entrance, took a ride-hailing car back to the residence. During the ride, LUCIA browsed shopping websites on her phone. After returning, LUCIA and team members organized and stored the purchased groceries together.",
      "Cake and Dessert Making": "LUCIA collaborated with team members to complete dessert preparation, including portioning yogurt bowls, egg separation (a boy in a pink short-sleeve shirt and gray shorts whisking eggs / a girl in a green top and denim jeans separating egg yolks), measuring sugar and flour (using a digital scale for precise 30-40 grams), mixing the batter, and conducting oven baking tests.",
      "Pre-dinner ingredient preparation": "LUCIA completed the meticulous washing and plating of lettuce leaves, assisted in mango cutting (the male team member in a pink short-sleeve shirt and gray shorts was the main cutter), while simultaneously handling kitchen waste disposal (dealing with mango peels/lettuce stems) and utensil organization (stacking paper cups/drying the weighing scale). During this period, LUCIA shared snacks with the team members.",
      "Open-air barbecue party": "LUCIA is participating in a barbecue event in the open courtyard."
    },
    "choice_a": "Outdoor walk",
    "choice_b": "Groceries shopping",
    "choice_c": "Having lunch and post-meal cleanup",
    "choice_d": "Ingredient transportation and storage",
    "choice_e": "Outdoor barbecue gathering",
    "reason": "Purchasing beverages (15:38 - 15:41), arcade game experience (15:47 - 16:35), followed by supermarket shopping (16:35 - 17:14), so the correct answer is B. Other events: Outdoor walk (14:47 - 15:38) before purchasing beverages; Having lunch and post-meal cleanup (11:58 - 12:16) at an earlier time; Ingredient delivery and storage (17:14 - 20:05) after supermarket shopping; Open-air barbecue gathering (22:43 - 22:50) at a later time."
  },
  {
    "question_chinese": "LUCIA 描述自己有一串连续的动作为：户外散步、超市采购、购买饮料、电玩城游戏体验，但她的说法是错误的。正确的序列和错误分析是？",
    "events_description_chinese": {
      "参与矿泉水盲测游戏": "LUCIA参与矿泉水盲测游戏，观察到身着粉色短袖灰色短裤的男生标记纸杯编号，LUCIA多次品尝不同水样、在纸板上记录猜测结果，并与团队成员讨论测试结果。",
      "吃午餐与餐后整理": "LUCIA协助灰色外套的男生拆解外卖包装袋、拆开披萨包装并和绿色外套蓝色帽子的女生一起摆放披萨盘。LUCIA佩戴一次性手套和团队成员一起吃披萨。",
      "户外散步": "LUCIA与团队成员进行户外散步，包括用手机记录锦鲤生态、与团队成员闲聊。",
      "购买饮料": "LUCIA与团队成员在便利店购买饮料，包含选择饮料、结账等环节。",
      "电玩城游戏体验": "LUCIA在商场游戏厅开展多元电子游戏体验，包含设备调试、游戏币分配、抓娃娃机操作、射击游戏、节奏类音乐游戏、赛车模拟等完整游戏流程。",
      "超市采购": "LUCIA与团队成员在超市完成食材采购。",
      "食材运输收纳": "LUCIA和团队成员一起将购买的食材提至商场门口，乘坐网约车返回住处，期间LUCIA使用手机浏览购物网站，返回住处后LUCIA和团队成员一起将购买的食材收纳整理。",
      "蛋糕与甜点制作": "LUCIA与团队成员协作完成甜点制作，包括分装酸奶碗、鸡蛋分离（身着粉色短袖灰色短裤的男生打蛋/身着绿色上衣牛仔长裤的女生分离蛋黄）、称量糖与面粉（使用克重秤精确到30-40克）、搅拌面糊、烤箱烘焙测试。",
      "宴前食材准备": "LUCIA完成生菜叶逐片清洗与摆盘、芒果切割协助（身着粉色短袖灰色短裤的男生主刀），同步进行厨余垃圾清理（处理芒果皮/生菜梗）和餐具归位（叠放纸杯/擦干克重秤）。期间LUCIA与团队成员共享零食。",
      "露天烧烤餐会": "LUCIA在露天庭院参与烧烤活动。"
    },
    "choice_a_chinese": "正确序列：户外散步、购买饮料、电玩城游戏体验、超市采购 错误原因：顺序错误，购买饮料应在超市采购之前，电玩城游戏体验应在购买饮料之后",
    "choice_b_chinese": "正确序列：购买饮料、户外散步、超市采购、电玩城游戏体验 错误原因：顺序完全颠倒",
    "choice_c_chinese": "正确序列：户外散步、电玩城游戏体验、购买饮料、超市采购 错误原因：插入事件错误，购买饮料位置错误",
    "choice_d_chinese": "正确序列：超市采购、户外散步、购买饮料、电玩城游戏体验 错误原因：将超市采购提前到户外散步之前",
    "choice_e_chinese": "正确序列：户外散步、购买饮料、超市采购、电玩城游戏体验 错误原因：电玩城游戏体验和超市采购顺序错误",
    "answer": "A",
    "reason_chinese": "正确顺序应为：户外散步（14:47 - 15:38）、购买饮料（15:38 - 15:41）、电玩城游戏体验（15:47 - 16:35）、超市采购（16:35 - 17:14），所以A选项正确，其他选项的序列和错误分析与实际不符。",
    "question": "LUCIA describes her sequence of actions as: outdoor walk, supermarket shopping, buying drinks, arcade game experience, but her statement is incorrect. What is the correct sequence and the error analysis?",
    "events_description": {
      "Participate in the mineral water blind taste test game": "LUCIA participated in a blind taste test for mineral water, observing a male wearing a pink short-sleeve shirt and gray shorts labeling the numbers on paper cups. LUCIA repeatedly tasted different water samples, recorded her guesses on a cardboard, and discussed the test results with her team members.",
      "Having lunch and post-meal cleanup": "LUCIA assists the guy in the gray coat in unpacking the takeout bag, opening the pizza box, and arranging the pizza trays with the girl in the green coat and blue hat. LUCIA wears disposable gloves and eats pizza with the team members.",
      "Outdoor walk": "LUCIA takes a walk outdoors with the team members, including recording the ecology of koi fish with a mobile phone and chatting casually with the team.",
      "Purchase beverages": "LUCIA and the team members purchase drinks at a convenience store, including selecting beverages and checking out.",
      "Arcade game experience": "LUCIA conducts a diverse video game experience at the mall arcade, including device setup, token distribution, claw machine operation, shooting games, rhythm-based music games, racing simulations, and other complete gaming processes.",
      "Supermarket shopping": "LUCIA and the team members completed the grocery shopping at the supermarket.",
      "Ingredient Transportation and Storage": "LUCIA and team members carried the purchased groceries to the mall entrance, took a ride-hailing car back to the residence. During the ride, LUCIA browsed shopping websites on her phone. After returning, LUCIA and team members organized and stored the purchased groceries together.",
      "Cake and Dessert Making": "LUCIA collaborated with team members to complete dessert preparation, including portioning yogurt bowls, egg separation (a boy in a pink short-sleeve shirt and gray shorts whisking eggs / a girl in a green top and denim jeans separating egg yolks), measuring sugar and flour (using a digital scale for precise 30-40 grams), mixing the batter, and conducting oven baking tests.",
      "Pre-dinner ingredient preparation": "LUCIA completed the meticulous washing and plating of lettuce leaves, assisted in mango cutting (the male team member in a pink short-sleeve shirt and gray shorts was the main cutter), while simultaneously handling kitchen waste disposal (dealing with mango peels/lettuce stems) and utensil organization (stacking paper cups/drying the weighing scale). During this period, LUCIA shared snacks with the team members.",
      "Open-air barbecue party": "LUCIA is participating in a barbecue event in the open courtyard."
    },
    "choice_a": "Correct sequence: Outdoor walk, Purchase drinks, Arcade game experience, Supermarket shopping  \nError reason: Incorrect order - Purchase drinks should come before Supermarket shopping, and Arcade game experience should follow Purchase drinks.",
    "choice_b": "Correct sequence: Buy beverages, outdoor walk, supermarket shopping, arcade game experience  \nWrong reason: The order is completely reversed",
    "choice_c": "Correct sequence: Outdoor walk, Arcade game experience, Purchase drinks, Supermarket shopping  \nError reason: Incorrect event insertion, wrong position for purchasing drinks",
    "choice_d": "Correct sequence: Supermarket shopping, outdoor walk, buying drinks, arcade game experience  \nError reason: Supermarket shopping was moved ahead of outdoor walk",
    "choice_e": "Correct sequence: Outdoor walk, Purchase drinks, Supermarket shopping, Arcade game experience  \nError reason: Arcade game experience and Supermarket shopping are in the wrong order",
    "reason": "The correct sequence should be: Outdoor walk (14:47 - 15:38), Purchasing drinks (15:38 - 15:41), Arcade game experience (15:47 - 16:35), Supermarket shopping (16:35 - 17:14). Therefore, option A is correct, while the sequences and error analyses in other options do not match the actual situation."
  },
  {
    "question_chinese": "LUCIA的日记中关于她参与活动顺序的记录看不清了：[户外散步] → (?) → [超市采购] → (?) 。下列事件中哪些可以用于填补无法确认的部分？备选事件：\n吃午餐与餐后整理\n购买饮料\n电玩城游戏体验\n食材运输收纳\n蛋糕与甜点制作\n露天烧烤餐会",
    "events_description_chinese": {
      "参与矿泉水盲测游戏": "LUCIA参与矿泉水盲测游戏，观察到身着粉色短袖灰色短裤的男生标记纸杯编号，LUCIA多次品尝不同水样、在纸板上记录猜测结果，并与团队成员讨论测试结果。",
      "吃午餐与餐后整理": "LUCIA协助灰色外套的男生拆解外卖包装袋、拆开披萨包装并和绿色外套蓝色帽子的女生一起摆放披萨盘。LUCIA佩戴一次性手套和团队成员一起吃披萨。",
      "户外散步": "LUCIA与团队成员进行户外散步，包括用手机记录锦鲤生态、与团队成员闲聊。",
      "购买饮料": "LUCIA与团队成员在便利店购买饮料，包含选择饮料、结账等环节。",
      "电玩城游戏体验": "LUCIA在商场游戏厅开展多元电子游戏体验，包含设备调试、游戏币分配、抓娃娃机操作、射击游戏、节奏类音乐游戏、赛车模拟等完整游戏流程。",
      "超市采购": "LUCIA与团队成员在超市完成食材采购。",
      "食材运输收纳": "LUCIA和团队成员一起将购买的食材提至商场门口，乘坐网约车返回住处，期间LUCIA使用手机浏览购物网站，返回住处后LUCIA和团队成员一起将购买的食材收纳整理。",
      "蛋糕与甜点制作": "LUCIA与团队成员协作完成甜点制作，包括分装酸奶碗、鸡蛋分离（身着粉色短袖灰色短裤的男生打蛋/身着绿色上衣牛仔长裤的女生分离蛋黄）、称量糖与面粉（使用克重秤精确到30-40克）、搅拌面糊、烤箱烘焙测试。",
      "宴前食材准备": "LUCIA完成生菜叶逐片清洗与摆盘、芒果切割协助（身着粉色短袖灰色短裤的男生主刀），同步进行厨余垃圾清理（处理芒果皮/生菜梗）和餐具归位（叠放纸杯/擦干克重秤）。期间LUCIA与团队成员共享零食。",
      "露天烧烤餐会": "LUCIA在露天庭院参与烧烤活动。"
    },
    "choice_a_chinese": "吃午餐与餐后整理 / 食材运输收纳",
    "choice_b_chinese": "购买饮料 / 蛋糕与甜点制作",
    "choice_c_chinese": "购买饮料 / 电玩城游戏体验",
    "choice_d_chinese": "露天烧烤餐会 / 购买饮料",
    "choice_e_chinese": "食材运输收纳 / 露天烧烤餐会",
    "answer": "C",
    "reason_chinese": "户外散步（14:47 - 15:38）、购买饮料（15:38 - 15:41）、电玩城游戏体验（15:47 - 16:35）、超市采购（16:35 - 17:14）。其他事件：吃午餐与餐后整理（11:58 - 12:16）在户外散步之前；食材运输收纳（17:14 - 20:05）在超市采购之后；蛋糕与甜点制作（20:05 - 22:44）在更晚时间；露天烧烤餐会（22:43 - 22:50）在更晚时间。所以正确答案是C。",
    "question": "The unclear sequence of events in LUCIA's diary regarding her activities: [Outdoor walk] → (?) → [Grocery shopping] → (?). Which of the following events can be used to fill in the unconfirmed parts? Optional events:  \nLunch and post-meal cleanup  \nPurchasing drinks  \nArcade game experience  \nIngredient transportation and storage  \nCake and dessert making  \nOutdoor barbecue gathering",
    "events_description": {
      "Participate in the mineral water blind taste test game": "LUCIA participated in a blind taste test for mineral water, observing a male wearing a pink short-sleeve shirt and gray shorts labeling the numbers on paper cups. LUCIA repeatedly tasted different water samples, recorded her guesses on a cardboard, and discussed the test results with her team members.",
      "Having lunch and post-meal cleanup": "LUCIA assists the guy in the gray coat in unpacking the takeout bag, opening the pizza box, and arranging the pizza trays with the girl in the green coat and blue hat. LUCIA wears disposable gloves and eats pizza with the team members.",
      "Outdoor walk": "LUCIA takes a walk outdoors with the team members, including recording the ecology of koi fish with a mobile phone and chatting casually with the team.",
      "Purchase beverages": "LUCIA and the team members purchase drinks at a convenience store, including selecting beverages and checking out.",
      "Arcade game experience": "LUCIA conducts a diverse video game experience at the mall arcade, including device setup, token distribution, claw machine operation, shooting games, rhythm-based music games, racing simulations, and other complete gaming processes.",
      "Supermarket shopping": "LUCIA and the team members completed the grocery shopping at the supermarket.",
      "Ingredient Transportation and Storage": "LUCIA and team members carried the purchased groceries to the mall entrance, took a ride-hailing car back to the residence. During the ride, LUCIA browsed shopping websites on her phone. After returning, LUCIA and team members organized and stored the purchased groceries together.",
      "Cake and Dessert Making": "LUCIA collaborated with team members to complete dessert preparation, including portioning yogurt bowls, egg separation (a boy in a pink short-sleeve shirt and gray shorts whisking eggs / a girl in a green top and denim jeans separating egg yolks), measuring sugar and flour (using a digital scale for precise 30-40 grams), mixing the batter, and conducting oven baking tests.",
      "Pre-dinner ingredient preparation": "LUCIA completed the meticulous washing and plating of lettuce leaves, assisted in mango cutting (the male team member in a pink short-sleeve shirt and gray shorts was the main cutter), while simultaneously handling kitchen waste disposal (dealing with mango peels/lettuce stems) and utensil organization (stacking paper cups/drying the weighing scale). During this period, LUCIA shared snacks with the team members.",
      "Open-air barbecue party": "LUCIA is participating in a barbecue event in the open courtyard."
    },
    "choice_a": "Having lunch and post-meal cleanup / Ingredient transportation and storage",
    "choice_b": "Buying beverages / Cake and dessert making",
    "choice_c": "Buying drinks / Arcade game experience",
    "choice_d": "Outdoor BBQ Party / Drinks Purchase",
    "choice_e": "Ingredient Transportation and Storage / Open-Air BBQ Dinner",
    "reason": "Outdoor walk (14:47 - 15:38), purchasing drinks (15:38 - 15:41), arcade game experience (15:47 - 16:35), supermarket shopping (16:35 - 17:14). Other events: having lunch and post-meal cleanup (11:58 - 12:16) before the outdoor walk; transporting and storing ingredients (17:14 - 20:05) after supermarket shopping; making cakes and desserts (20:05 - 22:44) later in the day; outdoor barbecue gathering (22:43 - 22:50) even later. So the correct answer is C."
  }
]