[
  {
    "question_chinese": "LUCIA在回忆DAY4下午15:00到18:00之间做的事情时，只记得有以下这些活动，但顺序混乱了，正确的顺序应该是？\na. 鲜花标本制作\nb. 吃饺子\nc. 储物柜组装调试\nd. 户外庭院休息\ne. 步行返回住所\nf. 纸盒小狗制作",
    "events_description_chinese": {
      "吃面包与社交互动": "LUCIA从冰箱寻找饮品未果后参与社交互动，处理因玻璃杯碎裂产生的玻璃渣，期间穿插吃面包、饮用橙汁、观察他人活动等碎片化行为。",
      "休闲聊天": "LUCIA与身穿白色上衣灰蓝色裙子的女生及身着粉色上衣蓝色牛仔裤的女生等人休闲聊天，期间LUCIA与身着粉色上衣蓝色牛仔裤的女生协作身着蓝色短袖灰色短裤的男生进行置物架拼装。",
      "吃饺子": "LUCIA与团队成员一起吃饺子，LUCIA碗中盛着一些醋用来蘸饺子，过程中偶尔喝一口听装可乐。",
      "鲜花标本制作": "LUCIA与身着白色上衣的女生一起进行花瓣整理、茎叶修剪、干花压制等工作制作鲜花标本。期间使用手机查看制作教程，完成泡沫板对齐、纸张铺平等工序。最终完成装饰标本原型。",
      "户外庭院休息": "LUCIA与身着蓝色短袖灰色短裤的男生以及身着粉色上衣牛仔裤的女生等人在住所附近一个户外庭院中休息。期间LUCIA等人与庭院中的小狗互动，过程中LUCIA手掌被小狗抓伤。LUCIA使用手机浏览社交媒体。",
      "步行返回住所": "LUCIA跟随团队成员（身着红色马甲白色裤子的女生、身着粉色上衣牛仔裤的女生、身着蓝色短袖灰色短裤的男生以及身着黑色外套白色短裤的男生等人）步行返回住所，期间与团队成员聊天交流。",
      "储物柜组装调试": "LUCIA在客厅组装多层塑料储物柜，通过反复比对说明书调整板件方向，与身着蓝色短袖灰色短裤的男生协作完成抽屉安装。",
      "纸盒小狗制作": "LUCIA使用快递盒子裁剪制作纸盒小狗。LUCIA在制作过程中使用剪刀裁剪纸盒，使用马克笔进行细节描绘，完成小狗的组装。期间使用手机选择小狗绘制素材。",
      "乘坐网约车返回住所": "LUCIA与团队成员一起乘坐网约车返回住所。观察到身着黑色外套白色短裤的男生在住所门口敲门很久无人回应",
      "欣赏团队成员音乐表演": "LUCIA和团队成员一起休闲娱乐，坐在沙发上欣赏身着黑色外套白色短裤的男生的吉他弹唱。期间使用手机查看歌词，观察到身着粉色短袖灰色短裤的男生在来回踱步"
    },
    "choice_a_chinese": "(b)(a)(d)(e)(c)(f)",
    "choice_b_chinese": "(d)(e)(a)(b)(c)(f)",
    "choice_c_chinese": "(a)(d)(e)(c)(f)(b)",
    "choice_d_chinese": "(b)(d)(e)(a)(f)(c)",
    "choice_e_chinese": "(a)(b)(c)(d)(e)(f)",
    "answer": "A",
    "reason_chinese": "正确顺序为：吃饺子（13:25 - 13:40）、鲜花标本制作（15:33 - 16:12）、户外庭院休息（16:25 - 16:45）、步行返回住所（16:45 - 16:53）、储物柜组装调试（16:59 - 17:33）、纸盒小狗制作（17:42 - 18:44）。干扰项设计中，选项B - E均存在时间顺序错误，只有A符合15:00到18:00间的正确顺序。",
    "question": "When recalling her activities between DAY4 15:00 and 18:00, LUCIA only remembers the following actions, but the sequence is mixed up. What should be the correct order?\na. Making pressed flower specimens\nb. Eating dumplings\nc. Assembling and debugging the storage locker\nd. Resting in the outdoor courtyard\ne. Walking back to the residence\nf. Making a paper box dog",
    "events_description": {
      "Eating bread and social interactions": "LUCIA searches for drinks in the fridge to no avail before engaging in social interactions, handles glass shards from a broken cup, while intermittently eating bread, drinking orange juice, and observing others' activities.",
      "Casual chat": "LUCIA casually chatted with a girl wearing a white top and gray-blue skirt, as well as a girl in a pink top and blue jeans, among others. During this time, LUCIA and the girl in the pink top and blue jeans collaborated with a boy in a blue short-sleeved shirt and gray shorts to assemble a shelving unit.",
      "eating dumplings": "LUCIA is eating dumplings with the team members, with some vinegar in LUCIA's bowl for dipping. Occasionally, LUCIA takes a sip from a canned soda during the meal.",
      "Flower Specimen Making": "LUCIA worked with the girl in the white top to create flower specimens by organizing petals, trimming stems and leaves, and pressing dried flowers. During the process, she used her phone to check the tutorial, completed steps such as aligning the foam board and flattening the paper. Finally, she finished the prototype of the decorative specimen.",
      "Outdoor courtyard rest": "LUCIA was resting in an outdoor courtyard near the residence with a boy wearing a blue short-sleeve shirt and gray shorts, as well as a girl in a pink top and jeans. During this time, LUCIA and others interacted with a small dog in the courtyard, and in the process, LUCIA's palm was scratched by the dog. LUCIA browsed social media on her phone.",
      "Walk back to the residence": "LUCIA walked back to the residence with team members (a girl in a red vest and white pants, a girl in a pink top and jeans, a boy in a blue short-sleeve shirt and gray shorts, and a boy in a black jacket and white shorts, among others), chatting and interacting with them along the way.",
      "Locker assembly and debugging": "LUCIA assembles a multi-layer plastic storage cabinet in the living room, repeatedly adjusting the orientation of the panels by referring to the instructions, and collaborates with a boy wearing a blue short-sleeved shirt and gray shorts to complete the drawer installation.",
      "Making cardboard box dogs": "LUCIA crafts a paper box dog by cutting and shaping a delivery box. During the process, LUCIA uses scissors to trim the cardboard and a marker for detailing, then assembles the dog. Meanwhile, a phone is used to select reference material for the dog's design.",
      "Taking a rideshare back to the residence": "LUCIA returned to the residence with team members via a ride-hailing car. She noticed a boy in a black jacket and white shorts knocking on the door for a long time with no response.",
      "Appreciating the team members' musical performance": "LUCIA and the team members are relaxing together, sitting on the sofa enjoying a male performer in a black jacket and white shorts playing the guitar and singing. She occasionally checks the lyrics on her phone and notices a male in a pink T-shirt and gray shorts pacing back and forth."
    },
    "choice_a": "(b)(a)(d)(e)(c)(f)",
    "choice_b": "(d)(e)(a)(b)(c)(f)",
    "choice_c": "(a)(d)(e)(c)(f)(b)",
    "choice_d": "(b)(d)(e)(a)(f)(c)",
    "choice_e": "(a)(b)(c)(d)(e)(f)",
    "reason": "The correct sequence is: eating dumplings (13:25 - 13:40), flower specimen making (15:33 - 16:12), outdoor courtyard break (16:25 - 16:45), walking back to the residence (16:45 - 16:53), locker assembly and debugging (16:59 - 17:33), and paper box dog making (17:42 - 18:44). In the design of distractors, options B - E all contain chronological errors, with only A matching the correct sequence between 15:00 and 18:00."
  },
  {
    "question_chinese": "LUCIA记录了自己在某段时间内进行的一系列活动：鲜花标本制作、户外庭院休息、步行返回住所，这段活动序列发生在以下哪个时间段？",
    "events_description_chinese": {
      "吃面包与社交互动": "LUCIA从冰箱寻找饮品未果后参与社交互动，处理因玻璃杯碎裂产生的玻璃渣，期间穿插吃面包、饮用橙汁、观察他人活动等碎片化行为。",
      "休闲聊天": "LUCIA与身穿白色上衣灰蓝色裙子的女生及身着粉色上衣蓝色牛仔裤的女生等人休闲聊天，期间LUCIA与身着粉色上衣蓝色牛仔裤的女生协作身着蓝色短袖灰色短裤的男生进行置物架拼装。",
      "吃饺子": "LUCIA与团队成员一起吃饺子，LUCIA碗中盛着一些醋用来蘸饺子，过程中偶尔喝一口听装可乐。",
      "鲜花标本制作": "LUCIA与身着白色上衣的女生一起进行花瓣整理、茎叶修剪、干花压制等工作制作鲜花标本。期间使用手机查看制作教程，完成泡沫板对齐、纸张铺平等工序。最终完成装饰标本原型。",
      "户外庭院休息": "LUCIA与身着蓝色短袖灰色短裤的男生以及身着粉色上衣牛仔裤的女生等人在住所附近一个户外庭院中休息。期间LUCIA等人与庭院中的小狗互动，过程中LUCIA手掌被小狗抓伤。LUCIA使用手机浏览社交媒体。",
      "步行返回住所": "LUCIA跟随团队成员（身着红色马甲白色裤子的女生、身着粉色上衣牛仔裤的女生、身着蓝色短袖灰色短裤的男生以及身着黑色外套白色短裤的男生等人）步行返回住所，期间与团队成员聊天交流。",
      "储物柜组装调试": "LUCIA在客厅组装多层塑料储物柜，通过反复比对说明书调整板件方向，与身着蓝色短袖灰色短裤的男生协作完成抽屉安装。",
      "纸盒小狗制作": "LUCIA使用快递盒子裁剪制作纸盒小狗。LUCIA在制作过程中使用剪刀裁剪纸盒，使用马克笔进行细节描绘，完成小狗的组装。期间使用手机选择小狗绘制素材。",
      "乘坐网约车返回住所": "LUCIA与团队成员一起乘坐网约车返回住所。观察到身着黑色外套白色短裤的男生在住所门口敲门很久无人回应",
      "欣赏团队成员音乐表演": "LUCIA和团队成员一起休闲娱乐，坐在沙发上欣赏身着黑色外套白色短裤的男生的吉他弹唱。期间使用手机查看歌词，观察到身着粉色短袖灰色短裤的男生在来回踱步"
    },
    "choice_a_chinese": "DAY4: 15:00 - 17:00",
    "choice_b_chinese": "DAY4: 15:33 - 16:53",
    "choice_c_chinese": "DAY4: 16:00 - 17:30",
    "choice_d_chinese": "DAY4: 15:30 - 16:45",
    "choice_e_chinese": "DAY4: 16:25 - 17:00",
    "answer": "B",
    "reason_chinese": "鲜花标本制作（15:33 - 16:12）、户外庭院休息（16:25 - 16:45）、步行返回住所（16:45 - 16:53），总时间跨度为15:33 - 16:53，与选项B的时间段匹配。",
    "question": "LUCIA documented a series of activities she engaged in over a period of time: creating flower specimens, resting in the outdoor courtyard, and walking back to her residence. During which of the following time periods did this sequence of activities occur?",
    "events_description": {
      "Eating bread and social interactions": "LUCIA searches for drinks in the fridge to no avail before engaging in social interactions, handles glass shards from a broken cup, while intermittently eating bread, drinking orange juice, and observing others' activities.",
      "Casual chat": "LUCIA casually chatted with a girl wearing a white top and gray-blue skirt, as well as a girl in a pink top and blue jeans, among others. During this time, LUCIA and the girl in the pink top and blue jeans collaborated with a boy in a blue short-sleeved shirt and gray shorts to assemble a shelving unit.",
      "eating dumplings": "LUCIA is eating dumplings with the team members, with some vinegar in LUCIA's bowl for dipping. Occasionally, LUCIA takes a sip from a canned soda during the meal.",
      "Flower Specimen Making": "LUCIA worked with the girl in the white top to create flower specimens by organizing petals, trimming stems and leaves, and pressing dried flowers. During the process, she used her phone to check the tutorial, completed steps such as aligning the foam board and flattening the paper. Finally, she finished the prototype of the decorative specimen.",
      "Outdoor courtyard rest": "LUCIA was resting in an outdoor courtyard near the residence with a boy wearing a blue short-sleeve shirt and gray shorts, as well as a girl in a pink top and jeans. During this time, LUCIA and others interacted with a small dog in the courtyard, and in the process, LUCIA's palm was scratched by the dog. LUCIA browsed social media on her phone.",
      "Walk back to the residence": "LUCIA walked back to the residence with team members (a girl in a red vest and white pants, a girl in a pink top and jeans, a boy in a blue short-sleeve shirt and gray shorts, and a boy in a black jacket and white shorts, among others), chatting and interacting with them along the way.",
      "Locker assembly and debugging": "LUCIA assembles a multi-layer plastic storage cabinet in the living room, repeatedly adjusting the orientation of the panels by referring to the instructions, and collaborates with a boy wearing a blue short-sleeved shirt and gray shorts to complete the drawer installation.",
      "Making cardboard box dogs": "LUCIA crafts a paper box dog by cutting and shaping a delivery box. During the process, LUCIA uses scissors to trim the cardboard and a marker for detailing, then assembles the dog. Meanwhile, a phone is used to select reference material for the dog's design.",
      "Taking a rideshare back to the residence": "LUCIA returned to the residence with team members via a ride-hailing car. She noticed a boy in a black jacket and white shorts knocking on the door for a long time with no response.",
      "Appreciating the team members' musical performance": "LUCIA and the team members are relaxing together, sitting on the sofa enjoying a male performer in a black jacket and white shorts playing the guitar and singing. She occasionally checks the lyrics on her phone and notices a male in a pink T-shirt and gray shorts pacing back and forth."
    },
    "choice_a": "DAY4: 15:00 - 17:00",
    "choice_b": "DAY4: 15:33 - 16:53",
    "choice_c": "DAY4: 16:00 - 17:30",
    "choice_d": "DAY4: 15:30 - 16:45",
    "choice_e": "DAY4: 16:25 - 17:00",
    "reason": "Flower specimen preparation (15:33 - 16:12), outdoor courtyard break (16:25 - 16:45), walking back to residence (16:45 - 16:53). The total time span is 15:33 - 16:53, matching the time frame of option B."
  },
  {
    "question_chinese": "LUCIA对以下活动对应的时间有些混淆，你能帮她正确匹配吗？\n事件序列：\n1. 吃饺子\n2. 鲜花标本制作\n3. 储物柜组装调试\n4. 纸盒小狗制作\n时间选项：\na. 12:30 - 13:00\nb. 13:25 - 13:40\nc. 15:00 - 15:30\nd. 15:33 - 16:12\ne. 16:30 - 17:00\nf. 16:59 - 17:33\ng. 17:00 - 17:30\nh. 17:42 - 18:44",
    "events_description_chinese": {
      "吃面包与社交互动": "LUCIA从冰箱寻找饮品未果后参与社交互动，处理因玻璃杯碎裂产生的玻璃渣，期间穿插吃面包、饮用橙汁、观察他人活动等碎片化行为。",
      "休闲聊天": "LUCIA与身穿白色上衣灰蓝色裙子的女生及身着粉色上衣蓝色牛仔裤的女生等人休闲聊天，期间LUCIA与身着粉色上衣蓝色牛仔裤的女生协作身着蓝色短袖灰色短裤的男生进行置物架拼装。",
      "吃饺子": "LUCIA与团队成员一起吃饺子，LUCIA碗中盛着一些醋用来蘸饺子，过程中偶尔喝一口听装可乐。",
      "鲜花标本制作": "LUCIA与身着白色上衣的女生一起进行花瓣整理、茎叶修剪、干花压制等工作制作鲜花标本。期间使用手机查看制作教程，完成泡沫板对齐、纸张铺平等工序。最终完成装饰标本原型。",
      "户外庭院休息": "LUCIA与身着蓝色短袖灰色短裤的男生以及身着粉色上衣牛仔裤的女生等人在住所附近一个户外庭院中休息。期间LUCIA等人与庭院中的小狗互动，过程中LUCIA手掌被小狗抓伤。LUCIA使用手机浏览社交媒体。",
      "步行返回住所": "LUCIA跟随团队成员（身着红色马甲白色裤子的女生、身着粉色上衣牛仔裤的女生、身着蓝色短袖灰色短裤的男生以及身着黑色外套白色短裤的男生等人）步行返回住所，期间与团队成员聊天交流。",
      "储物柜组装调试": "LUCIA在客厅组装多层塑料储物柜，通过反复比对说明书调整板件方向，与身着蓝色短袖灰色短裤的男生协作完成抽屉安装。",
      "纸盒小狗制作": "LUCIA使用快递盒子裁剪制作纸盒小狗。LUCIA在制作过程中使用剪刀裁剪纸盒，使用马克笔进行细节描绘，完成小狗的组装。期间使用手机选择小狗绘制素材。",
      "乘坐网约车返回住所": "LUCIA与团队成员一起乘坐网约车返回住所。观察到身着黑色外套白色短裤的男生在住所门口敲门很久无人回应",
      "欣赏团队成员音乐表演": "LUCIA和团队成员一起休闲娱乐，坐在沙发上欣赏身着黑色外套白色短裤的男生的吉他弹唱。期间使用手机查看歌词，观察到身着粉色短袖灰色短裤的男生在来回踱步"
    },
    "choice_a_chinese": "1→a / 2→d / 3→f / 4→h",
    "choice_b_chinese": "1→b / 2→d / 3→g / 4→h",
    "choice_c_chinese": "1→b / 2→e / 3→f / 4→h",
    "choice_d_chinese": "1→c / 2→d / 3→f / 4→h",
    "answer": "B",
    "reason_chinese": "吃饺子（b）：正确时间为13:25 - 13:40，只有b选项符合；鲜花标本制作（d）：15:33 - 16:12，只有d选项符合；储物柜组装调试（f）：16:59 - 17:33，只有f选项符合；纸盒小狗制作（h）：17:42 - 18:44，只有h选项符合。所以答案是B。",
    "question": "LUCIA is a bit confused about the corresponding times for the following activities. Can you help her match them correctly?\n\nEvent sequence:\n1. Eating dumplings\n2. Flower specimen making\n3. Locker assembly and debugging\n4. Paper box dog making\n\nTime options:\na. 12:30 - 13:00\nb. 13:25 - 13:40\nc. 15:00 - 15:30\nd. 15:33 - 16:12\ne. 16:30 - 17:00\nf. 16:59 - 17:33\ng. 17:00 - 17:30\nh. 17:42 - 18:44",
    "events_description": {
      "Eating bread and social interactions": "LUCIA searches for drinks in the fridge to no avail before engaging in social interactions, handles glass shards from a broken cup, while intermittently eating bread, drinking orange juice, and observing others' activities.",
      "Casual chat": "LUCIA casually chatted with a girl wearing a white top and gray-blue skirt, as well as a girl in a pink top and blue jeans, among others. During this time, LUCIA and the girl in the pink top and blue jeans collaborated with a boy in a blue short-sleeved shirt and gray shorts to assemble a shelving unit.",
      "eating dumplings": "LUCIA is eating dumplings with the team members, with some vinegar in LUCIA's bowl for dipping. Occasionally, LUCIA takes a sip from a canned soda during the meal.",
      "Flower Specimen Making": "LUCIA worked with the girl in the white top to create flower specimens by organizing petals, trimming stems and leaves, and pressing dried flowers. During the process, she used her phone to check the tutorial, completed steps such as aligning the foam board and flattening the paper. Finally, she finished the prototype of the decorative specimen.",
      "Outdoor courtyard rest": "LUCIA was resting in an outdoor courtyard near the residence with a boy wearing a blue short-sleeve shirt and gray shorts, as well as a girl in a pink top and jeans. During this time, LUCIA and others interacted with a small dog in the courtyard, and in the process, LUCIA's palm was scratched by the dog. LUCIA browsed social media on her phone.",
      "Walk back to the residence": "LUCIA walked back to the residence with team members (a girl in a red vest and white pants, a girl in a pink top and jeans, a boy in a blue short-sleeve shirt and gray shorts, and a boy in a black jacket and white shorts, among others), chatting and interacting with them along the way.",
      "Locker assembly and debugging": "LUCIA assembles a multi-layer plastic storage cabinet in the living room, repeatedly adjusting the orientation of the panels by referring to the instructions, and collaborates with a boy wearing a blue short-sleeved shirt and gray shorts to complete the drawer installation.",
      "Making cardboard box dogs": "LUCIA crafts a paper box dog by cutting and shaping a delivery box. During the process, LUCIA uses scissors to trim the cardboard and a marker for detailing, then assembles the dog. Meanwhile, a phone is used to select reference material for the dog's design.",
      "Taking a rideshare back to the residence": "LUCIA returned to the residence with team members via a ride-hailing car. She noticed a boy in a black jacket and white shorts knocking on the door for a long time with no response.",
      "Appreciating the team members' musical performance": "LUCIA and the team members are relaxing together, sitting on the sofa enjoying a male performer in a black jacket and white shorts playing the guitar and singing. She occasionally checks the lyrics on her phone and notices a male in a pink T-shirt and gray shorts pacing back and forth."
    },
    "choice_a": "1→a / 2→d / 3→f / 4→h",
    "choice_b": "1→b / 2→d / 3→g / 4→h",
    "choice_c": "1→b / 2→e / 3→f / 4→h",
    "choice_d": "1→c / 2→d / 3→f / 4→h",
    "reason": "Eating dumplings (b): Correct time is 13:25 - 13:40, only option b matches; Making flower specimens (d): 15:33 - 16:12, only option d matches; Locker assembly and debugging (f): 16:59 - 17:33, only option f matches; Making paper box dogs (h): 17:42 - 18:44, only option h matches. So the answer is B."
  },
  {
    "question_chinese": "LUCIA完成了户外庭院休息、步行返回住所这两个活动后，接下来最有可能连续进行的两个活动是什么？",
    "events_description_chinese": {
      "吃面包与社交互动": "LUCIA从冰箱寻找饮品未果后参与社交互动，处理因玻璃杯碎裂产生的玻璃渣，期间穿插吃面包、饮用橙汁、观察他人活动等碎片化行为。",
      "休闲聊天": "LUCIA与身穿白色上衣灰蓝色裙子的女生及身着粉色上衣蓝色牛仔裤的女生等人休闲聊天，期间LUCIA与身着粉色上衣蓝色牛仔裤的女生协作身着蓝色短袖灰色短裤的男生进行置物架拼装。",
      "吃饺子": "LUCIA与团队成员一起吃饺子，LUCIA碗中盛着一些醋用来蘸饺子，过程中偶尔喝一口听装可乐。",
      "鲜花标本制作": "LUCIA与身着白色上衣的女生一起进行花瓣整理、茎叶修剪、干花压制等工作制作鲜花标本。期间使用手机查看制作教程，完成泡沫板对齐、纸张铺平等工序。最终完成装饰标本原型。",
      "户外庭院休息": "LUCIA与身着蓝色短袖灰色短裤的男生以及身着粉色上衣牛仔裤的女生等人在住所附近一个户外庭院中休息。期间LUCIA等人与庭院中的小狗互动，过程中LUCIA手掌被小狗抓伤。LUCIA使用手机浏览社交媒体。",
      "步行返回住所": "LUCIA跟随团队成员（身着红色马甲白色裤子的女生、身着粉色上衣牛仔裤的女生、身着蓝色短袖灰色短裤的男生以及身着黑色外套白色短裤的男生等人）步行返回住所，期间与团队成员聊天交流。",
      "储物柜组装调试": "LUCIA在客厅组装多层塑料储物柜，通过反复比对说明书调整板件方向，与身着蓝色短袖灰色短裤的男生协作完成抽屉安装。",
      "纸盒小狗制作": "LUCIA使用快递盒子裁剪制作纸盒小狗。LUCIA在制作过程中使用剪刀裁剪纸盒，使用马克笔进行细节描绘，完成小狗的组装。期间使用手机选择小狗绘制素材。",
      "乘坐网约车返回住所": "LUCIA与团队成员一起乘坐网约车返回住所。观察到身着黑色外套白色短裤的男生在住所门口敲门很久无人回应",
      "欣赏团队成员音乐表演": "LUCIA和团队成员一起休闲娱乐，坐在沙发上欣赏身着黑色外套白色短裤的男生的吉他弹唱。期间使用手机查看歌词，观察到身着粉色短袖灰色短裤的男生在来回踱步"
    },
    "choice_a_chinese": "吃面包与社交互动 → 休闲聊天",
    "choice_b_chinese": "储物柜组装调试 → 纸盒小狗制作",
    "choice_c_chinese": "吃饺子 → 鲜花标本制作",
    "choice_d_chinese": "乘坐网约车返回住所 → 欣赏团队成员音乐表演",
    "choice_e_chinese": "休闲聊天 → 吃饺子",
    "answer": "B",
    "reason_chinese": "户外庭院休息（16:25 - 16:45）、步行返回住所（16:45 - 16:53）后，接下来是储物柜组装调试（16:59 - 17:33）和纸盒小狗制作（17:42 - 18:44） ，所以答案是B。其他选项中的活动在时间顺序上均不符合。",
    "question": "After LUCIA completed the two activities of resting in the outdoor courtyard and walking back to the residence, what are the next two most likely consecutive activities?",
    "events_description": {
      "Eating bread and social interactions": "LUCIA searches for drinks in the fridge to no avail before engaging in social interactions, handles glass shards from a broken cup, while intermittently eating bread, drinking orange juice, and observing others' activities.",
      "Casual chat": "LUCIA casually chatted with a girl wearing a white top and gray-blue skirt, as well as a girl in a pink top and blue jeans, among others. During this time, LUCIA and the girl in the pink top and blue jeans collaborated with a boy in a blue short-sleeved shirt and gray shorts to assemble a shelving unit.",
      "eating dumplings": "LUCIA is eating dumplings with the team members, with some vinegar in LUCIA's bowl for dipping. Occasionally, LUCIA takes a sip from a canned soda during the meal.",
      "Flower Specimen Making": "LUCIA worked with the girl in the white top to create flower specimens by organizing petals, trimming stems and leaves, and pressing dried flowers. During the process, she used her phone to check the tutorial, completed steps such as aligning the foam board and flattening the paper. Finally, she finished the prototype of the decorative specimen.",
      "Outdoor courtyard rest": "LUCIA was resting in an outdoor courtyard near the residence with a boy wearing a blue short-sleeve shirt and gray shorts, as well as a girl in a pink top and jeans. During this time, LUCIA and others interacted with a small dog in the courtyard, and in the process, LUCIA's palm was scratched by the dog. LUCIA browsed social media on her phone.",
      "Walk back to the residence": "LUCIA walked back to the residence with team members (a girl in a red vest and white pants, a girl in a pink top and jeans, a boy in a blue short-sleeve shirt and gray shorts, and a boy in a black jacket and white shorts, among others), chatting and interacting with them along the way.",
      "Locker assembly and debugging": "LUCIA assembles a multi-layer plastic storage cabinet in the living room, repeatedly adjusting the orientation of the panels by referring to the instructions, and collaborates with a boy wearing a blue short-sleeved shirt and gray shorts to complete the drawer installation.",
      "Making cardboard box dogs": "LUCIA crafts a paper box dog by cutting and shaping a delivery box. During the process, LUCIA uses scissors to trim the cardboard and a marker for detailing, then assembles the dog. Meanwhile, a phone is used to select reference material for the dog's design.",
      "Taking a rideshare back to the residence": "LUCIA returned to the residence with team members via a ride-hailing car. She noticed a boy in a black jacket and white shorts knocking on the door for a long time with no response.",
      "Appreciating the team members' musical performance": "LUCIA and the team members are relaxing together, sitting on the sofa enjoying a male performer in a black jacket and white shorts playing the guitar and singing. She occasionally checks the lyrics on her phone and notices a male in a pink T-shirt and gray shorts pacing back and forth."
    },
    "choice_a": "Eating bread and social interaction → Casual chat",
    "choice_b": "Locker assembly and debugging → Paper box dog craft",
    "choice_c": "Making dumplings → Flower specimen crafting",
    "choice_d": "Take a ride-sharing service back to the residence → Enjoy the team members' music performance",
    "choice_e": "Casual chat → Eating dumplings",
    "reason": "Outdoor courtyard break (16:25 - 16:45), walk back to residence (16:45 - 16:53), followed by locker assembly and debugging (16:59 - 17:33) and paper box dog crafting (17:42 - 18:44), so the answer is B. The activities in the other options do not match the chronological order."
  },
  {
    "question_chinese": "LUCIA描述自己在DAY4的活动顺序为：鲜花标本制作、储物柜组装调试、户外庭院休息、步行返回住所。这个描述存在错误，正确的顺序和错误分析是？",
    "events_description_chinese": {
      "吃面包与社交互动": "LUCIA从冰箱寻找饮品未果后参与社交互动，处理因玻璃杯碎裂产生的玻璃渣，期间穿插吃面包、饮用橙汁、观察他人活动等碎片化行为。",
      "休闲聊天": "LUCIA与身穿白色上衣灰蓝色裙子的女生及身着粉色上衣蓝色牛仔裤的女生等人休闲聊天，期间LUCIA与身着粉色上衣蓝色牛仔裤的女生协作身着蓝色短袖灰色短裤的男生进行置物架拼装。",
      "吃饺子": "LUCIA与团队成员一起吃饺子，LUCIA碗中盛着一些醋用来蘸饺子，过程中偶尔喝一口听装可乐。",
      "鲜花标本制作": "LUCIA与身着白色上衣的女生一起进行花瓣整理、茎叶修剪、干花压制等工作制作鲜花标本。期间使用手机查看制作教程，完成泡沫板对齐、纸张铺平等工序。最终完成装饰标本原型。",
      "户外庭院休息": "LUCIA与身着蓝色短袖灰色短裤的男生以及身着粉色上衣牛仔裤的女生等人在住所附近一个户外庭院中休息。期间LUCIA等人与庭院中的小狗互动，过程中LUCIA手掌被小狗抓伤。LUCIA使用手机浏览社交媒体。",
      "步行返回住所": "LUCIA跟随团队成员（身着红色马甲白色裤子的女生、身着粉色上衣牛仔裤的女生、身着蓝色短袖灰色短裤的男生以及身着黑色外套白色短裤的男生等人）步行返回住所，期间与团队成员聊天交流。",
      "储物柜组装调试": "LUCIA在客厅组装多层塑料储物柜，通过反复比对说明书调整板件方向，与身着蓝色短袖灰色短裤的男生协作完成抽屉安装。",
      "纸盒小狗制作": "LUCIA使用快递盒子裁剪制作纸盒小狗。LUCIA在制作过程中使用剪刀裁剪纸盒，使用马克笔进行细节描绘，完成小狗的组装。期间使用手机选择小狗绘制素材。",
      "乘坐网约车返回住所": "LUCIA与团队成员一起乘坐网约车返回住所。观察到身着黑色外套白色短裤的男生在住所门口敲门很久无人回应",
      "欣赏团队成员音乐表演": "LUCIA和团队成员一起休闲娱乐，坐在沙发上欣赏身着黑色外套白色短裤的男生的吉他弹唱。期间使用手机查看歌词，观察到身着粉色短袖灰色短裤的男生在来回踱步"
    },
    "choice_a_chinese": "正确顺序：鲜花标本制作、户外庭院休息、步行返回住所、储物柜组装调试 错误原因：“储物柜组装调试”和“户外庭院休息”顺序颠倒",
    "choice_b_chinese": "正确顺序：户外庭院休息、步行返回住所、鲜花标本制作、储物柜组装调试 错误原因：“鲜花标本制作”顺序错误",
    "choice_c_chinese": "正确顺序：鲜花标本制作、步行返回住所、储物柜组装调试、户外庭院休息 错误原因：插入错误事件且顺序混乱",
    "choice_d_chinese": "正确顺序：户外庭院休息、鲜花标本制作、储物柜组装调试、步行返回住所 错误原因：所有事件顺序均错误",
    "choice_e_chinese": "正确顺序：鲜花标本制作、户外庭院休息、储物柜组装调试、步行返回住所 错误原因：“储物柜组装调试”和“步行返回住所”顺序错误",
    "answer": "A",
    "reason_chinese": "正确顺序为鲜花标本制作（15:33 - 16:12）、户外庭院休息（16:25 - 16:45）、步行返回住所（16:45 - 16:53）、储物柜组装调试（16:59 - 17:33），原描述中“储物柜组装调试”和“户外庭院休息”顺序颠倒，所以答案是A。",
    "question": "LUCIA described her activity sequence on DAY4 as: pressed flower specimen making, locker assembly and debugging, outdoor courtyard rest, walking back to residence. This description contains errors, the correct sequence and error analysis are:",
    "events_description": {
      "Eating bread and social interactions": "LUCIA searches for drinks in the fridge to no avail before engaging in social interactions, handles glass shards from a broken cup, while intermittently eating bread, drinking orange juice, and observing others' activities.",
      "Casual chat": "LUCIA casually chatted with a girl wearing a white top and gray-blue skirt, as well as a girl in a pink top and blue jeans, among others. During this time, LUCIA and the girl in the pink top and blue jeans collaborated with a boy in a blue short-sleeved shirt and gray shorts to assemble a shelving unit.",
      "eating dumplings": "LUCIA is eating dumplings with the team members, with some vinegar in LUCIA's bowl for dipping. Occasionally, LUCIA takes a sip from a canned soda during the meal.",
      "Flower Specimen Making": "LUCIA worked with the girl in the white top to create flower specimens by organizing petals, trimming stems and leaves, and pressing dried flowers. During the process, she used her phone to check the tutorial, completed steps such as aligning the foam board and flattening the paper. Finally, she finished the prototype of the decorative specimen.",
      "Outdoor courtyard rest": "LUCIA was resting in an outdoor courtyard near the residence with a boy wearing a blue short-sleeve shirt and gray shorts, as well as a girl in a pink top and jeans. During this time, LUCIA and others interacted with a small dog in the courtyard, and in the process, LUCIA's palm was scratched by the dog. LUCIA browsed social media on her phone.",
      "Walk back to the residence": "LUCIA walked back to the residence with team members (a girl in a red vest and white pants, a girl in a pink top and jeans, a boy in a blue short-sleeve shirt and gray shorts, and a boy in a black jacket and white shorts, among others), chatting and interacting with them along the way.",
      "Locker assembly and debugging": "LUCIA assembles a multi-layer plastic storage cabinet in the living room, repeatedly adjusting the orientation of the panels by referring to the instructions, and collaborates with a boy wearing a blue short-sleeved shirt and gray shorts to complete the drawer installation.",
      "Making cardboard box dogs": "LUCIA crafts a paper box dog by cutting and shaping a delivery box. During the process, LUCIA uses scissors to trim the cardboard and a marker for detailing, then assembles the dog. Meanwhile, a phone is used to select reference material for the dog's design.",
      "Taking a rideshare back to the residence": "LUCIA returned to the residence with team members via a ride-hailing car. She noticed a boy in a black jacket and white shorts knocking on the door for a long time with no response.",
      "Appreciating the team members' musical performance": "LUCIA and the team members are relaxing together, sitting on the sofa enjoying a male performer in a black jacket and white shorts playing the guitar and singing. She occasionally checks the lyrics on her phone and notices a male in a pink T-shirt and gray shorts pacing back and forth."
    },
    "choice_a": "Correct sequence: Flower specimen preparation, outdoor courtyard rest, walking back to residence, locker assembly and debugging  \nError reason: The order of \"locker assembly and debugging\" and \"outdoor courtyard rest\" was reversed",
    "choice_b": "Correct sequence: Outdoor patio rest, Walk back to residence, Flower specimen making, Storage locker assembly and testing  \nError reason: Incorrect order of \"Flower specimen making\"",
    "choice_c": "Correct sequence: Flower specimen preparation, Walk back to residence, Storage locker assembly and debugging, Outdoor courtyard rest  \nMistakes: Incorrect event inserted and sequence scrambled",
    "choice_d": "Correct sequence: Outdoor courtyard break, flower specimen crafting, locker assembly and debugging, walk back to residence  \nIncorrect reason: All event sequences are wrong",
    "choice_e": "Correct order: Flower specimen preparation, Outdoor courtyard break, Locker assembly and debugging, Walk back to residence  \nError reason: The sequence of \"Locker assembly and debugging\" and \"Walk back to residence\" is incorrect",
    "reason": "The correct sequence is flower specimen preparation (15:33 - 16:12), outdoor courtyard rest (16:25 - 16:45), walking back to the residence (16:45 - 16:53), and locker assembly & debugging (16:59 - 17:33). The original description had the order of \"locker assembly & debugging\" and \"outdoor courtyard rest\" reversed, so the answer is A."
  },
  {
    "question_chinese": "LUCIA的活动记录中部分内容缺失：[鲜花标本制作] → (?) → (?) → [纸盒小狗制作]。从以下选项中选择能正确填补空缺的活动序列是？\n备选活动：\n吃面包与社交互动\n户外庭院休息\n步行返回住所\n储物柜组装调试\n吃饺子\n欣赏团队成员音乐表演",
    "events_description_chinese": {
      "吃面包与社交互动": "LUCIA从冰箱寻找饮品未果后参与社交互动，处理因玻璃杯碎裂产生的玻璃渣，期间穿插吃面包、饮用橙汁、观察他人活动等碎片化行为。",
      "休闲聊天": "LUCIA与身穿白色上衣灰蓝色裙子的女生及身着粉色上衣蓝色牛仔裤的女生等人休闲聊天，期间LUCIA与身着粉色上衣蓝色牛仔裤的女生协作身着蓝色短袖灰色短裤的男生进行置物架拼装。",
      "吃饺子": "LUCIA与团队成员一起吃饺子，LUCIA碗中盛着一些醋用来蘸饺子，过程中偶尔喝一口听装可乐。",
      "鲜花标本制作": "LUCIA与身着白色上衣的女生一起进行花瓣整理、茎叶修剪、干花压制等工作制作鲜花标本。期间使用手机查看制作教程，完成泡沫板对齐、纸张铺平等工序。最终完成装饰标本原型。",
      "户外庭院休息": "LUCIA与身着蓝色短袖灰色短裤的男生以及身着粉色上衣牛仔裤的女生等人在住所附近一个户外庭院中休息。期间LUCIA等人与庭院中的小狗互动，过程中LUCIA手掌被小狗抓伤。LUCIA使用手机浏览社交媒体。",
      "步行返回住所": "LUCIA跟随团队成员（身着红色马甲白色裤子的女生、身着粉色上衣牛仔裤的女生、身着蓝色短袖灰色短裤的男生以及身着黑色外套白色短裤的男生等人）步行返回住所，期间与团队成员聊天交流。",
      "储物柜组装调试": "LUCIA在客厅组装多层塑料储物柜，通过反复比对说明书调整板件方向，与身着蓝色短袖灰色短裤的男生协作完成抽屉安装。",
      "纸盒小狗制作": "LUCIA使用快递盒子裁剪制作纸盒小狗。LUCIA在制作过程中使用剪刀裁剪纸盒，使用马克笔进行细节描绘，完成小狗的组装。期间使用手机选择小狗绘制素材。",
      "乘坐网约车返回住所": "LUCIA与团队成员一起乘坐网约车返回住所。观察到身着黑色外套白色短裤的男生在住所门口敲门很久无人回应",
      "欣赏团队成员音乐表演": "LUCIA和团队成员一起休闲娱乐，坐在沙发上欣赏身着黑色外套白色短裤的男生的吉他弹唱。期间使用手机查看歌词，观察到身着粉色短袖灰色短裤的男生在来回踱步"
    },
    "choice_a_chinese": "吃面包与社交互动、吃饺子",
    "choice_b_chinese": "户外庭院休息、步行返回住所",
    "choice_c_chinese": "储物柜组装调试、欣赏团队成员音乐表演",
    "choice_d_chinese": "吃饺子、欣赏团队成员音乐表演",
    "choice_e_chinese": "步行返回住所、储物柜组装调试",
    "answer": "E",
    "reason_chinese": "鲜花标本制作（15:33 - 16:12）后，接下来是户外庭院休息（16:25 - 16:45）、步行返回住所（16:45 - 16:53）、储物柜组装调试（16:59 - 17:33），最后是纸盒小狗制作（17:42 - 18:44）。所以正确答案是E，其他选项中的活动在时间顺序上不符合。",
    "question": "Partial content is missing from LUCIA's activity log: [Pressed flower crafting] → (?) → (?) → [Cardboard dog crafting]. Select the correct sequence of activities from the following options to fill in the gaps?\n\nAlternative activities:\nEating bread and social interaction  \nOutdoor courtyard rest  \nWalking back to residence  \nLocker assembly and debugging  \nEating dumplings  \nAppreciating team member music performances",
    "events_description": {
      "Eating bread and social interactions": "LUCIA searches for drinks in the fridge to no avail before engaging in social interactions, handles glass shards from a broken cup, while intermittently eating bread, drinking orange juice, and observing others' activities.",
      "Casual chat": "LUCIA casually chatted with a girl wearing a white top and gray-blue skirt, as well as a girl in a pink top and blue jeans, among others. During this time, LUCIA and the girl in the pink top and blue jeans collaborated with a boy in a blue short-sleeved shirt and gray shorts to assemble a shelving unit.",
      "eating dumplings": "LUCIA is eating dumplings with the team members, with some vinegar in LUCIA's bowl for dipping. Occasionally, LUCIA takes a sip from a canned soda during the meal.",
      "Flower Specimen Making": "LUCIA worked with the girl in the white top to create flower specimens by organizing petals, trimming stems and leaves, and pressing dried flowers. During the process, she used her phone to check the tutorial, completed steps such as aligning the foam board and flattening the paper. Finally, she finished the prototype of the decorative specimen.",
      "Outdoor courtyard rest": "LUCIA was resting in an outdoor courtyard near the residence with a boy wearing a blue short-sleeve shirt and gray shorts, as well as a girl in a pink top and jeans. During this time, LUCIA and others interacted with a small dog in the courtyard, and in the process, LUCIA's palm was scratched by the dog. LUCIA browsed social media on her phone.",
      "Walk back to the residence": "LUCIA walked back to the residence with team members (a girl in a red vest and white pants, a girl in a pink top and jeans, a boy in a blue short-sleeve shirt and gray shorts, and a boy in a black jacket and white shorts, among others), chatting and interacting with them along the way.",
      "Locker assembly and debugging": "LUCIA assembles a multi-layer plastic storage cabinet in the living room, repeatedly adjusting the orientation of the panels by referring to the instructions, and collaborates with a boy wearing a blue short-sleeved shirt and gray shorts to complete the drawer installation.",
      "Making cardboard box dogs": "LUCIA crafts a paper box dog by cutting and shaping a delivery box. During the process, LUCIA uses scissors to trim the cardboard and a marker for detailing, then assembles the dog. Meanwhile, a phone is used to select reference material for the dog's design.",
      "Taking a rideshare back to the residence": "LUCIA returned to the residence with team members via a ride-hailing car. She noticed a boy in a black jacket and white shorts knocking on the door for a long time with no response.",
      "Appreciating the team members' musical performance": "LUCIA and the team members are relaxing together, sitting on the sofa enjoying a male performer in a black jacket and white shorts playing the guitar and singing. She occasionally checks the lyrics on her phone and notices a male in a pink T-shirt and gray shorts pacing back and forth."
    },
    "choice_a": "Eating bread and social interaction, eating dumplings",
    "choice_b": "Outdoor courtyard rest, walking back to residence",
    "choice_c": "Locker assembly and debugging, enjoying team members' music performances",
    "choice_d": "Eating dumplings and enjoying team members' music performances",
    "choice_e": "Walking back to the residence, locker assembly and debugging",
    "reason": "After making flower specimens (15:33 - 16:12), the next activities are outdoor courtyard break (16:25 - 16:45), walking back to the residence (16:45 - 16:53), locker assembly and debugging (16:59 - 17:33), and finally making paper box dogs (17:42 - 18:44). Therefore, the correct answer is E, as the other options do not match the chronological order of activities."
  }
]