[
    {
        "question_chinese": "Base 事件排序：A5_KATRINA忘记了自己在DAY5下午15:00到20:00之间所经历的事件（备选项：a、物资采购清单协作制定；b、超市采购物资以及结账；c、装饰材料快递拆箱；d、集体外出到彩票店刮彩票；e、快递包裹收取与回到住所；f、团队吃晚餐），如果让你来对这期间发生的事件进行排序，那么正确顺序是？",
        "events_description_chinese": {
            "物资采购清单协作制定": "团队成员在庭院遮阳伞下遮阳，紫衣男生和蓝衣男生从室内抬出白板，A5_KATRINA在白板上书写采购清单，与团队成员反复讨论商品品类与数量。",
            "超市采购物资以及结账": "A5_KATRINA参与超市实地采购，完成饮料、水果、零食等品类挑选。与玫红色衣服男生协同推车，并通过手机记录采购过程影像素材。团队成员选完商品后，进行多柜台结账分工及装袋。",
            "装饰材料快递拆箱": "A5_KATRINA在室外庭院和室内玄关拆多个快递包裹，与紫衣男生、蓝色牛仔外套女生等人核对物品清单。蓝色牛仔外套女生在室内玄关处拆包裹。",
            "集体外出到彩票店刮彩票": "黄昏时分，团队成员步行十五分钟左右到一家彩票店，团体成员各自买了刮刮乐并刮开。紫衣男生刮到了奖并兑换。",
            "快递包裹收取与回到住所": "天已经完全黑了，A5_KATRINA与团队成员步行至快递点，A5_KATRINA通过手机软件内的取件码取了多个包裹，与老板协同完成包裹拆箱验货。然后团队成员步行回到住所。",
            "团队吃晚餐": "桌上摆了薯条、饮料等食品，A5_KATRINA从幕布处的外卖袋中找到了自己想吃的食物并食用，期间观察到白色衬衫女生从烤箱里拿出烤好的蛋挞放到桌上，众人合作收拾桌子，放上蓝色T恤男生刚煎好的牛排给大家食用。"
        },
        "choice_a_chinese": "(a)(b)(c)(d)(e)(f)",
        "choice_b_chinese": "(a)(b)(c)(d)(f)(e)",
        "choice_c_chinese": "(b)(a)(c)(d)(e)(f)",
        "choice_d_chinese": "(b)(a)(c)(d)(f)(e)",
        "answer": "A",
        "reason_chinese": "物资采购清单协作制定（15:04:00 - 15:15:05）→ 超市采购物资以及结账（15:55:39 - 16:30:00）→ 装饰材料快递拆箱（18:46:15 - 18:55:25）→ 集体外出到彩票店刮彩票（18:57:26 - 19:23:00）→ 快递包裹收取与回到住所（19:25:27 - 19:57:59）→ 团队吃晚餐（20:02:09 - 20:34:30），所以正确顺序为a→b→c→d→e→f。",
        "question": "A5_KATRINA forgot the events she experienced between 3:00 pm and 8:00 pm on DAY5 (a. Collaborative formulation of material procurement list; b. Supermarket procurement of materials and checkout; c. Unboxing of decorative material express deliveries; d. Group outing to the lottery store to scratch lottery tickets; e. Collection of express parcels and return to the residence; f. Team dinner). What is the correct order?",
        "events_description": {
            "Collaborative formulation of material procurement list": "Team members shaded under the sunshade umbrella in the courtyard. The purple - clothed boy and the blue - clothed boy carried a whiteboard out from indoors. A5_KATRINA wrote the procurement list on the whiteboard and repeatedly discussed the product categories and quantities with the team members.",
            "Supermarket procurement of materials and checkout": "A5_KATRINA participated in the on - site procurement in the supermarket, selecting categories such as beverages, fruits, and snacks. She coordinated with the rose - red - clothed boy to push the cart and recorded video materials of the procurement process through her mobile phone. After the team members selected the products, they divided the work for checkout at multiple counters and bagged the items.",
            "Unboxing of decorative material express deliveries": "A5_KATRINA unboxed multiple express parcels in the outdoor courtyard and the indoor entrance hall, and checked the item list with the purple - clothed boy, the blue - denim - jacketed girl, etc. The blue - denim - jacketed girl unboxed the parcels at the indoor entrance hall.",
            "Group outing to the lottery store to scratch lottery tickets": "At dusk, the team members walked about fifteen minutes to a lottery store. Each group member bought scratch - off lottery tickets and scratched them. The purple - clothed boy won a prize and redeemed it.",
            "Collection of express parcels and return to the residence": "It was completely dark. A5_KATRINA and the team members walked to the express delivery point. A5_KATRINA picked up multiple parcels using the pickup codes in the mobile app and coordinated with the boss to complete the unpacking and inspection of the parcels. Then the team members walked back to the residence.",
            "Team dinner": "There were French fries, drinks and other foods on the table. A5_KATRINA found the food she wanted to eat from the take - out bag behind the curtain and ate it. During this period, she observed that the white - shirted girl took the baked egg tarts out of the oven and put them on the table. Everyone cooperated to clean up the table and put the steak just fried by the blue - T - shirted boy on the table for everyone to eat."
        },
        "choice_a": "(a)(b)(c)(d)(e)(f)",
        "choice_b": "(a)(b)(c)(d)(f)(e)",
        "choice_c": "(b)(a)(c)(d)(e)(f)",
        "choice_d": "(b)(a)(c)(d)(f)(e)",
        "reason": "Collaborative formulation of material procurement list (15:04:00 - 15:15:05) → Supermarket procurement of materials and checkout (15:55:39 - 16:30:00) → Unboxing of decorative material express deliveries (18:46:15 - 18:55:25) → Group outing to the lottery store to scratch lottery tickets (18:57:26 - 19:23:00) → Collection of express parcels and return to the residence (19:25:27 - 19:57:59) → Team dinner (20:02:09 - 20:34:30). So the correct order is a→b→c→d→e→f."
    },
    {
        "question_chinese": "时间段判断：A5_KATRINA在总结工作时写下序列：[素材准备与PPT编辑 → 物资采购清单协作制定 → 超市采购物资以及结账 → 装饰材料快递拆箱]。她应标注的发生时间为？",
        "events_description_chinese": {
            "素材准备与PPT编辑": "A5_KATRINA在沙发上用电脑持续进行PPT内容修改，包括图片搜索、截图插入、文字编辑等操作。",
            "物资采购清单协作制定": "团队成员在庭院遮阳伞下遮阳，紫衣男生和蓝衣男生从室内抬出白板，A5_KATRINA在白板上书写采购清单，与团队成员反复讨论商品品类与数量。",
            "超市采购物资以及结账": "A5_KATRINA参与超市实地采购，完成饮料、水果、零食等品类挑选。与玫红色衣服男生协同推车，并通过手机记录采购过程影像素材。团队成员选完商品后，进行多柜台结账分工及装袋。",
            "装饰材料快递拆箱": "A5_KATRINA在室外庭院和室内玄关拆多个快递包裹，与紫衣男生、蓝色牛仔外套女生等人核对物品清单。蓝色牛仔外套女生在室内玄关处拆包裹。"
        },
        "choice_a_chinese": "DAY5: 12:45~18:55",
        "choice_b_chinese": "DAY5: 12:50~18:50",
        "choice_c_chinese": "DAY5: 12:50~18:55",
        "choice_d_chinese": "DAY5: 12:45~18:50",
        "answer": "C",
        "reason_chinese": "素材准备与PPT编辑（12:50:14 - 12:58:43）→ 物资采购清单协作制定（15:04:00 - 15:15:05）→ 超市采购物资以及结账（15:55:39 - 16:30:00）→ 装饰材料快递拆箱（18:46:15 - 18:55:25）。总时间跨度为12:50~18:55，选项C（12:50~18:55）以0或5结尾，且完整包含所有事件的开始与结束时间。",
        "question": "When summarizing her work, A5_KATRINA wrote the sequence: [Material preparation and PPT editing → Collaborative formulation of material procurement list → Supermarket procurement of materials and checkout → Unboxing of decoration material express packages]. What time range should she annotate?",
        "events_description": {
            "Material preparation and PPT editing": "A5_KATRINA continuously modified the PPT content on the sofa using a computer, including searching for pictures, inserting screenshots, and editing text.",
            "Collaborative formulation of material procurement list": "Team members shaded under the sunshade umbrella in the courtyard. The purple - clothed boy and the blue - clothed boy carried a whiteboard out from indoors. A5_KATRINA wrote the procurement list on the whiteboard and repeatedly discussed the product categories and quantities with the team members.",
            "Supermarket procurement of materials and checkout": "A5_KATRINA participated in the on - site procurement in the supermarket, selecting categories such as beverages, fruits, and snacks. She coordinated with the rose - red - clothed boy to push the cart and recorded video materials of the procurement process through her mobile phone. After the team members selected the products, they divided the work for checkout at multiple counters and bagged the items.",
            "Unboxing of decoration material express packages": "A5_KATRINA unpacked multiple express packages in the outdoor courtyard and the indoor entrance hall, and checked the item list with the purple - clothed boy, the blue - denim - jacketed girl, etc. The blue - denim - jacketed girl unpacked the packages at the indoor entrance hall."
        },
        "choice_a": "DAY5: 12:45~18:55",
        "choice_b": "DAY5: 12:50~18:50",
        "choice_c": "DAY5: 12:50~18:55",
        "choice_d": "DAY5: 12:45~18:50",
        "reason": "Material preparation and PPT editing (12:50:14 - 12:58:43) → Collaborative formulation of material procurement list (15:04:00 - 15:15:05) → Supermarket procurement of materials and checkout (15:55:39 - 16:30:00) → Unboxing of decoration material express packages (18:46:15 - 18:55:25). Total span: 12:50~18:55. Option C (12:50~18:55) ends with 0 or 5 and fully covers all event timings."
    },
    {
        "question_chinese": "时间点对应：A5_KATRINA需为以下事件匹配时间段：[装饰材料快递拆箱 → 集体外出到彩票店刮彩票 → 快递包裹收取与回到住所]。时间选项：a. 15:00~15:15  b. 15:55~16:30  c. 18:45~18:56  d. 18:55~19:24  e. 19:20~19:58  f. 20:00~20:35  g. 22:30~23:15。你能帮助她吗？",
        "events_description_chinese": {
            "装饰材料快递拆箱": "A5_KATRINA在室外庭院和室内玄关拆多个快递包裹，与紫衣男生、蓝色牛仔外套女生等人核对物品清单。蓝色牛仔外套女生在室内玄关处拆包裹。",
            "集体外出到彩票店刮彩票": "黄昏时分，团队成员步行十五分钟左右到一家彩票店，团体成员各自买了刮刮乐并刮开。紫衣男生刮到了奖并兑换。",
            "快递包裹收取与回到住所": "天已经完全黑了，A5_KATRINA与团队成员步行至快递点，A5_KATRINA通过手机软件内的取件码取了多个包裹，与老板协同完成包裹拆箱验货。然后团队成员步行回到住所。"
        },
        "choice_a_chinese": "1→c / 2→d / 3→e",
        "choice_b_chinese": "1→b / 2→d / 3→e",
        "choice_c_chinese": "1→c / 2→d / 3→f",
        "choice_d_chinese": "1→b / 2→d / 3→f",
        "answer": "A",
        "reason_chinese": "装饰材料快递拆箱（18:46:15 - 18:55:25）对应选项c；集体外出到彩票店刮彩票（18:57:26 - 19:23:00）对应选项d； 快递包裹收取与回到住所（19:25:27 - 19:57:59）对应选项e。",
        "question": "A5_KATRINA needs to match time periods for these events: [Unboxing of decorative material express deliveries → Group outing to the lottery store to scratch lottery tickets → Collection of express parcels and return to the residence]. Time options: a. 15:00~15:15  b. 15:55~16:30  c. 18:45~18:56  d. 18:55~19:24  e. 19:20~19:58  f. 20:00~20:35  g. 22:30~23:15. Can you assist her?",
        "events_description": {
            "Unboxing of decorative material express deliveries": "A5_KATRINA unboxed multiple express parcels in the outdoor courtyard and the indoor entrance hall, and checked the item list with the purple - clothed boy, the blue - denim - jacketed girl, etc. The blue - denim - jacketed girl unboxed the parcels at the indoor entrance hall.",
            "Group outing to the lottery store to scratch lottery tickets": "At dusk, the team members walked about fifteen minutes to a lottery store. Each group member bought scratch - off lottery tickets and scratched them. The purple - clothed boy won a prize and redeemed it.",
            "Collection of express parcels and return to the residence": "It was completely dark. A5_KATRINA and the team members walked to the express delivery point. A5_KATRINA picked up multiple parcels using the pickup codes in the mobile app and coordinated with the boss to complete the unpacking and inspection of the parcels. Then the team members walked back to the residence."
        },
        "choice_a": "1→c / 2→d / 3→e",
        "choice_b": "1→b / 2→d / 3→e",
        "choice_c": "1→c / 2→d / 3→f",
        "choice_d": "1→b / 2→d / 3→f",
        "reason": "Unboxing of decorative material express deliveries (18:46:15 - 18:55:25) matches c; Group outing to the lottery store to scratch lottery tickets (18:57:26 - 19:23:00) matches d; Collection of express parcels and return to the residence (19:25:27 - 19:57:59) matches e."
    },
    {
        "question_chinese": "前后事件预测：A5_KATRINA在完成“超市采购物资以及结账”后，接下来发生的事件是？",
        "events_description_chinese": {
            "物资采购清单协作制定": "团队成员在庭院遮阳伞下遮阳，紫衣男生和蓝衣男生从室内抬出白板，A5_KATRINA在白板上书写采购清单，与团队成员反复讨论商品品类与数量。",
            "超市采购物资以及结账": "A5_KATRINA参与超市实地采购，完成饮料、水果、零食等品类挑选。与玫红色衣服男生协同推车，并通过手机记录采购过程影像素材。团队成员选完商品后，进行多柜台结账分工及装袋。",
            "装饰材料快递拆箱": "A5_KATRINA在室外庭院和室内玄关拆多个快递包裹，与紫衣男生、蓝色牛仔外套女生等人核对物品清单。蓝色牛仔外套女生在室内玄关处拆包裹。",
            "集体外出到彩票店刮彩票": "黄昏时分，团队成员步行十五分钟左右到一家彩票店，团体成员各自买了刮刮乐并刮开。紫衣男生刮到了奖并兑换。",
            "快递包裹收取与回到住所": "天已经完全黑了，A5_KATRINA与团队成员步行至快递点，A5_KATRINA通过手机软件内的取件码取了多个包裹，与老板协同完成包裹拆箱验货。然后团队成员步行回到住所。",
            "团队吃晚餐": "桌上摆了薯条、饮料等食品，A5_KATRINA从幕布处的外卖袋中找到了自己想吃的食物并食用，期间观察到白色衬衫女生从烤箱里拿出烤好的蛋挞放到桌上，众人合作收拾桌子，放上蓝色T恤男生刚煎好的牛排给大家食用。"
        },
        "choice_a_chinese": "物资采购清单协作制定",
        "choice_b_chinese": "装饰材料快递拆箱",
        "choice_c_chinese": "集体外出到彩票店刮彩票",
        "choice_d_chinese": "团队吃晚餐",
        "answer": "B",
        "reason_chinese": "根据时间顺序，超市采购物资以及结账（15:55:39 - 16:30:00）之后是装饰材料快递拆箱（18:46:15 - 18:55:25）。物资采购清单协作制定发生在15:04 - 15:15（早于超市采购），集体外出到彩票店刮彩票在18:57 - 19:23（晚于装饰材料快递拆箱），团队吃晚餐在20:02 - 20:34（更晚），因此接下来直接发生的是装饰材料快递拆箱。",
        "question": "After completing Supermarket procurement of materials and checkout, what event did A5_KATRINA do next?",
        "events_description": {
            "Collaborative formulation of material procurement list": "Team members shaded under the sunshade umbrella in the courtyard. The purple - clothed boy and the blue - clothed boy carried a whiteboard out from indoors. A5_KATRINA wrote the procurement list on the whiteboard and repeatedly discussed the product categories and quantities with the team members.",
            "Supermarket procurement of materials and checkout": "A5_KATRINA participated in the on - site procurement in the supermarket, selecting categories such as beverages, fruits, and snacks. She coordinated with the rose - red - clothed boy to push the cart and recorded video materials of the procurement process through her mobile phone. After the team members selected the products, they divided the work for checkout at multiple counters and bagged the items.",
            "Unboxing of decorative material express deliveries": "A5_KATRINA unboxed multiple express parcels in the outdoor courtyard and the indoor entrance hall, and checked the item list with the purple - clothed boy, the blue - denim - jacketed girl, etc. The blue - denim - jacketed girl unboxed the parcels at the indoor entrance hall.",
            "Group outing to the lottery store to scratch lottery tickets": "At dusk, the team members walked about fifteen minutes to a lottery store. Each group member bought scratch - off lottery tickets and scratched them. The purple - clothed boy won a prize and redeemed it.",
            "Collection of express parcels and return to the residence": "It was completely dark. A5_KATRINA and the team members walked to the express delivery point. A5_KATRINA picked up multiple parcels using the pickup codes in the mobile app and coordinated with the boss to complete the unpacking and inspection of the parcels. Then the team members walked back to the residence.",
            "Team dinner": "There were French fries, drinks and other foods on the table. A5_KATRINA found the food she wanted to eat from the take - out bag behind the curtain and ate it. During this period, she observed that the white - shirted girl took the baked egg tarts out of the oven and put them on the table. Everyone cooperated to clean up the table and put the steak just fried by the blue - T - shirted boy on the table for everyone to eat."
        },
        "choice_a": "Collaborative formulation of material procurement list",
        "choice_b": "Unboxing of decorative material express deliveries",
        "choice_c": "Group outing to the lottery store to scratch lottery tickets",
        "choice_d": "Team dinner",
        "reason": "According to the timeline, Supermarket procurement of materials and checkout (15:55:39 - 16:30:00) is followed by Unboxing of decorative material express deliveries (18:46:15 - 18:55:25). Collaborative formulation of material procurement list occurred earlier (15:04 - 15:15), Group outing to the lottery store to scratch lottery tickets later (18:57 - 19:23), and Team dinner even later (20:02 - 20:34). The next immediate event is Unboxing of decorative material express deliveries."
    },
    {
        "question_chinese": "错误纠正：A5_KATRINA描述连续动作为[集体外出到彩票店刮彩票 → 装饰材料快递拆箱 → 快递包裹收取与回到住所]，但顺序错误。正确的序列和错误分析是？",
        "events_description_chinese": {
            "装饰材料快递拆箱": "A5_KATRINA在室外庭院和室内玄关拆多个快递包裹，与紫衣男生、蓝色牛仔外套女生等人核对物品清单。蓝色牛仔外套女生在室内玄关处拆包裹。",
            "集体外出到彩票店刮彩票": "黄昏时分，团队成员步行十五分钟左右到一家彩票店，团体成员各自买了刮刮乐并刮开。紫衣男生刮到了奖并兑换。",
            "快递包裹收取与回到住所": "天已经完全黑了，A5_KATRINA与团队成员步行至快递点，A5_KATRINA通过手机软件内的取件码取了多个包裹，与老板协同完成包裹拆箱验货。然后团队成员步行回到住所。",
            "团队吃晚餐": "桌上摆了薯条、饮料等食品，A5_KATRINA从幕布处的外卖袋中找到了自己想吃的食物并食用，期间观察到白色衬衫女生从烤箱里拿出烤好的蛋挞放到桌上，众人合作收拾桌子，放上蓝色T恤男生刚煎好的牛排给大家食用。"
        },
        "choice_a_chinese": "正确：装饰材料快递拆箱 → 集体外出到彩票店刮彩票 → 快递包裹收取与回到住所 错误原因：应先拆箱装饰材料再去刮彩票，刮完彩票再取快递",
        "choice_b_chinese": "正确：集体外出到彩票店刮彩票 → 快递包裹收取与回到住所 → 装饰材料快递拆箱 错误原因：完全颠倒拆箱与取快递顺序",
        "choice_c_chinese": "正确：团队吃晚餐 → 集体外出到彩票店刮彩票 → 快递包裹收取与回到住所 错误原因：插入无关晚餐环节",
        "choice_d_chinese": "正确：装饰材料快递拆箱 → 快递包裹收取与回到住所 → 集体外出到彩票店刮彩票 错误原因：遗漏取快递环节直接去刮彩票",
        "answer": "A",
        "reason_chinese": "正确顺序应为装饰材料快递拆箱（18:46:15 - 18:55:25）→ 集体外出到彩票店刮彩票（18:57:26 - 19:23:00）→ 快递包裹收取与回到住所（19:25:27 - 19:57:59）。A5_KATRINA的描述错误在于颠倒了“装饰材料快递拆箱”与“集体外出到彩票店刮彩票”的顺序，逻辑上应先拆箱装饰材料再去刮彩票，刮完彩票再取快递。选项A纠正了顺序错误。",
        "question": "A5_KATRINA described actions as [Group outing to the lottery store to scratch lottery tickets → Unboxing of decorative material express deliveries → Collection of express parcels and return to the residence], but the order is wrong. What's the correct sequence and error analysis?",
        "events_description": {
            "Unboxing of decorative material express deliveries": "A5_KATRINA unboxed multiple express parcels in the outdoor courtyard and the indoor entrance hall, and checked the item list with the purple - clothed boy, the blue - denim - jacketed girl, etc. The blue - denim - jacketed girl unboxed the parcels at the indoor entrance hall.",
            "Group outing to the lottery store to scratch lottery tickets": "At dusk, the team members walked about fifteen minutes to a lottery store. Each group member bought scratch - off lottery tickets and scratched them. The purple - clothed boy won a prize and redeemed it.",
            "Collection of express parcels and return to the residence": "It was completely dark. A5_KATRINA and the team members walked to the express delivery point. A5_KATRINA picked up multiple parcels using the pickup codes in the mobile app and coordinated with the boss to complete the unpacking and inspection of the parcels. Then the team members walked back to the residence.",
            "Team dinner": "There were French fries, drinks and other foods on the table. A5_KATRINA found the food she wanted to eat from the take - out bag behind the curtain and ate it. During this period, she observed that the white - shirted girl took the baked egg tarts out of the oven and put them on the table. Everyone cooperated to clean up the table and put the steak just fried by the blue - T - shirted boy on the table for everyone to eat."
        },
        "choice_a": "Correct: Unboxing of decorative material express deliveries → Group outing to the lottery store to scratch lottery tickets → Collection of express parcels and return to the residence. Error: Should unbox decorative materials first, then go to scratch lottery tickets, and pick up express parcels after that.",
        "choice_b": "Correct: Group outing to the lottery store to scratch lottery tickets → Collection of express parcels and return to the residence → Unboxing of decorative material express deliveries. Error: Completely reversed the order of unboxing and picking up express parcels.",
        "choice_c": "Correct: Team dinner → Group outing to the lottery store to scratch lottery tickets → Collection of express parcels and return to the residence. Error: Inserted an unrelated dinner activity.",
        "choice_d": "Correct: Unboxing of decorative material express deliveries → Collection of express parcels and return to the residence → Group outing to the lottery store to scratch lottery tickets. Error: Omitted the step of picking up express parcels before going to scratch lottery tickets.",
        "reason": "The correct sequence is Unboxing of decorative material express deliveries (18:46:15 - 18:55:25) → Group outing to the lottery store to scratch lottery tickets (18:57:26 - 19:23:00) → Collection of express parcels and return to the residence (19:25:27 - 19:57:59). Her description reversed the order of 'Unboxing of decorative material express deliveries' and 'Group outing to the lottery store to scratch lottery tickets'. Logically, one should unbox the decorative materials first, then go to scratch lottery tickets, and pick up the express parcels after that. Option A corrects the sequence."
    },
    {
        "question_chinese": "掩码预测：A5_KATRINA的日记中活动顺序记录不全：[超市采购物资以及结账] → (?) → [集体外出到彩票店刮彩票] → (?) → [团队吃晚餐]。下列事件中哪些可以用于填补无法确认的部分？",
        "events_description_chinese": {
            "物资采购清单协作制定": "团队成员在庭院遮阳伞下遮阳，紫衣男生和蓝衣男生从室内抬出白板，A5_KATRINA在白板上书写采购清单，与团队成员反复讨论商品品类与数量。",
            "超市采购物资以及结账": "A5_KATRINA参与超市实地采购，完成饮料、水果、零食等品类挑选。与玫红色衣服男生协同推车，并通过手机记录采购过程影像素材。团队成员选完商品后，进行多柜台结账分工及装袋。",
            "装饰材料快递拆箱": "A5_KATRINA在室外庭院和室内玄关拆多个快递包裹，与紫衣男生、蓝色牛仔外套女生等人核对物品清单。蓝色牛仔外套女生在室内玄关处拆包裹。",
            "集体外出到彩票店刮彩票": "黄昏时分，团队成员步行十五分钟左右到一家彩票店，团体成员各自买了刮刮乐并刮开。紫衣男生刮到了奖并兑换。",
            "快递包裹收取与回到住所": "天已经完全黑了，A5_KATRINA与团队成员步行至快递点，A5_KATRINA通过手机软件内的取件码取了多个包裹，与老板协同完成包裹拆箱验货。然后团队成员步行回到住所。",
            "团队吃晚餐": "桌上摆了薯条、饮料等食品，A5_KATRINA从幕布处的外卖袋中找到了自己想吃的食物并食用，期间观察到白色衬衫女生从烤箱里拿出烤好的蛋挞放到桌上，众人合作收拾桌子，放上蓝色T恤男生刚煎好的牛排给大家食用。"
        },
        "choice_a_chinese": "装饰材料快递拆箱 / 快递包裹收取与回到住所",
        "choice_b_chinese": "物资采购清单协作制定 / 快递包裹收取与回到住所",
        "choice_c_chinese": "超市采购物资以及结账 / 装饰材料快递拆箱",
        "choice_d_chinese": "物资采购清单协作制定 / 团队吃晚餐",
        "answer": "A",
        "reason_chinese": "超市采购物资以及结账（15:55:39 - 16:30:00）之后是装饰材料快递拆箱（18:46:15 - 18:55:25），集体外出到彩票店刮彩票（18:57:26 - 19:23:00）之后是快递包裹收取与回到住所（19:25:27 - 19:57:59），最后是团队吃晚餐（20:02:09 - 20:34:30）。选项B中的“物资采购清单协作制定”时间在“超市采购物资以及结账”之前；选项C中第一个空填“超市采购物资以及结账”逻辑重复；选项D中的“物资采购清单协作制定”时间过早，“团队吃晚餐”时间与题目中重复，均属干扰项，正确填补为选项A。",
        "question": "A5_KATRINA's diary has an incomplete record of the activity order: [Supermarket procurement of materials and checkout] → (?) → [Group outing to the lottery store to scratch lottery tickets] → (?) → [Team dinner]. Which events can fill in the blanks?",
        "events_description": {
            "Collaborative formulation of material procurement list": "Team members shaded under the sunshade umbrella in the courtyard. The purple - clothed boy and the blue - clothed boy carried a whiteboard out from indoors. A5_KATRINA wrote the procurement list on the whiteboard and repeatedly discussed the product categories and quantities with the team members.",
            "Supermarket procurement of materials and checkout": "A5_KATRINA participated in the on - site procurement in the supermarket, selecting categories such as beverages, fruits, and snacks. She coordinated with the rose - red - clothed boy to push the cart and recorded video materials of the procurement process through her mobile phone. After the team members selected the products, they divided the work for checkout at multiple counters and bagged the items.",
            "Unboxing of decorative material express deliveries": "A5_KATRINA unboxed multiple express parcels in the outdoor courtyard and the indoor entrance hall, and checked the item list with the purple - clothed boy, the blue - denim - jacketed girl, etc. The blue - denim - jacketed girl unboxed the parcels at the indoor entrance hall.",
            "Group outing to the lottery store to scratch lottery tickets": "At dusk, the team members walked about fifteen minutes to a lottery store. Each group member bought scratch - off lottery tickets and scratched them. The purple - clothed boy won a prize and redeemed it.",
            "Collection of express parcels and return to the residence": "It was completely dark. A5_KATRINA and the team members walked to the express delivery point. A5_KATRINA picked up multiple parcels using the pickup codes in the mobile app and coordinated with the boss to complete the unpacking and inspection of the parcels. Then the team members walked back to the residence.",
            "Team dinner": "There were French fries, drinks and other foods on the table. A5_KATRINA found the food she wanted to eat from the take - out bag behind the curtain and ate it. During this period, she observed that the white - shirted girl took the baked egg tarts out of the oven and put them on the table. Everyone cooperated to clean up the table and put the steak just fried by the blue - T - shirted boy on the table for everyone to eat."
        },
        "choice_a": " Unboxing of decorative material express deliveries / Collection of express parcels and return to the residence.",
        "choice_b": " Collaborative formulation of material procurement list / Collection of express parcels and return to the residence.",
        "choice_c": " Supermarket procurement of materials and checkout / Unboxing of decorative material express deliveries.",
        "choice_d": " Collaborative formulation of material procurement list / Team dinner.",
        "reason": "Supermarket procurement of materials and checkout (15:55:39 - 16:30:00) is followed by Unboxing of decorative material express deliveries (18:46:15 - 18:55:25), then Group outing to the lottery store to scratch lottery tickets (18:57:26 - 19:23:00), followed by Collection of express parcels and return to the residence (19:25:27 - 19:57:59), and finally Team dinner (20:02:09 - 20:34:30). Option B's 'Collaborative formulation of material procurement list' occurs before 'Supermarket procurement of materials and checkout'; Option C's first blank filled with 'Supermarket procurement of materials and checkout' is a logical repetition; Option D includes 'Collaborative formulation of material procurement list' which is too early and 'Team dinner' which is a repetition in the question. These are all distractors. The correct filling is option A."
    }
]
