[
    {
        "question_chinese": "Base 事件排序：A5_KATRINA忘记了自己在DAY3下午15:00到18:00之间所经历的事件（备选项：a、团体公园游玩；b、超市饮料采购；c、电玩城游戏体验；d、晚餐食材超市采购；e、水品牌盲猜游戏；f、披萨午餐筹备与集体用餐），如果让你来对这期间发生的事件进行排序，那么正确顺序是？",
        "events_description_chinese": {
            "团体公园游玩": "天气晴朗，A5_KATRINA与团队成员前往西海子公园游玩散步，路过有鱼的池塘用午餐剩下的披萨喂鱼。团队成员在凉亭与运动的大爷交谈并学习大爷的健身器材。",
            "超市饮料采购": "A5_KATRINA与团队成员进入超市进行饮料选购，包含冰柜前挑选不同品牌饮品、结账台支付，最终团队携带采购物品离开超市继续行程。",
            "电玩城游戏体验": "团队进入电玩城后，团队成员购买游戏币，A5_KATRINA深度参与抓娃娃机挑战，观看并拍摄蓝色碎花外套男生打架子鼓，后续A5_KATRINA与蓝色碎花外套男生进行双人赛车游戏对战，并观察同伴游戏过程",
            "晚餐食材超市采购": "A5_KATRINA深度参与团体采购流程，包括冰柜区商品挑选（重点为肉类）、货架商品比对、工作人员咨询。A5_KATRINA与蓝色碎花外套男生、绿色外套女生等同伴协同完成商品分装。",
            "水品牌盲猜游戏": "A5_KATRINA在二楼客厅深度参与水品牌盲猜游戏，粉衣男生和蓝色外套男生负责主持活动并收集答案纸，其他五位参与者进行水的品尝和猜品牌并记录在纸上，后续粉衣男生宣布答案并与大家进行讨论。",
            "披萨午餐筹备与集体用餐": "团体合作将采购的披萨搬运至餐桌，调整餐食摆放位置并拍摄食物照片。观察到粉衣男生和白衣女生负责拆解包装袋，蓝色外套男生协调餐具分发，集体完成餐前准备后进入用餐环节，用餐完后团体合作收拾没吃完的披萨放入冰箱。"
        },
        "choice_a_chinese": "(b)(c)(d)(a)",
        "choice_b_chinese": "(a)(b)(c)(d)",
        "choice_c_chinese": "(e)(f)(a)(b)",
        "choice_d_chinese": "(c)(d)(a)(b)",
        "answer": "B",
        "reason_chinese": "团体公园游玩（14:47:18-15:36:15，接近15:00开始）→ 超市饮料采购（15:37:10-15:40:43）→ 电玩城游戏体验（15:47:50-16:29:21）→ 晚餐食材超市采购（16:38:40-17:14:00）。选项e（11:39-11:57）、f（11:58-12:20）为上午事件，属干扰项，正确顺序为a→b→c→d。",
        "question": "A5_KATRINA forgot the events she experienced between 3:00 pm and 6:00 pm on DAY3 (a. Group park visit; b. Supermarket beverage purchase; c. Video game arcade experience; d. Dinner ingredient supermarket purchase; e. Water brand blind game; f. Pizza lunch prep/dining). What is the correct order?",
        "events_description": {
            "Group park visit": "On a sunny day, A5_KATRINA and her team members went to Xihaizi Park for a walk. They passed by a pond with fish and fed the fish with the remaining pizza from lunch. Team members talked with an old man doing exercise in the pavilion and learned how to use the fitness equipment from him.",
            "Supermarket beverage purchase": "A5_KATRINA and her team members entered the supermarket to select beverages, including choosing different brands of drinks in front of the freezer, paying at the checkout counter, and finally the team carried the purchased items and left the supermarket to continue their journey.",
            "Video game arcade experience": "After the team entered the video game arcade, team members bought game coins. A5_KATRINA actively participated in the claw machine challenge, watched and filmed a boy in a blue floral jacket playing the drums. Later, A5_KATRINA had a two - player racing game battle with the boy in the blue floral jacket and observed her teammates' gaming process.",
            "Dinner ingredient supermarket purchase": "A5_KATRINA actively participated in the group purchasing process, including selecting products in the freezer area (focusing on meat), comparing products on the shelves, and consulting the staff. A5_KATRINA and her teammates such as the boy in the blue floral jacket and the girl in the green jacket cooperated to complete the product packaging.",
            "Water brand blind game": "A5_KATRINA actively participated in the water brand blind game in the second - floor living room. The boy in the pink shirt and the boy in the blue jacket were in charge of hosting the event and collecting answer sheets. The other five participants tasted the water, guessed the brand and recorded it on the paper. Later, the boy in the pink shirt announced the answers and discussed with everyone.",
            "Pizza lunch prep/dining": "The group cooperated to move the purchased pizza to the table, adjusted the position of the meals and took pictures of the food. It was observed that the boy in the pink shirt and the girl in the white shirt were responsible for unpacking the bags, and the boy in the blue jacket coordinated the distribution of tableware. After the group completed the pre - dinner preparations, they entered the dining process. After the meal, the group cooperated to put the remaining pizza in the refrigerator."
        },
        "choice_a": "(b)(c)(d)(a)",
        "choice_b": "(a)(b)(c)(d)",
        "choice_c": "(e)(f)(a)(b)",
        "choice_d": "(c)(d)(a)(b)",
        "reason": "Group park visit (14:47-15:36, starts near 15:00) → Supermarket beverage purchase (15:37-15:40) → Video game arcade (15:47-16:29) → Dinner ingredient purchase (16:38-17:14).Options e (11:39-11:57) and f (11:58-12:20) are morning events (distractors). Correct order: a→b→c→d."
    },
    {
        "question_chinese": "时间段判断：A5_KATRINA在总结工作时写下序列：[超市饮料采购 → 电玩城游戏体验 → 晚餐食材超市采购]。她应标注的发生时间为？",
        "events_description_chinese": {
            "超市饮料采购": "A5_KATRINA与团队成员进入超市进行饮料选购，包含冰柜前挑选不同品牌饮品、结账台支付，最终团队携带采购物品离开超市继续行程。",
            "电玩城游戏体验": "团队进入电玩城后，团队成员购买游戏币，A5_KATRINA深度参与抓娃娃机挑战，观看并拍摄蓝色碎花外套男生打架子鼓，后续A5_KATRINA与蓝色碎花外套男生进行双人赛车游戏对战，并观察同伴游戏过程",
            "晚餐食材超市采购": "A5_KATRINA深度参与团体采购流程，包括冰柜区商品挑选（重点为肉类）、货架商品比对、工作人员咨询。A5_KATRINA与蓝色碎花外套男生、绿色外套女生等同伴协同完成商品分装。"
        },
        "choice_a_chinese": "DAY3: 15:30~17:15",
        "choice_b_chinese": "DAY3: 15:00~16:30",
        "choice_c_chinese": "DAY3: 16:00~17:00",
        "choice_d_chinese": "DAY3: 15:35~17:05",
        "answer": "A",
        "reason_chinese": "超市饮料采购（15:37:10-15:40:43）→ 电玩城游戏体验（15:47:50-16:29:21）→ 晚餐食材超市采购（16:38:40-17:14:00）。总时间跨度为15:37~17:14，选项A（15:30~17:15）以0/5结尾，且完整包含所有事件的开始与结束时间。",
        "question": "When summarizing her work, A5_KATRINA wrote the sequence: [Supermarket beverage purchase → Video game arcade experience → Dinner ingredient supermarket purchase]. What time range should she annotate?",
        "events_description": {
            "Supermarket beverage purchase": "A5_KATRINA and her team members entered the supermarket to select beverages, including choosing different brands of drinks in front of the freezer, paying at the checkout counter, and finally the team carried the purchased items and left the supermarket to continue their journey.",
            "Video game arcade experience": "After the team entered the video game arcade, team members bought game coins. A5_KATRINA actively participated in the claw machine challenge, watched and filmed a boy in a blue floral jacket playing the drums. Later, A5_KATRINA had a two - player racing game battle with the boy in the blue floral jacket and observed her teammates' gaming process.",
            "Dinner ingredient supermarket purchase": "A5_KATRINA actively participated in the group purchasing process, including selecting products in the freezer area (focusing on meat), comparing products on the shelves, and consulting the staff. A5_KATRINA and her teammates such as the boy in the blue floral jacket and the girl in the green jacket cooperated to complete the product packaging."
        },
        "choice_a": "DAY3: 15:30~17:15",
        "choice_b": "DAY3: 15:00~16:30",
        "choice_c": "DAY3: 16:00~17:00",
        "choice_d": "DAY3: 15:35~17:05",
        "reason": "Supermarket beverage purchase (15:37-15:40) → Video game arcade (15:47-16:29) → Dinner ingredient purchase (16:38-17:14).Total span: 15:37~17:14. Option A (15:30~17:15) ends with 0/5 and fully covers all event timings."
    },
    {
        "question_chinese": "时间点对应：A5_KATRINA需为以下事件匹配时间段：[电玩城游戏体验 → 购物归来食材分拣与双楼层存储作业 → 草莓蛋糕制作]。时间选项：a. 14:47~15:36  b. 15:37~15:40  c. 15:47~16:29  d. 16:38~17:14  e. 18:05~18:14  f. 19:34~20:48  g. 21:03~22:34。你能帮助她吗？",
        "events_description_chinese": {
            "电玩城游戏体验": "团队进入电玩城后，团队成员购买游戏币，A5_KATRINA深度参与抓娃娃机挑战，观看并拍摄蓝色碎花外套男生打架子鼓，后续A5_KATRINA与蓝色碎花外套男生进行双人赛车游戏对战，并观察同伴游戏过程",
            "购物归来食材分拣与双楼层存储作业": "A5_KATRINA与团队成员傍晚返回住所，并在抵达后配合完成物资的卸车以及运送回住所。包含从车辆卸载购物袋、门禁系统操作、食材分类存储至一楼及二楼冰箱。涉及饮料/肉类/调味品等多品类食品的冷藏位置规划。",
            "草莓蛋糕制作": "白色外套女生、绿衣女生和粉衣男生协作制作草莓蛋糕。A5_KATRINA用手机多角度拍摄绿衣女生筛糖霜、粉衣男生摆放草莓的装饰过程。"
        },
        "choice_a_chinese": "1→c / 2→e / 3→g",
        "choice_b_chinese": "1→b / 2→d / 3→f",
        "choice_c_chinese": "1→a / 2→e / 3→f",
        "choice_d_chinese": "1→c / 2→d / 3→g",
        "answer": "A",
        "reason_chinese": "电玩城游戏体验（15:47:50-16:29:21）对应选项c；购物归来食材分拣与双楼层存储作业（18:05:18-18:14:30）对应选项e； 草莓蛋糕制作（21:03:15-22:34:13）对应选项g。",
        "question": "A5_KATRINA needs to match time periods for these events: [Video game arcade experience → Shopping return and ingredient sorting/storage → Strawberry cake making]. Time options: a. 14:47~15:36  b. 15:37~15:40  c. 15:47~16:29  d. 16:38~17:14  e. 17:14~18:14  f. 19:34~20:48  g. 21:03~22:34. Can you assist her?",
        "events_description": {
            "Video game arcade experience": "After the team entered the video game arcade, team members bought game coins. A5_KATRINA actively participated in the claw machine challenge, watched and filmed a boy in a blue floral jacket playing the drums. Later, A5_KATRINA had a two - player racing game battle with the boy in the blue floral jacket and observed her teammates' gaming process.",
            "Shopping return and ingredient sorting/storage": "In the evening, A5_KATRINA and her team members returned to their residence. After arrival, they cooperated to unload the supplies from the vehicle and transport them back to the residence. This included unloading shopping bags from the vehicle, operating the access control system, and classifying and storing the ingredients in the first - floor and second - floor refrigerators. It involved planning the refrigeration locations for various types of food such as beverages, meat, and seasonings.",
            "Strawberry cake making": "The girl in the white coat, the girl in the green coat, and the boy in the pink shirt collaborated to make a strawberry cake. A5_KATRINA used her mobile phone to take multi - angle pictures of the girl in the green coat sifting frosting and the boy in the pink shirt arranging strawberries for decoration."
        },
        "choice_a": "1→c / 2→e / 3→g",
        "choice_b": "1→b / 2→d / 3→f",
        "choice_c": "1→a / 2→e / 3→f",
        "choice_d": "1→c / 2→d / 3→g",
        "reason": "Video game arcade (15:47-16:29) matches c; Shopping return (18:05-18:14) matches e; Strawberry cake (21:03-22:34) matches g."
    },
    {
        "question_chinese": "前后事件预测：A5_KATRINA在完成“超市饮料采购”后，接下来发生的事件是？",
        "events_description_chinese": {
            "超市饮料采购": "A5_KATRINA与团队成员进入超市进行饮料选购，包含冰柜前挑选不同品牌饮品、结账台支付，最终团队携带采购物品离开超市继续行程。",
            "团体公园游玩": "天气晴朗，A5_KATRINA与团队成员前往西海子公园游玩散步，路过有鱼的池塘用午餐剩下的披萨喂鱼。团队成员在凉亭与运动的大爷交谈并学习大爷的健身器材。",
            "电玩城游戏体验": "团队进入电玩城后，团队成员购买游戏币，A5_KATRINA深度参与抓娃娃机挑战，观看并拍摄蓝色碎花外套男生打架子鼓，后续A5_KATRINA与蓝色碎花外套男生进行双人赛车游戏对战，并观察同伴游戏过程",
            "晚餐食材超市采购": "A5_KATRINA深度参与团体采购流程，包括冰柜区商品挑选（重点为肉类）、货架商品比对、工作人员咨询。A5_KATRINA与蓝色碎花外套男生、绿色外套女生等同伴协同完成商品分装。",
            "购物归来食材分拣与双楼层存储作业": "A5_KATRINA与团队成员傍晚返回住所，并在抵达后配合完成物资的卸车以及运送回住所。包含从车辆卸载购物袋、门禁系统操作、食材分类存储至一楼及二楼冰箱。涉及饮料/肉类/调味品等多品类食品的冷藏位置规划。",
            "烧烤晚宴准备工作": "A5_KATRINA深度参与食材预处理环节，包括草莓和蓝莓的清洗、调味料调配、洋葱切割等具体工序。A5_KATRINA协助白衣男生进行肉的腌制。团队成员协作准备食材。"
        },
        "choice_a_chinese": "团体公园游玩",
        "choice_b_chinese": "电玩城游戏体验",
        "choice_c_chinese": "晚餐食材超市采购",
        "choice_d_chinese": "烧烤晚宴准备工作",
        "answer": "B",
        "reason_chinese": "根据时间顺序，超市饮料采购（15:37:10-15:40:43）之后是电玩城游戏体验（15:47:50-16:29:21）。团体公园游玩发生在14:47-15:36（早于超市饮料采购），晚餐食材超市采购在16:38-17:14（晚于电玩城），烧烤晚宴准备工作在19:34之后，因此接下来直接发生的是电玩城游戏体验。",
        "question": "After completing Supermarket beverage purchase, what event did A5_KATRINA do next?",
        "events_description": {
            "Supermarket beverage purchase": "A5_KATRINA and her team members entered the supermarket to select beverages, including choosing different brands of drinks in front of the freezer, paying at the checkout counter, and finally the team carried the purchased items and left the supermarket to continue their journey.",
            "Group park visit": "On a sunny day, A5_KATRINA and her team members went to Xihaizi Park for a walk. They passed by a pond with fish and fed the fish with the remaining pizza from lunch. Team members talked with an old man doing exercise in the pavilion and learned how to use the fitness equipment from him.",
            "Video game arcade experience": "After the team entered the video game arcade, team members bought game coins. A5_KATRINA actively participated in the claw machine challenge, watched and filmed a boy in a blue floral jacket playing the drums. Later, A5_KATRINA had a two - player racing game battle with the boy in the blue floral jacket and observed her teammates' gaming process.",
            "Dinner ingredient supermarket purchase": "A5_KATRINA actively participated in the group purchasing process, including selecting products in the freezer area (focusing on meat), comparing products on the shelves, and consulting the staff. A5_KATRINA and her teammates such as the boy in the blue floral jacket and the girl in the green jacket cooperated to complete the product packaging.",
            "Shopping return and ingredient sorting/storage": "In the evening, A5_KATRINA and her team members returned to their residence. After arrival, they cooperated to unload the supplies from the vehicle and transport them back to the residence. This included unloading shopping bags from the vehicle, operating the access control system, and classifying and storing the ingredients in the first - floor and second - floor refrigerators. It involved planning the refrigeration locations for various types of food such as beverages, meat, and seasonings.",
            "Barbecue dinner preparation": "A5_KATRINA actively participated in the food pre - processing环节, including washing strawberries and blueberries, preparing seasonings, cutting onions and other specific processes. A5_KATRINA assisted the boy in the white shirt to marinate the meat. Team members collaborated to prepare the ingredients."
        },
        "choice_a": "Group park visit",
        "choice_b": "Video game arcade experience",
        "choice_c": "Dinner ingredient supermarket purchase",
        "choice_d": "Barbecue dinner preparation",
        "reason": "According to the timeline, Supermarket beverage purchase (15:37-15:40) is followed by Video game arcade experience (15:47-16:29). Group park visit occurred earlier (14:47-15:36), Dinner ingredient purchase later (16:38-17:14), and Barbecue prep much later (19:34+). The next immediate event is Video game arcade experience."
    },
    {
        "question_chinese": "错误纠正：A5_KATRINA描述连续动作为[购物归来食材分拣与双楼层存储作业 → 晚餐食材超市采购 → 烧烤晚宴准备工作]，但顺序错误。正确的序列和错误分析是？",
        "events_description_chinese": {
            "购物归来食材分拣与双楼层存储作业": "A5_KATRINA与团队成员傍晚返回住所，并在抵达后配合完成物资的卸车以及运送回住所。包含从车辆卸载购物袋、门禁系统操作、食材分类存储至一楼及二楼冰箱。涉及饮料/肉类/调味品等多品类食品的冷藏位置规划。",
            "晚餐食材超市采购": "A5_KATRINA深度参与团体采购流程，包括冰柜区商品挑选（重点为肉类）、货架商品比对、工作人员咨询。A5_KATRINA与蓝色碎花外套男生、绿色外套女生等同伴协同完成商品分装。",
            "烧烤晚宴准备工作": "A5_KATRINA深度参与食材预处理环节，包括草莓和蓝莓的清洗、调味料调配、洋葱切割等具体工序。A5_KATRINA协助白衣男生进行肉的腌制。团队成员协作准备食材。",
            "电玩城游戏体验": "团队进入电玩城后，团队成员购买游戏币，A5_KATRINA深度参与抓娃娃机挑战，观看并拍摄蓝色碎花外套男生打架子鼓，后续A5_KATRINA与蓝色碎花外套男生进行双人赛车游戏对战，并观察同伴游戏过程"
        },
        "choice_a_chinese": "正确：晚餐食材超市采购 → 购物归来食材分拣与双楼层存储作业 → 烧烤晚宴准备工作 错误原因：采购后需先存储食材再准备晚宴",
        "choice_b_chinese": "正确：购物归来食材分拣与双楼层存储作业 → 烧烤晚宴准备工作 → 晚餐食材超市采购 错误原因：完全颠倒采购与存储顺序",
        "choice_c_chinese": "正确：电玩城游戏体验 → 购物归来食材分拣与双楼层存储作业 → 烧烤晚宴准备工作 错误原因：插入无关游戏环节",
        "choice_d_chinese": "正确：晚餐食材超市采购 → 烧烤晚宴准备工作 → 购物归来食材分拣与双楼层存储作业 错误原因：遗漏存储环节直接准备晚宴",
        "answer": "A",
        "reason_chinese": "正确顺序应为晚餐食材超市采购（18:05:18-17:14:00）→ 购物归来食材分拣与双楼层存储作业（17:14:30-18:14:30）→ 烧烤晚宴准备工作（19:34:01-20:48:54）。A5_KATRINA的描述错误在于颠倒了“晚餐食材超市采购”与“购物归来食材分拣与双楼层存储作业”的顺序（需先采购再存储），且逻辑上存储后才能进行晚宴准备。选项A纠正了顺序错误。",
        "question": "A5_KATRINA described actions as [Shopping return and ingredient sorting/storage → Dinner ingredient supermarket purchase → Barbecue dinner preparation], but the order is wrong. What's the correct sequence and error analysis?",
        "events_description": {
            "Shopping return and ingredient sorting/storage": "In the evening, A5_KATRINA and her team members returned to their residence. After arrival, they cooperated to unload the supplies from the vehicle and transport them back to the residence. This included unloading shopping bags from the vehicle, operating the access control system, and classifying and storing the ingredients in the first - floor and second - floor refrigerators. It involved planning the refrigeration locations for various types of food such as beverages, meat, and seasonings.",
            "Dinner ingredient supermarket purchase": "A5_KATRINA actively participated in the group purchasing process, including selecting products in the freezer area (focusing on meat), comparing products on the shelves, and consulting the staff. A5_KATRINA and her teammates such as the boy in the blue floral jacket and the girl in the green jacket cooperated to complete the product packaging.",
            "Barbecue dinner preparation": "A5_KATRINA actively participated in the food pre - processing环节, including washing strawberries and blueberries, preparing seasonings, cutting onions and other specific processes. A5_KATRINA assisted the boy in the white shirt to marinate the meat. Team members collaborated to prepare the ingredients.",
            "Video game arcade experience": "After the team entered the video game arcade, team members bought game coins. A5_KATRINA actively participated in the claw machine challenge, watched and filmed a boy in a blue floral jacket playing the drums. Later, A5_KATRINA had a two - player racing game battle with the boy in the blue floral jacket and observed her teammates' gaming process."
        },
        "choice_a": "Correct: Dinner ingredient supermarket purchase → Shopping return and ingredient sorting/storage → Barbecue dinner preparation. Error: Storage should follow purchase before preparing dinner.",
        "choice_b": "Correct: Shopping return and ingredient sorting/storage → Barbecue dinner preparation → Dinner ingredient supermarket purchase. Error: Completely reversed purchase and storage order.",
        "choice_c": "Correct: Video game arcade experience → Shopping return and ingredient sorting/storage → Barbecue dinner preparation. Error: Inserted unrelated game activity.",
        "choice_d": "Correct: Dinner ingredient supermarket purchase → Barbecue dinner preparation → Shopping return and ingredient sorting/storage. Error: Omitted storage before preparation.",
        "reason": "The correct sequence is Dinner ingredient purchase (18:05-17:14) → Shopping return/storage (17:14-18:14) → Barbecue prep (19:34-20:48).Her description reversed the order of purchase and storage (storage must follow purchase) and lacked logical flow. Option A corrects the sequence."
    },
    {
        "question_chinese": "掩码预测：A5_KATRINA的日记中活动顺序记录不全：[超市饮料采购] → (?) → [晚餐食材超市采购] → (?) → [烧烤晚宴准备工作]。下列事件中哪些可以用于填补无法确认的部分？",
        "events_description_chinese": {
            "超市饮料采购": "A5_KATRINA与团队成员进入超市进行饮料选购，包含冰柜前挑选不同品牌饮品、结账台支付，最终团队携带采购物品离开超市继续行程。",
            "电玩城游戏体验": "团队进入电玩城后，团队成员购买游戏币，A5_KATRINA深度参与抓娃娃机挑战，观看并拍摄蓝色碎花外套男生打架子鼓，后续A5_KATRINA与蓝色碎花外套男生进行双人赛车游戏对战，并观察同伴游戏过程",
            "晚餐食材超市采购": "A5_KATRINA深度参与团体采购流程，包括冰柜区商品挑选（重点为肉类）、货架商品比对、工作人员咨询。A5_KATRINA与蓝色碎花外套男生、绿色外套女生等同伴协同完成商品分装。",
            "购物归来食材分拣与双楼层存储作业": "A5_KATRINA与团队成员傍晚返回住所，并在抵达后配合完成物资的卸车以及运送回住所。包含从车辆卸载购物袋、门禁系统操作、食材分类存储至一楼及二楼冰箱。涉及饮料/肉类/调味品等多品类食品的冷藏位置规划。",
            "烧烤晚宴准备工作": "A5_KATRINA深度参与食材预处理环节，包括草莓和蓝莓的清洗、调味料调配、洋葱切割等具体工序。A5_KATRINA协助白衣男生进行肉的腌制。团队成员协作准备食材。"
        },
        "choice_a_chinese": "电玩城游戏体验 / 购物归来食材分拣与双楼层存储作业",
        "choice_b_chinese": "团体公园游玩 / 购物归来食材分拣与双楼层存储作业",
        "choice_c_chinese": "超市饮料采购 / 电玩城游戏体验",
        "choice_d_chinese": "水品牌盲猜游戏 / 披萨午餐筹备与集体用餐",
        "answer": "A",
        "reason_chinese": "超市饮料采购（15:37:10 - 15:40:43）之后是电玩城游戏体验（15:47:50 - 16:29:21），晚餐食材超市采购（16:38:40 - 17:14:00）之后是购物归来食材分拣与双楼层存储作业（18:05:18 - 18:14:30），最后是烧烤晚宴准备工作（19:34:01 - 20:48:54）。选项B中的“团体公园游玩”时间在“超市饮料采购”之前；选项C中第一个空填“超市饮料采购”逻辑重复；选项D中的“水品牌盲猜游戏”和“披萨午餐筹备”为上午事件（11:39 - 12:20），均属干扰项，正确填补为选项A。",
        "question": "A5_KATRINA's diary has an incomplete record of the activity order: [Supermarket beverage purchase] → (?) → [Dinner ingredient supermarket purchase] → (?) → [Barbecue dinner preparation]. Which events can fill in the blanks?",
        "events_description": {
            "Supermarket beverage purchase": "A5_KATRINA and her team members entered the supermarket to select beverages, including choosing different brands of drinks in front of the freezer, paying at the checkout counter, and finally the team carried the purchased items and left the supermarket to continue their journey.",
            "Video game arcade experience": "After the team entered the video game arcade, team members bought game coins. A5_KATRINA actively participated in the claw machine challenge, watched and filmed a boy in a blue floral jacket playing the drums. Later, A5_KATRINA had a two - player racing game battle with the boy in the blue floral jacket and observed her teammates' gaming process.",
            "Dinner ingredient supermarket purchase": "A5_KATRINA actively participated in the group purchasing process, including selecting products in the freezer area (focusing on meat), comparing products on the shelves, and consulting the staff. A5_KATRINA and her teammates such as the boy in the blue floral jacket and the girl in the green jacket cooperated to complete the product packaging.",
            "Shopping return and ingredient sorting/storage": "In the evening, A5_KATRINA and her team members returned to their residence. After arrival, they cooperated to unload the supplies from the vehicle and transport them back to the residence. This included unloading shopping bags from the vehicle, operating the access control system, and classifying and storing the ingredients in the first - floor and second - floor refrigerators. It involved planning the refrigeration locations for various types of food such as beverages, meat, and seasonings.",
            "Barbecue dinner preparation": "A5_KATRINA actively participated in the food pre - processing环节, including washing strawberries and blueberries, preparing seasonings, cutting onions and other specific processes. A5_KATRINA assisted the boy in the white shirt to marinate the meat. Team members collaborated to prepare the ingredients."
        },
        "choice_a": " Video game arcade experience / Shopping return and ingredient sorting/storage.",
        "choice_b": " Group park visit / Shopping return and ingredient sorting/storage.",
        "choice_c": " Supermarket beverage purchase / Video game arcade experience.",
        "choice_d": " Water brand blind game / Pizza lunch preparation and collective dining.",
        "reason": "Supermarket beverage purchase (15:37 - 15:40) is followed by Video game arcade experience (15:47 - 16:29), then Dinner ingredient purchase (16:38 - 17:14), followed by Shopping return/storage (18:05 - 18:14), and finally Barbecue prep (19:34 - 20:48). Option B's 'Group park visit' occurs before 'Supermarket beverage purchase'; Option C's first blank filled with 'Supermarket beverage purchase' is a logical repetition; Option D includes morning events (11:39 - 12:20) as distractors. The correct filling is option A."
    }
]