[
    {
        "question_chinese": "Base 事件排序：A5_KATRINA忘记了自己在DAY7下午12:00到15:00之间所经历的事件（备选项：a、集体用餐；b、跨场景家庭视频通话及居住环境展示；c、个人行李整理与房间恢复；d、庭院餐桌与厨房整理；e、吃西瓜与社交互动），如果让你来对这期间发生的事件进行排序，那么正确顺序是？",
        "events_description_chinese": {
            "集体用餐": "室外庭院桌上摆好了外卖，A5_KATRINA从厨房柜中取出筷子和盘子拿到室外庭院桌上，盛入米饭开始吃午餐，并与大家聊天。",
            "跨场景家庭视频通话及居住环境展示": "A5_KATRINA在餐桌旁开始与家人视频通话，随后离开餐桌，通过手机镜头向家人展示了房屋的一、二楼房间、厨房、楼梯间等区域。并向家人介绍主题房间装饰细节。",
            "个人行李整理与房间恢复": "A5_KATRINA整理个人物品，包括整理小沙发、多次尝试关闭行李箱、整理床铺和桌面，并确保房间恢复原状。",
            "庭院餐桌与厨房整理": "A5_KATRINA协助黑色连衣裙女生清理庭院餐桌，搬运餐具至厨房，观察到黑色连衣裙女生和黄衣男生持续在庭院内收拾。后黑色连衣裙女生回到厨房收拾。",
            "吃西瓜与社交互动": "在傍晚，A5_KATRINA在客厅、庭院和厨房区域与参与者们共享西瓜，期间多次拍摄庭院白猫，A5_KATRINA查看冰箱内剩余物品。观察到蓝色外套男生与女友互动、黄衣男生搬运物品等细节。"
        },
        "choice_a_chinese": "(a)(b)(c)(d)",
        "choice_b_chinese": "(b)(a)(c)(d)",
        "choice_c_chinese": "(e)(a)(b)(c)",
        "choice_d_chinese": "(c)(d)(a)(b)",
        "answer": "A",
        "reason_chinese": "集体用餐（12:02:28 - 12:50:08）→ 跨场景家庭视频通话及居住环境展示（12:36:39 - 13:19:43）→ 个人行李整理与房间恢复（13:58:29 - 14:04:25）→ 庭院餐桌与厨房整理（14:12:08 - 14:18:54）。选项e为傍晚事件，属干扰项，正确顺序为a→b→c→d。",
        "question": "A5_KATRINA forgot the events she experienced between 12:00 pm and 3:00 pm on DAY7 (a. Group dining; b. Cross - scene family video call and living environment display; c. Personal luggage packing and room restoration; d. Courtyard table and kitchen cleaning; e. Eating watermelon and social interaction). What is the correct order?",
        "events_description": {
            "Group dining": "Takeout was placed on the outdoor courtyard table. A5_KATRINA took chopsticks and plates from the kitchen cabinet to the outdoor courtyard table, filled the rice and started having lunch, and chatted with everyone.",
            "Cross - scene family video call and living environment display": "A5_KATRINA started a video call with her family at the dining table. Then she left the table and showed the first - and second - floor rooms, kitchen, staircase and other areas of the house to her family through the phone camera. She also introduced the decorative details of the theme rooms to her family.",
            "Personal luggage packing and room restoration": "A5_KATRINA packed her personal items, including tidying up the small sofa, trying to close the suitcase several times, tidying up the bed and the desktop, and ensuring that the room was restored to its original state.",
            "Courtyard table and kitchen cleaning": "A5_KATRINA assisted the girl in the black dress to clean the courtyard table, carried the tableware to the kitchen, and observed that the girl in the black dress and the boy in the yellow clothes continued to tidy up in the courtyard. Then the girl in the black dress returned to the kitchen to tidy up.",
            "Eating watermelon and social interaction": "In the evening, A5_KATRINA shared watermelon with the participants in the living room, courtyard and kitchen areas. During this period, she took pictures of the courtyard white cat several times. A5_KATRINA checked the remaining items in the refrigerator. She observed details such as the interaction between the boy in the blue coat and his girlfriend, and the boy in the yellow clothes carrying items."
        },
        "choice_a": "(a)(b)(c)(d)",
        "choice_b": "(b)(a)(c)(d)",
        "choice_c": "(e)(a)(b)(c)",
        "choice_d": "(c)(d)(a)(b)",
        "reason": "Group dining (12:02 - 12:50) → Cross - scene family video call (12:36 - 13:19) → Personal luggage packing (13:58 - 14:04) → Courtyard table and kitchen cleaning (14:12 - 14:18). Option e is an evening event (distractor). Correct order: a→b→c→d."
    },
    {
        "question_chinese": "时间段判断：A5_KATRINA在总结工作时写下序列：[个人行李整理与房间恢复 → 庭院餐桌与厨房整理 → 吃西瓜与社交互动]。她应标注的发生时间为？",
        "events_description_chinese": {
            "个人行李整理与房间恢复": "A5_KATRINA整理个人物品，包括整理小沙发、多次尝试关闭行李箱、整理床铺和桌面，并确保房间恢复原状。",
            "庭院餐桌与厨房整理": "A5_KATRINA协助黑色连衣裙女生清理庭院餐桌，搬运餐具至厨房，观察到黑色连衣裙女生和黄衣男生持续在庭院内收拾。后黑色连衣裙女生回到厨房收拾。",
            "吃西瓜与社交互动": "在傍晚，A5_KATRINA在客厅、庭院和厨房区域与参与者们共享西瓜，期间多次拍摄庭院白猫，A5_KATRINA查看冰箱内剩余物品。观察到蓝色外套男生与女友互动、黄衣男生搬运物品等细节。"
        },
        "choice_a_chinese": "DAY7: 13:50~17:55",
        "choice_b_chinese": "DAY7: 13:55~17:50",
        "choice_c_chinese": "DAY7: 14:00~17:55",
        "choice_d_chinese": "DAY7: 13:58~17:50",
        "answer": "A",
        "reason_chinese": "个人行李整理与房间恢复（13:58:29 - 14:04:25）→ 庭院餐桌与厨房整理（14:12:08 - 14:18:54）→ 吃西瓜与社交互动（17:31:03 - 17:55:18）。总时间跨度为13:58~17:55，选项A（13:50~17:55）以0结尾，且完整包含所有事件的开始与结束时间。",
        "question": "When summarizing her work, A5_KATRINA wrote the sequence: [Personal luggage packing and room restoration → Courtyard table and kitchen cleaning → Watermelon - eating and social interaction]. What time range should she annotate?",
        "events_description": {
        "Personal luggage packing and room restoration": "A5_KATRINA packed her personal items, including tidying up the small sofa, trying to close the suitcase several times, tidying up the bed and the desktop, and ensuring that the room was restored to its original state.",
        "Courtyard table and kitchen cleaning": "A5_KATRINA assisted the girl in the black dress to clean the courtyard table, carried the tableware to the kitchen, and observed that the girl in the black dress and the boy in the yellow clothes continued to tidy up in the courtyard. Then the girl in the black dress returned to the kitchen to tidy up.",
        "Watermelon - eating and social interaction": "In the evening, A5_KATRINA shared watermelons with other participants in the living - room, courtyard and kitchen areas. During this time, she took many pictures of the courtyard white cat and checked the remaining items in the refrigerator. She also observed details such as the interaction between the boy in the blue jacket and his girlfriend, and the boy in the yellow clothes carrying items."
        },
            "choice_a": "DAY7: 13:50~17:55",
            "choice_b": "DAY7: 13:55~17:50",
            "choice_c": "DAY7: 14:00~17:55",
            "choice_d": "DAY7: 13:58~17:50",
            "reason": "Personal luggage packing (13:58 - 14:04) → Courtyard table and kitchen cleaning (14:12 - 14:18) → Watermelon - eating and social interaction (17:31 - 17:55). Total span: 13:58~17:55. Option A (13:50~17:55) ends with 0 and fully covers all event timings."
    },
    {
        "question_chinese": "时间点对应：A5_KATRINA需为以下事件匹配时间段：[跨场景家庭视频通话及居住环境展示 → 个人行李整理与房间恢复 → 吃西瓜与社交互动]。时间选项：a. 12:02~12:50  b. 12:36~13:20  c. 13:58~14:05  d. 14:12~14:19  e. 17:31~17:56  f. 18:08~18:33  g. 21:15~22:10。你能帮助她吗？",
        "events_description_chinese": {
            "跨场景家庭视频通话及居住环境展示": "A5_KATRINA在餐桌旁开始与家人视频通话，随后离开餐桌，通过手机镜头向家人展示了房屋的一、二楼房间、厨房、楼梯间等区域。并向家人介绍主题房间装饰细节。",
            "个人行李整理与房间恢复": "A5_KATRINA整理个人物品，包括整理小沙发、多次尝试关闭行李箱、整理床铺和桌面，并确保房间恢复原状。",
            "吃西瓜与社交互动": "在傍晚，A5_KATRINA在客厅、庭院和厨房区域与参与者们共享西瓜，期间多次拍摄庭院白猫，A5_KATRINA查看冰箱内剩余物品。观察到蓝色外套男生与女友互动、黄衣男生搬运物品等细节。"
        },
        "choice_a_chinese": "1→b / 2→c / 3→e",
        "choice_b_chinese": "1→a / 2→d / 3→f",
        "choice_c_chinese": "1→b / 2→d / 3→e",
        "choice_d_chinese": "1→a / 2→c / 3→g",
        "answer": "A",
        "reason_chinese": "跨场景家庭视频通话及居住环境展示（12:36:39 - 13:19:43）对应选项b；个人行李整理与房间恢复（13:58:29 - 14:04:25）对应选项c； 吃西瓜与社交互动（17:31:03 - 17:55:18）对应选项e。",
        "question": "A5_KATRINA needs to match time periods for these events: [Cross - scene family video call and living environment display → Personal luggage packing and room restoration → Eating watermelon and social interaction]. Time options: a. 12:02~12:50  b. 12:36~13:20  c. 13:58~14:05  d. 14:12~14:19  e. 17:31~17:56  f. 18:08~18:33  g. 21:15~22:10. Can you assist her?",
        "events_description": {
            "Cross - scene family video call and living environment display": "A5_KATRINA started a video call with her family at the dining table. Then she left the table and showed the first - and second - floor rooms, kitchen, staircase and other areas of the house to her family through the phone camera. She also introduced the decorative details of the theme rooms to her family.",
            "Personal luggage packing and room restoration": "A5_KATRINA packed her personal items, including tidying up the small sofa, trying to close the suitcase several times, tidying up the bed and the desktop, and ensuring that the room was restored to its original state.",
            "Eating watermelon and social interaction": "In the evening, A5_KATRINA shared watermelon with the participants in the living room, courtyard and kitchen areas. During this period, she took pictures of the courtyard white cat several times. A5_KATRINA checked the remaining items in the refrigerator. She observed details such as the interaction between the boy in the blue coat and his girlfriend, and the boy in the yellow clothes carrying items."
        },
        "choice_a": "1→b / 2→c / 3→e",
        "choice_b": "1→a / 2→d / 3→f",
        "choice_c": "1→b / 2→d / 3→e",
        "choice_d": "1→a / 2→c / 3→g",
        "reason": "Cross - scene family video call (12:36 - 13:19) matches b; Personal luggage packing (13:58 - 14:04) matches c; Eating watermelon (17:31 - 17:55) matches e."
    },
    {
        "question_chinese": "前后事件预测：A5_KATRINA在完成“个人行李整理与房间恢复”后，接下来发生的事件是？",
        "events_description_chinese": {
            "个人行李整理与房间恢复": "A5_KATRINA整理个人物品，包括整理小沙发、多次尝试关闭行李箱、整理床铺和桌面，并确保房间恢复原状。",
            "庭院餐桌与厨房整理": "A5_KATRINA协助黑色连衣裙女生清理庭院餐桌，搬运餐具至厨房，观察到黑色连衣裙女生和黄衣男生持续在庭院内收拾。后黑色连衣裙女生回到厨房收拾。",
            "吃西瓜与社交互动": "在傍晚，A5_KATRINA在客厅、庭院和厨房区域与参与者们共享西瓜，期间多次拍摄庭院白猫，A5_KATRINA查看冰箱内剩余物品。观察到蓝色外套男生与女友互动、黄衣男生搬运物品等细节。",
            "在线商品选购": "A5_KATRINA在淘宝持续浏览并比较商品款式，寻找心仪物品，期间多次切换应用仔细查看商品信息。",
            "外卖协同订购与消费核算": "A5_KATRINA与牛仔外套女生、黄衣男生等室友共同讨论晚餐选择，通过多平台比价完成外卖下单。"
        },
        "choice_a_chinese": "庭院餐桌与厨房整理",
        "choice_b_chinese": "吃西瓜与社交互动",
        "choice_c_chinese": "在线商品选购",
        "choice_d_chinese": "外卖协同订购与消费核算",
        "answer": "A",
        "reason_chinese": "根据时间顺序，个人行李整理与房间恢复（13:58:29 - 14:04:25）之后是庭院餐桌与厨房整理（14:12:08 - 14:18:54）。吃西瓜与社交互动、在线商品选购、外卖协同订购与消费核算均发生在更晚的时间，因此接下来直接发生的是庭院餐桌与厨房整理。",
        "question": "After completing Personal luggage packing and room restoration, what event did A5_KATRINA do next?",
        "events_description": {
            "Personal luggage packing and room restoration": "A5_KATRINA packed her personal items, including tidying up the small sofa, trying to close the suitcase several times, tidying up the bed and the desktop, and ensuring that the room was restored to its original state.",
            "Courtyard table and kitchen cleaning": "A5_KATRINA assisted the girl in the black dress to clean the courtyard table, carried the tableware to the kitchen, and observed that the girl in the black dress and the boy in the yellow clothes continued to tidy up in the courtyard. Then the girl in the black dress returned to the kitchen to tidy up.",
            "Eating watermelon and social interaction": "In the evening, A5_KATRINA shared watermelon with the participants in the living room, courtyard and kitchen areas. During this period, she took pictures of the courtyard white cat several times. A5_KATRINA checked the remaining items in the refrigerator. She observed details such as the interaction between the boy in the blue coat and his girlfriend, and the boy in the yellow clothes carrying items.",
            "Online product selection": "A5_KATRINA continuously browsed and compared product styles on Taobao to find her favorite items. During this period, she switched applications several times to carefully view product information.",
            "Takeout collaborative ordering and consumption accounting": "A5_KATRINA discussed dinner options with her roommates such as the girl in the denim jacket and the boy in the yellow clothes, and completed the takeout order through multi - platform price comparison."
        },
        "choice_a": "Courtyard table and kitchen cleaning",
        "choice_b": "Eating watermelon and social interaction",
        "choice_c": "Online product selection",
        "choice_d": "Takeout collaborative ordering and consumption accounting",
        "reason": "According to the timeline, Personal luggage packing (13:58 - 14:04) is followed by Courtyard table and kitchen cleaning (14:12 - 14:18). Eating watermelon, online product selection and takeout ordering occur later. The next immediate event is Courtyard table and kitchen cleaning."
    },
    {
        "question_chinese": "错误纠正：A5_KATRINA描述连续动作为[吃西瓜与社交互动 → 在线商品选购 → 集体用餐]，但顺序错误。正确的序列和错误分析是？",
        "events_description_chinese": {
            "吃西瓜与社交互动": "在傍晚，A5_KATRINA在客厅、庭院和厨房区域与参与者们共享西瓜，期间多次拍摄庭院白猫，A5_KATRINA查看冰箱内剩余物品。观察到蓝色外套男生与女友互动、黄衣男生搬运物品等细节。",
            "在线商品选购": "A5_KATRINA在淘宝持续浏览并比较商品款式，寻找心仪物品，期间多次切换应用仔细查看商品信息。",
            "集体用餐": "室外庭院桌上摆好了外卖，A5_KATRINA从厨房柜中取出筷子和盘子拿到室外庭院桌上，盛入米饭开始吃午餐，并与大家聊天。"
        },
        "choice_a_chinese": "正确：集体用餐 → 吃西瓜与社交互动 → 在线商品选购 错误原因：集体用餐是午餐，应在傍晚活动之前",
        "choice_b_chinese": "正确：吃西瓜与社交互动 → 集体用餐 → 在线商品选购 错误原因：集体用餐应在吃西瓜之后",
        "choice_c_chinese": "正确：在线商品选购 → 吃西瓜与社交互动 → 集体用餐 错误原因：集体用餐应在最后",
        "choice_d_chinese": "正确：集体用餐 → 在线商品选购 → 吃西瓜与社交互动 错误原因：吃西瓜应在在线商品选购之后",
        "answer": "A",
        "reason_chinese": "正确顺序应为集体用餐（12:02:28 - 12:50:08）→ 吃西瓜与社交互动（17:31:03 - 17:55:18）→ 在线商品选购（17:55:22 - 18:01:29）。A5_KATRINA的描述错误在于颠倒了集体用餐的顺序，集体用餐是午餐，应在傍晚活动之前。选项A纠正了顺序错误。",
        "question": "A5_KATRINA described actions as [Eating watermelon and social interaction → Online product selection → Group dining], but the order is wrong. What's the correct sequence and error analysis?",
        "events_description": {
            "Eating watermelon and social interaction": "In the evening, A5_KATRINA shared watermelon with the participants in the living room, courtyard and kitchen areas. During this period, she took pictures of the courtyard white cat several times. A5_KATRINA checked the remaining items in the refrigerator. She observed details such as the interaction between the boy in the blue coat and his girlfriend, and the boy in the yellow clothes carrying items.",
            "Online product selection": "A5_KATRINA continuously browsed and compared product styles on Taobao to find her favorite items. During this period, she switched applications several times to carefully view product information.",
            "Group dining": "Takeout was placed on the outdoor courtyard table. A5_KATRINA took chopsticks and plates from the kitchen cabinet to the outdoor courtyard table, filled the rice and started having lunch, and chatted with everyone."
        },
        "choice_a": "Correct: Group dining → Eating watermelon and social interaction → Online product selection. Error: Group dining is lunch and should be before evening activities.",
        "choice_b": "Correct: Eating watermelon and social interaction → Group dining → Online product selection. Error: Group dining should be after eating watermelon.",
        "choice_c": "Correct: Online product selection → Eating watermelon and social interaction → Group dining. Error: Group dining should be last.",
        "choice_d": "Correct: Group dining → Online product selection → Eating watermelon and social interaction. Error: Eating watermelon should be after online product selection.",
        "reason": "The correct sequence is Group dining (12:02 - 12:50) → Eating watermelon (17:31 - 17:55) → Online product selection (17:55 - 18:01). Her description reversed the order of group dining. Group dining is lunch and should be before evening activities. Option A corrects the sequence."
    },
    {
        "question_chinese": "掩码预测：A5_KATRINA的日记中活动顺序记录不全：[个人行李整理与房间恢复] → (?) → [吃西瓜与社交互动] → (?) → [外卖协同订购与消费核算]。下列事件中哪些可以用于填补无法确认的部分？",
        "events_description_chinese": {
            "个人行李整理与房间恢复": "A5_KATRINA整理个人物品，包括整理小沙发、多次尝试关闭行李箱、整理床铺和桌面，并确保房间恢复原状。",
            "庭院餐桌与厨房整理": "A5_KATRINA协助黑色连衣裙女生清理庭院餐桌，搬运餐具至厨房，观察到黑色连衣裙女生和黄衣男生持续在庭院内收拾。后黑色连衣裙女生回到厨房收拾。",
            "吃西瓜与社交互动": "在傍晚，A5_KATRINA在客厅、庭院和厨房区域与参与者们共享西瓜，期间多次拍摄庭院白猫，A5_KATRINA查看冰箱内剩余物品。观察到蓝色外套男生与女友互动、黄衣男生搬运物品等细节。",
            "在线商品选购": "A5_KATRINA在淘宝持续浏览并比较商品款式，寻找心仪物品，期间多次切换应用仔细查看商品信息。",
            "外卖协同订购与消费核算": "A5_KATRINA与牛仔外套女生、黄衣男生等室友共同讨论晚餐选择，通过多平台比价完成外卖下单。"
        },
        "choice_a_chinese": "庭院餐桌与厨房整理 / 在线商品选购",
        "choice_b_chinese": "集体用餐 / 在线商品选购",
        "choice_c_chinese": "庭院餐桌与厨房整理 / 个人行李整理与房间恢复",
        "choice_d_chinese": "跨场景家庭视频通话及居住环境展示 / 吃西瓜与社交互动",
        "answer": "A",
        "reason_chinese": "个人行李整理与房间恢复（13:58:29 - 14:04:25）之后是庭院餐桌与厨房整理（14:12:08 - 14:18:54），吃西瓜与社交互动（17:31:03 - 17:55:18）之后是在线商品选购（17:55:22 - 18:01:29），最后是外卖协同订购与消费核算（18:08:29 - 18:32:26）。选项B中的“集体用餐”时间在“个人行李整理与房间恢复”之前；选项C中第二个空填“个人行李整理与房间恢复”逻辑重复；选项D中的“跨场景家庭视频通话及居住环境展示”时间在“个人行李整理与房间恢复”之前，且第二个空填“吃西瓜与社交互动”逻辑重复，均属干扰项，正确填补为选项A。",
        "question": "A5_KATRINA's diary has an incomplete record of the activity order: [Personal luggage packing and room restoration] → (?) → [Eating watermelon and social interaction] → (?) → [Takeout collaborative ordering and consumption accounting]. Which events can fill in the blanks?",
        "events_description": {
            "Personal luggage packing and room restoration": "A5_KATRINA packed her personal items, including tidying up the small sofa, trying to close the suitcase several times, tidying up the bed and the desktop, and ensuring that the room was restored to its original state.",
            "Courtyard table and kitchen cleaning": "A5_KATRINA assisted the girl in the black dress to clean the courtyard table, carried the tableware to the kitchen, and observed that the girl in the black dress and the boy in the yellow clothes continued to tidy up in the courtyard. Then the girl in the black dress returned to the kitchen to tidy up.",
            "Eating watermelon and social interaction": "In the evening, A5_KATRINA shared watermelon with the participants in the living room, courtyard and kitchen areas. During this period, she took pictures of the courtyard white cat several times. A5_KATRINA checked the remaining items in the refrigerator. She observed details such as the interaction between the boy in the blue coat and his girlfriend, and the boy in the yellow clothes carrying items.",
            "Online product selection": "A5_KATRINA continuously browsed and compared product styles on Taobao to find her favorite items. During this period, she switched applications several times to carefully view product information.",
            "Takeout collaborative ordering and consumption accounting": "A5_KATRINA discussed dinner options with her roommates such as the girl in the denim jacket and the boy in the yellow clothes, and completed the takeout order through multi - platform price comparison."
        },
        "choice_a": " Courtyard table and kitchen cleaning / Online product selection.",
        "choice_b": " Group dining / Online product selection.",
        "choice_c": " Courtyard table and kitchen cleaning / Personal luggage packing and room restoration.",
        "choice_d": " Cross - scene family video call and living environment display / Eating watermelon and social interaction.",
        "reason": "Personal luggage packing and room restoration (13:58 - 14:04) is followed by Courtyard table and kitchen cleaning (14:12 - 14:18), then Eating watermelon (17:31 - 17:55), followed by Online product selection (17:55 - 18:01), and finally Takeout ordering (18:08 - 18:32). Option B's 'Group dining' occurs before 'Personal luggage packing and room restoration'; Option C's second blank filled with 'Personal luggage packing and room restoration' is a logical repetition; Option D includes events that occur before 'Personal luggage packing and room restoration' and a logical repetition. The correct filling is option A."
    }
]