[
    {
        "question_chinese": "Base 事件排序：A5_KATRINA忘记了自己在DAY4下午16:00到18:00之间所经历的事件（备选项：a、压花装饰品制作；b、固体香薰灯安装调试；c、团队成员听黑衣男生弹吉他唱歌；d、团队成员吃午饭），如果让你来对这期间发生的事件进行排序，那么正确顺序是？",
        "events_description_chinese": {
            "压花装饰品制作": "A5_KATRINA跟团队成员检查之前的压花成果，随后与牛仔外套女生讨论压花形态，A5_KATRINA在玄关拆解包含贴纸、卡片、胶水等物品的快递包裹，观看视频教程，随后将压好的花贴入贴纸中。然后进行新一轮压花。午休完后黑衣女生和蓝衣男生来协助A5_KATRINA压花",
            "固体香薰灯安装调试": "A5_KATRINA给固体香薰滴入精油，然后将香薰与底座相连，并插上电线。随后在客厅插排区域反复测试电路连接。",
            "团队成员听黑衣男生弹吉他唱歌": "傍晚，团队成员在庭院遮阳伞下围坐，听黑衣男生弹吉他唱歌。",
            "团队成员吃午饭": "A5_KATRINA与团队成员共同拆开外卖包装盒，黑裙子女生清点人数并拿碗。然后团队成员吃外卖水饺。"
        },
        "choice_a_chinese": "(a)(b)(c)",
        "choice_b_chinese": "(d)(a)(b)",
        "choice_c_chinese": "(b)(c)(a)",
        "choice_d_chinese": "(a)(c)(b)",
        "answer": "A",
        "reason_chinese": "压花装饰品制作（11:50:09 - 16:29:19）→ 固体香薰灯安装调试（16:26:00 - 16:35:30）→ 团队成员听黑衣男生弹吉他唱歌（17:10:09 - 17:40:29）。选项d为中午事件，属干扰项，正确顺序为a→b→c。",
        "question": "A5_KATRINA forgot the events she experienced between 4:00 pm and 6:00 pm on DAY4 (a. Embellishment production with pressed flowers; b. Installation and debugging of solid aroma lamp; c. Team members listening to the black - clothed boy playing the guitar and singing; d. Team members having lunch). What is the correct order?",
        "events_description": {
            "Embellishment production with pressed flowers": "A5_KATRINA and her team members checked the previous pressed flower results, then discussed the pressed flower forms with the girl in the denim jacket. A5_KATRINA unpacked an express package containing stickers, cards, glue and other items at the entrance, watched video tutorials, and then pasted the pressed flowers into the stickers. Then she started a new round of pressing flowers. After lunch break, the black - clothed girl and the blue - clothed boy came to assist A5_KATRINA with pressing flowers.",
            "Installation and debugging of solid aroma lamp": "A5_KATRINA dropped essential oil into the solid aroma, then connected the aroma to the base and plugged in the wire. Then she repeatedly tested the circuit connection in the socket area of the living room.",
            "Team members listening to the black - clothed boy playing the guitar and singing": "In the evening, team members sat around under the parasol in the courtyard, listening to the black - clothed boy playing the guitar and singing.",
            "Team members having lunch": "A5_KATRINA and her team members jointly unpacked the take - out boxes. The girl in the black skirt counted the number of people and got the bowls. Then the team members ate take - out dumplings."
        },
        "choice_a": "(a)(b)(c)",
        "choice_b": "(d)(a)(b)",
        "choice_c": "(b)(c)(a)",
        "choice_d": "(a)(c)(b)",
        "reason": "Embellishment production with pressed flowers (11:50:09 - 16:29:19) → Installation and debugging of solid aroma lamp (16:26:00 - 16:35:30) → Team members listening to the black - clothed boy playing the guitar and singing (17:10:09 - 17:40:29). Option d is a noon event (distractor). Correct order: a→b→c."
    },
    {
        "question_chinese": "时间段判断：A5_KATRINA在总结工作时写下序列：[厨房餐具清洁和吃早餐 → 压花装饰品制作 → 固体香薰灯安装调试 → 团队成员听黑衣男生弹吉他唱歌]。她应标注的发生时间为？",
        "events_description_chinese": {
            "厨房餐具清洁和吃早餐": "早上，A5_KATRINA在厨房持续进行餐具清洁工作，包括清洗杯子、锅具、砧板等餐具，整理橱柜物品，处理厨房垃圾，最后用抹布擦拭台面。其余成员吃早餐，A5_KATRINA洗完碗后也开始吃早餐，期间白色衬衫女生清扫了地面。",
            "压花装饰品制作": "A5_KATRINA跟团队成员检查之前的压花成果，随后与牛仔外套女生讨论压花形态，A5_KATRINA在玄关拆解包含贴纸、卡片、胶水等物品的快递包裹，观看视频教程，随后将压好的花贴入贴纸中。然后进行新一轮压花。午休完后黑衣女生和蓝衣男生来协助A5_KATRINA压花",
            "固体香薰灯安装调试": "A5_KATRINA给固体香薰滴入精油，然后将香薰与底座相连，并插上电线。随后在客厅插排区域反复测试电路连接。",
            "团队成员听黑衣男生弹吉他唱歌": "傍晚，团队成员在庭院遮阳伞下围坐，听黑衣男生弹吉他唱歌。"
        },
        "choice_a_chinese": "DAY4: 11:00~17:45",
        "choice_b_chinese": "DAY4: 11:10~17:30",
        "choice_c_chinese": "DAY4: 11:05~17:40",
        "choice_d_chinese": "DAY4: 10:55~17:50",
        "answer": "A",
        "reason_chinese": "厨房餐具清洁和吃早餐（11:05:01 - 11:43:19）→ 压花装饰品制作（11:50:09 - 16:29:19）→ 固体香薰灯安装调试（16:26:00 - 16:35:30）→ 团队成员听黑衣男生弹吉他唱歌（17:10:09 - 17:40:29）。总时间跨度为11:05~17:40，选项A（11:00~17:45）以0/5结尾，且完整包含所有事件的开始与结束时间。",
        "question": "When summarizing her work, A5_KATRINA wrote the sequence: [Kitchen tableware cleaning and having breakfast → Making pressed - flower decorations → Installation and debugging of solid aroma lamp → Team members listening to the black - clothed boy playing the guitar and singing]. What time range should she annotate?",
        "events_description": {
            "Kitchen tableware cleaning and having breakfast": "In the morning, A5_KATRINA continuously cleaned the tableware in the kitchen, including washing cups, pots, chopping boards and other tableware, organizing cabinet items, disposing of kitchen garbage, and finally wiping the countertop with a rag. The other members had breakfast, and A5_KATRINA started having breakfast after washing the dishes. During this period, the girl in the white shirt swept the floor.",
            "Making pressed - flower decorations": "A5_KATRINA and her team members checked the previous pressed - flower results, then discussed the pressed - flower forms with the girl in the denim jacket. A5_KATRINA unpacked an express package containing stickers, cards, glue and other items at the entrance, watched a video tutorial, and then pasted the pressed flowers into the stickers. Then a new round of pressing flowers was carried out. After the lunch break, the girl in the black clothes and the boy in the blue clothes came to assist A5_KATRINA in pressing flowers.",
            "Installation and debugging of solid aroma lamp": "A5_KATRINA dropped essential oil into the solid aroma, then connected the aroma to the base and plugged in the wire. Then she repeatedly tested the circuit connection in the socket area of the living room.",
            "Team members listening to the black - clothed boy playing the guitar and singing": "In the evening, team members sat around under the parasol in the courtyard, listening to the black - clothed boy playing the guitar and singing."
        },
        "choice_a": "DAY4: 11:00~17:45",
        "choice_b": "DAY4: 11:10~17:30",
        "choice_c": "DAY4: 11:05~17:40",
        "choice_d": "DAY4: 10:55~17:50",
        "reason": "Kitchen tableware cleaning and having breakfast (11:05:01 - 11:43:19) → Making pressed - flower decorations (11:50:09 - 16:29:19) → Installation and debugging of solid aroma lamp (16:26:00 - 16:35:30) → Team members listening to the black - clothed boy playing the guitar and singing (17:10:09 - 17:40:29). Total span: 11:05~17:40. Option A (11:00~17:45) ends with 0/5 and fully covers all event timings."
    },
    {
        "question_chinese": "时间点对应：A5_KATRINA需为以下事件匹配时间段：[固体香薰灯安装调试 → 照片编辑 → 弹奏吉他]。时间选项：a. 11:02~11:48  b. 13:03~13:42  c. 16:22~16:38  d. 17:02~17:42  e. 20:32~20:52  f. 20:47~22:27  g. 21:32~22:27。你能帮助她吗？",
        "events_description_chinese": {
            "固体香薰灯安装调试": "A5_KATRINA给固体香薰滴入精油，然后将香薰与底座相连，并插上电线。随后在客厅插排区域反复测试电路连接。",
            "照片编辑": "A5_KATRINA先后在卧室和客厅用手机编辑旅行的照片（给照片加上创意文字信息）。",
            "弹奏吉他": "橙衣男生、A5_KATRINA、黑衣男生轮流在二楼客厅垫子上弹奏吉他。其中橙衣男生、A5_KATRINA互相欣赏对方弹奏吉他，黑衣男生后面加入弹奏。"
        },
        "choice_a_chinese": "1→c / 2→e / 3→f",
        "choice_b_chinese": "1→b / 2→d / 3→g",
        "choice_c_chinese": "1→a / 2→e / 3→f",
        "choice_d_chinese": "1→c / 2→d / 3→g",
        "answer": "A",
        "reason_chinese": "固体香薰灯安装调试（16:26:00 - 16:35:30）对应选项c；照片编辑（20:37:15 - 20:49:17）对应选项e； 弹奏吉他（20:49:25 - 22:24:23）对应选项f。",
        "question": "A5_KATRINA needs to match time periods for these events: [Installation and debugging of solid aroma lamp → Photo editing → Guitar playing]. Time options: a. 11:02~11:48  b. 13:03~13:42  c. 16:22~16:38  d. 17:02~17:42  e. 20:32~20:52  f. 20:47~22:27  g. 21:32~22:27. Can you assist her?",
        "events_description": {
            "Installation and debugging of solid aroma lamp": "A5_KATRINA dropped essential oil into the solid aroma, then connected the aroma to the base and plugged in the wire. Then she repeatedly tested the circuit connection in the socket area of the living room.",
            "Photo editing": "A5_KATRINA edited travel photos on her phone in the bedroom and living room one after another (adding creative text information to the photos).",
            "Guitar playing": "The boy in the orange shirt, A5_KATRINA, and the black - clothed boy took turns playing the guitar on the cushion in the second - floor living room. The boy in the orange shirt and A5_KATRINA appreciated each other's guitar - playing, and the black - clothed boy joined later."
        },
        "choice_a": "1→c / 2→e / 3→f",
        "choice_b": "1→b / 2→d / 3→g",
        "choice_c": "1→a / 2→e / 3→f",
        "choice_d": "1→c / 2→d / 3→g",
        "reason": "Installation and debugging of solid aroma lamp (16:26:00 - 16:35:30) matches c; Photo editing (20:37:15 - 20:49:17) matches e; Guitar playing (20:49:25 - 22:24:23) matches f."
    },
    {
        "question_chinese": "前后事件预测：A5_KATRINA在完成“固体香薰灯安装调试”后，接下来发生的事件是？",
        "events_description_chinese": {
            "固体香薰灯安装调试": "A5_KATRINA给固体香薰滴入精油，然后将香薰与底座相连，并插上电线。随后在客厅插排区域反复测试电路连接。",
            "团队成员听黑衣男生弹吉他唱歌": "傍晚，团队成员在庭院遮阳伞下围坐，听黑衣男生弹吉他唱歌。",
            "照片编辑": "A5_KATRINA先后在卧室和客厅用手机编辑旅行的照片（给照片加上创意文字信息）。",
            "收拾外卖垃圾": "A5_KATRINA在客厅收拾吃完的外卖垃圾并擦拭桌子。"
        },
        "choice_a_chinese": "团队成员听黑衣男生弹吉他唱歌",
        "choice_b_chinese": "照片编辑",
        "choice_c_chinese": "收拾外卖垃圾",
        "choice_d_chinese": "无后续事件",
        "answer": "A",
        "reason_chinese": "根据时间顺序，固体香薰灯安装调试（16:26:00 - 16:35:30）之后是团队成员听黑衣男生弹吉他唱歌（17:10:09 - 17:40:29）。照片编辑和收拾外卖垃圾发生在更晚时间，因此接下来直接发生的是团队成员听黑衣男生弹吉他唱歌。",
        "question": "After completing Installation and debugging of solid aroma lamp, what event did A5_KATRINA do next?",
        "events_description": {
            "Installation and debugging of solid aroma lamp": "A5_KATRINA dropped essential oil into the solid aroma, then connected the aroma to the base and plugged in the wire. Then she repeatedly tested the circuit connection in the socket area of the living room.",
            "Team members listening to the black - clothed boy playing the guitar and singing": "In the evening, team members sat around under the parasol in the courtyard, listening to the black - clothed boy playing the guitar and singing.",
            "Photo editing": "A5_KATRINA edited travel photos on her phone in the bedroom and living room one after another (adding creative text information to the photos).",
            "Taking out take - out trash": "A5_KATRINA cleaned up the finished take - out trash and wiped the table in the living room."
        },
        "choice_a": "Team members listening to the black - clothed boy playing the guitar and singing",
        "choice_b": "Photo editing",
        "choice_c": "Taking out take - out trash",
        "choice_d": "No subsequent event",
        "reason": "According to the timeline, Installation and debugging of solid aroma lamp (16:26:00 - 16:35:30) is followed by Team members listening to the black - clothed boy playing the guitar and singing (17:10:09 - 17:40:29). Photo editing and taking out take - out trash occur later. The next immediate event is Team members listening to the black - clothed boy playing the guitar and singing."
    },
    {
        "question_chinese": "错误纠正：A5_KATRINA描述连续动作为[照片编辑 → 弹奏吉他 → 收拾外卖垃圾]，但顺序错误。正确的序列和错误分析是？",
        "events_description_chinese": {
            "照片编辑": "A5_KATRINA先后在卧室和客厅用手机编辑旅行的照片（给照片加上创意文字信息）。",
            "弹奏吉他": "橙衣男生、A5_KATRINA、黑衣男生轮流在二楼客厅垫子上弹奏吉他。其中橙衣男生、A5_KATRINA互相欣赏对方弹奏吉他，黑衣男生后面加入弹奏。",
            "收拾外卖垃圾": "A5_KATRINA在客厅收拾吃完的外卖垃圾并擦拭桌子。"
        },
        "choice_a_chinese": "正确：照片编辑 → 收拾外卖垃圾 → 弹奏吉他 错误原因：收拾垃圾应在弹奏吉他前完成",
        "choice_b_chinese": "正确：弹奏吉他 → 照片编辑 → 收拾外卖垃圾 错误原因：完全颠倒顺序",
        "choice_c_chinese": "正确：收拾外卖垃圾 → 照片编辑 → 弹奏吉他 错误原因：照片编辑应在收拾垃圾后进行",
        "choice_d_chinese": "正确：收拾外卖垃圾 → 弹奏吉他 → 照片编辑 错误原因：遗漏编辑环节",
        "answer": "A",
        "reason_chinese": "正确顺序应为照片编辑（20:37:15 - 20:49:17）→ 收拾外卖垃圾（20:43:11 - 20:45:48）→ 弹奏吉他（20:49:25 - 22:24:23）。A5_KATRINA的描述错误在于颠倒了“收拾外卖垃圾”与“弹奏吉他”的顺序，选项A纠正了顺序错误。",
        "question": "A5_KATRINA described actions as [Photo editing → Guitar playing → Taking out take - out trash], but the order is wrong. What's the correct sequence and error analysis?",
        "events_description": {
            "Photo editing": "A5_KATRINA edited travel photos on her phone in the bedroom and living room one after another (adding creative text information to the photos).",
            "Guitar playing": "The boy in the orange shirt, A5_KATRINA, and the black - clothed boy took turns playing the guitar on the cushion in the second - floor living room. The boy in the orange shirt and A5_KATRINA appreciated each other's guitar - playing, and the black - clothed boy joined later.",
            "Taking out take - out trash": "A5_KATRINA cleaned up the finished take - out trash and wiped the table in the living room."
        },
        "choice_a": "Correct: Photo editing → Taking out take - out trash → Guitar playing. Error: Taking out trash should be completed before guitar playing.",
        "choice_b": "Correct: Guitar playing → Photo editing → Taking out take - out trash. Error: Completely reversed the order.",
        "choice_c": "Correct: Taking out take - out trash → Photo editing → Guitar playing. Error: Photo editing should be done after taking out trash.",
        "choice_d": "Correct: Taking out take - out trash → Guitar playing → Photo editing. Error: Omitted the editing process.",
        "reason": "The correct sequence is Photo editing (20:37:15 - 20:49:17) → Taking out take - out trash (20:43:11 - 20:45:48) → Guitar playing (20:49:25 - 22:24:23). Her description reversed the order of 'Taking out take - out trash' and 'Guitar playing'. Option A corrects the sequence."
    },
    {
        "question_chinese": "掩码预测：A5_KATRINA的日记中活动顺序记录不全：[固体香薰灯安装调试] → (?) → [照片编辑] → (?) → [弹奏吉他]。下列事件中哪些可以用于填补无法确认的部分？",
        "events_description_chinese": {
            "固体香薰灯安装调试": "A5_KATRINA给固体香薰滴入精油，然后将香薰与底座相连，并插上电线。随后在客厅插排区域反复测试电路连接。",
            "团队成员听黑衣男生弹吉他唱歌": "傍晚，团队成员在庭院遮阳伞下围坐，听黑衣男生弹吉他唱歌。",
            "照片编辑": "A5_KATRINA先后在卧室和客厅用手机编辑旅行的照片（给照片加上创意文字信息）。",
            "收拾外卖垃圾": "A5_KATRINA在客厅收拾吃完的外卖垃圾并擦拭桌子。",
            "弹奏吉他": "橙衣男生、A5_KATRINA、黑衣男生轮流在二楼客厅垫子上弹奏吉他。其中橙衣男生、A5_KATRINA互相欣赏对方弹奏吉他，黑衣男生后面加入弹奏。"
        },
        "choice_a_chinese": "团队成员听黑衣男生弹吉他唱歌 / 收拾外卖垃圾",
        "choice_b_chinese": "团队成员吃午饭 / 收拾外卖垃圾",
        "choice_c_chinese": "固体香薰灯安装调试 / 团队成员吃午饭",
        "choice_d_chinese": "团队成员吃午饭 / 压花装饰品制作",
        "answer": "A",
        "reason_chinese": "固体香薰灯安装调试（16:26:00 - 16:35:30）之后是团队成员听黑衣男生弹吉他唱歌（17:10:09 - 17:40:29），照片编辑（20:37:15 - 20:49:17）之前是收拾外卖垃圾（20:43:11 - 20:45:48）。选项B、C、D中的“团队成员吃午饭”和“压花装饰品制作”时间不匹配，均属干扰项，正确填补为选项A。",
        "question": "A5_KATRINA's diary has an incomplete record of the activity order: [Installation and debugging of solid aroma lamp] → (?) → [Photo editing] → (?) → [Guitar playing]. Which events can fill in the blanks?",
        "events_description": {
            "Installation and debugging of solid aroma lamp": "A5_KATRINA dropped essential oil into the solid aroma, then connected the aroma to the base and plugged in the wire. Then she repeatedly tested the circuit connection in the socket area of the living room.",
            "Team members listening to the black - clothed boy playing the guitar and singing": "In the evening, team members sat around under the parasol in the courtyard, listening to the black - clothed boy playing the guitar and singing.",
            "Photo editing": "A5_KATRINA edited travel photos on her phone in the bedroom and living room one after another (adding creative text information to the photos).",
            "Taking out take - out trash": "A5_KATRINA cleaned up the finished take - out trash and wiped the table in the living room.",
            "Guitar playing": "The boy in the orange shirt, A5_KATRINA, and the black - clothed boy took turns playing the guitar on the cushion in the second - floor living room. The boy in the orange shirt and A5_KATRINA appreciated each other's guitar - playing, and the black - clothed boy joined later."
        },
        "choice_a": " Team members listening to the black - clothed boy playing the guitar and singing / Taking out take - out trash.",
        "choice_b": " Team members having lunch / Taking out take - out trash.",
        "choice_c": " Installation and debugging of solid aroma lamp / Team members having lunch.",
        "choice_d": " Team members having lunch / Embellishment production with pressed flowers.",
        "reason": "Installation and debugging of solid aroma lamp (16:26:00 - 16:35:30) is followed by Team members listening to the black - clothed boy playing the guitar and singing (17:10:09 - 17:40:29). Before Photo editing (20:37:15 - 20:49:17) is Taking out take - out trash (20:43:11 - 20:45:48). Options B, C, and D's 'Team members having lunch' and 'Embellishment production with pressed flowers' do not match the time, and are all distractors. The correct filling is option A."
    }
]