[
    {
        "question_chinese": "Base 事件排序:A5_KATRINA忘记了自己在DAY1中午11:20到晚上19:00之间所经历的事件（备选项：a、拼图协作与记录；b、超市食材采购与结账；c、派对策划白板会议；d、蛋糕制作与拍摄记录；e、团队物资转运），如果让你来对这期间发生的事件进行排序，那么正确顺序是？",
        "events_description_chinese": {
            "拼图协作与记录": "白衣女生拿来圆形拼图，参与者们持续进行拼图组装，期间A5拍摄拼图照片，完成后拍摄成品照片",
            "超市食材采购与结账": "A5_KATRINA参与团队开车外出采购，包含酒水选购、食材选购，期间使用手机照片核对购物清单，选完商品后与团队成员分工执行商品扫码、结账装袋",
            "派对策划白板会议": "A5_KATRINA参与白板流程图的实时修改并提出装饰方案，拿来相框并拆开卡片包装",
            "蛋糕制作与拍摄记录": "A5_KATRINA深度参与蛋糕制作全流程，包括搅拌蛋液、与白衣女生协作剥蒜、协助黄衣女生进行奶油打发和蛋液混合等，还拍摄制作过程并分享进度（此事件开始于20:00:09，不在12:20 - 19:00区间，为干扰项）",
            "团队物资转运": "A5_KATRINA与团队成员完成商场撤离流程，参与电梯下行、走到商场外面停车场，然后将物资放进车里，团队伙伴开车，回到住所后配合完成物资的卸车以及运送回住所"
        },
        "choice_a_chinese": "(c)(a)(b)(e)",
        "choice_b_chinese": "(a)(c)(b)(e)(d)",
        "choice_c_chinese": "(b)(a)(c)(e)",
        "choice_d_chinese": "(c)(a)(d)(e)",
        "answer": "A",
        "reason_chinese": "派对策划白板会议（11:23:11 - 12:24:08，）→ 拼图协作与记录（12:26:10 - 13:22:52）→ 超市食材采购与结账（17:10:50 - 18:29:04）→ 团队物资转运（18:30:00 - 19:08:06）。蛋糕制作与拍摄记录开始于20:00:09，不在11:20 - 19:00范围内，排除含d的选项。选项A的顺序符合时间逻辑。",
        "question": "A5_KATRINA forgot the events he experienced between 11:20 noon and 7:00 pm on DAY1 (a. Jigsaw puzzle collaboration and recording; b. Supermarket food procurement and checkout; c. Party planning whiteboard meeting; d. Cake making and recording; e. Team material transfer). If you were to sort the events that occurred during this period, what would be the correct order?",
        "events_description": {
            "Jigsaw puzzle collaboration and recording": "The girl in white brought a circular jigsaw puzzle. The participants continuously assembled the puzzle. During this period, A5_KATRINA_KATRINA took photos of the puzzle. After completion, A5_KATRINA took a photo of the finished product",
            "Supermarket food procurement and checkout": "A5_KATRINA participated in the team's outing for shopping by car, including the selection of alcoholic beverages and food ingredients. During this period, A5_KATRINA used the photos on the mobile phone to check the shopping list. After selecting the products, A5_KATRINA and the team members divided the work to scan the products, check out and pack them",
            "Party planning whiteboard meeting": "A5_KATRINA participated in the real - time modification of the whiteboard flowchart and proposed a decoration plan. A5_KATRINA brought a photo frame and unpacked the card",
            "Cake making and recording": "A5_KATRINA was deeply involved in the entire cake - making process, including stirring the egg liquid, collaborating with the girl in white to peel garlic, assisting the girl in yellow to whip the cream and mix the egg liquid, etc. She also took photos of the process and shared the progress (This event started at 20:00:09, not within the 12:20 - 19:00 interval, a distractor)",
            "Team material transfer": "A5_KATRINA and the team members completed the mall evacuation process, participated in taking the elevator down, walked to the parking lot outside the mall, then put the materials into the car. The team partner drove the car. After returning to the residence, A5_KATRINA cooperated to complete the unloading and transportation of the materials back to the residence"
        },
        "choice_a": "(c)(a)(b)(e)",
        "choice_b": "(a)(c)(b)(e)(d)",
        "choice_c": "(b)(a)(c)(e)",
        "choice_d": "(c)(a)(d)(e)",
        "reason": "Party planning whiteboard meeting (11:23:11 - 12:24:08) → Jigsaw puzzle collaboration and recording (12:26:10 - 13:22:52) → Supermarket food procurement and checkout (17:10:50 - 18:29:04) → Team material transfer (18:30:00 - 19:08:06). Cake making and recording started at 20:00:09, not within 11:20 - 19:00, so options with d are excluded. The order in option A fits the time logic."
    },
    {
        "question_chinese": "时间段判断：A5_KATRINA在总结自己的工作的时候，写下了如下序列：[设备组装与调试 → 派对策划白板会议 → 拼图协作与记录]。A5_KATRINA应该标注这些事件的发生时间为？",
        "events_description_chinese": {
            "设备组装与调试": "A5_KATRINA深度参与移动硬盘组装全流程，包括使用螺丝刀完成螺丝的反复紧固、与蓝衣女生协作完成数据线接口调试。",
            "派对策划白板会议": "A5_KATRINA参与白板流程图的实时修改并提出装饰方案，拿来相框并拆开卡片包装。",
            "拼图协作与记录": "A5_KATRINA参与拼图组装并拍摄拼图照片，最后拍摄成品照片。"
        },
        "choice_a_chinese": "DAY1: 11:00~12:30",
        "choice_b_chinese": "DAY1: 11:10~13:30",
        "choice_c_chinese": "DAY1: 12:00~14:00",
        "choice_d_chinese": "DAY1: 13:00~15:00",
        "answer": "B",
        "reason_chinese": "设备组装与调试（11:11:00 - 11:23:20）→ 派对策划白板会议（11:23:11 - 12:24:08）→ 拼图协作与记录（12:26:10 - 13:22:52）。总时间跨度为11:11:00~13:22:52，与选项B的11:10~13:30最接近。",
        "question": "When summarizing her work, A5_KATRINA wrote the sequence: [Device assembly and debugging → Party planning whiteboard meeting → Jigsaw puzzle collaboration and recording]. What time range should A5_KATRINA annotate?",
        "events_description": {
            "Device assembly and debugging": "A5_KATRINA was deeply involved in the entire process of mobile hard - drive assembly, including repeatedly tightening screws with a screwdriver and collaborating with the girl in blue to debug the data - line interface.",
            "Party planning whiteboard meeting": "A5_KATRINA participated in the real - time modification of the whiteboard flow chart, proposed a decoration plan, brought a photo frame and unpacked a card package.",
            "Jigsaw puzzle collaboration and recording": "A5_KATRINA participated in the jigsaw puzzle assembly, took photos of the puzzle process, and finally took a photo of the finished puzzle."
        },
        "choice_a": "DAY1: 11:00~12:30",
        "choice_b": "DAY1: 11:10~13:30",
        "choice_c": "DAY1: 12:00~14:00",
        "choice_d": "DAY1: 13:00~15:00",
        "reason": "Device assembly and debugging (11:11:00 - 11:23:20) → Party planning whiteboard meeting (11:23:11 - 12:24:08) → Jigsaw puzzle collaboration and recording (12:26:10 - 13:22:52). Total span: 11:11:00~13:22:52, matching option B (11:10~13:30)."
    },
    {
        "question_chinese": "时间点对应：A5_KATRINA只记录了自己做了什么事，但是没有记录每件事的起止时间。现在有一些时间段供A5_KATRINA进行选择。事件序列：[团队物资转运 → 食材分类存储与花束装饰 → 蛋糕制作与拍摄记录 → 烘焙成果展示与奶油装饰]。时间选项：a. 17:00~18:00  b. 18:30~19:09  c. 19:10~19:48  d. 20:00~21:19  e. 21:35~21:51  f. 19:30~20:00  g. 18:00~18:30  h. 21:20~21:35。你能帮助A5_KATRINA找到每个事件对应的正确时间段吗？",
        "events_description_chinese": {
            "团队物资转运": "A5_KATRINA与团队成员完成商场撤离流程，参与电梯下行、走到商场外面停车场，已经是傍晚，然后将物资放进车里，团队伙伴开车。直到天黑才回到住所。并在抵达后配合完成物资的卸车以及运送回住所。",
            "食材分类存储与花束装饰": "A5_KATRINA与伙伴将生鲜食品分级存储，包括肉类冷冻分区、期间A5_KATRINA多次将饮料放到楼上冰箱。然后A5_KATRINA与伙伴沟通并使用白板更新物资清单，并与白衣女生协作给花束倒入营养液和水。A5_KATRINA根据视频教程进行压花处理。",
            "蛋糕制作与拍摄记录": "Katrina深度参与蛋糕制作全流程，包括搅拌蛋液（多次交替操作搅拌器）、与白衣女生协作剥蒜、协助黄衣女生进行奶油打发和蛋液混合。过程中使用手机拍摄制作过程照片和视频多次，并通过微信实时分享进度给多名联系人。在蛋糕液入模阶段协助黄衣女生进行分装，并参与纸杯摆放和烤箱预热检查。",
            "烘焙成果展示与奶油装饰": "Katrina对烘焙成品进行多角度拍摄（含特写镜头和过程视频录制），黄衣女生与白衣女生进行奶油装填，团队轮流体验对烘焙蛋糕进行奶油装饰，黄衣女生在装饰完奶油的蛋糕上放入草莓。最后品尝蛋糕。"
        },
        "choice_a_chinese": "1→g / 2→f / 3→h / 4→e",
        "choice_b_chinese": "1→b / 2→c / 3→d / 4→e",
        "choice_c_chinese": "1→a / 2→c / 3→d / 4→h",
        "choice_d_chinese": "1→b / 2→f / 3→d / 4→h",
        "answer": "B",
        "reason_chinese": "团队物资转运（b）：唯一覆盖18:30~19:09的选项（对应JSON中18:30:00~19:08:06），排除g（早于商场撤离时间）。食材分类存储与花束装饰（c）：紧接团队物资转运结束（19:08:06后），19:09:38开始，19:48:00结束，完全覆盖选项c（19:10~19:48），排除f（19:30开始，遗漏前期存储动作）。蛋糕制作与拍摄记录（d）：20:00:09~21:19:05，与选项d（20:00~21:19）完全匹配，排除h（21:20开始，遗漏核心制作时段）。烘焙成果展示与奶油装饰（e）：21:34:55~21:50:28，精准对应选项e（21:35~21:51），排除其他干扰项。",
        "question": "A5_KATRINA only recorded what she did, but did not record the start and end times of each thing. Now there are some time periods for A5_KATRINA to choose from. Event sequence: [Team material transfer → Food classification storage and bouquet decoration → Cake making and recording → Baking result display and cream decoration]. Time options:  a. 17:00~18:00  b. 18:30~19:09  c. 19:10~19:48  d. 20:00~21:19  e. 21:35~21:51  f. 19:30~20:00  g. 18:00~18:30  h. 21:20~21:35  Can you help A5_KATRINA find the correct time period for each event?",
        "events_description": {
            "Team material transfer": "A5_KATRINA and the team members completed the mall evacuation process, participated in taking the elevator down, walked to the parking lot outside the mall, it was already evening, then put the materials into the car, and the team partner drove. They didn't return to the residence until it was dark. After arrival, she cooperated to complete the unloading and transportation of materials back to the residence.",
            "Food classification storage and bouquet decoration": "A5_KATRINA and her partners classified and stored fresh food, including freezing meat in partitions. During this period, A5_KATRINA put drinks into the upstairs refrigerator many times. Then A5_KATRINA communicated with her partners and used a whiteboard to update the material list, and collaborated with the girl in white to pour nutrient solution and water into the bouquets. A5_KATRINA carried out flower pressing according to video tutorials.",
            "Cake making and recording": "Katrina was deeply involved in the entire cake-making process, including stirring egg liquid (repeatedly operating the mixer), collaborating with the girl in white to peel garlic, and assisting the girl in yellow to whip cream and mix egg liquid. During the process, she took many photos and videos of the production process with her mobile phone and shared the progress in real time with multiple contacts via WeChat. She assisted the girl in yellow in subpackaging the cake batter into molds and participated in placing paper cups and preheating the oven inspection.",
            "Baking result display and cream decoration": "Katrina took multi-angle shots (including close-up shots and process videos) of the baked products. The girl in yellow and the girl in white filled the cream, and the team took turns decorating the baked cake with cream. The girl in yellow put strawberries on the cream-decorated cake. Finally, everyone tasted the cake."
        },
        "choice_a": "1→g / 2→f / 3→h / 4→e",
        "choice_b": "1→b / 2→c / 3→d / 4→e",
        "choice_c": "1→a / 2→c / 3→d / 4→h",
        "choice_d": "1→b / 2→f / 3→d / 4→h",
        "reason": "Team material transfer (b): The only option covering 18:30~19:09 (corresponding to 18:30:00~19:08:06 in JSON), excluding g (earlier than mall evacuation time). Food classification storage and bouquet decoration (c): Immediately after team material transfer ends (after 19:08:06), starting at 19:09:38 and ending at 19:48:00, fully covering option c (19:10~19:48), excluding f (starts at 19:30, missing early storage actions).  Cake making and recording (d): 20:00:09~21:19:05, completely matching option d (20:00~21:19), excluding h (starts at 21:20, missing core production period).  Baking result display and cream decoration (e): 21:34:55~21:50:28, precisely corresponding to option e (21:35~21:51), excluding other distractors."
    },
    {
        "question_chinese": "事件前后预测：A5_KATRINA在完成超市食材采购与结账后，接下来发生的事件是？",
        "events_description_chinese": {
            "超市食材采购与结账": "A5_KATRINA参与团队开车外出采购，包含酒水选购、食材选购，期间使用手机照片核对购物清单，最后分工执行商品扫码、结账装袋。",
            "团队物资转运": "A5_KATRINA与团队成员完成商场撤离流程，将物资放进车里，最后回到住所并卸车运送物资。",
            "食材分类存储与花束装饰": "A5_KATRINA与伙伴将生鲜食品分级存储，多次将饮料放到楼上冰箱，更新物资清单，与白衣女生协作给花束倒入营养液和水，并进行压花处理。",
            "展示架组装与白板调试协作": "外面天气阳光明媚，橙衣男生与蓝衣男生进行金属展示架组装工程，A5_KATRINA加入协作完成主体架体搭建后，进行白板角度调试。",
            "晚餐协作准备": "A5_KATRINA用热水壶烧水，并记录黄衣女生和黑衣女生协作进行蛋黄与蛋清分离工作，白衣女生进行食材处理。"
        },
        "choice_a_chinese": "团队物资转运",
        "choice_b_chinese": "食材分类存储与花束装饰",
        "choice_c_chinese": "展示架组装与白板调试协作",
        "choice_d_chinese": "晚餐协作准备",
        "answer": "A",
        "reason_chinese": "根据时间顺序，超市食材采购与结账（17:10:50 - 18:29:04）之后是团队物资转运（18:30:00 - 19:08:06）。\n展示架组装与白板调试协作发生在12:52:30 - 13:17:37（早于超市采购），晚餐协作准备发生在19:48:28 - 20:00:04（晚于物资转运），食材分类存储与花束装饰发生在19:09:38 - 19:48:00（在物资转运之后）。因此接下来直接发生的事件是团队物资转运。",
        "question": "After A5_KATRINA completed the supermarket food procurement and checkout, what was the next event that happened?",
        "events_description": {
            "Supermarket food procurement and checkout": "A5_KATRINA participated in the team's outing for shopping, including selecting alcoholic beverages and food ingredients. She used her phone to check the shopping list and was involved in scanning items and packing after checkout.",
            "Team supplies transfer": "A5_KATRINA and team members completed the mall evacuation process, put supplies in the car, and finally returned to the residence and unloaded the supplies.",
            "Food classification storage and bouquet decoration": "A5_KATRINA and her partners classified and stored fresh food, she put drinks in the upstairs fridge several times, updated the supplies list, collaborated with the girl in white to add nutrient solution and water to the bouquets, and did flower pressing.",
            "Display stand assembly and whiteboard debugging collaboration": "It was sunny outside. The boy in orange and the boy in blue carried out the metal display stand assembly project. A5_KATRINA joined the collaboration to complete the main frame structure and then adjusted the angle of the whiteboard.",
            "Dinner preparation collaboration": "A5_KATRINA boiled water with a kettle and recorded the work of the girl in yellow and the girl in black separating egg yolks from egg whites, while the girl in white processed the ingredients."
        },
        "choice_a": "Team supplies transfer",
        "choice_b": "Food classification storage and bouquet decoration",
        "choice_c": "Display stand assembly and whiteboard debugging collaboration",
        "choice_d": "Dinner preparation collaboration",
        "reason": "According to the time sequence, after supermarket food procurement and checkout (17:10:50 - 18:29:04) comes team supplies transfer (18:30:00 - 19:08:06).\nDisplay stand assembly and whiteboard debugging collaboration occurred from 12:52:30 to 13:17:37 (earlier than supermarket procurement), dinner preparation collaboration occurred from 19:48:28 to 20:00:04 (later than supplies transfer), and food classification storage and bouquet decoration occurred from 19:09:38 to 19:48:00 (after supplies transfer). Therefore, the next immediate event is team supplies transfer."
    },
    {
        "question_chinese": "错误纠正：A5_KATRINA描述自己有一串连续的动作为：[团队物资转运 → 超市食材采购与结账 → 食材分类存储与花束装饰 → 晚餐协作准备]，但她的说法是错误的。正确的序列和错误分析是？",
        "events_description_chinese": {
            "团队物资转运": "A5_KATRINA与团队成员完成商场撤离流程，参与电梯下行、走到商场外面停车场，已经是傍晚，然后将物资放进车里，团队伙伴开车。直到天黑才回到住所。并在抵达后配合完成物资的卸车以及运送回住所。",
            "超市食材采购与结账": "A5_KATRINA参与团队开车外出采购，包含盒马鲜生门店内的酒水选购（购买多种酒水饮料）、食材选购（火锅底料与肉类食材），A5_KATRINA期间使用手机照片核对购物清单。选完商品后，A5_KATRINA与团队成员分工执行商品扫码、结账装袋。",
            "食材分类存储与花束装饰": "A5_KATRINA与伙伴将生鲜食品分级存储，包括肉类冷冻分区、期间A5_KATRINA多次将饮料放到楼上冰箱。然后A5_KATRINA与伙伴沟通并使用白板更新物资清单，并与白衣女生协作给花束倒入营养液和水。A5_KATRINA根据视频教程进行压花处理。",
            "晚餐协作准备": "A5_KATRINA用热水壶烧水，并记录黄衣女生和黑衣女生协作进行蛋黄与蛋清分离工作，白衣女生进行食材处理。",
            "展示架组装与白板调试协作": "外面天气阳光明媚，橙衣男生与蓝衣男生进行金属展示架组装工程，A5_KATRINA加入协作完成主体架体搭建后，进行白板角度调试。"
        },
        "choice_a_chinese": "正确：超市食材采购与结账 → 团队物资转运 → 食材分类存储与花束装饰 → 晚餐协作准备 错误原因：顺序颠倒（团队物资转运应在超市采购之后）",
        "choice_b_chinese": "正确：展示架组装与白板调试协作 → 团队物资转运 → 食材分类存储与花束装饰 → 晚餐协作准备 错误原因：插入错误事件（展示架组装早于超市采购，不应在此序列中）且顺序混乱",
        "choice_c_chinese": "正确：超市食材采购与结账 → 食材分类存储与花束装饰 → 团队物资转运 → 晚餐协作准备 错误原因：顺序错误（团队物资转运应在食材存储之前）",
        "choice_d_chinese": "正确：团队物资转运 → 展示架组装与白板调试协作 → 超市食材采购与结账 → 晚餐协作准备 错误原因：完全颠倒核心事件顺序且插入干扰事件",
        "answer": "A",
        "reason_chinese": "正确顺序应为超市食材采购与结账（17:10:50-18:29:04）→ 团队物资转运（18:30:00-19:08:06）→ 食材分类存储与花束装饰（19:09:38-19:48:00）→ 晚餐协作准备（19:48:28-20:00:04）。\nA5_KATRINA的描述存在两个错误：① 颠倒了“团队物资转运”与“超市食材采购与结账”的顺序（采购必须发生在转运之前）；② 未涉及错误选项中的“展示架组装与白板调试协作”（该事件发生在12:52:30-13:17:37，属于上午时段，与题干中的下午及傍晚序列无关，是干扰项）。选项A纠正了核心事件的顺序，排除了无关的展示架组装干扰项。",
        "question": "A5_KATRINA described a series of consecutive actions as: [Team material transfer → Supermarket food procurement and checkout → Food classification storage and bouquet decoration → Dinner preparation collaboration], but her statement is incorrect. What is the correct sequence and the error analysis?",
        "events_description": {
            "Team material transfer": "A5_KATRINA and the team members completed the mall evacuation process, participated in taking the elevator down, walked to the parking lot outside the mall, it was already evening, then put the materials into the car, and the team partner drove. They didn't return to the residence until it was dark. After arrival, she cooperated to complete the unloading and transportation of materials back to the residence.",
            "Supermarket food procurement and checkout": "A5_KATRINA participated in the team's outing for shopping by car, including the selection of alcoholic beverages and food ingredients in the Hema Fresh store. She used her phone to check the shopping list and was involved in scanning items and packing after checkout.",
            "Food classification storage and bouquet decoration": "A5_KATRINA and her partners classified and stored fresh food, including freezing meat in partitions. During this period, A5_KATRINA put drinks into the upstairs refrigerator many times. Then A5_KATRINA communicated with her partners and used a whiteboard to update the material list, and collaborated with the girl in white to pour nutrient solution and water into the bouquets. A5_KATRINA carried out flower pressing according to video tutorials.",
            "Dinner preparation collaboration": "A5_KATRINA boiled water with a kettle and recorded the work of the girl in yellow and the girl in black separating egg yolks from egg whites, while the girl in white processed the ingredients.",
            "Display stand assembly and whiteboard debugging collaboration": "It was sunny outside. The boy in orange and the boy in blue carried out the metal display stand assembly project. A5_KATRINA joined the collaboration to complete the main frame structure and then adjusted the angle of the whiteboard."
        },
        "choice_a": "Correct: Supermarket food procurement and checkout → Team material transfer → Food classification storage and bouquet decoration → Dinner preparation collaboration. Error reason: Incorrect order (team material transfer should follow supermarket procurement) ",
        "choice_b": "Correct: Display stand assembly and whiteboard debugging collaboration → Team material transfer → Food classification storage and bouquet decoration → Dinner preparation collaboration. Error reason: Inserted wrong event (display stand assembly occurred in the morning, unrelated to the afternoon-evening sequence) and disordered order",
        "choice_c": "Correct: Supermarket food procurement and checkout → Food classification storage and bouquet decoration → Team material transfer → Dinner preparation collaboration. Error reason: Incorrect order (team material transfer should precede food storage)",
        "choice_d": "Correct: Team material transfer → Display stand assembly and whiteboard debugging collaboration → Supermarket food procurement and checkout → Dinner preparation collaboration. Error reason: Completely reversed core event order and inserted distractor",
        "reason": "The correct sequence should be Supermarket food procurement and checkout (17:10:50-18:29:04) → Team material transfer (18:30:00-19:08:06) → Food classification storage and bouquet decoration (19:09:38-19:48:00) → Dinner preparation collaboration (19:48:28-20:00:04).\nA5_KATRINA's description has two errors: ① Reversed the order of \"Team material transfer\" and \"Supermarket food procurement and checkout\" (procurement must happen before transfer); ② The \"Display stand assembly and whiteboard debugging collaboration\" in incorrect options (occurred at 12:52:30-13:17:37 in the morning) is irrelevant to the afternoon-evening sequence described in the question, serving as a distractor. Option A corrects the core order and excludes the irrelevant distractor."
    },
    {
        "question_chinese": "掩码预测:A5_KATRINA的日记中关于她参与活动顺序的记录看不清了：[派对策划白板会议] → (?) → [展示架组装与白板调试协作] → (?) → [超市食材采购与结账]。下列事件中哪些可以用于填补无法确认的部分？",
        "events_description_chinese": {
            "派对策划白板会议": "外面阳光明媚，A5_KATRINA参与白板流程图的实时修改并提出装饰方案。蓝衣男子抱来装有花束的包裹，A5_KATRINA拿来相框并拆开卡片包装，观察到橙衣男生负责在白板上记录策划要点，白衣女生将花束包裹拆开并进行花材修剪实践。",
            "展示架组装与白板调试协作": "外面天气阳光明媚，橙衣男生与蓝衣男生进行金属展示架组装工程，A5_KATRINA加入协作完成主体架体搭建后，进行白板角度调试。",
            "超市食材采购与结账": "A5_KATRINA参与团队开车外出采购，包含盒马鲜生门店内的酒水选购（购买多种酒水饮料）、食材选购（火锅底料与肉类食材），A5_KATRINA期间使用手机照片核对购物清单。选完商品后，A5_KATRINA与团队成员分工执行商品扫码、结账装袋。",
            "拼图协作与过程记录": "白衣女生拿来圆形拼图，参与者们持续进行拼图组装1小时，期间包含多次拼图尝试、A5_KATRINA拍摄拼图照片。在13:21:42观察到白衣女生、黑衣女生和蓝衣女生完成拼图后，A5_KATRINA拍摄成品照片。",
            "食材分类存储与花束装饰": "A5_KATRINA与伙伴将生鲜食品分级存储，包括肉类冷冻分区、期间A5_KATRINA多次将饮料放到楼上冰箱。然后A5_KATRINA与伙伴沟通并使用白板更新物资清单，并与白衣女生协作给花束倒入营养液和水。A5_KATRINA根据视频教程进行压花处理。",
            "团队物资转运": "A5_KATRINA与团队成员完成商场撤离流程，参与电梯下行、走到商场外面停车场，已经是傍晚，然后将物资放进车里，团队伙伴开车。直到天黑才回到住所。并在抵达后配合完成物资的卸车以及运送回住所。"
        },
        "choice_a_chinese": "拼图协作与过程记录 / 食材分类存储与花束装饰",
        "choice_b_chinese": "食材分类存储与花束装饰 / 团队物资转运",
        "choice_c_chinese": "拼图协作与过程记录 / 无（直接衔接）",
        "choice_d_chinese": "团队物资转运 / 拼图协作与过程记录",
        "answer": "C",
        "reason_chinese": "派对策划白板会议（11:23:11-12:24:08）→ 拼图协作与过程记录（12:26:10-13:22:52）→ 展示架组装与白板调试协作（12:52:30-13:17:37）→ 超市食材采购与结账（17:10:50-18:29:04）。\n第一个掩码处应填入“拼图协作与过程记录”，该事件紧接派对策划会议之后（12:26开始），早于展示架组装（12:52开始）；第二个掩码处无中间事件，展示架组装与超市采购之间存在时间间隔（13:17-17:10），但根据连续动作记录无需额外填充。选项C正确匹配时间顺序，其他选项中“食材分类存储”和“团队物资转运”均发生在超市采购之后，“团队物资转运”更晚（18:30开始），不符合中间填充条件。",
        "question": "In A5_KATRINA's diary, the record of the order of her participating activities is unclear: [Party planning whiteboard meeting] → (?) → [Display stand assembly and whiteboard debugging collaboration] → (?) → [Supermarket food procurement and checkout]. Which of the following events can be used to fill in the unclear parts?",
        "events_description": {
            "Party planning whiteboard meeting": "It was sunny outside. A5_KATRINA participated in the real-time modification of the whiteboard flowchart and proposed a decoration plan. The boy in blue brought a bouquet package, and A5_KATRINA brought a photo frame and unpacked the card. The boy in orange was observed recording key points on the whiteboard, while the girl in white unpacked the bouquet and practiced flower trimming.",
            "Display stand assembly and whiteboard debugging collaboration": "It was sunny outside. The boy in orange and the boy in blue carried out the metal display stand assembly project. A5_KATRINA joined the collaboration to complete the main frame structure and then adjusted the angle of the whiteboard.",
            "Supermarket food procurement and checkout": "A5_KATRINA participated in the team's outing for shopping by car, including the selection of alcoholic beverages and food ingredients in the Hema Fresh store. She used her phone to check the shopping list and was involved in scanning items and packing after checkout.",
            "Jigsaw puzzle collaboration and recording": "The girl in white brought a circular jigsaw puzzle. The participants continuously assembled the puzzle for 1 hour, including multiple attempts. A5_KATRINA took photos of the puzzle process and the finished product at 13:21:42 when the puzzle was completed by the girl in white, girl in black, and girl in blue.",
            "Food classification storage and bouquet decoration": "A5_KATRINA and her partners classified and stored fresh food, including freezing meat in partitions. She put drinks into the upstairs refrigerator many times, updated the material list using a whiteboard, and collaborated with the girl in white to add nutrient solution and water to the bouquets. A5_KATRINA also carried out flower pressing according to video tutorials.",
            "Team material transfer": "A5_KATRINA and the team members completed the mall evacuation process, participated in taking the elevator down, walked to the parking lot outside the mall, it was already evening, then put the materials into the car, and the team partner drove. They didn't return to the residence until it was dark. After arrival, she cooperated to complete the unloading and transportation of materials back to the residence."
        },
        "choice_a": "Jigsaw puzzle collaboration and recording / Food classification storage and bouquet decoration",
        "choice_b": "Food classification storage and bouquet decoration / Team material transfer",
        "choice_c": "Jigsaw puzzle collaboration and recording / None (direct connection)",
        "choice_d": "Team material transfer / Jigsaw puzzle collaboration and recording",
        "reason": "Party planning whiteboard meeting (11:23:11-12:24:08) → Jigsaw puzzle collaboration and recording (12:26:10-13:22:52) → Display stand assembly and whiteboard debugging collaboration (12:52:30-13:17:37) → Supermarket food procurement and checkout (17:10:50-18:29:04).\nThe first mask should be filled with \"Jigsaw puzzle collaboration and recording,\" which starts immediately after the party planning meeting (12:26) and precedes display stand assembly (12:52). The second mask requires no additional event, as there is a time gap (13:17-17:10) between display stand assembly and supermarket procurement without continuous actions. Option C correctly matches the chronological order, while other options include \"Food classification storage\" and \"Team material transfer\" that occur after supermarket procurement, making them inconsistent with the timeline."
    }
]
    