[
    {
        "question_chinese": "Base 事件排序：A5_KATRINA忘记了自己在DAY6下午15:00到16:30之间所经历的事件（备选项：a、互动游戏物资筹备；b、压花装饰品制作；c、地球日派对开幕仪式；d、房间最终收拾布置；e、主题房间参观导览；f、集体午餐），如果让你来对这期间发生的事件进行排序，那么正确顺序是？",
        "events_description_chinese": {
            "互动游戏物资筹备": "在二楼客厅，A5_KATRINA从卧室取来贴纸，分发给团队成员，然后开始将贴纸藏匿到室内各处，为晚间的互动游戏做准备。",
            "压花装饰品制作": "A5_KATRINA在二楼客厅和房间持续进行压花塑胶片装饰品制作，包括反复穿红绳、清理塑胶片孔洞，期间绿衣男生、蓝衣男生等成员帮忙。",
            "地球日派对开幕仪式": "A5_KATRINA持续观察绿衣男生主持活动进程，包括荧幕图片展示、视频展示及参与者讨论环节。",
            "房间最终收拾布置": "A5_KATRINA专注于个人房间的最后布置阶段，包含整理床铺被褥、收拾桌面杂物、用胶带固定动物主题卡片挂饰、调整挂画位置。",
            "主题房间参观导览": "A5_KATRINA展示个人主题房间布置细节（床品陈设、挂画讲解），随后系统参观了绿衣男生、黑色连衣裙女生等参与者的创意房间。使用手机拍摄各房间装饰特色，协助摄影师完成空间取景。",
            "集体午餐": "桌上已经将外卖拆开摆放好，橙衣男生和白衬衣女生正在吃饭，A5_KATRINA倒了一杯饮料后也开始吃饭，其余成员陆续加入。期间A5_KATRINA出门取了外卖。"
        },
        "choice_a_chinese": "(a)(b)(c)(d)",
        "choice_b_chinese": "(e)(a)(b)(c)",
        "choice_c_chinese": "(f)(a)(b)(c)",
        "choice_d_chinese": "(a)(e)(b)(c)",
        "answer": "A",
        "reason_chinese": "互动游戏物资筹备（15:00:22 - 15:20:16）→ 压花装饰品制作（15:23:26 - 15:45:17）→ 地球日派对开幕仪式（16:03:33 - 17:38:28）→ 房间最终收拾布置（16:09:34 - 16:25:01）。选项e（17:43:27 - 17:52:23）、f（13:24:07 - 13:41:10）不在此时间段内，属干扰项，正确顺序为a→b→c→d。",
        "question": "A5_KATRINA forgot the events she experienced between 3:00 pm and 4:30 pm on DAY6 (a. Interactive game supplies preparation; b. Pressed flower decoration production; c. Earth Day Party opening ceremony; d. Final room arrangement; e. Thematic room tour; f. Collective lunch). What is the correct order?",
        "events_description": {
            "Interactive game supplies preparation": "In the second - floor living room, A5_KATRINA fetched stickers from the bedroom, distributed them to team members, and then started hiding the stickers around the room to prepare for the evening interactive game.",
            "Pressed flower decoration production": "A5_KATRINA continued to make pressed - flower plastic sheet decorations in the second - floor living room and her room, including repeatedly threading red ropes and cleaning the holes in the plastic sheets. During this period, members such as the boy in the green coat and the boy in the blue coat helped.",
            "Earth Day Party opening ceremony": "A5_KATRINA continuously observed the process of the event hosted by the boy in the green coat, including screen picture displays, video displays, and participant discussion sessions.",
            "Final room arrangement": "A5_KATRINA focused on the final stage of arranging her personal room, including making the bed, tidying up the desktop clutter, fixing the animal - themed card ornaments with tape, and adjusting the position of the wall paintings.",
            "Thematic room tour": "A5_KATRINA showed the details of the decoration of her themed room (bed furnishings, wall painting explanations), and then systematically visited the creative rooms of participants such as the boy in the green coat and the girl in the black dress. She used her mobile phone to take pictures of the decoration features of each room and assisted the photographer in framing the space.",
            "Collective lunch": "The take - out food had been unpacked and placed on the table. The boy in the orange coat and the girl in the white shirt were having lunch. A5_KATRINA poured a glass of drink and started eating. The other members joined one after another. During this period, A5_KATRINA went out to get the take - out."
        },
        "choice_a": "(a)(b)(c)(d)",
        "choice_b": "(e)(a)(b)(c)",
        "choice_c": "(f)(a)(b)(c)",
        "choice_d": "(a)(e)(b)(c)",
        "reason": "Interactive game supplies preparation (15:00 - 15:20) → Pressed flower decoration production (15:23 - 15:45) → Earth Day Party opening ceremony (16:03 - 17:38) → Final room arrangement (16:09 - 16:25). Options e (17:43 - 17:52) and f (13:24 - 13:41) are not within this time period, they are distractors. The correct order is a→b→c→d."
    },
    {
        "question_chinese": "时间段判断：A5_KATRINA在总结工作时写下序列：[互动游戏物资筹备 → 压花装饰品制作 → 房间最终收拾布置]。她应标注的发生时间为？",
        "events_description_chinese": {
            "互动游戏物资筹备": "在二楼客厅，A5_KATRINA从卧室取来贴纸，分发给团队成员，然后开始将贴纸藏匿到室内各处，为晚间的互动游戏做准备。",
            "压花装饰品制作": "A5_KATRINA在二楼客厅和房间持续进行压花塑胶片装饰品制作，包括反复穿红绳、清理塑胶片孔洞，期间绿衣男生、蓝衣男生等成员帮忙。",
            "房间最终收拾布置": "A5_KATRINA专注于个人房间的最后布置阶段，包含整理床铺被褥、收拾桌面杂物、用胶带固定动物主题卡片挂饰、调整挂画位置。"
        },
        "choice_a_chinese": "DAY6: 15:00~16:25",
        "choice_b_chinese": "DAY6: 15:00~15:45",
        "choice_c_chinese": "DAY6: 15:20~16:25",
        "choice_d_chinese": "DAY6: 15:23~15:45",
        "answer": "A",
        "reason_chinese": "互动游戏物资筹备（15:00:22 - 15:20:16）→ 压花装饰品制作（15:23:26 - 15:45:17）→ 房间最终收拾布置（16:09:34 - 16:25:01）。总时间跨度为15:00~16:25，选项A（15:00~16:25）完整包含所有事件的开始与结束时间。",
        "question": "When summarizing her work, A5_KATRINA wrote the sequence: [Interactive game supplies preparation → Pressed flower decoration production → Final room arrangement]. What time range should she annotate?",
        "events_description": {
            "Interactive game supplies preparation": "In the second - floor living room, A5_KATRINA fetched stickers from the bedroom, distributed them to team members, and then started hiding the stickers around the room to prepare for the evening interactive game.",
            "Pressed flower decoration production": "A5_KATRINA continued to make pressed - flower plastic sheet decorations in the second - floor living room and her room, including repeatedly threading red ropes and cleaning the holes in the plastic sheets. During this period, members such as the boy in the green coat and the boy in the blue coat helped.",
            "Final room arrangement": "A5_KATRINA focused on the final stage of arranging her personal room, including making the bed, tidying up the desktop clutter, fixing the animal - themed card ornaments with tape, and adjusting the position of the wall paintings."
        },
        "choice_a": "DAY6: 15:00~16:25",
        "choice_b": "DAY6: 15:00~15:45",
        "choice_c": "DAY6: 15:20~16:25",
        "choice_d": "DAY6: 15:23~15:45",
        "reason": "Interactive game supplies preparation (15:00 - 15:20) → Pressed flower decoration production (15:23 - 15:45) → Final room arrangement (16:09 - 16:25). The total time span is 15:00~16:25. Option A (15:00~16:25) fully covers all event timings."
    },
    {
        "question_chinese": "时间点对应：A5_KATRINA需为以下事件匹配时间段：[压花相框制作 → 集体午餐 → 地球日派对开幕仪式]。时间选项：a. 10:10~10:25  b. 10:25~11:27  c. 13:24~13:41  d. 15:00~15:20  e. 15:23~15:45  f. 16:03~17:38  g. 19:19~20:39。你能帮助她吗？",
        "events_description_chinese": {
            "压花相框制作": "阳光明媚，A5_KATRINA在院子持续进行装饰材料处理，包括拆解相框塑封、调整亚克力板薄膜、定位干花装饰等精细手工操作，使用镊子调整花瓣位置，将压花装入相框中。期间进屋请求绿衣男生和白衣男生帮忙打开胶水，A5_KATRINA在庭院里装相框时，橙衣男生在旁边弹吉他。",
            "集体午餐": "桌上已经将外卖拆开摆放好，橙衣男生和白衬衣女生正在吃饭，A5_KATRINA倒了一杯饮料后也开始吃饭，其余成员陆续加入。期间A5_KATRINA出门取了外卖。",
            "地球日派对开幕仪式": "A5_KATRINA持续观察绿衣男生主持活动进程，包括荧幕图片展示、视频展示及参与者讨论环节。"
        },
        "choice_a_chinese": "1→b / 2→c / 3→f",
        "choice_b_chinese": "1→a / 2→c / 3→e",
        "choice_c_chinese": "1→b / 2→d / 3→f",
        "choice_d_chinese": "1→a / 2→e / 3→g",
        "answer": "A",
        "reason_chinese": "压花相框制作（10:25:33 - 11:27:30）对应选项b；集体午餐（13:24:07 - 13:41:10）对应选项c； 地球日派对开幕仪式（16:03:33 - 17:38:28）对应选项f。",
        "question": "A5_KATRINA needs to match time periods for these events: [Pressed flower frame production → Collective lunch → Earth Day Party opening ceremony]. Time options: a. 10:10~10:25  b. 10:25~11:27  c. 13:24~13:41  d. 15:00~15:20  e. 15:23~15:45  f. 16:03~17:38  g. 19:19~20:39. Can you assist her?",
        "events_description": {
            "Pressed flower frame production": "On a sunny day, A5_KATRINA continuously processed decoration materials in the yard, including disassembling the plastic seal of the photo frame, adjusting the acrylic film, positioning the dried - flower decorations and other delicate manual operations. She used tweezers to adjust the position of the petals and put the pressed flowers into the frame. During this period, she went inside to ask the boy in the green coat and the boy in the white coat to help open the glue. When A5_KATRINA was assembling the frame in the courtyard, the boy in the orange coat played the guitar beside her.",
            "Collective lunch": "The take - out food had been unpacked and placed on the table. The boy in the orange coat and the girl in the white shirt were having lunch. A5_KATRINA poured a glass of drink and started eating. The other members joined one after another. During this period, A5_KATRINA went out to get the take - out.",
            "Earth Day Party opening ceremony": "A5_KATRINA continuously observed the process of the event hosted by the boy in the green coat, including screen picture displays, video displays, and participant discussion sessions."
        },
        "choice_a": "1→b / 2→c / 3→f",
        "choice_b": "1→a / 2→c / 3→e",
        "choice_c": "1→b / 2→d / 3→f",
        "choice_d": "1→a / 2→e / 3→g",
        "reason": "Pressed flower frame production (10:25 - 11:27) matches b; Collective lunch (13:24 - 13:41) matches c; Earth Day Party opening ceremony (16:03 - 17:38) matches f."
    },
    {
        "question_chinese": "前后事件预测：A5_KATRINA在完成“压花装饰品制作”后，接下来发生的事件是？",
        "events_description_chinese": {
            "压花装饰品制作": "A5_KATRINA在二楼客厅和房间持续进行压花塑胶片装饰品制作，包括反复穿红绳、清理塑胶片孔洞，期间绿衣男生、蓝衣男生等成员帮忙。",
            "互动游戏物资筹备": "在二楼客厅，A5_KATRINA从卧室取来贴纸，分发给团队成员，然后开始将贴纸藏匿到室内各处，为晚间的互动游戏做准备。",
            "地球日派对开幕仪式": "A5_KATRINA持续观察绿衣男生主持活动进程，包括荧幕图片展示、视频展示及参与者讨论环节。",
            "房间最终收拾布置": "A5_KATRINA专注于个人房间的最后布置阶段，包含整理床铺被褥、收拾桌面杂物、用胶带固定动物主题卡片挂饰、调整挂画位置。",
            "主题房间参观导览": "A5_KATRINA展示个人主题房间布置细节（床品陈设、挂画讲解），随后系统参观了绿衣男生、黑色连衣裙女生等参与者的创意房间。使用手机拍摄各房间装饰特色，协助摄影师完成空间取景。",
            "地球日派对": "晚上，在庭院的休闲区，参与者们落座参与派对。观察到参与者们在补光灯前拍照。回到室内后，大家围坐观看蓝色外套男生表演吉他弹唱,蓝色外套男生、深绿色衣服男生、黑外套男生合作表演。"
        },
        "choice_a_chinese": "互动游戏物资筹备",
        "choice_b_chinese": "地球日派对开幕仪式",
        "choice_c_chinese": "房间最终收拾布置",
        "choice_d_chinese": "地球日派对",
        "answer": "B",
        "reason_chinese": "根据时间顺序，压花装饰品制作（15:23:26 - 15:45:17）之后是地球日派对开幕仪式（16:03:33 - 17:38:28）。互动游戏物资筹备发生在15:00 - 15:20（早于压花装饰品制作），房间最终收拾布置在16:09 - 16:25（在地球日派对开幕仪式之后），地球日派对在19:19 - 20:39（晚于其他事件），因此接下来直接发生的是地球日派对开幕仪式。",
        "question": "After completing Pressed flower decoration production, what event did A5_KATRINA do next?",
        "events_description": {
            "Pressed flower decoration production": "A5_KATRINA continued to make pressed - flower plastic sheet decorations in the second - floor living room and her room, including repeatedly threading red ropes and cleaning the holes in the plastic sheets. During this period, members such as the boy in the green coat and the boy in the blue coat helped.",
            "Interactive game supplies preparation": "In the second - floor living room, A5_KATRINA fetched stickers from the bedroom, distributed them to team members, and then started hiding the stickers around the room to prepare for the evening interactive game.",
            "Earth Day Party opening ceremony": "A5_KATRINA continuously observed the process of the event hosted by the boy in the green coat, including screen picture displays, video displays, and participant discussion sessions.",
            "Final room arrangement": "A5_KATRINA focused on the final stage of arranging her personal room, including making the bed, tidying up the desktop clutter, fixing the animal - themed card ornaments with tape, and adjusting the position of the wall paintings.",
            "Thematic room tour": "A5_KATRINA showed the details of the decoration of her themed room (bed furnishings, wall painting explanations), and then systematically visited the creative rooms of participants such as the boy in the green coat and the girl in the black dress. She used her mobile phone to take pictures of the decoration features of each room and assisted the photographer in framing the space.",
            "Earth Day Party": "In the evening, participants sat down for the party in the leisure area of the courtyard. It was observed that participants took pictures in front of the fill - light. After returning indoors, everyone sat around and watched the boy in the blue coat perform a guitar sing - along. The boy in the blue coat, the boy in the dark - green coat, and the boy in the black coat performed together."
        },
        "choice_a": "Interactive game supplies preparation",
        "choice_b": "Earth Day Party opening ceremony",
        "choice_c": "Final room arrangement",
        "choice_d": "Earth Day Party",
        "reason": "According to the timeline, Pressed flower decoration production (15:23 - 15:45) is followed by Earth Day Party opening ceremony (16:03 - 17:38). Interactive game supplies preparation occurred earlier (15:00 - 15:20), Final room arrangement later (16:09 - 16:25), and Earth Day Party much later (19:19 - 20:39). The next immediate event is Earth Day Party opening ceremony."
    },
    {
        "question_chinese": "错误纠正：A5_KATRINA描述连续动作为[房间最终收拾布置 → 压花装饰品制作 → 主题房间参观导览]，但顺序错误。正确的序列和错误分析是？",
        "events_description_chinese": {
            "房间最终收拾布置": "A5_KATRINA专注于个人房间的最后布置阶段，包含整理床铺被褥、收拾桌面杂物、用胶带固定动物主题卡片挂饰、调整挂画位置。",
            "压花装饰品制作": "A5_KATRINA在二楼客厅和房间持续进行压花塑胶片装饰品制作，包括反复穿红绳、清理塑胶片孔洞，期间绿衣男生、蓝衣男生等成员帮忙。",
            "主题房间参观导览": "A5_KATRINA展示个人主题房间布置细节（床品陈设、挂画讲解），随后系统参观了绿衣男生、黑色连衣裙女生等参与者的创意房间。使用手机拍摄各房间装饰特色，协助摄影师完成空间取景。",
            "互动游戏物资筹备": "在二楼客厅，A5_KATRINA从卧室取来贴纸，分发给团队成员，然后开始将贴纸藏匿到室内各处，为晚间的互动游戏做准备。",
            "地球日派对开幕仪式": "A5_KATRINA持续观察绿衣男生主持活动进程，包括荧幕图片展示、视频展示及参与者讨论环节。"
        },
        "choice_a_chinese": "正确：压花装饰品制作 → 房间最终收拾布置 → 主题房间参观导览 错误原因：压花装饰品制作应在房间最终收拾布置之前",
        "choice_b_chinese": "正确：房间最终收拾布置 → 主题房间参观导览 → 压花装饰品制作 错误原因：完全颠倒了压花装饰品制作和主题房间参观导览的顺序",
        "choice_c_chinese": "正确：互动游戏物资筹备 → 压花装饰品制作 → 主题房间参观导览 错误原因：插入无关的互动游戏物资筹备环节",
        "choice_d_chinese": "正确：主题房间参观导览 → 房间最终收拾布置 → 压花装饰品制作 错误原因：遗漏了压花装饰品制作环节",
        "answer": "A",
        "reason_chinese": "正确顺序应为压花装饰品制作（15:23:26 - 15:45:17）→ 房间最终收拾布置（16:09:34 - 16:25:01）→ 主题房间参观导览（17:43:27 - 17:52:23）。A5_KATRINA的描述错误在于颠倒了“压花装饰品制作”与“房间最终收拾布置”的顺序，选项A纠正了顺序错误。",
        "question": "A5_KATRINA described actions as [Final room arrangement → Pressed flower decoration production → Thematic room tour], but the order is wrong. What's the correct sequence and error analysis?",
        "events_description": {
            "Final room arrangement": "A5_KATRINA focused on the final stage of arranging her personal room, including making the bed, tidying up the desktop clutter, fixing the animal - themed card ornaments with tape, and adjusting the position of the wall paintings.",
            "Pressed flower decoration production": "A5_KATRINA continued to make pressed - flower plastic sheet decorations in the second - floor living room and her room, including repeatedly threading red ropes and cleaning the holes in the plastic sheets. During this period, members such as the boy in the green coat and the boy in the blue coat helped.",
            "Thematic room tour": "A5_KATRINA showed the details of the decoration of her themed room (bed furnishings, wall painting explanations), and then systematically visited the creative rooms of participants such as the boy in the green coat and the girl in the black dress. She used her mobile phone to take pictures of the decoration features of each room and assisted the photographer in framing the space.",
            "Interactive game supplies preparation": "In the second - floor living room, A5_KATRINA fetched stickers from the bedroom, distributed them to team members, and then started hiding the stickers around the room to prepare for the evening interactive game.",
            "Earth Day Party opening ceremony": "A5_KATRINA continuously observed the process of the event hosted by the boy in the green coat, including screen picture displays, video displays, and participant discussion sessions."
        },
        "choice_a": "Correct: Pressed flower decoration production → Final room arrangement → Thematic room tour. Error: Pressed flower decoration production should be before Final room arrangement.",
        "choice_b": "Correct: Final room arrangement → Thematic room tour → Pressed flower decoration production. Error: Completely reversed the order of Pressed flower decoration production and Thematic room tour.",
        "choice_c": "Correct: Interactive game supplies preparation → Pressed flower decoration production → Thematic room tour. Error: Inserted unrelated Interactive game supplies preparation activity.",
        "choice_d": "Correct: Thematic room tour → Final room arrangement → Pressed flower decoration production. Error: Omitted the Pressed flower decoration production link.",
        "reason": "The correct sequence is Pressed flower decoration production (15:23 - 15:45) → Final room arrangement (16:09 - 16:25) → Thematic room tour (17:43 - 17:52). Her description reversed the order of 'Pressed flower decoration production' and 'Final room arrangement'. Option A corrects the sequence."
    },
    {
        "question_chinese": "掩码预测：A5_KATRINA的日记中活动顺序记录不全：[集体午餐] → (?) → [地球日派对开幕仪式] → (?) → [地球日派对]。下列事件中哪些可以用于填补无法确认的部分？",
        "events_description_chinese": {
            "集体午餐": "桌上已经将外卖拆开摆放好，橙衣男生和白衬衣女生正在吃饭，A5_KATRINA倒了一杯饮料后也开始吃饭，其余成员陆续加入。期间A5_KATRINA出门取了外卖。",
            "互动游戏物资筹备": "在二楼客厅，A5_KATRINA从卧室取来贴纸，分发给团队成员，然后开始将贴纸藏匿到室内各处，为晚间的互动游戏做准备。",
            "地球日派对开幕仪式": "A5_KATRINA持续观察绿衣男生主持活动进程，包括荧幕图片展示、视频展示及参与者讨论环节。",
            "主题房间参观导览": "A5_KATRINA展示个人主题房间布置细节（床品陈设、挂画讲解），随后系统参观了绿衣男生、黑色连衣裙女生等参与者的创意房间。使用手机拍摄各房间装饰特色，协助摄影师完成空间取景。",
            "地球日派对": "晚上，在庭院的休闲区，参与者们落座参与派对。观察到参与者们在补光灯前拍照。回到室内后，大家围坐观看蓝色外套男生表演吉他弹唱,蓝色外套男生、深绿色衣服男生、黑外套男生合作表演。",
            "压花装饰品制作": "A5_KATRINA在二楼客厅和房间持续进行压花塑胶片装饰品制作，包括反复穿红绳、清理塑胶片孔洞，期间绿衣男生、蓝衣男生等成员帮忙。"
        },
        "choice_a_chinese": "互动游戏物资筹备 / 主题房间参观导览",
        "choice_b_chinese": "压花装饰品制作 / 互动游戏物资筹备",
        "choice_c_chinese": "集体午餐 / 主题房间参观导览",
        "choice_d_chinese": "地球日派对开幕仪式 / 压花装饰品制作",
        "answer": "A",
        "reason_chinese": "集体午餐（13:24:07 - 13:41:10）之后是互动游戏物资筹备（15:00:22 - 15:20:16），地球日派对开幕仪式（16:03:33 - 17:38:28）之后是主题房间参观导览（17:43:27 - 17:52:23），最后是地球日派对（19:19:23 - 20:39:53）。选项B中第二个空填“互动游戏物资筹备”逻辑错误；选项C中第一个空填“集体午餐”逻辑重复；选项D中第一个空填“地球日派对开幕仪式”逻辑重复，均属干扰项，正确填补为选项A。",
        "question": "A5_KATRINA's diary has an incomplete record of the activity order: [Collective lunch] → (?) → [Earth Day Party opening ceremony] → (?) → [Earth Day Party]. Which events can fill in the blanks?",
        "events_description": {
            "Collective lunch": "The take - out food had been unpacked and placed on the table. The boy in the orange coat and the girl in the white shirt were having lunch. A5_KATRINA poured a glass of drink and started eating. The other members joined one after another. During this period, A5_KATRINA went out to get the take - out.",
            "Interactive game supplies preparation": "In the second - floor living room, A5_KATRINA fetched stickers from the bedroom, distributed them to team members, and then started hiding the stickers around the room to prepare for the evening interactive game.",
            "Earth Day Party opening ceremony": "A5_KATRINA continuously observed the process of the event hosted by the boy in the green coat, including screen picture displays, video displays, and participant discussion sessions.",
            "Thematic room tour": "A5_KATRINA showed the details of the decoration of her themed room (bed furnishings, wall painting explanations), and then systematically visited the creative rooms of participants such as the boy in the green coat and the girl in the black dress. She used her mobile phone to take pictures of the decoration features of each room and assisted the photographer in framing the space.",
            "Earth Day Party": "In the evening, participants sat down for the party in the leisure area of the courtyard. It was observed that participants took pictures in front of the fill - light. After returning indoors, everyone sat around and watched the boy in the blue coat perform a guitar sing - along. The boy in the blue coat, the boy in the dark - green coat, and the boy in the black coat performed together.",
            "Pressed flower decoration production": "A5_KATRINA continued to make pressed - flower plastic sheet decorations in the second - floor living room and her room, including repeatedly threading red ropes and cleaning the holes in the plastic sheets. During this period, members such as the boy in the green coat and the boy in the blue coat helped."
        },
        "choice_a": " Interactive game supplies preparation / Thematic room tour.",
        "choice_b": " Pressed flower decoration production / Interactive game supplies preparation.",
        "choice_c": " Collective lunch / Thematic room tour.",
        "choice_d": " Earth Day Party opening ceremony / Pressed flower decoration production.",
        "reason": "Collective lunch (13:24 - 13:41) is followed by Interactive game supplies preparation (15:00 - 15:20), then Earth Day Party opening ceremony (16:03 - 17:38), followed by Thematic room tour (17:43 - 17:52), and finally Earth Day Party (19:19 - 20:39). Option B's second blank filled with 'Interactive game supplies preparation' is a logical error; Option C's first blank filled with 'Collective lunch' is a logical repetition; Option D's first blank filled with 'Earth Day Party opening ceremony' is a logical repetition. The correct filling is option A."
    }
]