
[
    {
        "question_chinese": "Base 事件排序：A5_KATRINA忘记了自己在DAY2下午15:00到晚上22:00之间所经历的事件（备选项：a、集体舞蹈动作学习与协作排练；b、舞台设备调试；c、装饰品制作；d、房间装饰方案协作设计；e、地球日主题白板画创作与展示），如果让你来对这期间发生的事件进行排序，那么正确顺序是？",
        "events_description_chinese": {
            "集体舞蹈动作学习与协作排练": "A5_KATRINA与参与者通过平板电脑学习舞蹈教程，多次回看视频并分解动作细节，并从一楼到二楼练习舞蹈。与黑衣女生、白衣女生等人协作调整动作节奏。过程中包含多次抬手、转身等基础动作练习，并参与讨论队形变化。最终完成舞蹈的完整编排，并利用打光灯营造舞台效果。",
            "舞台设备调试": "棕红色衣服男生和黑衣男生安装调试打光灯，白衣男生调试幕布设备，使用手机投屏并在幕布上呈现舞蹈教程，利用打光灯营造舞台效果。",
            "装饰品制作": "A5_KATRINA与伙伴进行花卉布置与种子装饰品制作，包括调整花束摆放、白衣女生对花束进行裁剪和插画。观察到白衣男生负责电路布线、白衣女生测量装饰尺寸、黄衣女生进行手工折纸。",
            "房间装饰方案协作设计": "在傍晚A5_KATRINA与藏蓝衣男生通过手机持续进行装饰方案讨论，后面黑衣男生加入讨论，涉及设计素材共享（包括扫码获取素材、图片对比）、方案细节调整和材料确认。观察到藏蓝衣男生频繁比划设计尺寸，A5_KATRINA多次通过微信传输参考素材并保存设计图片。",
            "地球日主题白板画创作与展示": "A5_KATRINA使用手机参考教程在白板进行地球日主题绘画（含小熊等多种造型绘制、多次修改及文字标注）。A5_KATRINA与棕红色衣服男生、藏蓝色衣服男生等人围绕白板进行装饰方案设计，其中橙衣男生在白板上绘画。"
        },
        "choice_a_chinese": "(a)(b)(c)(d)(e)",
        "choice_b_chinese": "(b)(a)(c)(e)(d)",
        "choice_c_chinese": "(c)(a)(b)(d)(e)",
        "choice_d_chinese": "(a)(c)(b)(e)(d)",
        "answer": "A",
        "reason_chinese": "集体舞蹈动作学习与协作排练（15:20:52-16:08:36）→ 舞台设备调试（15:39:47-15:46:38）→ 装饰品制作（16:09:05-16:41:00）→ 房间装饰方案协作设计（17:36:17-18:04:24）→ 地球日主题白板画创作与展示（20:55:44-21:33:55）。按文件中事件的时间先后顺序，选项A正确。",
        "question": "A5_KATRINA forgot the events she experienced between 3:00 pm and 10:00 pm on DAY2 (a. Collective dance movement learning and rehearsal; b. Stage equipment debugging; c. Decoration production; d. Room decoration plan collaboration; e. Earth Day theme whiteboard painting creation and display). What is the correct order of these events?",
        "events_description": {
            "Collective dance movement learning and rehearsal": "A5_KATRINA and participants learned dance tutorials on tablets, reviewed the video multiple times to decompose movement details, and practiced dancing from the first floor to the second floor. They collaborated with girls in black and white clothes to adjust movement rhythm, including multiple basic movements like raising hands and turning, and discussed formation changes. Finally, the complete dance choreography was completed, using stage lights to create the stage effect.",
            "Stage equipment debugging": "Boys in brownish-red and black clothes installed and debugged stage lights, while a boy in white debugged the curtain equipment. They used mobile phone projection to display dance tutorials on the curtain, utilizing stage lights for the stage effect.",
            "Decoration production": "A5_KATRINA and partners created flower arrangements and seed decorations, including adjusting bouquet placement and a girl in white trimming and arranging flowers. A boy in white was observed handling circuit wiring, a girl in white measuring decoration dimensions, and a girl in yellow doing origami.",
            "Room decoration plan collaboration": "In the evening, A5_KATRINA and a boy in Tibetan blue continuously discussed decoration plans via mobile phone, later joined by a boy in black. It involved sharing design materials (scanning codes for materials, picture comparison), adjusting plan details, and confirming materials. The boy in Tibetan blue frequently gestured design dimensions, and A5_KATRINA transmitted reference materials via WeChat and saved design images multiple times.",
            "Earth Day theme whiteboard painting creation and display": "A5_KATRINA referenced tutorials on her phone to paint an Earth Day theme on the whiteboard (including drawing bears and other shapes, making multiple revisions, and adding text annotations). She collaborated with boys in brownish-red and Tibetan blue around the whiteboard for decoration design, with an orange-clad boy painting on the whiteboard."
        },
        "choice_a": "(a)(b)(c)(d)(e)",
        "choice_b": "(b)(a)(c)(e)(d)",
        "choice_c": "(c)(a)(b)(d)(e)",
        "choice_d": "(a)(c)(b)(e)(d)",
        "reason": "Collective dance movement learning and rehearsal (15:20:52-16:08:36) → Stage equipment debugging (15:39:47-15:46:38) → Decoration production (16:09:05-16:41:00) → Room decoration plan collaboration (17:36:17-18:04:24) → Earth Day theme whiteboard painting creation and display (20:55:44-21:33:55). In chronological order as per the file, option A is correct."
    },
    {
        "question_chinese": "时间段判断：A5_KATRINA在总结工作时写下序列：[集体舞蹈视频筛选 → 集体舞蹈动作学习与协作排练 → 舞台设备调试]。她应标注的发生时间为？",
        "events_description_chinese": {
            "集体舞蹈视频筛选": "阳光明媚，A5_KATRINA使用平板电脑持续搜索适合的舞蹈教学视频，与黑衣女生、棕红色男子等人讨论舞蹈动作的可行性。期间反复观看多个女团舞蹈视频，尝试跟跳并评估动作难度，最终筛选出节奏明快的舞蹈曲目。观察到多次与同伴确认舞蹈站位、动作协调性及团队配合方案，并尝试将视频分享至群聊进行集体确认。",
            "集体舞蹈动作学习与协作排练": "A5_KATRINA与参与者通过平板电脑学习舞蹈教程，多次回看视频并分解动作细节，并从一楼到二楼练习舞蹈。与黑衣女生、白衣女生等人协作调整动作节奏。过程中包含多次抬手、转身等基础动作练习，并参与讨论队形变化。最终完成舞蹈的完整编排，并利用打光灯营造舞台效果。",
            "舞台设备调试": "棕红色衣服男生和黑衣男生安装调试打光灯，白衣男生调试幕布设备，使用手机投屏并在幕布上呈现舞蹈教程，利用打光灯营造舞台效果。"
        },
        "choice_a_chinese": "DAY2: 10:50~12:10",
        "choice_b_chinese": "DAY2: 15:10~16:10",
        "choice_c_chinese": "DAY2: 10:50~16:10",
        "choice_d_chinese": "DAY2: 16:10~17:10",
        "answer": "C",
        "reason_chinese": "集体舞蹈视频筛选（10:52:38-12:04:01）→ 集体舞蹈动作学习与协作排练（15:20:52-16:08:36）→ 舞台设备调试（15:39:47-15:46:38）。总时间跨度为10:52:38~16:08:36，选项C的10:50~16:10完全包含该时间段。",
        "question": "When summarizing her work, A5_KATRINA wrote the sequence: [Collective dance video screening → Collective dance movement learning and rehearsal → Stage equipment debugging]. What time range should she annotate?",
        "events_description": {
            "Collective dance video screening": "On a sunny day, A5_KATRINA continuously searched for suitable dance teaching videos on a tablet, discussing movement feasibility with a girl in black and a brownish-red-clad man. She repeatedly watched multiple girl group dance videos, tried following the dances, and evaluated movement difficulty, finally selecting a lively rhythm track. She was observed confirming dance positions, coordination, and team plans with peers multiple times, attempting to share videos in group chats for collective confirmation.",
            "Collective dance movement learning and rehearsal": "A5_KATRINA and participants learned dance tutorials on tablets, reviewed the video multiple times to decompose movement details, and practiced dancing from the first floor to the second floor. They collaborated with girls in black and white clothes to adjust movement rhythm, including multiple basic movements like raising hands and turning, and discussed formation changes. Finally, the complete dance choreography was completed, using stage lights to create the stage effect.",
            "Stage equipment debugging": "Boys in brownish-red and black clothes installed and debugged stage lights, while a boy in white debugged the curtain equipment. They used mobile phone projection to display dance tutorials on the curtain, utilizing stage lights for the stage effect."
        },
        "choice_a": "DAY2: 10:50~12:10",
        "choice_b": "DAY2: 15:10~16:10",
        "choice_c": "DAY2: 10:50~16:10",
        "choice_d": "DAY2: 16:10~17:10",
        "reason": "Collective dance video screening (10:52:38-12:04:01) → Collective dance movement learning and rehearsal (15:20:52-16:08:36) → Stage equipment debugging (15:39:47-15:46:38). The total time span is 10:52:38~16:08:36, fully covered by option C (10:50~16:10)."
    },
    {
        "question_chinese": "时间点对应：A5_KATRINA需为以下事件匹配时间段：[探望好友与逗狗 → 房间装饰方案协作设计 → 火锅准备 → 吃完火锅后清理工作]。时间选项：a. 17:22~17:37  b. 17:36~18:04  c. 18:06~18:12  d. 21:02~21:11。你能帮助她吗？",
        "events_description_chinese": {
            "探望好友与逗狗": "A5_KATRINA与白衣男生白天外出探望好友及与小狗玩耍。重点记录与小狗互动过程。期间A5_KATRINA使用手机多角度拍摄小狗视频。",
            "房间装饰方案协作设计": "在傍晚A5_KATRINA与藏蓝衣男生通过手机持续进行装饰方案讨论，后面黑衣男生加入讨论，涉及设计素材共享（包括扫码获取素材、图片对比）、方案细节调整和材料确认。观察到藏蓝衣男生频繁比划设计尺寸，A5_KATRINA多次通过微信传输参考素材并保存设计图片。",
            "火锅准备": "在傍晚A5_KATRINA回到住所后，与伙伴共同准备火锅。黄衣女生协助白衣男生给火锅加水，白衣女生准备食材，A5_KATRINA和小伙伴加入火锅底料",
            "吃完火锅后清理工作": "白色衬衫辫子女生收拾碗筷，A5_KATRINA和白衣女生收拾垃圾并进行桌面擦拭，棕红色衣服男生洗碗，藏蓝色衣服男生和黑色衣服男生倒垃圾。"
        },
        "choice_a_chinese": "1→a / 2→b / 3→c / 4→d",
        "choice_b_chinese": "1→b / 2→a / 3→d / 4→c",
        "choice_c_chinese": "1→c / 2→d / 3→a / 4→b",
        "choice_d_chinese": "1→d / 2→c / 3→b / 4→a",
        "answer": "A",
        "reason_chinese": "探望好友与逗狗（17:22:01-17:37:35）对应选项a； 房间装饰方案协作设计（17:36:17-18:04:24）对应选项b；火锅准备（18:06:11-18:12:40）对应选项c；吃完火锅后清理工作（21:02:01-21:11:00）对应选项d。",
        "question": "A5_KATRINA needs to match time periods for these events: [Visiting friends and playing with dogs → Room decoration plan collaboration → Hotpot preparation → Post-hotpot cleaning]. Time options: a. 17:22~17:37  b. 17:36~18:04  c. 18:06~18:12  d. 21:02~21:11. Can you assist her?",
        "events_description": {
            "Visiting friends and playing with dogs": "A5_KATRINA and a boy in white went out during the day to visit friends and play with puppies, focusing on recording interactions with the dogs. She used her phone to film the puppies from multiple angles during this time.",
            "Room decoration plan collaboration": "In the evening, A5_KATRINA and a boy in Tibetan blue continuously discussed decoration plans via mobile phone, later joined by a boy in black. It involved sharing design materials (scanning codes for materials, picture comparison), adjusting plan details, and confirming materials. The boy in Tibetan blue frequently gestured design dimensions, and A5_KATRINA transmitted reference materials via WeChat and saved design images multiple times.",
            "Hotpot preparation": "In the evening after returning to the residence, A5_KATRINA and partners prepared hotpot together. A girl in yellow assisted a boy in white with adding water to the hotpot, a girl in white prepared ingredients, and A5_KATRINA and others added the hotpot base.",
            "Post-hotpot cleaning": "A girl with braids in a white shirt cleaned the dishes, A5_KATRINA and a girl in white collected trash and wiped the table, a boy in brownish-red washed the dishes, and boys in Tibetan blue and black took out the garbage."
        },
        "choice_a": "1→a / 2→b / 3→c / 4→d",
        "choice_b": "1→b / 2→a / 3→d / 4→c",
        "choice_c": "1→c / 2→d / 3→a / 4→b",
        "choice_d": "1→d / 2→c / 3→b / 4→a",
        "reason": "Visiting friends and playing with dogs (17:22:01-17:37:35) matches a;Room decoration plan collaboration (17:36:17-18:04:24) matches b; Hotpot preparation (18:06:11-18:12:40) matches c; Post-hotpot cleaning (21:02:01-21:11:00) matches d."
    },
    {
        "question_chinese": "前后事件预测：A5_KATRINA在完成“装饰品制作”后，接下来发生的事件是？",
        "events_description_chinese": {
            "装饰品制作": "A5_KATRINA与伙伴进行花卉布置与种子装饰品制作，包括调整花束摆放、白衣女生对花束进行裁剪和插画。观察到白衣男生负责电路布线、白衣女生测量装饰尺寸、黄衣女生进行手工折纸。",
            "探望好友与逗狗": "A5_KATRINA与白衣男生白天外出探望好友及与小狗玩耍。重点记录与小狗互动过程。期间A5_KATRINA使用手机多角度拍摄小狗视频。",
            "房间装饰方案协作设计": "在傍晚A5_KATRINA与藏蓝衣男生通过手机持续进行装饰方案讨论，后面黑衣男生加入讨论，涉及设计素材共享（包括扫码获取素材、图片对比）、方案细节调整和材料确认。观察到藏蓝衣男生频繁比划设计尺寸，A5_KATRINA多次通过微信传输参考素材并保存设计图片。",
            "火锅准备": "在傍晚A5_KATRINA回到住所后，与伙伴共同准备火锅。黄衣女生协助白衣男生给火锅加水，白衣女生准备食材，A5_KATRINA和小伙伴加入火锅底料",
            "地球日主题白板画创作与展示": "A5_KATRINA使用手机参考教程在白板进行地球日主题绘画（含小熊等多种造型绘制、多次修改及文字标注）。A5_KATRINA与棕红色衣服男生、藏蓝色衣服男生等人围绕白板进行装饰方案设计，其中橙衣男生在白板上绘画。"
        },
        "choice_a_chinese": "探望好友与逗狗",
        "choice_b_chinese": "房间装饰方案协作设计",
        "choice_c_chinese": "火锅准备",
        "choice_d_chinese": "地球日主题白板画创作与展示",
        "answer": "A",
        "reason_chinese": "根据时间顺序，装饰品制作（16:09:05-16:41:00）之后是探望好友与逗狗（17:22:01-17:37:35）。房间装饰方案协作设计（17:36:17-18:04:24）在探望好友之后，火锅准备（18:06:11-18:12:40）和地球日主题白板画创作与展示（20:55:44-21:33:55）更晚，因此接下来直接发生的是探望好友与逗狗。",
        "question": "After completing Decoration production, what event did A5_KATRINA do next?",
        "events_description": {
            "Decoration production": "A5_KATRINA and partners created flower arrangements and seed decorations, including adjusting bouquet placement and a girl in white trimming and arranging flowers. A boy in white was observed handling circuit wiring, a girl in white measuring decoration dimensions, and a girl in yellow doing origami.",
            "Visiting friends and playing with dogs": "A5_KATRINA and a boy in white went out during the day to visit friends and play with puppies, focusing on recording interactions with the dogs. She used her phone to film the puppies from multiple angles during this time.",
            "Room decoration plan collaboration": "In the evening, A5_KATRINA and a boy in Tibetan blue continuously discussed decoration plans via mobile phone, later joined by a boy in black. It involved sharing design materials (scanning codes for materials, picture comparison), adjusting plan details, and confirming materials. The boy in Tibetan blue frequently gestured design dimensions, and A5_KATRINA transmitted reference materials via WeChat and saved design images multiple times.",
            "Hotpot preparation": "In the evening after returning to the residence, A5_KATRINA and partners prepared hotpot together. A girl in yellow assisted a boy in white with adding water to the hotpot, a girl in white prepared ingredients, and A5_KATRINA and others added the hotpot base.",
            "Earth Day theme whiteboard painting creation and display": "A5_KATRINA referenced tutorials on her phone to paint an Earth Day theme on the whiteboard (including drawing bears and other shapes, making multiple revisions, and adding text annotations). She collaborated with boys in brownish-red and Tibetan blue around the whiteboard for decoration design, with an orange-clad boy painting on the whiteboard."
        },
        "choice_a": "Visiting friends and playing with dogs",
        "choice_b": "Room decoration plan collaboration",
        "choice_c": "Hotpot preparation",
        "choice_d": "Earth Day theme whiteboard painting creation and display",
        "reason": "According to the timeline, Decoration production (16:09:05-16:41:00) is followed by Visiting friends and playing with dogs (17:22:01-17:37:35). Room decoration plan collaboration (17:36:17-18:04:24) occurs after visiting friends, making the next immediate event Visiting friends and playing with dogs."
    },
    {
        "question_chinese": "错误纠正：A5_KATRINA描述连续动作为[舞台设备调试 → 装饰品制作 → 地球日主题房间布置方案]，但顺序错误。正确序列和错误分析是？",
        "events_description_chinese": {
            "舞台设备调试": "棕红色衣服男生和黑衣男生安装调试打光灯，白衣男生调试幕布设备，使用手机投屏并在幕布上呈现舞蹈教程，利用打光灯营造舞台效果。",
            "装饰品制作": "A5_KATRINA与伙伴进行花卉布置与种子装饰品制作，包括调整花束摆放、白衣女生对花束进行裁剪和插画。观察到白衣男生负责电路布线、白衣女生测量装饰尺寸、黄衣女生进行手工折纸。",
            "地球日主题房间布置方案": "A5_KATRINA与紫色外套女生、黑色T恤女生和橙衣男生轮流向团队成员详细解说房间装饰方案，通过手势比划指定装饰材料悬挂位置。",
            "集体舞蹈动作学习与协作排练": "A5_KATRINA与参与者通过平板电脑学习舞蹈教程，多次回看视频并分解动作细节，并从一楼到二楼练习舞蹈。与黑衣女生、白衣女生等人协作调整动作节奏。过程中包含多次抬手、转身等基础动作练习，并参与讨论队形变化。最终完成舞蹈的完整编排，并利用打光灯营造舞台效果。",
            "房间装饰方案协作设计": "在傍晚A5_KATRINA与藏蓝衣男生通过手机持续进行装饰方案讨论，后面黑衣男生加入讨论，涉及设计素材共享（包括扫码获取素材、图片对比）、方案细节调整和材料确认。观察到藏蓝衣男生频繁比划设计尺寸，A5_KATRINA多次通过微信传输参考素材并保存设计图片。",
            "火锅准备": "在傍晚A5_KATRINA回到住所后，与伙伴共同准备火锅。黄衣女生协助白衣男生给火锅加水，白衣女生准备食材，A5_KATRINA和小伙伴加入火锅底料",
            "吃完火锅后清理工作": "白色衬衫辫子女生收拾碗筷，A5_KATRINA和白衣女生收拾垃圾并进行桌面擦拭，棕红色衣服男生洗碗，藏蓝色衣服男生和黑色衣服男生倒垃圾。"
        },
        "choice_a_chinese": "正确：集体舞蹈动作学习与协作排练 → 舞台设备调试 → 装饰品制作 错误原因：舞台设备调试应在舞蹈排练之后，且地球日主题房间布置方案未在题干时间段内",
        "choice_b_chinese": "正确：舞台设备调试 → 装饰品制作 → 房间装饰方案协作设计 错误原因：遗漏集体舞蹈动作学习与协作排练，顺序混乱",
        "choice_c_chinese": "正确：集体舞蹈动作学习与协作排练 → 装饰品制作 → 舞台设备调试 错误原因：颠倒舞台设备调试与装饰品制作顺序",
        "choice_d_chinese": "正确：装饰品制作 → 舞台设备调试 → 地球日主题房间布置方案 错误原因：完全颠倒舞蹈相关活动与装饰活动顺序",
        "answer": "A",
        "reason_chinese": "正确顺序应为集体舞蹈动作学习与协作排练（15:20:52-16:08:36）→ 舞台设备调试（15:39:47-15:46:38）→ 装饰品制作（16:09:05-16:41:00）。A5_KATRINA的描述错误在于：① 舞台设备调试实际在舞蹈排练期间进行，而非提前；② 地球日主题房间布置方案（22:50:03-22:56:56）超出题干15:00-22:00时间段，属干扰项。选项A按文件时间顺序纠正错误。",
        "question": "A5_KATRINA described actions as [Stage equipment debugging → Decoration production → Earth Day room arrangement], but the order is wrong. What's the correct sequence and error analysis?",
        "events_description": {
            "Stage equipment debugging": "Boys in brownish-red and black clothes installed and debugged stage lights, while a boy in white debugged the curtain equipment. They used mobile phone projection to display dance tutorials on the curtain, utilizing stage lights for the stage effect.",
            "Decoration production": "A5_KATRINA and partners created flower arrangements and seed decorations, including adjusting bouquet placement and a girl in white trimming and arranging flowers. A boy in white was observed handling circuit wiring, a girl in white measuring decoration dimensions, and a girl in yellow doing origami.",
            "Earth Day room arrangement": "A5_KATRINA, a girl in a purple jacket, a girl in a black T-shirt, and a boy in orange took turns explaining the room decoration plan to team members, gesturing to specify where to hang decoration materials.",
            "Collective dance movement learning and rehearsal": "A5_KATRINA and participants learned dance tutorials on tablets, reviewed the video multiple times to decompose movement details, and practiced dancing from the first floor to the second floor. They collaborated with girls in black and white clothes to adjust movement rhythm, including multiple basic movements like raising hands and turning, and discussed formation changes. Finally, the complete dance choreography was completed, using stage lights to create the stage effect.",
            "Room decoration plan collaboration": "In the evening, A5_KATRINA and a boy in Tibetan blue continuously discussed decoration plans via mobile phone, later joined by a boy in black. It involved sharing design materials (scanning codes for materials, picture comparison), adjusting plan details, and confirming materials. The boy in Tibetan blue frequently gestured design dimensions, and A5_KATRINA transmitted reference materials via WeChat and saved design images multiple times.",
            "Hotpot preparation": "In the evening after returning to the residence, A5_KATRINA and partners prepared hotpot together. A girl in yellow assisted a boy in white with adding water to the hotpot, a girl in white prepared ingredients, and A5_KATRINA and others added the hotpot base.",
            "Post-hotpot cleaning": "A girl with braids in a white shirt cleaned the dishes, A5_KATRINA and a girl in white collected trash and wiped the table, a boy in brownish-red washed the dishes, and boys in Tibetan blue and black took out the garbage."
        },
        "choice_a": "Correct: Collective dance movement learning and rehearsal → Stage equipment debugging → Decoration production. Error: Stage equipment debugging should follow dance rehearsal, and Earth Day room arrangement is outside the specified time period.",
        "choice_b": "Correct: Stage equipment debugging → Decoration production → Room decoration plan collaboration. Error: Omitted collective dance movement learning and rehearsal, disordered sequence.",
        "choice_c": "Correct: Collective dance movement learning and rehearsal → Decoration production → Stage equipment debugging. Error: Reversed stage equipment debugging and decoration production order.",
        "choice_d": "Correct: Decoration production → Stage equipment debugging → Earth Day room arrangement. Error: Entirely reversed dance and decoration activity order.",
        "reason": "The correct sequence is Collective dance movement learning and rehearsal (15:20:52-16:08:36) → Stage equipment debugging (15:39:47-15:46:38) → Decoration production (16:09:05-16:41:00).Her description incorrectly placed stage equipment debugging before rehearsal and included an event outside the 15:00-22:00 timeframe. Option A corrects the sequence per the file."
    },
    {
        "question_chinese": "掩码预测：A5_KATRINA的日记中活动顺序记录不全：[集体舞蹈动作学习与协作排练] → (?) → [装饰品制作] → (?) → [地球日主题白板画创作与展示]。哪些事件可填补？",
        "events_description_chinese": {
            "集体舞蹈动作学习与协作排练": "A5_KATRINA与参与者通过平板电脑学习舞蹈教程，多次回看视频并分解动作细节，并从一楼到二楼练习舞蹈。与黑衣女生、白衣女生等人协作调整动作节奏。过程中包含多次抬手、转身等基础动作练习，并参与讨论队形变化。最终完成舞蹈的完整编排，并利用打光灯营造舞台效果。",
            "装饰品制作": "A5_KATRINA与伙伴进行花卉布置与种子装饰品制作，包括调整花束摆放、白衣女生对花束进行裁剪和插画。观察到白衣男生负责电路布线、白衣女生测量装饰尺寸、黄衣女生进行手工折纸。",
            "地球日主题白板画创作与展示": "A5_KATRINA使用手机参考教程在白板进行地球日主题绘画（含小熊等多种造型绘制、多次修改及文字标注）。A5_KATRINA与棕红色衣服男生、藏蓝色衣服男生等人围绕白板进行装饰方案设计，其中橙衣男生在白板上绘画。",
            "舞台设备调试": "棕红色衣服男生和黑衣男生安装调试打光灯，白衣男生调试幕布设备，使用手机投屏并在幕布上呈现舞蹈教程，利用打光灯营造舞台效果。",
            "房间装饰方案协作设计": "在傍晚A5_KATRINA与藏蓝衣男生通过手机持续进行装饰方案讨论，后面黑衣男生加入讨论，涉及设计素材共享（包括扫码获取素材、图片对比）、方案细节调整和材料确认。观察到藏蓝衣男生频繁比划设计尺寸，A5_KATRINA多次通过微信传输参考素材并保存设计图片。",
            "火锅准备": "在傍晚A5_KATRINA回到住所后，与伙伴共同准备火锅。黄衣女生协助白衣男生给火锅加水，白衣女生准备食材，A5_KATRINA和小伙伴加入火锅底料",
            "吃完火锅后清理工作": "白色衬衫辫子女生收拾碗筷，A5_KATRINA和白衣女生收拾垃圾并进行桌面擦拭，棕红色衣服男生洗碗，藏蓝色衣服男生和黑色衣服男生倒垃圾。"
        },
        "choice_a_chinese": "舞台设备调试 / 房间装饰方案协作设计",
        "choice_b_chinese": "房间装饰方案协作设计 / 舞台设备调试",
        "choice_c_chinese": "探望好友与逗狗 / 火锅准备",
        "choice_d_chinese": "火锅准备 / 吃完火锅后清理工作",
        "answer": "A",
        "reason_chinese": "集体舞蹈动作学习与协作排练（15:20:52-16:08:36）→ 舞台设备调试（15:39:47-15:46:38）→ 装饰品制作（16:09:05-16:41:00）→ 房间装饰方案协作设计（17:36:17-18:04:24）→ 地球日主题白板画创作与展示（20:55:44-21:33:55）。第一个掩码处为“舞台设备调试”（紧接舞蹈排练之后，文件中实际发生在排练期间），第二个掩码处为“房间装饰方案协作设计”（紧接装饰品制作之后）。选项A正确匹配文件中的时间顺序，所有选项中出现的事件均已在events_description_chinese中完整列出。",
        "question": "A5_KATRINA's diary has missing events: [Collective dance movement learning and rehearsal] → (?) → [Decoration production] → (?) → [Earth Day whiteboard painting creation and display]. Which events fill the blanks?",
        "events_description": {
            "Collective dance movement learning and rehearsal": "A5_KATRINA and participants learned dance tutorials on tablets, reviewed the video multiple times to decompose movement details, and practiced dancing from the first floor to the second floor. They collaborated with girls in black and white clothes to adjust movement rhythm, including multiple basic movements like raising hands and turning, and discussed formation changes. Finally, the complete dance choreography was completed, using stage lights to create the stage effect.",
            "Decoration production": "A5_KATRINA and partners created flower arrangements and seed decorations, including adjusting bouquet placement and a girl in white trimming and arranging flowers. A boy in white was observed handling circuit wiring, a girl in white measuring decoration dimensions, and a girl in yellow doing origami.",
            "Earth Day whiteboard painting creation and display": "A5_KATRINA referenced tutorials on her phone to paint an Earth Day theme on the whiteboard (including drawing bears and other shapes, making multiple revisions, and adding text annotations). She collaborated with boys in brownish-red and Tibetan blue around the whiteboard for decoration design, with an orange-clad boy painting on the whiteboard.",
            "Stage equipment debugging": "Boys in brownish-red and black clothes installed and debugged stage lights, while a boy in white debugged the curtain equipment. They used mobile phone projection to display dance tutorials on the curtain, utilizing stage lights for the stage effect.",
            "Room decoration plan collaboration": "In the evening, A5_KATRINA and a boy in Tibetan blue continuously discussed decoration plans via mobile phone, later joined by a boy in black. It involved sharing design materials (scanning codes for materials, picture comparison), adjusting plan details, and confirming materials. The boy in Tibetan blue frequently gestured design dimensions, and A5_KATRINA transmitted reference materials via WeChat and saved design images multiple times.",
            "Hotpot preparation": "In the evening after returning to the residence, A5_KATRINA and partners prepared hotpot together. A girl in yellow assisted a boy in white with adding water to the hotpot, a girl in white prepared ingredients, and A5_KATRINA and others added the hotpot base.",
            "Post-hotpot cleaning": "A girl with braids in a white shirt cleaned the dishes, A5_KATRINA and a girl in white collected trash and wiped the table, a boy in brownish-red washed the dishes, and boys in Tibetan blue and black took out the garbage."
        },
        "choice_a": "Stage equipment debugging / Room decoration plan collaboration",
        "choice_b": "Room decoration plan collaboration / Stage equipment debugging",
        "choice_c": "Visiting friends and playing with dogs / Hotpot preparation",
        "choice_d": "Hotpot preparation / Post-hotpot cleaning",
        "reason": "Collective dance movement learning and rehearsal (15:20:52-16:08:36) → Stage equipment debugging (15:39:47-15:46:38) → Decoration production (16:09:05-16:41:00) → Room decoration plan collaboration (17:36:17-18:04:24) → Earth Day whiteboard painting creation and display (20:55:44-21:33:55).The blanks are filled by Stage equipment debugging and Room decoration plan collaboration, as in option A, with all events in the options fully described in events_description_chinese as required."
    }
]