[
    {
        "question_chinese": "Base 事件排序：A6_SHURE 忘记了自己在 DAY7 上午 11:00 到 12:30 之间所经历的事件（备选项：a、庭院闲逛；b、吃早点；c、庭院午餐；d、彩票店寻找），如果让你来对这期间发生的事件进行排序，那么正确顺序是？",
        "events_description_chinese": {
            "庭院闲逛": "A6_SHURE在庭院闲逛从晾衣架和大门之间走来走去，穿插摸坐在庭院椅子上玩手机的女友的头和回复微信消息。",
            "吃早点": "A6_SHURE去冰箱拿了瑞士卷和咸鸭蛋吃早点并分食给坐在庭院椅子上玩手机的女友，将多拿的一个瑞士卷放回冰箱。",
            "庭院午餐": "白色长袖女打开并摆放好外卖，成员围坐在庭院桌子旁进行午餐，A6_SHURE和女友在吃完后在座位上玩手机互动。",
            "彩票店寻找": "A6_SHURE与女友携带扇子离开住所，通过导航步行到一个彩票店，没有想要购买的彩票，继续导航步行至一家关门的彩票店，然后步行返回。"
        },
        "choice_a_chinese": "(a)(b)(c)",
        "choice_b_chinese": "(a)(c)(b)",
        "choice_c_chinese": "(b)(a)(c)",
        "choice_d_chinese": "(c)(a)(b)",
        "answer": "A",
        "reason_chinese": "庭院闲逛（11:04:20 - 11:27:31）→ 吃早点（11:30:05 - 11:38:31）→ 庭院午餐（11:54:37 - 12:44:21）。彩票店寻找发生在 12:56:50 - 13:49:52，不在 11:00 - 12:30 范围内，排除含 d 的选项。选项 A 的顺序符合时间逻辑。",
        "question": "A6_SHURE forgot the events he experienced between 11:00 am and 12:30 pm on DAY7 (a. Strolling in the courtyard; b. Having breakfast; c. Having lunch in the courtyard; d. Looking for a lottery shop). If you were to sort the events that occurred during this period, what would be the correct order?",
        "events_description": {
            "Strolling in the courtyard": "A6_SHURE strolled in the courtyard, walking back and forth between the clothesline and the gate, touching the head of his girlfriend sitting on the courtyard chair playing with her phone and replying to WeChat messages in between.",
            "Having breakfast": "A6_SHURE went to the fridge to get Swiss rolls and salted duck eggs for breakfast and shared them with his girlfriend sitting on the courtyard chair playing with her phone. He put an extra Swiss roll back in the fridge.",
            "Having lunch in the courtyard": "The girl in white long - sleeved shirt opened and arranged the takeaway. The members sat around the courtyard table for lunch. After eating, A6_SHURE and his girlfriend played with their phones and interacted in their seats.",
            "Looking for a lottery shop": "A6_SHURE and his girlfriend left the residence with fans, walked to a lottery shop by navigation. There were no lottery tickets they wanted to buy, so they continued to navigate to a closed lottery shop and then walked back."
        },
        "choice_a": "(a)(b)(c)",
        "choice_b": "(a)(c)(b)",
        "choice_c": "(b)(a)(c)",
        "choice_d": "(c)(a)(b)",
        "reason": "Strolling in the courtyard (11:04:20 - 11:27:31) → Having breakfast (11:30:05 - 11:38:31) → Having lunch in the courtyard (11:54:37 - 12:44:21). Looking for a lottery shop occurred from 12:56:50 to 13:49:52, not within 11:00 - 12:30, so options with d are excluded. The order in option A fits the time logic."
    },
    {
        "question_chinese": "时间段判断：A6_SHURE在总结自己的工作的时候，写下了如下序列：[庭院午餐 → 彩票店寻找]。A6_SHURE应该标注这些事件的发生时间为？",
        "events_description_chinese": {
            "庭院午餐": "白色长袖女打开并摆放好外卖，成员围坐在庭院桌子旁进行午餐，A6_SHURE和女友在吃完后在座位上玩手机互动。",
            "彩票店寻找": "A6_SHURE与女友携带扇子离开住所，通过导航步行到一个彩票店，没有想要购买的彩票，继续导航步行至一家关门的彩票店，然后步行返回。"
        },
        "choice_a_chinese": "DAY7: 11:50~13:00",
        "choice_b_chinese": "DAY7: 11:50~13:50",
        "choice_c_chinese": "DAY7: 12:00~13:00",
        "choice_d_chinese": "DAY7: 12:00~13:50",
        "answer": "B",
        "reason_chinese": "庭院午餐（11:54:37 - 12:44:21）→ 彩票店寻找（12:56:50 - 13:49:52）。总时间跨度为 11:54:37~13:49:52，与选项 B 的 11:50~13:50 最接近。",
        "question": "When summarizing his work, A6_SHURE wrote the sequence: [Having lunch in the courtyard → Looking for a lottery shop]. What time range should A6_SHURE annotate?",
        "events_description": {
            "Having lunch in the courtyard": "The girl in white long - sleeved shirt opened and arranged the takeaway. The members sat around the courtyard table for lunch. After eating, A6_SHURE and his girlfriend played with their phones and interacted in their seats.",
            "Looking for a lottery shop": "A6_SHURE and his girlfriend left the residence with fans, walked to a lottery shop by navigation. There were no lottery tickets they wanted to buy, so they continued to navigate to a closed lottery shop and then walked back."
        },
        "choice_a": "DAY7: 11:50~13:00",
        "choice_b": "DAY7: 11:50~13:50",
        "choice_c": "DAY7: 12:00~13:00",
        "choice_d": "DAY7: 12:00~13:50",
        "reason": "Having lunch in the courtyard (11:54:37 - 12:44:21) → Looking for a lottery shop (12:56:50 - 13:49:52). Total span: 11:54:37~13:49:52, matching option B (11:50~13:50)."
    },
    {
        "question_chinese": "时间点对应：A6_SHURE只记录了自己做了什么事，但是没有记录每件事的起止时间。现在有一些时间段供A6_SHURE进行选择。事件序列：[水果采购 → 音响设备拆卸 → 行李装包]。时间选项：a. 13:30~13:45  b. 13:35~13:45  c. 14:00~14:10  d. 14:00~14:15  e. 14:15~14:35  f. 14:20~14:35  g. 13:30~13:40。你能帮助A6_SHURE找到每个事件对应的正确时间段吗？",
        "events_description_chinese": {
            "水果采购": "A6_SHURE与女友进入水果店，女友挑选了一个西瓜，A6_SHURE付款后提走西瓜。",
            "音响设备拆卸": "A6_SHURE去二楼客厅在黄色短袖女的协助下将音响线拔出并理好，然后搬回一楼卧室的床上。",
            "行李装包": "A6_SHURE在女友的帮助下将衣物和两个音箱打包装进行李箱，A6_SHURE将正在整理行李箱的女友拍照记录。"
        },
        "choice_a_chinese": "1→a / 2→c / 3→e",
        "choice_b_chinese": "1→b / 2→d / 3→f",
        "choice_c_chinese": "1→g / 2→c / 3→e",
        "choice_d_chinese": "1→a / 2→d / 3→f",
        "answer": "A",
        "reason_chinese": "水果采购（13:39:04 - 13:41:11），对应选项 a；音响设备拆卸（14:00:45 - 14:07:17），对应选项 c；行李装包（14:19:24 - 14:30:50），对应选项 e。选项 A 的对应关系正确。",
        "question": "A6_SHURE only recorded what he did, but did not record the start and end times of each thing. Now there are some time periods for A6_SHURE to choose from. Event sequence: [Fruit shopping → Audio equipment disassembly → Luggage packing]. Time options:  a. 13:30~13:45  b. 13:35~13:45  c. 14:00~14:10  d. 14:00~14:15  e. 14:15~14:35  f. 14:20~14:35  g. 13:30~13:40  Can you help A6_SHURE find the correct time period for each event?",
        "events_description": {
            "Fruit shopping": "A6_SHURE and his girlfriend entered a fruit shop. His girlfriend selected a watermelon. A6_SHURE paid and took away the watermelon.",
            "Audio equipment disassembly": "A6_SHURE went to the second - floor living room. With the assistance of the girl in yellow short - sleeved shirt, he pulled out and organized the audio cables, then moved the equipment back to the bed in the first - floor bedroom.",
            "Luggage packing": "With the help of his girlfriend, A6_SHURE packed clothes and two speakers into a suitcase. A6_SHURE took a photo of his girlfriend while she was organizing the suitcase."
        },
        "choice_a": "1→a / 2→c / 3→e",
        "choice_b": "1→b / 2→d / 3→f",
        "choice_c": "1→g / 2→c / 3→e",
        "choice_d": "1→a / 2→d / 3→f",
        "reason": "Fruit shopping (13:39:04 - 13:41:11), corresponding to option a; Audio equipment disassembly (14:00:45 - 14:07:17), corresponding to option c; Luggage packing (14:19:24 - 14:30:50), corresponding to option e. The correspondence in option A is correct."
    },
    {
        "question_chinese": "事件前后预测：A6_SHURE在完成水果采购后，接下来发生的事件是？",
        "events_description_chinese": {
            "水果采购": "A6_SHURE与女友进入水果店，女友挑选了一个西瓜，A6_SHURE付款后提走西瓜。",
            "音响设备拆卸": "A6_SHURE去二楼客厅在黄色短袖女的协助下将音响线拔出并理好，然后搬回一楼卧室的床上。",
            "行李装包": "A6_SHURE在女友的帮助下将衣物和两个音箱打包装进行李箱，A6_SHURE将正在整理行李箱的女友拍照记录。",
            "玩游戏机": "A6_SHURE给女友示范游戏机的游记玩法后，女友蹲在床边打游戏，A6_SHURE坐在床边观看。",
            "切并吃西瓜": "A6_SHURE去一楼厨房柜子找到刀具，在二楼清洗刀具和西瓜后和女友一起将西瓜切好，A6_SHURE端到一楼客厅餐桌给成员品尝。"
        },
        "choice_a_chinese": "音响设备拆卸",
        "choice_b_chinese": "行李装包",
        "choice_c_chinese": "玩游戏机",
        "choice_d_chinese": "切并吃西瓜",
        "answer": "A",
        "reason_chinese": "根据时间顺序，水果采购（13:39:04 - 13:41:11）结束后，紧接着就是音响设备拆卸（14:00:45 - 14:07:17）。行李装包（14:19:24 - 14:30:50）、玩游戏机（14:20:00 - 14:36:02）和切并吃西瓜（17:21:20 - 17:36:45）则是更晚发生的事件。因此，接下来直接发生的事件是音响设备拆卸。",
        "question": "After A6_SHURE completed fruit shopping, what was the next event that happened?",
        "events_description": {
            "Fruit shopping": "A6_SHURE and his girlfriend entered a fruit shop. His girlfriend selected a watermelon. A6_SHURE paid and took away the watermelon.",
            "Audio equipment disassembly": "A6_SHURE went to the second - floor living room. With the assistance of the girl in yellow short - sleeved shirt, he pulled out and organized the audio cables, then moved the equipment back to the bed in the first - floor bedroom.",
            "Luggage packing": "With the help of his girlfriend, A6_SHURE packed clothes and two speakers into a suitcase. A6_SHURE took a photo of his girlfriend while she was organizing the suitcase.",
            "Playing video games": "A6_SHURE demonstrated how to play video games to his girlfriend. Then his girlfriend squatted beside the bed to play games, and A6_SHURE sat beside the bed watching.",
            "Cutting and eating watermelon": "A6_SHURE went to the cabinet in the first - floor kitchen to find a knife. After washing the knife and the watermelon on the second floor, he and his girlfriend cut the watermelon. A6_SHURE brought the watermelon to the dining table in the first - floor living room for the members to taste."
        },
        "choice_a": "Audio equipment disassembly",
        "choice_b": "Luggage packing",
        "choice_c": "Playing video games",
        "choice_d": "Cutting and eating watermelon",
        "reason": "According to the time sequence, after fruit shopping (13:39:04 - 13:41:11) is completed, the next event is audio equipment disassembly (14:00:45 - 14:07:17). Luggage packing (14:19:24 - 14:30:50), playing video games (14:20:00 - 14:36:02) and cutting and eating watermelon (17:21:20 - 17:36:45) are events that happen much later. Therefore, the next immediate event is audio equipment disassembly."
    },
    {
        "question_chinese": "错误纠正：A6_SHURE描述自己有一串连续的动作为：[行李装包 → 水果采购 → 音响设备拆卸]，但她的说法是错误的。正确的序列和错误分析是？",
        "events_description_chinese": {
            "行李装包": "A6_SHURE在女友的帮助下将衣物和两个音箱打包装进行李箱，A6_SHURE将正在整理行李箱的女友拍照记录。",
            "水果采购": "A6_SHURE与女友进入水果店，女友挑选了一个西瓜，A6_SHURE付款后提走西瓜。",
            "音响设备拆卸": "A6_SHURE去二楼客厅在黄色短袖女的协助下将音响线拔出并理好，然后搬回一楼卧室的床上。",
            "玩游戏机": "A6_SHURE给女友示范游戏机的游记玩法后，女友蹲在床边打游戏，A6_SHURE坐在床边观看。"
        },
        "choice_a_chinese": "正确：水果采购 → 音响设备拆卸 → 行李装包 错误原因：顺序颠倒（水果采购应在音响设备拆卸之前）",
        "choice_b_chinese": "正确：行李装包 → 音响设备拆卸 → 水果采购 错误原因：顺序混乱",
        "choice_c_chinese": "正确：音响设备拆卸 → 水果采购 → 行李装包 错误原因：顺序错误",
        "choice_d_chinese": "正确：水果采购 → 行李装包 → 音响设备拆卸 错误原因：完全颠倒核心事件顺序",
        "answer": "A",
        "reason_chinese": "正确顺序应为水果采购（13:39:04 - 13:41:11）→ 音响设备拆卸（14:00:45 - 14:07:17）→ 行李装包（14:19:24 - 14:30:50）。A6_SHURE的描述颠倒了“水果采购”与“音响设备拆卸”的顺序。选项 A 纠正了核心事件的顺序。",
        "question": "A6_SHURE described a series of consecutive actions as: [Luggage packing → Fruit shopping → Audio equipment disassembly], but her statement is incorrect. What is the correct sequence and the error analysis?",
        "events_description": {
            "Luggage packing": "With the help of his girlfriend, A6_SHURE packed clothes and two speakers into a suitcase. A6_SHURE took a photo of his girlfriend while she was organizing the suitcase.",
            "Fruit shopping": "A6_SHURE and his girlfriend entered a fruit shop. His girlfriend selected a watermelon. A6_SHURE paid and took away the watermelon.",
            "Audio equipment disassembly": "A6_SHURE went to the second - floor living room. With the assistance of the girl in yellow short - sleeved shirt, he pulled out and organized the audio cables, then moved the equipment back to the bed in the first - floor bedroom.",
            "Playing video games": "A6_SHURE demonstrated how to play video games to his girlfriend. Then his girlfriend squatted beside the bed to play games, and A6_SHURE sat beside the bed watching."
        },
        "choice_a": "Correct: Fruit shopping → Audio equipment disassembly → Luggage packing. Error reason: Incorrect order (Fruit shopping should precede Audio equipment disassembly) ",
        "choice_b": "Correct: Luggage packing → Audio equipment disassembly → Fruit shopping. Error reason: Disordered order",
        "choice_c": "Correct: Audio equipment disassembly → Fruit shopping → Luggage packing. Error reason: Incorrect order",
        "choice_d": "Correct: Fruit shopping → Luggage packing → Audio equipment disassembly. Error reason: Completely reversed core event order",
        "reason": "The correct sequence should be Fruit shopping (13:39:04 - 13:41:11) → Audio equipment disassembly (14:00:45 - 14:07:17) → Luggage packing (14:19:24 - 14:30:50).\nA6_SHURE's description reversed the order of \"Fruit shopping\" and \"Audio equipment disassembly\". Option A corrects the core order."
    },
    {
        "question_chinese": "掩码预测:A6_SHURE的日记中关于她参与活动顺序的记录看不清了：[水果采购] → (?) → [行李装包] → (?) → [切并吃西瓜]。下列事件中哪些可以用于填补无法确认的部分？",
        "events_description_chinese": {
            "水果采购": "A6_SHURE与女友进入水果店，女友挑选了一个西瓜，A6_SHURE付款后提走西瓜。",
            "行李装包": "A6_SHURE在女友的帮助下将衣物和两个音箱打包装进行李箱，A6_SHURE将正在整理行李箱的女友拍照记录。",
            "切并吃西瓜": "A6_SHURE去一楼厨房柜子找到刀具，在二楼清洗刀具和西瓜后和女友一起将西瓜切好，A6_SHURE端到一楼客厅餐桌给成员品尝。",
            "音响设备拆卸": "A6_SHURE去二楼客厅在黄色短袖女的协助下将音响线拔出并理好，然后搬回一楼卧室的床上。",
            "玩游戏机": "A6_SHURE给女友示范游戏机的游记玩法后，女友蹲在床边打游戏，A6_SHURE坐在床边观看。"
        },
        "choice_a_chinese": "音响设备拆卸 / 玩游戏机",
        "choice_b_chinese": "玩游戏机 / 音响设备拆卸",
        "choice_c_chinese": "音响设备拆卸 / 音响设备拆卸",
        "choice_d_chinese": "玩游戏机 / 玩游戏机",
        "answer": "A",
        "reason_chinese": "水果采购（13:39:04 - 13:41:11）→ 音响设备拆卸（14:00:45 - 14:07:17）→ 行李装包（14:19:24 - 14:30:50）→ 玩游戏机（14:20:00 - 14:36:02）→ 切并吃西瓜（17:21:20 - 17:36:45）。\n第一个掩码处应填入“音响设备拆卸”，该事件在水果采购之后，行李装包之前；第二个掩码处应填入“玩游戏机”，该事件在行李装包之后，切并吃西瓜之前。选项 A 正确匹配时间顺序。",
        "question": "In A6_SHURE's diary, the record of the order of her participating activities is unclear: [Fruit shopping] → (?) → [Luggage packing] → (?) → [Cutting and eating watermelon]. Which of the following events can be used to fill in the unclear parts?",
        "events_description": {
            "Fruit shopping": "A6_SHURE and his girlfriend entered a fruit shop. His girlfriend selected a watermelon. A6_SHURE paid and took away the watermelon.",
            "Luggage packing": "With the help of his girlfriend, A6_SHURE packed clothes and two speakers into a suitcase. A6_SHURE took a photo of his girlfriend while she was organizing the suitcase.",
            "Cutting and eating watermelon": "A6_SHURE went to the cabinet in the first - floor kitchen to find a knife. After washing the knife and the watermelon on the second floor, he and his girlfriend cut the watermelon. A6_SHURE brought the watermelon to the dining table in the first - floor living room for the members to taste.",
            "Audio equipment disassembly": "A6_SHURE went to the second - floor living room. With the assistance of the girl in yellow short - sleeved shirt, he pulled out and organized the audio cables, then moved the equipment back to the bed in the first - floor bedroom.",
            "Playing video games": "A6_SHURE demonstrated how to play video games to his girlfriend. Then his girlfriend squatted beside the bed to play games, and A6_SHURE sat beside the bed watching."
        },
        "choice_a": "Audio equipment disassembly / Playing video games",
        "choice_b": "Playing video games / Audio equipment disassembly",
        "choice_c": "Audio equipment disassembly / Audio equipment disassembly",
        "choice_d": "Playing video games / Playing video games",
        "reason": "Fruit shopping (13:39:04 - 13:41:11) → Audio equipment disassembly (14:00:45 - 14:07:17) → Luggage packing (14:19:24 - 14:30:50) → Playing video games (14:20:00 - 14:36:02) → Cutting and eating watermelon (17:21:20 - 17:36:45).\nThe first mask should be filled with \"Audio equipment disassembly\", which is after fruit shopping and before luggage packing. The second mask should be filled with \"Playing video games\", which is after luggage packing and before cutting and eating watermelon. Option A correctly matches the chronological order."
    }
]