[
    {
        "question_chinese": "Base 事件排序：A6_SHURE 忘记了自己在 DAY4 下午 15:00 到 18:30 之间所经历的事件（备选项：a、清理午餐垃圾；b、压花；c、庭院吉他演奏；d、晚餐），如果让你来对这期间发生的事件进行排序，那么正确顺序是？",
        "events_description_chinese": {
            "清理午餐垃圾": "A6_SHURE和蓝色短袖男、黑色外套男一起在二楼清理客厅和厨房的垃圾，归置桌椅。",
            "压花": "A6_SHURE在白色长袖女的指导下进行压花，调整花瓣在专用纸张上的构图角度并完成压花。",
            "庭院吉他演奏": "A6_SHURE携带吉他至庭院，然后与黑色外套男轮流弹奏吉他，白色长袖女在旁边跟唱欣赏。",
            "晚餐": "成员在二楼吃外卖的面，餐桌位置不够，A6_SHURE与蓝色短袖男、黑色外套男坐地上拿椅子当桌子吃饭。"
        },
        "choice_a_chinese": "(a)(b)(c)",
        "choice_b_chinese": "(a)(c)(b)",
        "choice_c_chinese": "(b)(a)(c)",
        "choice_d_chinese": "(c)(a)(b)",
        "answer": "A",
        "reason_chinese": "清理午餐垃圾（15:34:08 - 15:51:47）→ 压花（15:55:03 - 16:41:06）→ 庭院吉他演奏（17:02:30 - 18:26:00）。晚餐发生在 18:43:16 - 19:00:17，不在 15:00 - 18:30 范围内，排除含 d 的选项。选项 A 的顺序符合时间逻辑。",
        "question": "A6_SHURE forgot the events he experienced between 3:00 pm and 6:30 pm on DAY4 (a. Cleaning lunch garbage; b. Flower pressing; c. Courtyard guitar performance; d. Dinner). If you were to sort the events that occurred during this period, what would be the correct order?",
        "events_description": {
            "Cleaning lunch garbage": "A6_SHURE and the man in blue short - sleeved shirt and the man in black coat cleaned up the garbage in the living room and kitchen on the second floor together and put the tables and chairs in order.",
            "Flower pressing": "A6_SHURE carried out flower pressing under the guidance of the woman in white long - sleeved shirt, adjusted the composition angle of the petals on the special paper and completed the flower pressing.",
            "Courtyard guitar performance": "A6_SHURE carried a guitar to the courtyard, then took turns playing the guitar with the man in black coat, and the woman in white long - sleeved shirt sang along and enjoyed it beside.",
            "Dinner": "The members ate takeaway noodles on the second floor. There were not enough seats at the table. A6_SHURE, the man in blue short - sleeved shirt and the man in black coat sat on the ground and used chairs as tables to eat."
        },
        "choice_a": "(a)(b)(c)",
        "choice_b": "(a)(c)(b)",
        "choice_c": "(b)(a)(c)",
        "choice_d": "(c)(a)(b)",
        "reason": "Cleaning lunch garbage (15:34:08 - 15:51:47) → Flower pressing (15:55:03 - 16:41:06) → Courtyard guitar performance (17:02:30 - 18:26:00). Dinner occurred from 18:43:16 to 19:00:17, not within 15:00 - 18:30, so options with d are excluded. The order in option A fits the time logic."
    },
    {
        "question_chinese": "时间段判断：A6_SHURE在总结自己的工作的时候，写下了如下序列：[制作咖啡 → 午餐 → 清理午餐垃圾]。A6_SHURE应该标注这些事件的发生时间为？",
        "events_description_chinese": {
            "制作咖啡": "A6_SHURE制作手冲咖啡，然后指导蓝色短袖男制作手冲咖啡。",
            "午餐": "成员在二楼客厅一起吃点的午餐外卖。",
            "清理午餐垃圾": "A6_SHURE和蓝色短袖男、黑色外套男一起在二楼清理客厅和厨房的垃圾，归置桌椅。"
        },
        "choice_a_chinese": "DAY4: 12:00~13:40",
        "choice_b_chinese": "DAY4: 12:00~15:50",
        "choice_c_chinese": "DAY4: 12:00~15:40",
        "choice_d_chinese": "DAY4: 12:00~15:30",
        "answer": "B",
        "reason_chinese": "制作咖啡（12:19:08 - 12:47:12）→ 午餐（13:22:30 - 13:40:36）→ 清理午餐垃圾（15:34:08 - 15:51:47）。总时间跨度为12:19:08~15:51:47，与选项B的12:00~15:50最接近。",
        "question": "When summarizing his work, A6_SHURE wrote the sequence: [Making coffee → Lunch → Cleaning lunch garbage]. What time range should A6_SHURE annotate?",
        "events_description": {
            "Making coffee": "A6_SHURE made pour - over coffee, then guided the man in blue short - sleeved shirt to make pour - over coffee.",
            "Lunch": "The members ate takeaway lunch together in the living room on the second floor.",
            "Cleaning lunch garbage": "A6_SHURE and the man in blue short - sleeved shirt and the man in black coat cleaned up the garbage in the living room and kitchen on the second floor together and put the tables and chairs in order."
        },
        "choice_a": "DAY4: 12:00~13:40",
        "choice_b": "DAY4: 12:00~15:50",
        "choice_c": "DAY4: 12:00~15:40",
        "choice_d": "DAY4: 12:00~15:30",
        "reason": "Making coffee (12:19:08 - 12:47:12) → Lunch (13:22:30 - 13:40:36) → Cleaning lunch garbage (15:34:08 - 15:51:47). Total span: 12:19:08~15:51:47, matching option B (12:00~15:50)."
    },
    {
        "question_chinese": "时间点对应：A6_SHURE只记录了自己做了什么事，但是没有记录每件事的起止时间。现在有一些时间段供A6_SHURE进行选择。事件序列：[早餐 → 清理庭院垃圾 → 制作咖啡]。时间选项：a. 10:49~11:50  b. 11:46~11:49  c. 12:19~12:47  d. 12:35~13:32  e. 13:23~13:41  f. 15:33~15:53  g. 15:53~16:43。你能帮助A6_SHURE找到每个事件对应的正确时间段吗？",
        "events_description_chinese": {
            "早餐": "A6_SHURE清洗厨具，与白色外套女协作一起准备早餐，与其他成员一起吃早餐。",
            "清理庭院垃圾": "A6_SHURE与白色短袖男、粉色长袖女一起清理庭院垃圾。",
            "制作咖啡": "A6_SHURE制作手冲咖啡，然后指导蓝色短袖男制作手冲咖啡。"
        },
        "choice_a_chinese": "1→a / 2→b / 3→c",
        "choice_b_chinese": "1→b / 2→c / 3→d",
        "choice_c_chinese": "1→g / 2→d / 3→f",
        "choice_d_chinese": "1→a / 2→d / 3→e",
        "answer": "A",
        "reason_chinese": "早餐（10:49:31 - 11:50:37），对应选项a；清理庭院垃圾（11:46:35 - 11:49:03），对应选项b；制作咖啡（12:19:08 - 12:47:12），对应选项c。选项A的对应关系正确。",
        "question": "A6_SHURE only recorded what he did, but did not record the start and end times of each thing. Now there are some time periods for A6_SHURE to choose from. Event sequence: [Breakfast → Cleaning courtyard garbage → Making coffee]. Time options:  a. 10:49~11:50  b. 11:46~11:49  c. 12:19~12:47  d. 12:35~13:32  e. 13:23~13:41  f. 15:33~15:53  g. 15:53~16:43  Can you help A6_SHURE find the correct time period for each event?",
        "events_description": {
            "Breakfast": "A6_SHURE cleaned the kitchen utensils, cooperated with the woman in white coat to prepare breakfast together, and had breakfast with other members.",
            "Cleaning courtyard garbage": "A6_SHURE and the man in white short - sleeved shirt and the woman in pink long - sleeved shirt cleaned up the garbage in the courtyard together.",
            "Making coffee": "A6_SHURE made pour - over coffee, then guided the man in blue short - sleeved shirt to make pour - over coffee."
        },
        "choice_a": "1→a / 2→b / 3→c",
        "choice_b": "1→b / 2→c / 3→d",
        "choice_c": "1→g / 2→d / 3→f",
        "choice_d": "1→a / 2→d / 3→e",
        "reason": "Breakfast (10:49:31 - 11:50:37), corresponding to option a; Cleaning courtyard garbage (11:46:35 - 11:49:03), corresponding to option b; Making coffee (12:19:08 - 12:47:12), corresponding to option c. The correspondence in option A is correct."
    },
    {
        "question_chinese": "事件前后预测：A6_SHURE在完成庭院吉他演奏后，接下来发生的事件是？",
        "events_description_chinese": {
            "庭院吉他演奏": "A6_SHURE携带吉他至庭院，然后与黑色外套男轮流弹奏吉他，白色长袖女在旁边跟唱欣赏。",
            "晚餐": "成员在二楼吃外卖的面，餐桌位置不够，A6_SHURE与蓝色短袖男、黑色外套男坐地上拿椅子当桌子吃饭。",
            "吉他弹奏": "A6_SHURE在二楼客厅沙发和二楼客厅地板弹奏吉他，白色长袖女在旁边接过吉他接着弹奏，然后黑色外套男接过吉他接着弹奏。",
            "吃夜宵": "蓝色短袖男端来两盘夜宵，成员们一起吃夜宵"
        },
        "choice_a_chinese": "晚餐",
        "choice_b_chinese": "吉他弹奏",
        "choice_c_chinese": "吃夜宵",
        "choice_d_chinese": "无后续事件",
        "answer": "A",
        "reason_chinese": "根据时间顺序，庭院吉他演奏（17:02:30 - 18:26:00）结束后，紧接着就是晚餐（18:43:16 - 19:00:17）。吉他弹奏（20:36:02 - 22:28:08）和吃夜宵（21:37:18 - 22:28:08）则是更晚发生的事件。因此，接下来直接发生的事件是晚餐。",
        "question": "After A6_SHURE completed the courtyard guitar performance, what was the next event that happened?",
        "events_description": {
            "Courtyard guitar performance": "A6_SHURE carried a guitar to the courtyard, then took turns playing the guitar with the man in black coat, and the woman in white long - sleeved shirt sang along and enjoyed it beside.",
            "Dinner": "The members ate takeaway noodles on the second floor. There were not enough seats at the table. A6_SHURE, the man in blue short - sleeved shirt and the man in black coat sat on the ground and used chairs as tables to eat.",
            "Guitar playing": "A6_SHURE played the guitar on the sofa and the floor in the living room on the second floor. The woman in white long - sleeved shirt took over the guitar and continued to play, then the man in black coat took over the guitar and continued to play.",
            "Having snacks": "The man in blue short - sleeved shirt brought two plates of snacks, and the members had snacks together."
        },
        "choice_a": "Dinner",
        "choice_b": "Guitar playing",
        "choice_c": "Having snacks",
        "choice_d": "No subsequent event",
        "reason": "According to the time sequence, after the courtyard guitar performance (17:02:30 - 18:26:00) is completed, the next event is dinner (18:43:16 - 19:00:17). Guitar playing (20:36:02 - 22:28:08) and having snacks (21:37:18 - 22:28:08) are events that happen much later. Therefore, the next immediate event is dinner."
    },
    {
        "question_chinese": "错误纠正：A6_SHURE描述自己有一串连续的动作为：[午餐 → 制作咖啡 → 清理午餐垃圾]，但她的说法是错误的。正确的序列和错误分析是？",
        "events_description_chinese": {
            "午餐": "成员在二楼客厅一起吃点的午餐外卖。",
            "制作咖啡": "A6_SHURE制作手冲咖啡，然后指导蓝色短袖男制作手冲咖啡。",
            "清理午餐垃圾": "A6_SHURE和蓝色短袖男、黑色外套男一起在二楼清理客厅和厨房的垃圾，归置桌椅。",
            "压花": "A6_SHURE在白色长袖女的指导下进行压花，调整花瓣在专用纸张上的构图角度并完成压花。"
        },
        "choice_a_chinese": "正确：制作咖啡 → 午餐 → 清理午餐垃圾 错误原因：顺序颠倒（制作咖啡应在午餐之前）",
        "choice_b_chinese": "正确：午餐 → 清理午餐垃圾 → 制作咖啡 错误原因：顺序混乱",
        "choice_c_chinese": "正确：制作咖啡 → 清理午餐垃圾 → 午餐 错误原因：顺序错误",
        "choice_d_chinese": "正确：清理午餐垃圾 → 午餐 → 制作咖啡 错误原因：完全颠倒核心事件顺序",
        "answer": "A",
        "reason_chinese": "正确顺序应为制作咖啡（12:19:08 - 12:47:12）→ 午餐（13:22:30 - 13:40:36）→ 清理午餐垃圾（15:34:08 - 15:51:47）。A6_SHURE的描述颠倒了“制作咖啡”与“午餐”的顺序。选项A纠正了核心事件的顺序。",
        "question": "A6_SHURE described a series of consecutive actions as: [Lunch → Making coffee → Cleaning lunch garbage], but her statement is incorrect. What is the correct sequence and the error analysis?",
        "events_description": {
            "Lunch": "The members ate takeaway lunch together in the living room on the second floor.",
            "Making coffee": "A6_SHURE made pour - over coffee, then guided the man in blue short - sleeved shirt to make pour - over coffee.",
            "Cleaning lunch garbage": "A6_SHURE and the man in blue short - sleeved shirt and the man in black coat cleaned up the garbage in the living room and kitchen on the second floor together and put the tables and chairs in order.",
            "Flower pressing": "A6_SHURE carried out flower pressing under the guidance of the woman in white long - sleeved shirt, adjusted the composition angle of the petals on the special paper and completed the flower pressing."
        },
        "choice_a": "Correct: Making coffee → Lunch → Cleaning lunch garbage. Error reason: Incorrect order (Making coffee should precede Lunch) ",
        "choice_b": "Correct: Lunch → Cleaning lunch garbage → Making coffee. Error reason: Disordered order",
        "choice_c": "Correct: Making coffee → Cleaning lunch garbage → Lunch. Error reason: Incorrect order",
        "choice_d": "Correct: Cleaning lunch garbage → Lunch → Making coffee. Error reason: Completely reversed core event order",
        "reason": "The correct sequence should be Making coffee (12:19:08 - 12:47:12) → Lunch (13:22:30 - 13:40:36) → Cleaning lunch garbage (15:34:08 - 15:51:47).\nA6_SHURE's description reversed the order of \"Making coffee\" and \"Lunch\". Option A corrects the core order."
    },
    {
        "question_chinese": "掩码预测:A6_SHURE的日记中关于她参与活动顺序的记录看不清了：[压花] → (?) → [晚餐] → (?) → [吃夜宵]。下列事件中哪些可以用于填补无法确认的部分？",
        "events_description_chinese": {
            "压花": "A6_SHURE在白色长袖女的指导下进行压花，调整花瓣在专用纸张上的构图角度并完成压花。",
            "晚餐": "成员在二楼吃外卖的面，餐桌位置不够，A6_SHURE与蓝色短袖男、黑色外套男坐地上拿椅子当桌子吃饭。",
            "吃夜宵": "蓝色短袖男端来两盘夜宵，成员们一起吃夜宵",
            "庭院吉他演奏": "A6_SHURE携带吉他至庭院，然后与黑色外套男轮流弹奏吉他，白色长袖女在旁边跟唱欣赏。",
            "清理晚餐垃圾": "A6_SHURE与其他成员一起清理晚餐垃圾，清洗用过的厨具餐具。",
            "吉他弹奏": "A6_SHURE在二楼客厅沙发和二楼客厅地板弹奏吉他，白色长袖女在旁边接过吉他接着弹奏，然后黑色外套男接过吉他接着弹奏。"
        },
        "choice_a_chinese": "庭院吉他演奏 / 吉他弹奏",
        "choice_b_chinese": "吉他弹奏 / 清理晚餐垃圾",
        "choice_c_chinese": "庭院吉他演奏 / 清理晚餐垃圾",
        "choice_d_chinese": "清理晚餐垃圾 / 吉他弹奏",
        "answer": "A",
        "reason_chinese": "压花（15:55:03 - 16:41:06）→ 庭院吉他演奏（17:02:30 - 18:26:00）→ 晚餐（18:43:16 - 19:00:17）→ 吉他弹奏（20:36:02 - 22:28:08）→ 吃夜宵（21:37:18 - 22:28:08）。第一个掩码处应填入“庭院吉他演奏”，该事件在压花之后，晚餐之前；第二个掩码处应填入“吉他弹奏”，该事件在晚餐之后，吃夜宵之前。选项A正确匹配时间顺序。",
        "question": "In A6_SHURE's diary, the record of the order of her participating activities is unclear: [Flower pressing] → (?) → [Dinner] → (?) → [Having snacks]. Which of the following events can be used to fill in the unclear parts?",
        "events_description": {
            "Flower pressing": "A6_SHURE carried out flower pressing under the guidance of the woman in white long - sleeved shirt, adjusted the composition angle of the petals on the special paper and completed the flower pressing.",
            "Dinner": "Members ate take - away noodles on the second floor. There were not enough table positions, so A6_SHURE, the man in blue short - sleeved shirt and the man in black coat sat on the ground and used chairs as tables to eat.",
            "Having snacks": "The man in blue short - sleeved shirt brought two plates of snacks, and the members ate snacks together.",
            "Courtyard guitar performance": "A6_SHURE carried a guitar to the courtyard, then took turns playing the guitar with the man in black coat, and the woman in white long - sleeved shirt sang along and enjoyed it beside.",
            "Cleaning dinner garbage": "A6_SHURE and other members cleaned up the dinner garbage together and washed the used kitchenware and tableware.",
            "Guitar playing": "A6_SHURE played the guitar on the sofa and the floor of the second - floor living room. The woman in white long - sleeved shirt took over the guitar and continued to play, then the man in black coat took over the guitar and continued to play."
        },
        "choice_a": "Courtyard guitar performance / Guitar playing",
        "choice_b": "Guitar playing / Cleaning dinner garbage",
        "choice_c": "Courtyard guitar performance / Cleaning dinner garbage",
        "choice_d": "Cleaning dinner garbage / Guitar playing",
        "reason": "Flower pressing (15:55:03 - 16:41:06) → Courtyard guitar performance (17:02:30 - 18:26:00) → Dinner (18:43:16 - 19:00:17) → Guitar playing (20:36:02 - 22:28:08) → Having snacks (21:37:18 - 22:28:08). The first mask should be filled with \"Courtyard guitar performance\", which is after flower pressing and before dinner. The second mask should be filled with \"Guitar playing\", which is after dinner and before having snacks. Option A correctly matches the chronological order."
    }
]