[
    {
        "question_chinese": "Base 事件排序:A6_SHURE忘记了自己在DAY1中午11:00到13:30之间所经历的事件（备选项：a、设备组装；b、活动规划白板会议；c、拼拼图；d、超市采购），如果让你来对这期间发生的事件进行排序，那么正确顺序是？",
        "events_description_chinese": {
            "设备组装": "A6_SHURE与其他成员在客厅协作完成电子设备组装，蓝色短袖男给其他成员分发设备并在旁指导",
            "活动规划白板会议": "A6_SHURE负责白板内容书写，其他成员在旁边讨论，敲定邀请嘉宾、活动内容、时间线",
            "拼拼图": "A6_SHURE与其他成员围着桌子拼木制圆形拼图",
            "超市采购": "A6_SHURE与其他成员在超市采购饮品以及食材火锅底料等物品"
        },
        "choice_a_chinese": "(a)(b)(c)",
        "choice_b_chinese": "(a)(c)(b)",
        "choice_c_chinese": "(b)(a)(c)",
        "choice_d_chinese": "(c)(a)(b)",
        "answer": "A",
        "reason_chinese": "设备组装（11:09:45 - 11:23:49）→ 活动规划白板会议（11:23:49 - 12:18:55）→ 拼拼图（12:18:55 - 13:26:23）。超市采购发生在17:18:39 - 18:37:08，不在11:00 - 13:30范围内，排除含d的选项。选项A的顺序符合时间逻辑。",
        "question": "A6_SHURE forgot the events he experienced between 11:00 noon and 1:30 pm on DAY1 (a. Device assembly; b. Activity planning whiteboard meeting; c. Jigsaw puzzle; d. Supermarket procurement). If you were to sort the events that occurred during this period, what would be the correct order?",
        "events_description": {
            "Device assembly": "A6_SHURE collaborated with other members in the living room to complete the assembly of electronic devices. The man in blue short - sleeved shirt distributed the devices to other members and gave guidance beside them.",
            "Activity planning whiteboard meeting": "A6_SHURE was responsible for writing the content on the whiteboard. Other members discussed beside and finalized the invited guests, activity content, and timeline.",
            "Jigsaw puzzle": "A6_SHURE and other members gathered around the table to assemble a wooden circular jigsaw puzzle.",
            "Supermarket procurement": "A6_SHURE and other members purchased beverages, food ingredients, and hot - pot bases in the supermarket."
        },
        "choice_a": "(a)(b)(c)",
        "choice_b": "(a)(c)(b)",
        "choice_c": "(b)(a)(c)",
        "choice_d": "(c)(a)(b)",
        "reason": "Device assembly (11:09:45 - 11:23:49) → Activity planning whiteboard meeting (11:23:49 - 12:18:55) → Jigsaw puzzle (12:18:55 - 13:26:23). Supermarket procurement occurred from 17:18:39 to 18:37:08, not within 11:00 - 13:30, so options with d are excluded. The order in option A fits the time logic."
    },
    {
        "question_chinese": "时间段判断：A6_SHURE在总结自己的工作的时候，写下了如下序列：[设备组装 → 活动规划白板会议 → 拼拼图]。A6_SHURE应该标注这些事件的发生时间为？",
        "events_description_chinese": {
            "设备组装": "A6_SHURE与其他成员在客厅协作完成电子设备组装，蓝色短袖男给其他成员分发设备并在旁指导",
            "活动规划白板会议": "A6_SHURE负责白板内容书写，其他成员在旁边讨论，敲定邀请嘉宾、活动内容、时间线",
            "拼拼图": "A6_SHURE与其他成员围着桌子拼木制圆形拼图"
        },
        "choice_a_chinese": "DAY1: 11:00~12:00",
        "choice_b_chinese": "DAY1: 11:00~13:00",
        "choice_c_chinese": "DAY1: 11:00~13:30",
        "choice_d_chinese": "DAY1: 11:00~14:00",
        "answer": "C",
        "reason_chinese": "设备组装（11:09:45 - 11:23:49）→ 活动规划白板会议（11:23:49 - 12:18:55）→ 拼拼图（12:18:55 - 13:26:23）。总时间跨度为11:09:45~13:26:23，与选项C的11:00~13:30最接近。",
        "question": "When summarizing his work, A6_SHURE wrote the sequence: [Device assembly → Activity planning whiteboard meeting → Jigsaw puzzle]. What time range should A6_SHURE annotate?",
        "events_description": {
            "Device assembly": "A6_SHURE collaborated with other members in the living room to complete the assembly of electronic devices. The man in blue short - sleeved shirt distributed the devices to other members and gave guidance beside them.",
            "Activity planning whiteboard meeting": "A6_SHURE was responsible for writing the content on the whiteboard. Other members discussed beside and finalized the invited guests, activity content, and timeline.",
            "Jigsaw puzzle": "A6_SHURE and other members gathered around the table to assemble a wooden circular jigsaw puzzle."
        },
        "choice_a": "DAY1: 11:00~12:00",
        "choice_b": "DAY1: 11:00~13:00",
        "choice_c": "DAY1: 11:00~13:30",
        "choice_d": "DAY1: 11:00~14:00",
        "reason": "Device assembly (11:09:45 - 11:23:49) → Activity planning whiteboard meeting (11:23:49 - 12:18:55) → Jigsaw puzzle (12:18:55 - 13:26:23). Total span: 11:09:45~13:26:23, matching option C (11:00~13:30)."
    },
    {
        "question_chinese": "时间点对应：A6_SHURE只记录了自己做了什么事，但是没有记录每件事的起止时间。现在有一些时间段供A6_SHURE进行选择。事件序列：[拼拼图 → 组装白板 → 二楼聊天]。时间选项：a. 12:00~13:00  b. 12:15~13:30  c. 12:50~13:20  d. 13:15~13:30  e. 13:00~13:30  f. 12:18~13:26。你能帮助A6_SHURE找到每个事件对应的正确时间段吗？",
        "events_description_chinese": {
            "拼拼图": "A6_SHURE与其他成员围着桌子拼木制圆形拼图",
            "组装白板": "A6_SHURE与蓝色短袖男、白色短袖女一起组装白板支架，并把白板挂上去",
            "二楼聊天": "A6_SHURE与蓝色短袖男、白色短袖女一起去二楼聊天，期间A6_SHURE泡了两杯挂耳咖啡"
        },
        "choice_a_chinese": "1→f / 2→c / 3→d",
        "choice_b_chinese": "1→a / 2→c / 3→e",
        "choice_c_chinese": "1→b / 2→c / 3→d",
        "choice_d_chinese": "1→f / 2→e / 3→d",
        "answer": "A",
        "reason_chinese": "拼拼图（12:18:55 - 13:26:23），对应选项f；组装白板（12:50:54 - 13:17:28），对应选项c；二楼聊天（13:17:28 - 13:26:23），对应选项d。选项A的对应关系正确。",
        "question": "A6_SHURE only recorded what he did, but did not record the start and end times of each thing. Now there are some time periods for A6_SHURE to choose from. Event sequence: [Jigsaw puzzle → Whiteboard assembly → Second - floor chat]. Time options:  a. 12:00~13:00  b. 12:15~13:30  c. 12:50~13:20  d. 13:15~13:30  e. 13:00~13:30  f. 12:18~13:26  Can you help A6_SHURE find the correct time period for each event?",
        "events_description": {
            "Jigsaw puzzle": "A6_SHURE and other members gathered around the table to assemble a wooden circular jigsaw puzzle.",
            "Whiteboard assembly": "A6_SHURE, the man in blue short - sleeved shirt, and the girl in white short - sleeved shirt assembled the whiteboard stand together and hung the whiteboard up.",
            "Second - floor chat": "A6_SHURE, the man in blue short - sleeved shirt, and the girl in white short - sleeved shirt went to the second floor to chat. During this period, A6_SHURE brewed two cups of pour - over coffee."
        },
        "choice_a": "1→f / 2→c / 3→d",
        "choice_b": "1→a / 2→c / 3→e",
        "choice_c": "1→b / 2→c / 3→d",
        "choice_d": "1→f / 2→e / 3→d",
        "reason": "Jigsaw puzzle (12:18:55 - 13:26:23), corresponding to option f; Whiteboard assembly (12:50:54 - 13:17:28), corresponding to option c; Second - floor chat (13:17:28 - 13:26:23), corresponding to option d. The correspondence in option A is correct."
    },
    {
        "question_chinese": "事件前后预测：A6_SHURE在完成拼拼图后，接下来发生的事件是？",
        "events_description_chinese": {
            "拼拼图": "A6_SHURE与其他成员围着桌子拼木制圆形拼图",
            "组装白板": "A6_SHURE与蓝色短袖男、白色短袖女一起组装白板支架，并把白板挂上去",
            "二楼聊天": "A6_SHURE与蓝色短袖男、白色短袖女一起去二楼聊天，期间A6_SHURE泡了两杯挂耳咖啡",
            "外卖点午餐": "A6_SHURE与蓝色短袖男共同操作手机点外卖，其他人讨论并将午餐选择写在白板上",
            "超市采购": "A6_SHURE与其他成员在超市采购饮品以及食材火锅底料等物品"
        },
        "choice_a_chinese": "组装白板",
        "choice_b_chinese": "二楼聊天",
        "choice_c_chinese": "外卖点午餐",
        "choice_d_chinese": "超市采购",
        "answer": "C",
        "reason_chinese": "根据时间顺序，拼拼图（12:18:55 - 13:26:23）结束后，紧接着就是外卖点午餐（13:26:23 - 14:18:34）。组装白板（12:50:54 - 13:17:28）在拼拼图过程中已经进行，二楼聊天（13:17:28 - 13:26:23）也在拼拼图期间且早于外卖点午餐，超市采购（17:18:39 - 18:37:08）则是更晚发生的事件。因此，接下来直接发生的事件是外卖点午餐。",
        "question": "After A6_SHURE completed the jigsaw puzzle, what was the next event that happened?",
        "events_description": {
            "Jigsaw puzzle": "A6_SHURE and other members gathered around the table to assemble a wooden circular jigsaw puzzle.",
            "Whiteboard assembly": "A6_SHURE, the man in blue short - sleeved shirt, and the girl in white short - sleeved shirt assembled the whiteboard stand together and hung the whiteboard up.",
            "Second - floor chat": "A6_SHURE, the man in blue short - sleeved shirt, and the girl in white short - sleeved shirt went to the second floor to chat. During this period, A6_SHURE brewed two cups of pour - over coffee.",
            "Takeout lunch ordering": "A6_SHURE and the man in blue short - sleeved shirt jointly operated the mobile phone to order takeout. Others discussed and wrote the lunch choices on the whiteboard.",
            "Supermarket procurement": "A6_SHURE and other members purchased beverages, food ingredients, and hot - pot bases in the supermarket."
        },
        "choice_a": "Whiteboard assembly",
        "choice_b": "Second - floor chat",
        "choice_c": "Takeout lunch ordering",
        "choice_d": "Supermarket procurement",
        "reason": "According to the time sequence, after the jigsaw puzzle (12:18:55 - 13:26:23) is completed, the next event is takeout lunch ordering (13:26:23 - 14:18:34). The whiteboard assembly (12:50:54 - 13:17:28) was carried out during the jigsaw puzzle process, the second - floor chat (13:17:28 - 13:26:23) also occurred during the jigsaw puzzle and before the takeout lunch ordering, and the supermarket procurement (17:18:39 - 18:37:08) is an event that happens much later. Therefore, the next immediate event is the takeout lunch ordering."
    },
    {
        "question_chinese": "错误纠正：A6_SHURE描述自己有一串连续的动作为：[组装白板 → 活动规划白板会议 → 二楼聊天]，但她的说法是错误的。正确的序列和错误分析是？",
        "events_description_chinese": {
            "活动规划白板会议": "A6_SHURE负责白板内容书写，其他成员在旁边讨论，敲定邀请嘉宾、活动内容、时间线",
            "组装白板": "A6_SHURE与蓝色短袖男、白色短袖女一起组装白板支架，并把白板挂上去",
            "二楼聊天": "A6_SHURE与蓝色短袖男、白色短袖女一起去二楼聊天，期间A6_SHURE泡了两杯挂耳咖啡"
        },
        "choice_a_chinese": "正确：活动规划白板会议 → 组装白板 → 二楼聊天 错误原因：顺序颠倒（活动规划白板会议应在组装白板之前）",
        "choice_b_chinese": "正确：组装白板 → 二楼聊天 → 活动规划白板会议 错误原因：顺序混乱",
        "choice_c_chinese": "正确：活动规划白板会议 → 二楼聊天 → 组装白板 错误原因：顺序错误",
        "choice_d_chinese": "正确：二楼聊天 → 活动规划白板会议 → 组装白板 错误原因：完全颠倒核心事件顺序",
        "answer": "A",
        "reason_chinese": "正确顺序应为活动规划白板会议（11:23:49 - 12:18:55）→ 组装白板（12:50:54 - 13:17:28）→ 二楼聊天（13:17:28 - 13:26:23）。\nA6_SHURE的描述颠倒了“活动规划白板会议”与“组装白板”的顺序。选项A纠正了核心事件的顺序。",
        "question": "A6_SHURE described a series of consecutive actions as: [Whiteboard assembly → Event planning whiteboard meeting → Second - floor chat], but her statement is incorrect. What is the correct sequence and the error analysis?",
        "events_description": {
            "Event planning whiteboard meeting": "A6_SHURE was responsible for writing the content on the whiteboard, while other members discussed beside and finalized the invited guests, event content, and timeline.",
            "Whiteboard assembly": "A6_SHURE, the man in blue short - sleeved shirt, and the girl in white short - sleeved shirt assembled the whiteboard stand together and hung the whiteboard up.",
            "Second - floor chat": "A6_SHURE, the man in blue short - sleeved shirt, and the girl in white short - sleeved shirt went to the second floor to chat. During this period, A6_SHURE brewed two cups of pour - over coffee."
        },
        "choice_a": "Correct: Event planning whiteboard meeting → Whiteboard assembly → Second - floor chat. Error reason: Incorrect order (event planning whiteboard meeting should precede whiteboard assembly) ",
        "choice_b": "Correct: Whiteboard assembly → Second - floor chat → Event planning whiteboard meeting. Error reason: Disordered order",
        "choice_c": "Correct: Event planning whiteboard meeting → Second - floor chat → Whiteboard assembly. Error reason: Incorrect order",
        "choice_d": "Correct: Second - floor chat → Event planning whiteboard meeting → Whiteboard assembly. Error reason: Completely reversed core event order",
        "reason": "The correct sequence should be Event planning whiteboard meeting (11:23:49 - 12:18:55) → Whiteboard assembly (12:50:54 - 13:17:28) → Second - floor chat (13:17:28 - 13:26:23).\nA6_SHURE's description reversed the order of \"Event planning whiteboard meeting\" and \"Whiteboard assembly\". Option A corrects the core order."
    },
    {
        "question_chinese": "掩码预测:A6_SHURE的日记中关于她参与活动顺序的记录看不清了：[活动规划白板会议] → (?) → [组装白板] → (?) → [超市采购]。下列事件中哪些可以用于填补无法确认的部分？",
        "events_description_chinese": {
            "活动规划白板会议": "A6_SHURE负责白板内容书写，其他成员在旁边讨论，敲定邀请嘉宾、活动内容、时间线",
            "组装白板": "A6_SHURE与蓝色短袖男、白色短袖女一起组装白板支架，并把白板挂上去",
            "超市采购": "A6_SHURE与其他成员在超市采购饮品以及食材火锅底料等物品",
            "拼拼图": "A6_SHURE与其他成员围着桌子拼木制圆形拼图",
            "二楼聊天": "A6_SHURE与蓝色短袖男、白色短袖女一起去二楼聊天，期间A6_SHURE泡了两杯挂耳咖啡",
            "外卖点午餐": "A6_SHURE与蓝色短袖男共同操作手机点外卖，其他人讨论并将午餐选择写在白板上"
        },
        "choice_a_chinese": "拼拼图 / 二楼聊天",
        "choice_b_chinese": "二楼聊天 / 外卖点午餐",
        "choice_c_chinese": "拼拼图 / 外卖点午餐",
        "choice_d_chinese": "外卖点午餐 / 二楼聊天",
        "answer": "C",
        "reason_chinese": "活动规划白板会议（11:23:49 - 12:18:55）→ 拼拼图（12:18:55 - 13:26:23）→ 组装白板（12:50:54 - 13:17:28）→ 外卖点午餐（13:26:23 - 14:18:34）→ 超市采购（17:18:39 - 18:37:08）。\n第一个掩码处应填入“拼拼图”，该事件紧接活动规划白板会议之后；第二个掩码处应填入“外卖点午餐”，该事件在组装白板之后，超市采购之前。选项C正确匹配时间顺序。",
        "question": "In A6_SHURE's diary, the record of the order of her participating activities is unclear: [Activity planning whiteboard meeting] → (?) → [Whiteboard assembly] → (?) → [Supermarket procurement]. Which of the following events can be used to fill in the unclear parts?",
        "events_description": {
            "Activity planning whiteboard meeting": "A6_SHURE was responsible for writing the content on the whiteboard. Other members discussed beside and finalized the invited guests, activity content, and timeline.",
            "Whiteboard assembly": "A6_SHURE, the man in blue short - sleeved shirt, and the girl in white short - sleeved shirt assembled the whiteboard stand together and hung the whiteboard up.",
            "Supermarket procurement": "A6_SHURE and other members purchased beverages, food ingredients, and hot - pot bases in the supermarket.",
            "Jigsaw puzzle": "A6_SHURE and other members gathered around the table to assemble a wooden circular jigsaw puzzle.",
            "Second - floor chat": "A6_SHURE, the man in blue short - sleeved shirt, and the girl in white short - sleeved shirt went to the second floor to chat. During this period, A6_SHURE brewed two cups of pour - over coffee.",
            "Takeout lunch ordering": "A6_SHURE and the man in blue short - sleeved shirt jointly operated the mobile phone to order takeout. Others discussed and wrote the lunch choices on the whiteboard."
        },
        "choice_a": "Jigsaw puzzle / Second - floor chat",
        "choice_b": "Second - floor chat / Takeout lunch ordering",
        "choice_c": "Jigsaw puzzle / Takeout lunch ordering",
        "choice_d": "Takeout lunch ordering / Second - floor chat",
        "reason": "Activity planning whiteboard meeting (11:23:49 - 12:18:55) → Jigsaw puzzle (12:18:55 - 13:26:23) → Whiteboard assembly (12:50:54 - 13:17:28) → Takeout lunch ordering (13:26:23 - 14:18:34) → Supermarket procurement (17:18:39 - 18:37:08).\nThe first mask should be filled with \"Jigsaw puzzle\", which starts immediately after the activity planning whiteboard meeting. The second mask should be filled with \"Takeout lunch ordering\", which is after the whiteboard assembly and before the supermarket procurement. Option C correctly matches the chronological order."
    }
]