[
    {
        "question_chinese": "Base 事件排序：A6_SHURE 忘记了自己在 DAY6 上午 10:00 到 12:00 之间所经历的事件（备选项：a、操作电脑；b、弹奏吉他；c、拆快递；d、电子琴调试演奏），如果让你来对这期间发生的事件进行排序，那么正确顺序是？",
        "events_description_chinese": {
            "操作电脑": "A6_SHURE在房间内持续操作电脑，浏览网页观看视频。",
            "弹奏吉他": "A6_SHURE在庭院弹奏吉他，用平板查看曲谱，蓝色裙子女坐在旁边压花。",
            "拆快递": "成员聚集在庭院拆开桌上堆放的快递，并搬往室内。",
            "电子琴调试演奏": "绿色短袖男和蓝色短袖男带来一个电子琴并搬去二楼，绿色短袖男进行调试与演奏，A6_SHURE协助清理放琴桌子、连接调试音响、参与琴的调试。"
        },
        "choice_a_chinese": "(a)(b)(c)",
        "choice_b_chinese": "(a)(c)(b)",
        "choice_c_chinese": "(b)(a)(c)",
        "choice_d_chinese": "(c)(a)(b)",
        "answer": "A",
        "reason_chinese": "操作电脑（10:28:29 - 10:53:00）→ 弹奏吉他（10:57:16 - 11:30:34）→ 拆快递（11:45:52 - 11:51:58）。电子琴调试演奏发生在 12:01:32 - 13:18:37，不在 10:00 - 12:00 范围内，排除含 d 的选项。选项 A 的顺序符合时间逻辑。",
        "question": "A6_SHURE forgot the events he experienced between 10:00 am and 12:00 pm on DAY6 (a. Operating the computer; b. Playing the guitar; c. Unpacking the express delivery; d. Debugging and playing the electronic keyboard). If you were to sort the events that occurred during this period, what would be the correct order?",
        "events_description": {
            "Operating the computer": "A6_SHURE continuously operated the computer in the room, browsing the web and watching videos.",
            "Playing the guitar": "A6_SHURE played the guitar in the courtyard, using a tablet to view the sheet music, and a girl in a blue skirt sat beside to press flowers.",
            "Unpacking the express delivery": "The members gathered in the courtyard to unpack the express deliveries piled on the table and moved them indoors.",
            "Debugging and playing the electronic keyboard": "The man in green short - sleeved shirt and the man in blue short - sleeved shirt brought an electronic keyboard and moved it to the second floor. The man in green short - sleeved shirt debugged and played it, and A6_SHURE assisted in cleaning the table for the keyboard, connecting and debugging the audio system, and participating in the debugging of the keyboard."
        },
        "choice_a": "(a)(b)(c)",
        "choice_b": "(a)(c)(b)",
        "choice_c": "(b)(a)(c)",
        "choice_d": "(c)(a)(b)",
        "reason": "Operating the computer (10:28:29 - 10:53:00) → Playing the guitar (10:57:16 - 11:30:34) → Unpacking the express delivery (11:45:52 - 11:51:58). Debugging and playing the electronic keyboard occurred from 12:01:32 to 13:18:37, not within 10:00 - 12:00, so options with d are excluded. The order in option A fits the time logic."
    },
    {
        "question_chinese": "时间段判断：A6_SHURE在总结自己的工作的时候，写下了如下序列：[操作电脑 → 弹奏吉他 → 拆快递]。A6_SHURE应该标注这些事件的发生时间为？",
        "events_description_chinese": {
            "操作电脑": "A6_SHURE在房间内持续操作电脑，浏览网页观看视频。",
            "弹奏吉他": "A6_SHURE在庭院弹奏吉他，用平板查看曲谱，蓝色裙子女坐在旁边压花。",
            "拆快递": "成员聚集在庭院拆开桌上堆放的快递，并搬往室内。"
        },
        "choice_a_chinese": "DAY6: 10:00~11:00",
        "choice_b_chinese": "DAY6: 10:00~11:30",
        "choice_c_chinese": "DAY6: 10:00~12:00",
        "choice_d_chinese": "DAY6: 10:30~12:00",
        "answer": "C",
        "reason_chinese": "操作电脑（10:28:29 - 10:53:00）→ 弹奏吉他（10:57:16 - 11:30:34）→ 拆快递（11:45:52 - 11:51:58）。总时间跨度为 10:28:29~11:51:58，与选项 C 的 10:00~12:00 最接近。",
        "question": "When summarizing his work, A6_SHURE wrote the sequence: [Operating the computer → Playing the guitar → Unpacking the express delivery]. What time range should A6_SHURE annotate?",
        "events_description": {
            "Operating the computer": "A6_SHURE continuously operated the computer in the room, browsing the web and watching videos.",
            "Playing the guitar": "A6_SHURE played the guitar in the courtyard, using a tablet to view the sheet music, and a girl in a blue skirt sat beside to press flowers.",
            "Unpacking the express delivery": "The members gathered in the courtyard to unpack the express deliveries piled on the table and moved them indoors."
        },
        "choice_a": "DAY6: 10:00~11:00",
        "choice_b": "DAY6: 10:00~11:30",
        "choice_c": "DAY6: 10:00~12:00",
        "choice_d": "DAY6: 10:30~12:00",
        "reason": "Operating the computer (10:28:29 - 10:53:00) → Playing the guitar (10:57:16 - 11:30:34) → Unpacking the express delivery (11:45:52 - 11:51:58). Total span: 10:28:29~11:51:58, matching option C (10:00~12:00)."
    },
    {
        "question_chinese": "时间点对应：A6_SHURE 只记录了自己做了什么事，但是没有记录每件事的起止时间。现在有一些时间段供 A6_SHURE 进行选择。事件序列：[操作电脑 → 弹奏吉他 → 电子琴调试演奏]。时间选项：a. 10:28~10:53 b. 10:57~11:30 c. 12:01~13:18 d. 10:28~12:01 e. 10:57~13:18 f. 11:30~13:18 g. 10:28~13:18。你能帮助 A6_SHURE 找到每个事件对应的正确时间段吗？",
        "events_description_chinese": {
        "操作电脑": "A6_SHURE 在房间内持续操作电脑，浏览网页观看视频。",
        "弹奏吉他": "A6_SHURE 在庭院弹奏吉他，用平板查看曲谱，蓝色裙子女坐在旁边压花。",
        "电子琴调试演奏": "绿色短袖男和蓝色短袖男带来一个电子琴并搬去二楼，绿色短袖男进行调试与演奏，A6_SHURE 协助清理放琴桌子、连接调试音响、参与琴的调试。"
        },
        "choice_a_chinese": "1→a / 2→b / 3→c",
        "choice_b_chinese": "1→b / 2→a / 3→c",
        "choice_c_chinese": "1→a / 2→b / 3→f",
        "choice_d_chinese": "1→b / 2→a / 3→f",
        "answer": "A",
        "reason_chinese": "操作电脑（10:28:29 - 10:53:00），对应选项 a；弹奏吉他（10:57:16 - 11:30:34），对应选项 b；电子琴调试演奏（12:01:32 - 13:18:37），对应选项 c。选项 A 的对应关系正确。",
        "question": "A6_SHURE only recorded what he did, but did not record the start and end times of each thing. Now there are some time periods for A6_SHURE to choose from. Event sequence: [Operating the computer → Playing the guitar → Debugging and playing the electronic keyboard]. Time options: a. 10:28~10:53 b. 10:57~11:30 c. 12:01~13:18 d. 10:28~12:01 e. 10:57~13:18 f. 11:30~13:18 g. 10:28~13:18 Can you help A6_SHURE find the correct time period for each event?",
        "events_description": {
        "Operating the computer": "A6_SHURE continuously operated the computer in the room, browsing the web and watching videos.",
        "Playing the guitar": "A6_SHURE played the guitar in the courtyard, using a tablet to view the sheet music, and a girl in a blue skirt sat beside to press flowers.",
        "Debugging and playing the electronic keyboard": "The man in green short - sleeved shirt and the man in blue short - sleeved shirt brought an electronic keyboard and moved it to the second floor. The man in green short - sleeved shirt debugged and played it, and A6_SHURE assisted in cleaning the table for the keyboard, connecting and debugging the audio system, and participating in the debugging of the keyboard."
        },
        "choice_a": "1→a / 2→b / 3→c",
        "choice_b": "1→b / 2→a / 3→c",
        "choice_c": "1→a / 2→b / 3→f",
        "choice_d": "1→b / 2→a / 3→f",
        "reason": "Operating the computer (10:28:29 - 10:53:00), corresponding to option a; Playing the guitar (10:57:16 - 11:30:34), corresponding to option b; Debugging and playing the electronic keyboard (12:01:32 - 13:18:37), corresponding to option c. The correspondence in option A is correct."
    },
    {
        "question_chinese": "事件前后预测：A6_SHURE在完成弹奏吉他后，接下来发生的事件是？",
        "events_description_chinese": {
            "操作电脑": "A6_SHURE在房间内持续操作电脑，浏览网页观看视频。",
            "弹奏吉他": "A6_SHURE在庭院弹奏吉他，用平板查看曲谱，蓝色裙子女坐在旁边压花。",
            "拆快递": "成员聚集在庭院拆开桌上堆放的快递，并搬往室内。",
            "电子琴调试演奏": "绿色短袖男和蓝色短袖男带来一个电子琴并搬去二楼，绿色短袖男进行调试与演奏，A6_SHURE协助清理放琴桌子、连接调试音响、参与琴的调试。",
            "准备活动": "成员摆放活动桌椅，聊天等待活动开始，A6_SHURE与女友持续互动。"
        },
        "choice_a_chinese": "拆快递",
        "choice_b_chinese": "电子琴调试演奏",
        "choice_c_chinese": "准备活动",
        "choice_d_chinese": "操作电脑",
        "answer": "A",
        "reason_chinese": "根据时间顺序，弹奏吉他（10:57:16 - 11:30:34）结束后，紧接着就是拆快递（11:45:52 - 11:51:58）。电子琴调试演奏（12:01:32 - 13:18:37）、准备活动（15:04:05 - 15:57:21）和操作电脑（10:28:29 - 10:53:00）则是其他时间发生的事件。因此，接下来直接发生的事件是拆快递。",
        "question": "After A6_SHURE completed playing the guitar, what was the next event that happened?",
        "events_description": {
            "Operating the computer": "A6_SHURE continuously operated the computer in the room, browsing the web and watching videos.",
            "Playing the guitar": "A6_SHURE played the guitar in the courtyard, using a tablet to view the sheet music, and a girl in a blue skirt sat beside to press flowers.",
            "Unpacking the express delivery": "The members gathered in the courtyard to unpack the express deliveries piled on the table and moved them indoors.",
            "Debugging and playing the electronic keyboard": "The man in green short - sleeved shirt and the man in blue short - sleeved shirt brought an electronic keyboard and moved it to the second floor. The man in green short - sleeved shirt debugged and played it, and A6_SHURE assisted in cleaning the table for the keyboard, connecting and debugging the audio system, and participating in the debugging of the keyboard.",
            "Preparing for the event": "The members arranged the activity tables and chairs, chatted and waited for the event to start. A6_SHURE interacted continuously with his girlfriend."
        },
        "choice_a": "Unpacking the express delivery",
        "choice_b": "Debugging and playing the electronic keyboard",
        "choice_c": "Preparing for the event",
        "choice_d": "Operating the computer",
        "reason": "According to the time sequence, after playing the guitar (10:57:16 - 11:30:34) is completed, the next event is unpacking the express delivery (11:45:52 - 11:51:58). Debugging and playing the electronic keyboard (12:01:32 - 13:18:37), preparing for the event (15:04:05 - 15:57:21) and operating the computer (10:28:29 - 10:53:00) are events that happen at other times. Therefore, the next immediate event is unpacking the express delivery."
    },
    {
        "question_chinese": "错误纠正：A6_SHURE描述自己有一串连续的动作为：[拆快递 → 操作电脑 → 弹奏吉他]，但她的说法是错误的。正确的序列和错误分析是？",
        "events_description_chinese": {
            "操作电脑": "A6_SHURE在房间内持续操作电脑，浏览网页观看视频。",
            "弹奏吉他": "A6_SHURE在庭院弹奏吉他，用平板查看曲谱，蓝色裙子女坐在旁边压花。",
            "拆快递": "成员聚集在庭院拆开桌上堆放的快递，并搬往室内。",
            "电子琴调试演奏": "绿色短袖男和蓝色短袖男带来一个电子琴并搬去二楼，绿色短袖男进行调试与演奏，A6_SHURE协助清理放琴桌子、连接调试音响、参与琴的调试。"
        },
        "choice_a_chinese": "正确：操作电脑 → 弹奏吉他 → 拆快递 错误原因：顺序颠倒（操作电脑应在弹奏吉他之前）",
        "choice_b_chinese": "正确：弹奏吉他 → 操作电脑 → 拆快递 错误原因：顺序混乱",
        "choice_c_chinese": "正确：操作电脑 → 拆快递 → 弹奏吉他 错误原因：顺序错误",
        "choice_d_chinese": "正确：拆快递 → 弹奏吉他 → 操作电脑 错误原因：完全颠倒核心事件顺序",
        "answer": "A",
        "reason_chinese": "正确顺序应为操作电脑（10:28:29 - 10:53:00）→ 弹奏吉他（10:57:16 - 11:30:34）→ 拆快递（11:45:52 - 11:51:58）。A6_SHURE的描述颠倒了“操作电脑”与“弹奏吉他”的顺序。选项 A 纠正了核心事件的顺序。",
        "question": "A6_SHURE described a series of consecutive actions as: [Unpacking the express delivery → Operating the computer → Playing the guitar], but her statement is incorrect. What is the correct sequence and the error analysis?",
        "events_description": {
            "Operating the computer": "A6_SHURE continuously operated the computer in the room, browsing the web and watching videos.",
            "Playing the guitar": "A6_SHURE played the guitar in the courtyard, using a tablet to view the sheet music, and a girl in a blue skirt sat beside to press flowers.",
            "Unpacking the express delivery": "The members gathered in the courtyard to unpack the express deliveries piled on the table and moved them indoors.",
            "Debugging and playing the electronic keyboard": "The man in green short - sleeved shirt and the man in blue short - sleeved shirt brought an electronic keyboard and moved it to the second floor. The man in green short - sleeved shirt debugged and played it, and A6_SHURE assisted in cleaning the table for the keyboard, connecting and debugging the audio system, and participating in the debugging of the keyboard."
        },
        "choice_a": "Correct: Operating the computer → Playing the guitar → Unpacking the express delivery. Error reason: Incorrect order (Operating the computer should precede Playing the guitar) ",
        "choice_b": "Correct: Playing the guitar → Operating the computer → Unpacking the express delivery. Error reason: Disordered order",
        "choice_c": "Correct: Operating the computer → Unpacking the express delivery → Playing the guitar. Error reason: Incorrect order",
        "choice_d": "Correct: Unpacking the express delivery → Playing the guitar → Operating the computer. Error reason: Completely reversed core event order",
        "reason": "The correct sequence should be Operating the computer (10:28:29 - 10:53:00) → Playing the guitar (10:57:16 - 11:30:34) → Unpacking the express delivery (11:45:52 - 11:51:58).\nA6_SHURE's description reversed the order of \"Operating the computer\" and \"Playing the guitar\". Option A corrects the core order."
    },
    {
        "question_chinese": "掩码预测:A6_SHURE的日记中关于她参与活动顺序的记录看不清了：[电子琴调试演奏] → (?) → [举办活动] → (?) → [音乐派对]。下列事件中哪些可以用于填补无法确认的部分？",
        "events_description_chinese": {
            "电子琴调试演奏": "绿色短袖男和蓝色短袖男带来一个电子琴并搬去二楼，绿色短袖男进行调试与演奏，A6_SHURE协助清理放琴桌子、连接调试音响、参与琴的调试。",
            "举办活动": "A6_SHURE作为活动主持，播放视频进行知识问答，成员轮流发言，然后在室内各个地方进行拍照。",
            "音乐派对": "A6_SHURE与绿色短袖男轮流弹奏吉他，黑色外套男弹奏电子琴，A6_SHURE与黑色短袖男、蓝色裙子女等人轮流拿话筒唱歌。",
            "拆快递": "成员聚集在庭院拆开桌上堆放的快递，并搬往室内。",
            "准备活动": "成员摆放活动桌椅，聊天等待活动开始，A6_SHURE与女友持续互动。",
            "餐后聊天": "成员晚餐后聚集在一楼庭院聊天碰杯，A6_SHURE多次与女友碰杯互动。"
        },
        "choice_a_chinese": "拆快递 / 准备活动",
        "choice_b_chinese": "准备活动 / 餐后聊天",
        "choice_c_chinese": "拆快递 / 餐后聊天",
        "choice_d_chinese": "准备活动 / 拆快递",
        "answer": "B",
        "reason_chinese": "电子琴调试演奏（12:01:32 - 13:18:37）→ 准备活动（15:04:05 - 15:57:21）→ 举办活动（16:04:27 - 17:52:11）→ 餐后聊天（19:15:51 - 19:38:07）→ 音乐派对（19:40:49 - 21:05:32）。\n第一个掩码处应填入“准备活动”，该事件在电子琴调试演奏之后，举办活动之前；第二个掩码处应填入“餐后聊天”，该事件在举办活动之后，音乐派对之前。选项 B 正确匹配时间顺序。",
        "question": "In A6_SHURE's diary, the record of the order of her participating activities is unclear: [Debugging and playing the electronic keyboard] → (?) → [Holding the event] → (?) → [Music party]. Which of the following events can be used to fill in the unclear parts?",
        "events_description": {
            "Debugging and playing the electronic keyboard": "The man in green short - sleeved shirt and the man in blue short - sleeved shirt brought an electronic keyboard and moved it to the second floor. The man in green short - sleeved shirt debugged and played it, and A6_SHURE assisted in cleaning the table for the keyboard, connecting and debugging the audio system, and participating in the debugging of the keyboard.",
            "Holding the event": "A6_SHURE served as the host of the event, played videos for knowledge quizzes, members took turns to speak, and then took photos in various places indoors.",
            "Music party": "A6_SHURE and the man in green short - sleeved shirt took turns to play the guitar, the man in black coat played the electronic keyboard, and A6_SHURE, the man in black short - sleeved shirt, the girl in blue skirt and others took turns to hold the microphone and sing.",
            "Unpacking the express delivery": "The members gathered in the courtyard to unpack the express deliveries piled on the table and moved them indoors.",
            "Preparing for the event": "The members arranged the activity tables and chairs, chatted and waited for the event to start. A6_SHURE interacted continuously with his girlfriend.",
            "Chatting after dinner": "The members gathered in the courtyard on the first floor to chat and clink glasses after dinner. A6_SHURE clinked glasses with his girlfriend several times."
        },
        "choice_a": "Unpacking the express delivery / Preparing for the event",
        "choice_b": "Preparing for the event / Chatting after dinner",
        "choice_c": "Unpacking the express delivery / Chatting after dinner",
        "choice_d": "Preparing for the event / Unpacking the express delivery",
        "reason": "Debugging and playing the electronic keyboard (12:01:32 - 13:18:37) → Preparing for the event (15:04:05 - 15:57:21) → Holding the event (16:04:27 - 17:52:11) → Chatting after dinner (19:15:51 - 19:38:07) → Music party (19:40:49 - 21:05:32).\nThe first mask should be filled with \"Preparing for the event\", which is after debugging and playing the electronic keyboard and before holding the event. The second mask should be filled with \"Chatting after dinner\", which is after holding the event and before the music party. Option B correctly matches the chronological order."
    }
]