[
    {
        "question_chinese": "Base 事件排序：A6_SHURE 忘记了自己在 DAY2 下午 16:00 到 18:00 之间所经历的事件（备选项：a、播放音乐；b、逗狗；c、准备蘸料；d、庭院聊天），如果让你来对这期间发生的事件进行排序，那么正确顺序是？",
        "events_description_chinese": {
        "播放音乐": "A6_SHURE 将一楼的音响设备连接到个人电脑并播放音乐",
        "逗狗": "A6_SHURE 和蓝色短袖女生步行至其他院子里面逗狗，然后 A6_SHURE 单独步行返回",
        "准备蘸料": "A6_SHURE 拿出买的蘸料多次加水反复搅拌备好",
        "庭院聊天": "A6_SHURE 与蓝色短袖女等人在庭院坐着聊天。"
        },
        "choice_a_chinese": "(a)(c)(b)",
        "choice_b_chinese": "(a)(b)(c)",
        "choice_c_chinese": "(b)(a)(c)",
        "choice_d_chinese": "(c)(a)(b)",
        "answer": "A",
        "reason_chinese": "播放音乐（16:16:54 - 16:59:52）→ 准备蘸料（17:01:08 - 17:21:40）→ 逗狗（17:21:40 - 17:39:06）。庭院聊天发生在 22:00:18 - 22:33:17，不在 16:00 - 18:00 范围内，排除含 d 的选项。选项 A 的顺序符合时间逻辑。",
        "question": "A6_SHURE forgot the events he experienced between 4:00 pm and 6:00 pm on DAY2 (a. Playing music; b. Playing with the dog; c. Preparing dipping sauce; d. Chatting in the courtyard). If you were to sort the events that occurred during this period, what would be the correct order?",
        "events_description": {
        "Playing music": "A6_SHURE connected the audio equipment on the first floor to a personal computer and played music",
        "Playing with the dog": "A6_SHURE and the girl in blue short - sleeved shirt walked to another yard to play with the dog, then A6_SHURE walked back alone.",
        "Preparing dipping sauce": "A6_SHURE took out the purchased dipping sauce, added water several times, and stirred it well",
        "Chatting in the courtyard": "A6_SHURE and the girl in blue short - sleeved shirt sat and chatted in the courtyard."
        },
        "choice_a": "(a)(c)(b)",
        "choice_b": "(a)(b)(c)",
        "choice_c": "(b)(a)(c)",
        "choice_d": "(c)(a)(b)",
        "reason": "Playing music (16:16:54 - 16:59:52) → Preparing dipping sauce (17:01:08 - 17:21:40) → Playing with the dog (17:21:40 - 17:39:06). Chatting in the courtyard occurred from 22:00:18 to 22:33:17, not within 16:00 - 18:00, so options with d are excluded. The order in option A fits the time logic."
    },
    {
        "question_chinese": "时间段判断：A6_SHURE在总结自己的工作的时候，写下了如下序列：[播放音乐 → 逗狗 → 准备蘸料]。A6_SHURE应该标注这些事件的发生时间为？",
        "events_description_chinese": {
            "播放音乐": "A6_SHURE将一楼的音响设备连接到个人电脑并播放音乐",
            "逗狗": "A6_SHURE和蓝色短袖女生步行至其他院子里面逗狗，然后A6_SHURE单独步行返回",
            "准备蘸料": "A6_SHURE拿出买的蘸料多次加水反复搅拌备好"
        },
        "choice_a_chinese": "DAY2: 16:00~17:00",
        "choice_b_chinese": "DAY2: 16:00~17:30",
        "choice_c_chinese": "DAY2: 16:00~17:40",
        "choice_d_chinese": "DAY2: 16:00~18:00",
        "answer": "C",
        "reason_chinese": "播放音乐（16:16:54 - 16:59:52）→ 准备蘸料（17:01:08 - 17:21:40）→ 逗狗（17:21:40 - 17:39:06）。总时间跨度为16:16:54~17:39:06，与选项C的16:00~17:40最接近。",
        "question": "When summarizing his work, A6_SHURE wrote the sequence: [Playing music → Playing with the dog → Preparing dipping sauce]. What time range should A6_SHURE annotate?",
        "events_description": {
            "Playing music": "A6_SHURE connected the audio equipment on the first floor to a personal computer and played music",
            "Playing with the dog": "A6_SHURE and the girl in blue short - sleeved shirt walked to another yard to play with the dog, then A6_SHURE walked back alone.",
            "Preparing dipping sauce": "A6_SHURE took out the purchased dipping sauce, added water several times, and stirred it well"
        },
        "choice_a": "DAY2: 16:00~17:00",
        "choice_b": "DAY2: 16:00~17:30",
        "choice_c": "DAY2: 16:00~17:40",
        "choice_d": "DAY2: 16:00~18:00",
        "reason": "Playing music (16:16:54 - 16:59:52) → Preparing dipping sauce (17:01:08 - 17:21:40) → Playing with the dog (17:21:40 - 17:39:06). Total span: 16:16:54~17:39:06, matching option C (16:00~17:40)."
    },
    {
        "question_chinese": "时间点对应：A6_SHURE只记录了自己做了什么事，但是没有记录每件事的起止时间。现在有一些时间段供A6_SHURE进行选择。事件序列：[舞蹈练习 → 播放音乐 → 准备晚餐]。时间选项：a. 15:39~16:08  b. 15:40~16:10  c. 16:16~16:59  d. 16:30~17:30  e. 17:00~18:00  f. 17:21~18:36  g. 15:35~16:05。你能帮助A6_SHURE找到每个事件对应的正确时间段吗？",
        "events_description_chinese": {
            "舞蹈练习": "除棕红色短袖男外的成员一起根据投影仪视频跟练舞蹈，A6_SHURE调整投影仪角度和手机投屏。",
            "播放音乐": "A6_SHURE将一楼的音响设备连接到个人电脑并播放音乐",
            "准备晚餐": "A6_SHURE和其他成员布置桌椅，把餐具食材等摆放好"
        },
        "choice_a_chinese": "1→a / 2→c / 3→f",
        "choice_b_chinese": "1→b / 2→c / 3→e",
        "choice_c_chinese": "1→g / 2→d / 3→f",
        "choice_d_chinese": "1→a / 2→d / 3→e",
        "answer": "A",
        "reason_chinese": "舞蹈练习（15:39:17 - 16:08:07），对应选项a；播放音乐（16:16:54 - 16:59:52），对应选项c；准备晚餐（17:21:40 - 18:36:00），对应选项f。选项A的对应关系正确。",
        "question": "A6_SHURE only recorded what he did, but did not record the start and end times of each thing. Now there are some time periods for A6_SHURE to choose from. Event sequence: [Dance practice → Playing music → Preparing dinner]. Time options:  a. 15:39~16:08  b. 15:40~16:10  c. 16:16~16:59  d. 16:30~17:30  e. 17:00~18:00  f. 17:21~18:36  g. 15:35~16:05  Can you help A6_SHURE find the correct time period for each event?",
        "events_description": {
            "Dance practice": "Except for the man in brown - red short - sleeved shirt, other members followed the dance video on the projector to practice dancing. A6_SHURE adjusted the angle of the projector and the mobile phone screen mirroring.",
            "Playing music": "A6_SHURE connected the audio equipment on the first floor to a personal computer and played music",
            "Preparing dinner": "A6_SHURE and other members arranged tables and chairs, and placed tableware and food ingredients."
        },
        "choice_a": "1→a / 2→c / 3→f",
        "choice_b": "1→b / 2→c / 3→e",
        "choice_c": "1→g / 2→d / 3→f",
        "choice_d": "1→a / 2→d / 3→e",
        "reason": "Dance practice (15:39:17 - 16:08:07), corresponding to option a; Playing music (16:16:54 - 16:59:52), corresponding to option c; Preparing dinner (17:21:40 - 18:36:00), corresponding to option f. The correspondence in option A is correct."
    },
    {
        "question_chinese": "事件前后预测：A6_SHURE在完成准备蘸料后，接下来发生的事件是？",
        "events_description_chinese": {
            "准备蘸料": "A6_SHURE拿出买的蘸料多次加水反复搅拌备好",
            "逗狗": "A6_SHURE和蓝色短袖女生步行至其他院子里面逗狗，然后A6_SHURE单独步行返回",
            "准备晚餐": "A6_SHURE和其他成员布置桌椅，把餐具食材等摆放好",
            "清理晚餐垃圾": "A6_SHURE与其他成员一起清理晚餐垃圾，清洗用过的厨具餐具。",
            "二楼聊天": "A6_SHURE和其他成员一起在二楼客厅聊天，玩手机。"
        },
        "choice_a_chinese": "逗狗",
        "choice_b_chinese": "准备晚餐",
        "choice_c_chinese": "清理晚餐垃圾",
        "choice_d_chinese": "二楼聊天",
        "answer": "A",
        "reason_chinese": "根据时间顺序，准备蘸料（17:01:08 - 17:21:40）结束后，紧接着就是逗狗（17:21:40 - 17:39:06）。准备晚餐（17:21:40 - 18:36:00）虽时间起点相同，但逗狗时间在前；清理晚餐垃圾（20:58:37 - 21:24:00）和二楼聊天（21:42:07 - 22:00:18）则是更晚发生的事件。因此，接下来直接发生的事件是逗狗。",
        "question": "After A6_SHURE completed preparing the dipping sauce, what was the next event that happened?",
        "events_description": {
            "Preparing dipping sauce": "A6_SHURE took out the purchased dipping sauce, added water several times, and stirred it well",
            "Playing with the dog": "A6_SHURE and the girl in blue short - sleeved shirt walked to another yard to play with the dog, and then A6_SHURE walked back alone.",
            "Preparing dinner": "A6_SHURE and other members arranged tables and chairs, and placed tableware and food ingredients.",
            "Cleaning dinner garbage": "A6_SHURE and other members cleaned up the dinner garbage together and washed the used kitchenware and tableware.",
            "Chatting on the second floor": "A6_SHURE and other members chatted and played with their mobile phones in the living room on the second floor."
        },
        "choice_a": "Playing with the dog",
        "choice_b": "Preparing dinner",
        "choice_c": "Cleaning dinner garbage",
        "choice_d": "Chatting on the second floor",
        "reason": "According to the time sequence, after preparing the dipping sauce (17:01:08 - 17:21:40) is completed, the next event is playing with the dog (17:21:40 - 17:39:06). Although the start time of preparing dinner (17:21:40 - 18:36:00) is the same, the time of playing with the dog is earlier; cleaning dinner garbage (20:58:37 - 21:24:00) and chatting on the second floor (21:42:07 - 22:00:18) are events that happen much later. Therefore, the next immediate event is playing with the dog."
    },
    {
        "question_chinese": "错误纠正：A6_SHURE描述自己有一串连续的动作为：[准备蘸料 → 播放音乐 → 逗狗]，但她的说法是错误的。正确的序列和错误分析是？",
        "events_description_chinese": {
            "准备蘸料": "A6_SHURE拿出买的蘸料多次加水反复搅拌备好",
            "播放音乐": "A6_SHURE将一楼的音响设备连接到个人电脑并播放音乐",
            "逗狗": "A6_SHURE和蓝色短袖女生步行至其他院子里面逗狗，然后A6_SHURE单独步行返回",
            "咖啡制作": "A6_SHURE手磨咖啡豆，冲泡手冲咖啡给其他成员品尝。"
        },
        "choice_a_chinese": "正确：播放音乐 → 准备蘸料 → 逗狗 错误原因：顺序颠倒（播放音乐应在准备蘸料之前）",
        "choice_b_chinese": "正确：准备蘸料 → 逗狗 → 播放音乐 错误原因：顺序混乱",
        "choice_c_chinese": "正确：播放音乐 → 逗狗 → 准备蘸料 错误原因：顺序错误",
        "choice_d_chinese": "正确：逗狗 → 播放音乐 → 准备蘸料 错误原因：完全颠倒核心事件顺序",
        "answer": "A",
        "reason_chinese": "正确顺序应为播放音乐（16:16:54 - 16:59:52）→ 准备蘸料（17:01:08 - 17:21:40）→ 逗狗（17:21:40 - 17:39:06）。A6_SHURE的描述颠倒了“播放音乐”与“准备蘸料”的顺序。选项A纠正了核心事件的顺序。",
        "question": "A6_SHURE described a series of consecutive actions as: [Preparing dipping sauce → Playing music → Playing with the dog], but her statement is incorrect. What is the correct sequence and the error analysis?",
        "events_description": {
            "Preparing dipping sauce": "A6_SHURE took out the purchased dipping sauce, added water several times, and stirred it well",
            "Playing music": "A6_SHURE connected the audio equipment on the first floor to a personal computer and played music",
            "Playing with the dog": "A6_SHURE and the girl in blue short - sleeved shirt walked to another yard to play with the dog, and then A6_SHURE walked back alone.",
            "Coffee making": "A6_SHURE ground coffee beans by hand and brewed pour - over coffee for other members to taste."
        },
        "choice_a": "Correct: Playing music → Preparing dipping sauce → Playing with the dog. Error reason: Incorrect order (Playing music should precede Preparing dipping sauce) ",
        "choice_b": "Correct: Preparing dipping sauce → Playing with the dog → Playing music. Error reason: Disordered order",
        "choice_c": "Correct: Playing music → Playing with the dog → Preparing dipping sauce. Error reason: Incorrect order",
        "choice_d": "Correct: Playing with the dog → Playing music → Preparing dipping sauce. Error reason: Completely reversed core event order",
        "reason": "The correct sequence should be Playing music (16:16:54 - 16:59:52) → Preparing dipping sauce (17:01:08 - 17:21:40) → Playing with the dog (17:21:40 - 17:39:06).\nA6_SHURE's description reversed the order of \"Playing music\" and \"Preparing dipping sauce\". Option A corrects the core order."
    },
    {
        "question_chinese": "掩码预测:A6_SHURE的日记中关于她参与活动顺序的记录看不清了：[播放音乐] → (?) → [准备晚餐] → (?) → [二楼聊天]。下列事件中哪些可以用于填补无法确认的部分？",
        "events_description_chinese": {
            "播放音乐": "A6_SHURE将一楼的音响设备连接到个人电脑并播放音乐",
            "准备晚餐": "A6_SHURE和其他成员布置桌椅，把餐具食材等摆放好",
            "二楼聊天": "A6_SHURE和其他成员一起在二楼客厅聊天，玩手机。",
            "准备蘸料": "A6_SHURE拿出买的蘸料多次加水反复搅拌备好",
            "逗狗": "A6_SHURE和蓝色短袖女生步行至其他院子里面逗狗，然后A6_SHURE单独步行返回",
            "清理晚餐垃圾": "A6_SHURE与其他成员一起清理晚餐垃圾，清洗用过的厨具餐具。"
        },
        "choice_a_chinese": "准备蘸料 / 逗狗",
        "choice_b_chinese": "逗狗 / 清理晚餐垃圾",
        "choice_c_chinese": "准备蘸料 / 清理晚餐垃圾",
        "choice_d_chinese": "清理晚餐垃圾 / 逗狗",
        "answer": "C",
        "reason_chinese": "播放音乐（16:16:54 - 16:59:52）→ 准备蘸料（17:01:08 - 17:21:40）→ 准备晚餐（17:21:40 - 18:36:00）→ 清理晚餐垃圾（20:58:37 - 21:24:00）→ 二楼聊天（21:42:07 - 22:00:18）。\n第一个掩码处应填入“准备蘸料”，该事件在播放音乐之后，准备晚餐之前；第二个掩码处应填入“清理晚餐垃圾”，该事件在准备晚餐之后，二楼聊天之前。选项C正确匹配时间顺序。",
        "question": "In A6_SHURE's diary, the record of the order of her participating activities is unclear: [Playing music] → (?) → [Preparing dinner] → (?) → [Chatting on the second floor]. Which of the following events can be used to fill in the unclear parts?",
        "events_description": {
            "Playing music": "A6_SHURE connected the audio equipment on the first floor to a personal computer and played music",
            "Preparing dinner": "A6_SHURE and other members arranged tables and chairs, and placed tableware and food ingredients.",
            "Chatting on the second floor": "A6_SHURE and other members chatted and played with their mobile phones in the living room on the second floor.",
            "Preparing dipping sauce": "A6_SHURE took out the purchased dipping sauce, added water several times, and stirred it well",
            "Playing with the dog": "A6_SHURE and the girl in blue short - sleeved shirt walked to another yard to play with the dog, and then A6_SHURE walked back alone.",
            "Cleaning dinner garbage": "A6_SHURE and other members cleaned up the dinner garbage together and washed the used kitchenware and tableware."
        },
        "choice_a": "Preparing dipping sauce / Playing with the dog",
        "choice_b": "Playing with the dog / Cleaning dinner garbage",
        "choice_c": "Preparing dipping sauce / Cleaning dinner garbage",
        "choice_d": "Cleaning dinner garbage / Playing with the dog",
        "reason": "Playing music (16:16:54 - 16:59:52) → Preparing dipping sauce (17:01:08 - 17:21:40) → Preparing dinner (17:21:40 - 18:36:00) → Cleaning dinner garbage (20:58:37 - 21:24:00) → Chatting on the second floor (21:42:07 - 22:00:18).\nThe first mask should be filled with \"Preparing dipping sauce\", which is after playing music and before preparing dinner. The second mask should be filled with \"Cleaning dinner garbage\", which is after preparing dinner and before chatting on the second floor. Option C correctly matches the chronological order."
    }
]