[
    {
        "question_chinese": "Base 事件排序：A6_SHURE 忘记了自己在 DAY5 中午 11:00 到 12:30 之间所经历的事件（备选项：a、操作电脑；b、制作咖啡；c、午餐准备；d、午餐；e、超市采购），如果让你来对这期间发生的事件进行排序，那么正确顺序是？",
        "events_description_chinese": {
            "操作电脑": "A6_SHURE在二楼客厅餐桌操作电脑，处理微信消息整理电脑文件",
            "制作咖啡": "A6_SHURE在厨房制作咖啡手冲咖啡，研磨咖啡豆、冲泡咖啡，然后为蓝色裙子女也制作了一杯咖啡。",
            "午餐准备": "成员带回午餐和水果，A6_SHURE清洗并摆放餐具。",
            "午餐": "成员围坐在二楼客厅餐桌进行午餐。",
            "超市采购": "成员一起在超市采购了食材、饮品、水果。"
        },
        "choice_a_chinese": "(a)(b)(c)(d)",
        "choice_b_chinese": "(b)(a)(c)(d)",
        "choice_c_chinese": "(a)(c)(b)(d)",
        "choice_d_chinese": "(d)(a)(b)(c)",
        "answer": "A",
        "reason_chinese": "操作电脑（11:06:09 - 11:56:34）→ 制作咖啡（11:30:00 - 11:54:45）→ 午餐准备（11:55:32 - 12:09:13）→ 午餐（12:09:27 - 12:39:05）。超市采购发生在 15:32:26 - 16:33:18，不在 11:00 - 12:30 范围内，排除含 e 的选项。选项 A 的顺序符合时间逻辑。",
        "question": "A6_SHURE forgot the events he experienced between 11:00 am and 12:30 pm on DAY5 (a. Operating the computer; b. Making coffee; c. Preparing lunch; d. Having lunch; e. Shopping at the supermarket). If you were to sort the events that occurred during this period, what would be the correct order?",
        "events_description": {
            "Operating the computer": "A6_SHURE operated the computer at the dining table in the second - floor living room, handling WeChat messages and organizing computer files",
            "Making coffee": "A6_SHURE made pour - over coffee in the kitchen, grinding coffee beans and brewing coffee, and then made a cup of coffee for the girl in the blue dress.",
            "Preparing lunch": "The members brought back lunch and fruits, and A6_SHURE washed and arranged the tableware.",
            "Having lunch": "The members sat around the dining table in the second - floor living room for lunch.",
            "Shopping at the supermarket": "The members shopped for ingredients, drinks, and fruits at the supermarket together."
        },
        "choice_a": "(a)(b)(c)(d)",
        "choice_b": "(b)(a)(c)(d)",
        "choice_c": "(a)(c)(b)(d)",
        "choice_d": "(d)(a)(b)(c)",
        "reason": "Operating the computer (11:06:09 - 11:56:34) → Making coffee (11:30:00 - 11:54:45) → Preparing lunch (11:55:32 - 12:09:13) → Having lunch (12:09:27 - 12:39:05). Shopping at the supermarket occurred from 15:32:26 to 16:33:18, not within 11:00 - 12:30, so options with e are excluded. The order in option A fits the time logic."
    },
    {
        "question_chinese": "时间段判断：A6_SHURE在总结自己的工作的时候，写下了如下序列：[制作咖啡 → 午餐准备 → 午餐]。A6_SHURE应该标注这些事件的发生时间为？",
        "events_description_chinese": {
            "制作咖啡": "A6_SHURE在厨房制作咖啡手冲咖啡，研磨咖啡豆、冲泡咖啡，然后为蓝色裙子女也制作了一杯咖啡。",
            "午餐准备": "成员带回午餐和水果，A6_SHURE清洗并摆放餐具。",
            "午餐": "成员围坐在二楼客厅餐桌进行午餐。"
        },
        "choice_a_chinese": "DAY5: 11:30~12:00",
        "choice_b_chinese": "DAY5: 11:00~12:10",
        "choice_c_chinese": "DAY5: 11:30~12:30",
        "choice_d_chinese": "DAY5: 11:00~13:00",
        "answer": "C",
        "reason_chinese": "制作咖啡（11:30:00 - 11:54:45）→ 午餐准备（11:55:32 - 12:09:13）→ 午餐（12:09:27 - 12:39:05）。总时间跨度为11:30:00~12:39:05，与选项C的11:30~12:30最接近。",
        "question": "When summarizing his work, A6_SHURE wrote the sequence: [Making coffee → Preparing lunch → Having lunch]. What time range should A6_SHURE annotate?",
        "events_description": {
            "Making coffee": "A6_SHURE made pour - over coffee in the kitchen, grinding coffee beans and brewing coffee, and then made a cup of coffee for the girl in the blue dress.",
            "Preparing lunch": "The members brought back lunch and fruits, and A6_SHURE washed and arranged the tableware.",
            "Having lunch": "The members sat around the dining table in the second - floor living room for lunch."
        },
        "choice_a": "DAY5: 11:30~12:00",
        "choice_b": "DAY5: 11:00~12:10",
        "choice_c": "DAY5: 11:30~12:30",
        "choice_d": "DAY5: 11:00~13:00",
        "reason": "Making coffee (11:30:00 - 11:54:45) → Preparing lunch (11:55:32 - 12:09:13) → Having lunch (12:09:27 - 12:39:05). Total span: 11:30:00~12:39:05, matching option C (11:30~12:30)."
    },
    {
        "question_chinese": "时间点对应：A6_SHURE只记录了自己做了什么事，但是没有记录每件事的起止时间。现在有一些时间段供A6_SHURE进行选择。事件序列：[操作电脑 → 超市采购 → 点餐 → 晚餐]。时间选项：a. 11:06~11:56  b. 12:34~15:32  c. 15:32~16:33  d. 18:20~18:30  e. 18:53~19:22  f. 19:23~19:58  g. 20:00~20:46。你能帮助A6_SHURE找到每个事件对应的正确时间段吗？",
        "events_description_chinese": {
            "操作电脑": "A6_SHURE先后在二楼客厅、庭院、一楼卧室持续操作笔记本电脑，浏览网页、处理微信消息，在蓝色短袖男的帮助下调试程序。",
            "超市采购": "成员一起在超市采购了食材、饮品、水果。",
            "点餐": "A6_SHURE在院落中协助清点到货物资，同时通过手机进行外卖点餐协调。包含与Katrina核对购物袋明细、通过微信发送商品定位给Jake、使用手机支付码完成餐费分摊等复合型收尾工作。",
            "晚餐": "在一楼客厅餐桌吃点的快餐食品"
        },
        "choice_a_chinese": "1→b / 2→c / 3→d / 4→g",
        "choice_b_chinese": "1→a / 2→e / 3→f / 4→g",
        "choice_c_chinese": "1→b / 2→d / 3→e / 4→f",
        "choice_d_chinese": "1→a / 2→d / 3→f / 4→e",
        "answer": "A",
        "reason_chinese": "操作电脑（12:34:08 - 15:32:18），对应选项b；超市采购（15:32:26 - 16:33:18），对应选项c；点餐（18:20:21 - 18:30:45），对应选项d；晚餐（20:00:10 - 20:46:23），对应选项g。选项A的对应关系正确。",
        "question": "A6_SHURE only recorded what he did, but did not record the start and end times of each thing. Now there are some time periods for A6_SHURE to choose from. Event sequence: [Operating the computer → Shopping at the supermarket → Ordering food → Having dinner]. Time options:  a. 11:06~11:56  b. 12:34~15:32  c. 15:32~16:33  d. 18:20~18:30  e. 18:53~19:22  f. 19:23~19:58  g. 20:00~20:46  Can you help A6_SHURE find the correct time period for each event?",
        "events_description": {
            "Operating the computer": "A6_SHURE continuously operated the laptop in the second - floor living room, the courtyard, and the first - floor bedroom, browsing the web, handling WeChat messages, and debugging the program with the help of the man in blue short - sleeved shirt.",
            "Shopping at the supermarket": "The members shopped for ingredients, drinks, and fruits at the supermarket together.",
            "Ordering food": "A6_SHURE assisted in checking the received supplies in the courtyard and coordinated the take - out ordering through the mobile phone. It included tasks such as checking the shopping bag details with Katrina, sending the product location to Jake via WeChat, and using the mobile payment code to share the meal cost.",
            "Having dinner": "Ate the take - out fast food at the dining table in the first - floor living room."
        },
        "choice_a": "1→b / 2→c / 3→d / 4→g",
        "choice_b": "1→a / 2→e / 3→f / 4→g",
        "choice_c": "1→b / 2→d / 3→e / 4→f",
        "choice_d": "1→a / 2→d / 3→f / 4→e",
        "reason": "Operating the computer (12:34:08 - 15:32:18), corresponding to option b; Shopping at the supermarket (15:32:26 - 16:33:18), corresponding to option c; Ordering food (18:20:21 - 18:30:45), corresponding to option d; Having dinner (20:00:10 - 20:46:23), corresponding to option g. The correspondence in option A is correct."
    },
    {
        "question_chinese": "事件前后预测：A6_SHURE在完成超市采购后，接下来发生的事件是？",
        "events_description_chinese": {
            "超市采购": "成员一起在超市采购了食材、饮品、水果。",
            "点餐": "A6_SHURE在院落中协助清点到货物资，同时通过手机进行外卖点餐协调。包含与Katrina核对购物袋明细、通过微信发送商品定位给Jake、使用手机支付码完成餐费分摊等复合型收尾工作。",
            "出门买彩票": "成员步行到彩票店购买刮刮乐，A6_SHURE还买了一张双色球。",
            "步行返程": "成员步行返回，A6_SHURE途中去快递站点取了快递。",
            "晚餐": "在一楼客厅餐桌吃点的快餐食品"
        },
        "choice_a_chinese": "点餐",
        "choice_b_chinese": "出门买彩票",
        "choice_c_chinese": "步行返程",
        "choice_d_chinese": "晚餐",
        "answer": "A",
        "reason_chinese": "根据时间顺序，超市采购（15:32:26 - 16:33:18）结束后，紧接着就是点餐（18:20:21 - 18:30:45）。出门买彩票（18:53:25 - 19:22:28）、步行返程（19:23:05 - 19:58:40）和晚餐（20:00:10 - 20:46:23）则是更晚发生的事件。因此，接下来直接发生的事件是点餐。",
        "question": "After A6_SHURE completed shopping at the supermarket, what was the next event that happened?",
        "events_description": {
            "Shopping at the supermarket": "The members shopped for ingredients, drinks, and fruits at the supermarket together.",
            "Ordering food": "A6_SHURE assisted in checking the received supplies in the courtyard and coordinated the take - out ordering through the mobile phone. It included tasks such as checking the shopping bag details with Katrina, sending the product location to Jake via WeChat, and using the mobile payment code to share the meal cost.",
            "Going out to buy lottery tickets": "The members walked to the lottery store to buy scratch - off tickets, and A6_SHURE also bought a double - color ball lottery ticket.",
            "Walking back": "The members walked back, and A6_SHURE picked up an express package at the express station on the way.",
            "Having dinner": "Ate the take - out fast food at the dining table in the first - floor living room."
        },
        "choice_a": "Ordering food",
        "choice_b": "Going out to buy lottery tickets",
        "choice_c": "Walking back",
        "choice_d": "Having dinner",
        "reason": "According to the time sequence, after shopping at the supermarket (15:32:26 - 16:33:18) is completed, the next event is ordering food (18:20:21 - 18:30:45). Going out to buy lottery tickets (18:53:25 - 19:22:28), walking back (19:23:05 - 19:58:40), and having dinner (20:00:10 - 20:46:23) are events that happen much later. Therefore, the next immediate event is ordering food."
    },
    {
        "question_chinese": "错误纠正：A6_SHURE描述自己有一串连续的动作为：[点餐 → 超市采购 → 出门买彩票]，但她的说法是错误的。正确的序列和错误分析是？",
        "events_description_chinese": {
            "点餐": "A6_SHURE在院落中协助清点到货物资，同时通过手机进行外卖点餐协调。包含与Katrina核对购物袋明细、通过微信发送商品定位给Jake、使用手机支付码完成餐费分摊等复合型收尾工作。",
            "超市采购": "成员一起在超市采购了食材、饮品、水果。",
            "出门买彩票": "成员步行到彩票店购买刮刮乐，A6_SHURE还买了一张双色球。",
            "步行返程": "成员步行返回，A6_SHURE途中去快递站点取了快递。",
            "晚餐": "在一楼客厅餐桌吃点的快餐食品"
        },
        "choice_a_chinese": "正确：超市采购 → 点餐 → 出门买彩票 错误原因：顺序颠倒（超市采购应在点餐之前）",
        "choice_b_chinese": "正确：点餐 → 出门买彩票 → 超市采购 错误原因：顺序混乱",
        "choice_c_chinese": "正确：出门买彩票 → 超市采购 → 点餐 错误原因：顺序错误",
        "choice_d_chinese": "正确：出门买彩票 → 点餐 → 超市采购 错误原因：完全颠倒核心事件顺序",
        "answer": "A",
        "reason_chinese": "正确顺序应为超市采购（15:32:26 - 16:33:18）→ 点餐（18:20:21 - 18:30:45）→ 出门买彩票（18:53:25 - 19:22:28）。A6_SHURE的描述颠倒了“超市采购”与“点餐”的顺序。选项A纠正了核心事件的顺序。",
        "question": "A6_SHURE described a series of consecutive actions as: [Ordering food → Shopping at the supermarket → Going out to buy lottery tickets], but her statement is incorrect. What is the correct sequence and the error analysis?",
        "events_description": {
            "Ordering food": "A6_SHURE assisted in checking the received supplies in the courtyard and coordinated the take - out ordering through the mobile phone. It included tasks such as checking the shopping bag details with Katrina, sending the product location to Jake via WeChat, and using the mobile payment code to share the meal cost.",
            "Shopping at the supermarket": "The members shopped for ingredients, drinks, and fruits at the supermarket together.",
            "Going out to buy lottery tickets": "The members walked to the lottery store to buy scratch - off tickets, and A6_SHURE also bought a double - color ball lottery ticket.",
            "Walking back": "The members walked back, and A6_SHURE picked up an express package at the express station on the way.",
            "Having dinner": "Ate the take - out fast food at the dining table in the first - floor living room."
        },
        "choice_a": "Correct: Shopping at the supermarket → Ordering food → Going out to buy lottery tickets. Error reason: Incorrect order (Shopping at the supermarket should precede Ordering food) ",
        "choice_b": "Correct: Ordering food → Going out to buy lottery tickets → Shopping at the supermarket. Error reason: Disordered order",
        "choice_c": "Correct: Going out to buy lottery tickets → Shopping at the supermarket → Ordering food. Error reason: Incorrect order",
        "choice_d": "Correct: Going out to buy lottery tickets → Ordering food → Shopping at the supermarket. Error reason: Completely reversed core event order",
        "reason": "The correct sequence should be Shopping at the supermarket (15:32:26 - 16:33:18) → Ordering food (18:20:21 - 18:30:45) → Going out to buy lottery tickets (18:53:25 - 19:22:28).\nA6_SHURE's description reversed the order of \"Shopping at the supermarket\" and \"Ordering food\". Option A corrects the core order."
    },
    {
        "question_chinese": "掩码预测:A6_SHURE的日记中关于她参与活动顺序的记录看不清了：[出门买彩票] → (?) → [晚餐] → (?) → [看投影聊天]。下列事件中哪些可以用于填补无法确认的部分？",
        "events_description_chinese": {
            "出门买彩票": "成员步行到彩票店购买刮刮乐，A6_SHURE还买了一张双色球。",
            "晚餐": "在一楼客厅餐桌吃点的快餐食品",
            "看投影聊天": "A6_SHURE将英文文档投影，其他成员在旁边观看并讨论交谈。",
            "步行返程": "成员步行返回，A6_SHURE途中去快递站点取了快递。",
            "放置卡片": "A6_SHURE和棕色外套女一起取卡片分发给成员，成员将卡片放在房屋的各个角落。"
        },
        "choice_a_chinese": "步行返程 / 放置卡片",
        "choice_b_chinese": "放置卡片 / 步行返程",
        "choice_c_chinese": "出门买彩票 / 放置卡片",
        "choice_d_chinese": "晚餐 / 步行返程",
        "answer": "A",
        "reason_chinese": "出门买彩票（18:53:25 - 19:22:28）→ 步行返程（19:23:05 - 19:58:40）→ 晚餐（20:00:10 - 20:46:23）→ 放置卡片（20:54:32 - 21:05:10）→ 看投影聊天（22:49:45 - 22:57:10）。\n第一个掩码处应填入“步行返程”，该事件在出门买彩票之后，晚餐之前；第二个掩码处应填入“放置卡片”，该事件在晚餐之后，看投影聊天之前。选项A正确匹配时间顺序。",
        "question": "In A6_SHURE's diary, the record of the order of her participating activities is unclear: [Going out to buy lottery tickets] → (?) → [Having dinner] → (?) → [Watching the projection and chatting]. Which of the following events can be used to fill in the unclear parts?",
        "events_description": {
            "Going out to buy lottery tickets": "The members walked to the lottery store to buy scratch - off tickets, and A6_SHURE also bought a double - color ball lottery ticket.",
            "Having dinner": "Ate the take - out fast food at the dining table in the first - floor living room.",
            "Watching the projection and chatting": "A6_SHURE projected an English document, and other members watched and discussed beside it.",
            "Walking back": "The members walked back, and A6_SHURE picked up an express package at the express station on the way.",
            "Placing cards": "A6_SHURE and the woman in a brown coat picked up cards and distributed them to the members, and the members placed the cards in various corners of the house."
        },
        "choice_a": "Walking back / Placing cards",
        "choice_b": "Placing cards / Walking back",
        "choice_c": "Going out to buy lottery tickets / Placing cards",
        "choice_d": "Having dinner / Walking back",
        "reason": "Going out to buy lottery tickets (18:53:25 - 19:22:28) → Walking back (19:23:05 - 19:58:40) → Having dinner (20:00:10 - 20:46:23) → Placing cards (20:54:32 - 21:05:10) → Watching the projection and chatting (22:49:45 - 22:57:10).\nThe first mask should be filled with \"Walking back\", which is after going out to buy lottery tickets and before having dinner. The second mask should be filled with \"Placing cards\", which is after having dinner and before watching the projection and chatting. Option A correctly matches the chronological order."
    }
]