[
    {
        "question_chinese": "Base 事件排序：A6_SHURE 忘记了自己在 DAY3 14:00 到 16:30 之间所经历的事件（备选项：a、公园游玩；b、便利店购物；c、电玩城游戏；d、吃披萨午餐），如果让你来对这期间发生的事件进行排序，那么正确顺序是？",
        "events_description_chinese": {
            "公园游玩": "成员一起去公园游玩，A6_SHURE 多次用披萨喂鱼，成员与公园大爷一起玩沙锤。",
            "便利店购物": "成员一起去公园外的一个便利店购买饮品和水果。",
            "电玩城游戏": "成员一起去商场内的电玩城打电玩游戏",
            "吃披萨午餐": "A6_SHURE 与粉色短袖男去一楼取披萨，成员一起吃披萨午餐。"
        },
        "choice_a_chinese": "(a)(b)(c)",
        "choice_b_chinese": "(a)(c)(b)",
        "choice_c_chinese": "(b)(a)(c)",
        "choice_d_chinese": "(d)(a)(b)",
        "answer": "A",
        "reason_chinese": "公园游玩（14:47:21 - 15:36:50）→ 便利店购物（15:36:50 - 15:40:46）→ 电玩城游戏（15:47:21 - 16:29:51）。吃披萨午餐发生在 11:58:08 - 12:12:32，不在 14:00 - 16:30 范围内，排除含 d 的选项。选项 A 的顺序符合时间逻辑。",
        "question": "A6_SHURE forgot the events he experienced between 2:00 pm and 4:30 pm on DAY3 (a. Park visit; b. Convenience store shopping; c. Arcade games; d. Pizza lunch). If you were to sort the events that occurred during this period, what would be the correct order?",
        "events_description": {
            "Park visit": "Members went to the park to play. A6_SHURE fed the fish with pizza several times, and the members played the maracas with the park uncle.",
            "Convenience store shopping": "Members went to a convenience store outside the park to buy drinks and fruits.",
            "Arcade games": "Members went to the arcade in the mall to play arcade games",
            "Pizza lunch": "A6_SHURE and the man in pink short - sleeved shirt went to the first floor to get pizza, and the members had pizza lunch together."
        },
        "choice_a": "(a)(b)(c)",
        "choice_b": "(a)(c)(b)",
        "choice_c": "(b)(a)(c)",
        "choice_d": "(d)(a)(b)",
        "reason": "Park visit (14:47:21 - 15:36:50) → Convenience store shopping (15:36:50 - 15:40:46) → Arcade games (15:47:21 - 16:29:51). Pizza lunch occurred from 11:58:08 to 12:12:32, not within 14:00 - 16:30, so options with d are excluded. The order in option A fits the time logic."
    },
    {
        "question_chinese": "时间段判断：A6_SHURE 在总结自己的工作的时候，写下了如下序列：[公园游玩 → 便利店购物 → 电玩城游戏]。A6_SHURE 应该标注这些事件的发生时间为？",
        "events_description_chinese": {
            "公园游玩": "成员一起去公园游玩，A6_SHURE 多次用披萨喂鱼，成员与公园大爷一起玩沙锤。",
            "便利店购物": "成员一起去公园外的一个便利店购买饮品和水果。",
            "电玩城游戏": "成员一起去商场内的电玩城打电玩游戏"
        },
        "choice_a_chinese": "DAY3: 14:00~16:00",
        "choice_b_chinese": "DAY3: 14:00~16:30",
        "choice_c_chinese": "DAY3: 14:30~16:00",
        "choice_d_chinese": "DAY3: 14:30~16:30",
        "answer": "B",
        "reason_chinese": "公园游玩（14:47:21 - 15:36:50）→ 便利店购物（15:36:50 - 15:40:46）→ 电玩城游戏（15:47:21 - 16:29:51）。总时间跨度为 14:47:21~16:29:51，与选项 B 的 14:00~16:30 最接近。",
        "question": "When summarizing his work, A6_SHURE wrote the sequence: [Park visit → Convenience store shopping → Arcade games]. What time range should A6_SHURE annotate?",
        "events_description": {
            "Park visit": "Members went to the park to play. A6_SHURE fed the fish with pizza several times, and the members played the maracas with the park uncle.",
            "Convenience store shopping": "Members went to a convenience store outside the park to buy drinks and fruits.",
            "Arcade games": "Members went to the arcade in the mall to play arcade games"
        },
        "choice_a": "DAY3: 14:00~16:00",
        "choice_b": "DAY3: 14:00~16:30",
        "choice_c": "DAY3: 14:30~16:00",
        "choice_d": "DAY3: 14:30~16:30",
        "reason": "Park visit (14:47:21 - 15:36:50) → Convenience store shopping (15:36:50 - 15:40:46) → Arcade games (15:47:21 - 16:29:51). Total span: 14:47:21~16:29:51, matching option B (14:00~16:30)."
    },
    {
        "question_chinese": "时间点对应：A6_SHURE 只记录了自己做了什么事，但是没有记录每件事的起止时间。现在有一些时间段供 A6_SHURE 进行选择。事件序列：[吃披萨午餐 → 公园游玩 → 超市采购]。时间选项：a. 11:50~12:20  b. 11:58~12:12  c. 14:30~15:50  d. 14:47~15:36  e. 16:10~17:20  f. 16:30~17:16  g. 14:10~16:10。你能帮助 A6_SHURE 找到每个事件对应的正确时间段吗？",
        "events_description_chinese": {
            "吃披萨午餐": "A6_SHURE 与粉色短袖男去一楼取披萨，成员一起吃披萨午餐。",
            "公园游玩": "成员一起去公园游玩，A6_SHURE 多次用披萨喂鱼，成员与公园大爷一起玩沙锤。",
            "超市采购": "成员在超市进行采购，包括饮品、食材、调料等物品。"
        },
        "choice_a_chinese": "1→b / 2→d / 3→f",
        "choice_b_chinese": "1→a / 2→c / 3→e",
        "choice_c_chinese": "1→b / 2→g / 3→e",
        "choice_d_chinese": "1→a / 2→d / 3→f",
        "answer": "A",
        "reason_chinese": "吃披萨午餐（11:58:08 - 12:12:32），对应选项 b；公园游玩（14:47:21 - 15:36:50），对应选项 d；超市采购（16:30:21 - 17:16:42），对应选项 f。选项 A 的对应关系正确。",
        "question": "A6_SHURE only recorded what he did, but did not record the start and end times of each thing. Now there are some time periods for A6_SHURE to choose from. Event sequence: [Pizza lunch → Park visit → Supermarket shopping]. Time options:  a. 11:50~12:20  b. 11:58~12:12  c. 14:30~15:50  d. 14:47~15:36  e. 16:10~17:20  f. 16:30~17:16  g. 14:10~16:10  Can you help A6_SHURE find the correct time period for each event?",
        "events_description": {
            "Pizza lunch": "A6_SHURE and the man in pink short - sleeved shirt went to the first floor to get pizza, and the members had pizza lunch together.",
            "Park visit": "Members went to the park to play. A6_SHURE fed the fish with pizza several times, and the members played the maracas with the park uncle.",
            "Supermarket shopping": "Members purchased items in the supermarket, including drinks, ingredients, seasonings, etc."
        },
        "choice_a": "1→b / 2→d / 3→f",
        "choice_b": "1→a / 2→c / 3→e",
        "choice_c": "1→b / 2→g / 3→e",
        "choice_d": "1→a / 2→d / 3→f",
        "reason": "Pizza lunch (11:58:08 - 12:12:32), corresponding to option b; Park visit (14:47:21 - 15:36:50), corresponding to option d; Supermarket shopping (16:30:21 - 17:16:42), corresponding to option f. The correspondence in option A is correct."
    },
    {
        "question_chinese": "事件前后预测：A6_SHURE 在完成便利店购物后，接下来发生的事件是？",
        "events_description_chinese": {
            "便利店购物": "成员一起去公园外的一个便利店购买饮品和水果。",
            "电玩城游戏": "成员一起去商场内的电玩城打电玩游戏",
            "超市采购": "成员在超市进行采购，包括饮品、食材、调料等物品。",
            "准备食材与炉火": "A6_SHURE 与格子外套女一起清洗处理食材，准备烧烤炉火。",
            "烧烤": "白色外套女对食材进行烧烤加工，A6_SHURE 和格子外套女在旁辅助，A6_SHURE 递送其余人吃烧烤"
        },
        "choice_a_chinese": "电玩城游戏",
        "choice_b_chinese": "超市采购",
        "choice_c_chinese": "准备食材与炉火",
        "choice_d_chinese": "烧烤",
        "answer": "A",
        "reason_chinese": "根据时间顺序，便利店购物（15:36:50 - 15:40:46）结束后，紧接着就是电玩城游戏（15:47:21 - 16:29:51）。超市采购（16:30:21 - 17:16:42）、准备食材与炉火（19:26:25 - 21:20:17）和烧烤（21:03:57 - 22:28:09）则是更晚发生的事件。因此，接下来直接发生的事件是电玩城游戏。",
        "question": "After A6_SHURE completed convenience store shopping, what was the next event that happened?",
        "events_description": {
            "Convenience store shopping": "Members went to a convenience store outside the park to buy drinks and fruits.",
            "Arcade games": "Members went to the arcade in the mall to play arcade games",
            "Supermarket shopping": "Members purchased items in the supermarket, including drinks, ingredients, seasonings, etc.",
            "Preparing ingredients and fire": "A6_SHURE and the girl in plaid coat washed and processed the ingredients together and prepared the barbecue fire.",
            "Barbecue": "The girl in white coat barbecued the ingredients. A6_SHURE and the girl in plaid coat assisted beside, and A6_SHURE delivered the barbecue to the others."
        },
        "choice_a": "Arcade games",
        "choice_b": "Supermarket shopping",
        "choice_c": "Preparing ingredients and fire",
        "choice_d": "Barbecue",
        "reason": "According to the time sequence, after convenience store shopping (15:36:50 - 15:40:46) is completed, the next event is arcade games (15:47:21 - 16:29:51). Supermarket shopping (16:30:21 - 17:16:42), Preparing ingredients and fire (19:26:25 - 21:20:17) and Barbecue (21:03:57 - 22:28:09) are events that happen much later. Therefore, the next immediate event is arcade games."
    },
    {
        "question_chinese": "错误纠正：A6_SHURE 描述自己有一串连续的动作为：[超市采购 → 准备食材与炉火 → 便利店购物]，但她的说法是错误的。正确的序列和错误分析是？",
        "events_description_chinese": {
            "超市采购": "成员在超市进行采购，包括饮品、食材、调料等物品。",
            "准备食材与炉火": "A6_SHURE 与格子外套女一起清洗处理食材，准备烧烤炉火。",
            "便利店购物": "成员一起去公园外的一个便利店购买饮品和水果。",
            "垃圾清理": "成员一起清理午餐产生的垃圾，将没吃完的披萨打包。"
        },
        "choice_a_chinese": "正确：便利店购物 → 超市采购 → 准备食材与炉火 错误原因：顺序颠倒（便利店购物应在超市采购之前）",
        "choice_b_chinese": "正确：准备食材与炉火 → 便利店购物 → 超市采购 错误原因：顺序混乱",
        "choice_c_chinese": "正确：超市采购 → 便利店购物 → 准备食材与炉火 错误原因：顺序错误",
        "choice_d_chinese": "正确：便利店购物 → 准备食材与炉火 → 超市采购 错误原因：完全颠倒核心事件顺序",
        "answer": "A",
        "reason_chinese": "正确顺序应为便利店购物（15:36:50 - 15:40:46）→ 超市采购（16:30:21 - 17:16:42）→ 准备食材与炉火（19:26:25 - 21:20:17）。A6_SHURE 的描述颠倒了“便利店购物”与“超市采购”的顺序。选项 A 纠正了核心事件的顺序。",
        "question": "A6_SHURE described a series of consecutive actions as: [Supermarket shopping → Preparing ingredients and fire → Convenience store shopping], but her statement is incorrect. What is the correct sequence and the error analysis?",
        "events_description": {
            "Supermarket shopping": "Members purchased items in the supermarket, including drinks, ingredients, seasonings, etc.",
            "Preparing ingredients and fire": "A6_SHURE and the girl in plaid coat washed and processed the ingredients together and prepared the barbecue fire.",
            "Convenience store shopping": "Members went to a convenience store outside the park to buy drinks and fruits.",
            "Garbage cleaning": "Members cleaned up the garbage generated by lunch together and packed the unfinished pizza."
        },
        "choice_a": "Correct: Convenience store shopping → Supermarket shopping → Preparing ingredients and fire. Error reason: Incorrect order (Convenience store shopping should precede Supermarket shopping) ",
        "choice_b": "Correct: Preparing ingredients and fire → Convenience store shopping → Supermarket shopping. Error reason: Disordered order",
        "choice_c": "Correct: Supermarket shopping → Convenience store shopping → Preparing ingredients and fire. Error reason: Incorrect order",
        "choice_d": "Correct: Convenience store shopping → Preparing ingredients and fire → Supermarket shopping. Error reason: Completely reversed core event order",
        "reason": "The correct sequence should be Convenience store shopping (15:36:50 - 15:40:46) → Supermarket shopping (16:30:21 - 17:16:42) → Preparing ingredients and fire (19:26:25 - 21:20:17).\nA6_SHURE's description reversed the order of \"Convenience store shopping\" and \"Supermarket shopping\". Option A corrects the core order."
    },
    {
        "question_chinese": "掩码预测:A6_SHURE 的日记中关于她参与活动顺序的记录看不清了：[便利店购物] → (?) → [超市采购] → (?) → [烧烤]。下列事件中哪些可以用于填补无法确认的部分？",
        "events_description_chinese": {
            "便利店购物": "成员一起去公园外的一个便利店购买饮品和水果。",
            "超市采购": "成员在超市进行采购，包括饮品、食材、调料等物品。",
            "烧烤": "白色外套女对食材进行烧烤加工，A6_SHURE 和格子外套女在旁辅助，A6_SHURE 递送其余人吃烧烤",
            "电玩城游戏": "成员一起去商场内的电玩城打电玩游戏",
            "准备食材与炉火": "A6_SHURE 与格子外套女一起清洗处理食材，准备烧烤炉火。",
            "微信视频通话": "A6_SHURE 坐在庭院椅子上给女友拨打微信视频电话",
            "垃圾清理": "成员一起清理午餐产生的垃圾，将没吃完的披萨打包。"
        },
        "choice_a_chinese": "电玩城游戏 / 准备食材与炉火",
        "choice_b_chinese": "垃圾清理 / 准备食材与炉火",
        "choice_c_chinese": "准备食材与炉火 / 垃圾清理",
        "choice_d_chinese": "微信视频通话 / 准备食材与炉火",
        "answer": "A",
        "reason_chinese": "根据时间顺序，便利店购物（15:36:50 - 15:40:46）→ 电玩城游戏（15:47:21 - 16:29:51）→ 超市采购（16:30:21 - 17:16:42）→ 准备食材与炉火（19:26:25 - 21:20:17）→ 烧烤（21:03:57 - 22:28:09）。第一个掩码处应填入“电玩城游戏”，该事件在便利店购物之后，超市采购之前；第二个掩码处应填入“准备食材与炉火”，该事件在超市采购之后，烧烤之前。选项 A 正确匹配时间顺序。",
        "question": "In A6_SHURE's diary, the record of the order of her participating activities is unclear: [Convenience store shopping] → (?) → [Supermarket shopping] → (?) → [Barbecue]. Which of the following events can be used to fill in the unclear parts?",
        "events_description": {
            "Convenience store shopping": "Members went to a convenience store outside the park to buy drinks and fruits.",
            "Supermarket shopping": "Members purchased items in the supermarket, including drinks, ingredients, seasonings, etc.",
            "Barbecue": "The girl in white coat barbecued the ingredients. A6_SHURE and the girl in plaid coat assisted beside, and A6_SHURE delivered the barbecue to the others.",
            "Arcade games": "Members went to the arcade in the mall to play arcade games",
            "Preparing ingredients and fire": "A6_SHURE and the girl in plaid coat washed and processed the ingredients together and prepared the barbecue fire.",
            "WeChat video call": "A6_SHURE sat on the courtyard chair and made a WeChat video call to his girlfriend.",
            "Garbage cleaning": "Members cleaned up the garbage generated by lunch together and packed the unfinished pizza."
        },
        "choice_a": "Arcade games / Preparing ingredients and fire",
        "choice_b": "Garbage cleaning / Preparing ingredients and fire",
        "choice_c": "Preparing ingredients and fire / Garbage cleaning",
        "choice_d": "WeChat video call / Preparing ingredients and fire",
        "reason": "According to the time sequence, Convenience store shopping (15:36:50 - 15:40:46) → Arcade games (15:47:21 - 16:29:51) → Supermarket shopping (16:30:21 - 17:16:42) → Preparing ingredients and fire (19:26:25 - 21:20:17) → Barbecue (21:03:57 - 22:28:09). The first mask should be filled with \"Arcade games\", which occurs after convenience store shopping and before supermarket shopping. The second mask should be filled with \"Preparing ingredients and fire\", which occurs after supermarket shopping and before barbecue. Option A correctly matches the chronological order."
    }
]